$MeshFormat
2.2 0 8
$EndMeshFormat
$Nodes
11321
1 0 0 0
2 0 0.125 0
3 0.125 0 0
4 0.125 0.125 0
5 0.25 0 0
6 0 0.25 0
7 0.25 0.125 0
8 0.125 0.25 0
9 0.375 0 0
10 0 0.375 0
11 0.375 0.125 0
12 0.25 0.25 0
13 0.125 0.375 0
14 0.5 0 0
15 0 0.5 0
16 0.5 0.125 0
17 0.375 0.25 0
18 0.25 0.375 0
19 0.125 0.5 0
20 0.625 0 0
21 0 0.625 0
22 0.625 0.125 0
23 0.5 0.25 0
24 0.375 0.375 0
25 0.25 0.5 0
26 0.125 0.625 0
27 0.75 0 0
28 0 0.75 0
29 0.75 0.125 0
30 0.625 0.25 0
31 0.5 0.375 0
32 0.375 0.5 0
33 0.25 0.625 0
34 0.125 0.75 0
35 0.875 0 0
36 0 0.875 0
37 0.875 0.125 0
38 0.75 0.25 0
39 0.625 0.375 0
40 0.5 0.5 0
41 0.375 0.625 0
42 0.25 0.75 0
43 0.125 0.875 0
44 1 0 0
45 0 1 0
46 1 0.125 0
47 0.875 0.25 0
48 0.75 0.375 0
49 0.625 0.5 0
50 0.5 0.625 0
51 0.375 0.75 0
52 0.25 0.875 0
53 0.125 1 0
54 1 0.25 0
55 0.875 0.375 0
56 0.75 0.5 0
57 0.625 0.625 0
58 0.5 0.75 0
59 0.375 0.875 0
60 0.25 1 0
61 1 0.375 0
62 0.875 0.5 0
63 0.75 0.625 0
64 0.625 0.75 0
65 0.5 0.875 0
66 0.375 1 0
67 1 0.5 0
68 0.875 0.625 0
69 0.75 0.75 0
70 0.625 0.875 0
71 0.5 1 0
72 1 0.625 0
73 0.875 0.75 0
74 0.75 0.875 0
75 0.625 1 0
76 1 0.75 0
77 0.875 0.875 0
78 0.75 1 0
79 1 0.875 0
80 0.875 1 0
81 1 1 0
82 0.4375 0.4375 0
83 0.5625 0.4375 0
84 0.4375 0.5625 0
85 0.5625 0.5625 0
86 0.5 0.4375 0
87 0.4375 0.5 0
88 0.5625 0.5 0
89 0.5 0.5625 0
90 0.46875 0.46875 0
91 0.4375 0.3125 0
92 0.4375 0.375 0
93 0.46875 0.40625 0
94 0.53125 0.46875 0
95 0.5625 0.3125 0
96 0.5625 0.375 0
97 0.53125 0.40625 0
98 0.3125 0.4375 0
99 0.375 0.4375 0
100 0.40625 0.46875 0
101 0.3125 0.5625 0
102 0.375 0.5625 0
103 0.40625 0.53125 0
104 0.46875 0.53125 0
105 0.6875 0.4375 0
106 0.625 0.4375 0
107 0.59375 0.46875 0
108 0.53125 0.53125 0
109 0.6875 0.5625 0
110 0.625 0.5625 0
111 0.59375 0.53125 0
112 0.4375 0.6875 0
113 0.4375 0.625 0
114 0.46875 0.59375 0
115 0.5625 0.6875 0
116 0.5625 0.625 0
117 0.53125 0.59375 0
118 0.46875 0.4375 0
119 0.5 0.46875 0
120 0.46875 0.5 0
121 0.4375 0.46875 0
122 0.5 0.40625 0
123 0.40625 0.40625 0
124 0.4375 0.40625 0
125 0.53125 0.4375 0
126 0.5625 0.46875 0
127 0.53125 0.5 0
128 0.59375 0.40625 0
129 0.5625 0.40625 0
130 0.40625 0.5 0
131 0.40625 0.4375 0
132 0.4375 0.53125 0
133 0.40625 0.59375 0
134 0.40625 0.5625 0
135 0.5 0.53125 0
136 0.46875 0.5625 0
137 0.59375 0.5 0
138 0.59375 0.4375 0
139 0.5625 0.53125 0
140 0.53125 0.5625 0
141 0.59375 0.59375 0
142 0.59375 0.5625 0
143 0.5 0.59375 0
144 0.4375 0.59375 0
145 0.5625 0.59375 0
146 0.484375 0.453125 0
147 0.453125 0.453125 0
148 0.453125 0.421875 0
149 0.484375 0.421875 0
150 0.484375 0.484375 0
151 0.515625 0.484375 0
152 0.515625 0.453125 0
153 0.453125 0.484375 0
154 0.453125 0.515625 0
155 0.484375 0.515625 0
156 0.421875 0.484375 0
157 0.421875 0.453125 0
158 0.515625 0.421875 0
159 0.421875 0.421875 0
160 0.546875 0.453125 0
161 0.546875 0.421875 0
162 0.546875 0.484375 0
163 0.578125 0.453125 0
164 0.578125 0.484375 0
165 0.515625 0.515625 0
166 0.546875 0.515625 0
167 0.578125 0.421875 0
168 0.421875 0.515625 0
169 0.421875 0.546875 0
170 0.453125 0.546875 0
171 0.421875 0.578125 0
172 0.484375 0.546875 0
173 0.515625 0.546875 0
174 0.484375 0.578125 0
175 0.453125 0.578125 0
176 0.578125 0.515625 0
177 0.546875 0.546875 0
178 0.578125 0.546875 0
179 0.515625 0.578125 0
180 0.546875 0.578125 0
181 0.578125 0.578125 0
182 0.46875 0.453125 0
183 0.484375 0.4375 0
184 0.5 0.453125 0
185 0.484375 0.46875 0
186 0.453125 0.4375 0
187 0.453125 0.46875 0
188 0.4375 0.453125 0
189 0.46875 0.421875 0
190 0.5 0.3125 0
191 0.46875 0.34375 0
192 0.46875 0.375 0
193 0.453125 0.390625 0
194 0.453125 0.40625 0
195 0.4375 0.421875 0
196 0.484375 0.390625 0
197 0.484375 0.40625 0
198 0.5 0.421875 0
199 0.5 0.484375 0
200 0.484375 0.5 0
201 0.46875 0.484375 0
202 0.515625 0.46875 0
203 0.53125 0.484375 0
204 0.515625 0.5 0
205 0.53125 0.453125 0
206 0.515625 0.4375 0
207 0.453125 0.5 0
208 0.4375 0.484375 0
209 0.46875 0.515625 0
210 0.4375 0.515625 0
211 0.453125 0.53125 0
212 0.5 0.515625 0
213 0.484375 0.53125 0
214 0.421875 0.46875 0
215 0.421875 0.5 0
216 0.3125 0.5 0
217 0.34375 0.46875 0
218 0.375 0.46875 0
219 0.390625 0.484375 0
220 0.40625 0.484375 0
221 0.421875 0.4375 0
222 0.390625 0.453125 0
223 0.40625 0.453125 0
224 0.53125 0.34375 0
225 0.53125 0.375 0
226 0.515625 0.390625 0
227 0.515625 0.40625 0
228 0.53125 0.421875 0
229 0.3125 0.3125 0
230 0.375 0.3125 0
231 0.40625 0.34375 0
232 0.40625 0.375 0
233 0.421875 0.390625 0
234 0.421875 0.40625 0
235 0.3125 0.375 0
236 0.34375 0.40625 0
237 0.375 0.40625 0
238 0.390625 0.421875 0
239 0.40625 0.421875 0
240 0.546875 0.4375 0
241 0.5625 0.453125 0
242 0.546875 0.46875 0
243 0.5625 0.421875 0
244 0.546875 0.390625 0
245 0.546875 0.40625 0
246 0.5625 0.484375 0
247 0.546875 0.5 0
248 0.578125 0.46875 0
249 0.578125 0.4375 0
250 0.6875 0.5 0
251 0.65625 0.46875 0
252 0.625 0.46875 0
253 0.609375 0.453125 0
254 0.59375 0.453125 0
255 0.609375 0.484375 0
256 0.59375 0.484375 0
257 0.578125 0.5 0
258 0.53125 0.515625 0
259 0.515625 0.53125 0
260 0.546875 0.53125 0
261 0.5625 0.515625 0
262 0.6875 0.3125 0
263 0.625 0.3125 0
264 0.59375 0.34375 0
265 0.59375 0.375 0
266 0.578125 0.390625 0
267 0.578125 0.40625 0
268 0.6875 0.375 0
269 0.65625 0.40625 0
270 0.625 0.40625 0
271 0.609375 0.421875 0
272 0.59375 0.421875 0
273 0.34375 0.53125 0
274 0.375 0.53125 0
275 0.390625 0.515625 0
276 0.40625 0.515625 0
277 0.421875 0.53125 0
278 0.4375 0.546875 0
279 0.390625 0.546875 0
280 0.40625 0.546875 0
281 0.421875 0.5625 0
282 0.46875 0.546875 0
283 0.453125 0.5625 0
284 0.3125 0.6875 0
285 0.3125 0.625 0
286 0.34375 0.59375 0
287 0.375 0.59375 0
288 0.390625 0.578125 0
289 0.40625 0.578125 0
290 0.4375 0.578125 0
291 0.375 0.6875 0
292 0.40625 0.65625 0
293 0.40625 0.625 0
294 0.421875 0.609375 0
295 0.421875 0.59375 0
296 0.5 0.546875 0
297 0.484375 0.5625 0
298 0.515625 0.5625 0
299 0.53125 0.546875 0
300 0.46875 0.578125 0
301 0.5 0.578125 0
302 0.5 0.6875 0
303 0.46875 0.65625 0
304 0.46875 0.625 0
305 0.484375 0.609375 0
306 0.484375 0.59375 0
307 0.453125 0.609375 0
308 0.453125 0.59375 0
309 0.65625 0.53125 0
310 0.625 0.53125 0
311 0.609375 0.515625 0
312 0.59375 0.515625 0
313 0.578125 0.53125 0
314 0.5625 0.546875 0
315 0.546875 0.5625 0
316 0.609375 0.546875 0
317 0.59375 0.546875 0
318 0.578125 0.5625 0
319 0.53125 0.578125 0
320 0.53125 0.65625 0
321 0.53125 0.625 0
322 0.515625 0.609375 0
323 0.515625 0.59375 0
324 0.5625 0.578125 0
325 0.546875 0.609375 0
326 0.546875 0.59375 0
327 0.6875 0.6875 0
328 0.6875 0.625 0
329 0.65625 0.59375 0
330 0.625 0.59375 0
331 0.609375 0.578125 0
332 0.59375 0.578125 0
333 0.625 0.6875 0
334 0.59375 0.65625 0
335 0.59375 0.625 0
336 0.578125 0.609375 0
337 0.578125 0.59375 0
338 0.4765625 0.4453125 0
339 0.4765625 0.4609375 0
340 0.4609375 0.4609375 0
341 0.4609375 0.4453125 0
342 0.4921875 0.4453125 0
343 0.4765625 0.4296875 0
344 0.4921875 0.4296875 0
345 0.4921875 0.4609375 0
346 0.5078125 0.4609375 0
347 0.5078125 0.4453125 0
348 0.4921875 0.4765625 0
349 0.4765625 0.4765625 0
350 0.4453125 0.4453125 0
351 0.4453125 0.4296875 0
352 0.4609375 0.4296875 0
353 0.4453125 0.4609375 0
354 0.4609375 0.4765625 0
355 0.4453125 0.4765625 0
356 0.4296875 0.4609375 0
357 0.4296875 0.4453125 0
358 0.4609375 0.4140625 0
359 0.4765625 0.4140625 0
360 0.4453125 0.4140625 0
361 0.46875 0.390625 0
362 0.4609375 0.3984375 0
363 0.4375 0.390625 0
364 0.4453125 0.3984375 0
365 0.4296875 0.4140625 0
366 0.4296875 0.4296875 0
367 0.4921875 0.4140625 0
368 0.4765625 0.3984375 0
369 0.5 0.390625 0
370 0.4921875 0.3984375 0
371 0.5078125 0.4296875 0
372 0.5078125 0.4140625 0
373 0.4921875 0.4921875 0
374 0.5078125 0.4921875 0
375 0.5078125 0.4765625 0
376 0.4765625 0.4921875 0
377 0.4765625 0.5078125 0
378 0.4921875 0.5078125 0
379 0.4609375 0.4921875 0
380 0.5234375 0.4765625 0
381 0.5234375 0.4609375 0
382 0.5234375 0.4921875 0
383 0.5390625 0.4765625 0
384 0.5390625 0.4921875 0
385 0.5078125 0.5078125 0
386 0.5234375 0.5078125 0
387 0.5234375 0.4453125 0
388 0.5390625 0.4609375 0
389 0.5390625 0.4453125 0
390 0.5234375 0.4296875 0
391 0.4453125 0.4921875 0
392 0.4453125 0.5078125 0
393 0.4609375 0.5078125 0
394 0.4296875 0.4921875 0
395 0.4296875 0.4765625 0
396 0.4609375 0.5234375 0
397 0.4765625 0.5234375 0
398 0.4453125 0.5234375 0
399 0.4296875 0.5078125 0
400 0.4296875 0.5234375 0
401 0.4453125 0.5390625 0
402 0.4609375 0.5390625 0
403 0.4921875 0.5234375 0
404 0.5078125 0.5234375 0
405 0.4921875 0.5390625 0
406 0.4765625 0.5390625 0
407 0.4140625 0.4765625 0
408 0.4140625 0.4609375 0
409 0.4140625 0.4921875 0
410 0.4140625 0.5078125 0
411 0.390625 0.5 0
412 0.3984375 0.4921875 0
413 0.390625 0.46875 0
414 0.3984375 0.4765625 0
415 0.4140625 0.4453125 0
416 0.4140625 0.4296875 0
417 0.390625 0.4375 0
418 0.3984375 0.4453125 0
419 0.3984375 0.4609375 0
420 0.5234375 0.4140625 0
421 0.53125 0.390625 0
422 0.5234375 0.3984375 0
423 0.5078125 0.3984375 0
424 0.5390625 0.4296875 0
425 0.5390625 0.4140625 0
426 0.4140625 0.4140625 0
427 0.4296875 0.3984375 0
428 0.390625 0.390625 0
429 0.40625 0.390625 0
430 0.4140625 0.3984375 0
431 0.390625 0.40625 0
432 0.3984375 0.4140625 0
433 0.3984375 0.4296875 0
434 0.5546875 0.4453125 0
435 0.5546875 0.4296875 0
436 0.5546875 0.4609375 0
437 0.5703125 0.4453125 0
438 0.5703125 0.4609375 0
439 0.5546875 0.4765625 0
440 0.5546875 0.4140625 0
441 0.5703125 0.4296875 0
442 0.5703125 0.4140625 0
443 0.5625 0.390625 0
444 0.5546875 0.3984375 0
445 0.5390625 0.3984375 0
446 0.5546875 0.4921875 0
447 0.5703125 0.4765625 0
448 0.5703125 0.4921875 0
449 0.5390625 0.5078125 0
450 0.5546875 0.5078125 0
451 0.5859375 0.4609375 0
452 0.5859375 0.4765625 0
453 0.5859375 0.4453125 0
454 0.5859375 0.4296875 0
455 0.609375 0.4375 0
456 0.6015625 0.4453125 0
457 0.609375 0.46875 0
458 0.6015625 0.4609375 0
459 0.5859375 0.4921875 0
460 0.6015625 0.4765625 0
461 0.609375 0.5 0
462 0.6015625 0.4921875 0
463 0.5703125 0.5078125 0
464 0.5859375 0.5078125 0
465 0.5234375 0.5234375 0
466 0.5390625 0.5234375 0
467 0.5078125 0.5390625 0
468 0.5234375 0.5390625 0
469 0.5546875 0.5234375 0
470 0.5390625 0.5390625 0
471 0.5546875 0.5390625 0
472 0.5703125 0.5234375 0
473 0.5859375 0.4140625 0
474 0.609375 0.390625 0
475 0.59375 0.390625 0
476 0.5859375 0.3984375 0
477 0.5703125 0.3984375 0
478 0.609375 0.40625 0
479 0.6015625 0.4140625 0
480 0.6015625 0.4296875 0
481 0.4140625 0.5234375 0
482 0.3984375 0.5078125 0
483 0.390625 0.53125 0
484 0.3984375 0.5234375 0
485 0.4140625 0.5390625 0
486 0.4296875 0.5390625 0
487 0.4296875 0.5546875 0
488 0.4453125 0.5546875 0
489 0.4140625 0.5546875 0
490 0.3984375 0.5390625 0
491 0.390625 0.5625 0
492 0.3984375 0.5546875 0
493 0.4140625 0.5703125 0
494 0.4296875 0.5703125 0
495 0.4609375 0.5546875 0
496 0.4765625 0.5546875 0
497 0.4609375 0.5703125 0
498 0.4453125 0.5703125 0
499 0.4140625 0.5859375 0
500 0.3984375 0.5703125 0
501 0.390625 0.609375 0
502 0.390625 0.59375 0
503 0.3984375 0.5859375 0
504 0.4296875 0.5859375 0
505 0.4453125 0.5859375 0
506 0.4375 0.609375 0
507 0.4296875 0.6015625 0
508 0.40625 0.609375 0
509 0.4140625 0.6015625 0
510 0.4921875 0.5546875 0
511 0.5078125 0.5546875 0
512 0.4921875 0.5703125 0
513 0.4765625 0.5703125 0
514 0.5234375 0.5546875 0
515 0.5078125 0.5703125 0
516 0.5234375 0.5703125 0
517 0.5390625 0.5546875 0
518 0.4765625 0.5859375 0
519 0.4609375 0.5859375 0
520 0.4921875 0.5859375 0
521 0.5078125 0.5859375 0
522 0.5 0.609375 0
523 0.4921875 0.6015625 0
524 0.46875 0.609375 0
525 0.4765625 0.6015625 0
526 0.4609375 0.6015625 0
527 0.4453125 0.6015625 0
528 0.5859375 0.5234375 0
529 0.609375 0.53125 0
530 0.6015625 0.5234375 0
531 0.6015625 0.5078125 0
532 0.5703125 0.5390625 0
533 0.5859375 0.5390625 0
534 0.5546875 0.5546875 0
535 0.5703125 0.5546875 0
536 0.5390625 0.5703125 0
537 0.5546875 0.5703125 0
538 0.5859375 0.5546875 0
539 0.6015625 0.5390625 0
540 0.609375 0.5625 0
541 0.6015625 0.5546875 0
542 0.5859375 0.5703125 0
543 0.5703125 0.5703125 0
544 0.5234375 0.5859375 0
545 0.5390625 0.5859375 0
546 0.5078125 0.6015625 0
547 0.53125 0.609375 0
548 0.5234375 0.6015625 0
549 0.5546875 0.5859375 0
550 0.5703125 0.5859375 0
551 0.5625 0.609375 0
552 0.5546875 0.6015625 0
553 0.5390625 0.6015625 0
554 0.5859375 0.5859375 0
555 0.6015625 0.5703125 0
556 0.609375 0.609375 0
557 0.609375 0.59375 0
558 0.6015625 0.5859375 0
559 0.59375 0.609375 0
560 0.5859375 0.6015625 0
561 0.5703125 0.6015625 0
562 0.4765625 0.453125 0
563 0.46875 0.4453125 0
564 0.4765625 0.4375 0
565 0.484375 0.4453125 0
566 0.46875 0.4609375 0
567 0.484375 0.4609375 0
568 0.4765625 0.46875 0
569 0.4609375 0.453125 0
570 0.4609375 0.46875 0
571 0.453125 0.4609375 0
572 0.453125 0.4453125 0
573 0.4609375 0.4375 0
574 0.4921875 0.4375 0
575 0.5 0.4453125 0
576 0.4921875 0.453125 0
577 0.484375 0.4296875 0
578 0.46875 0.4296875 0
579 0.4765625 0.421875 0
580 0.4921875 0.421875 0
581 0.5 0.4296875 0
582 0.5 0.4609375 0
583 0.4921875 0.46875 0
584 0.5078125 0.453125 0
585 0.5078125 0.46875 0
586 0.515625 0.4609375 0
587 0.515625 0.4453125 0
588 0.5078125 0.4375 0
589 0.484375 0.4765625 0
590 0.5 0.4765625 0
591 0.4921875 0.484375 0
592 0.4765625 0.484375 0
593 0.46875 0.4765625 0
594 0.4453125 0.4375 0
595 0.4453125 0.453125 0
596 0.4375 0.4453125 0
597 0.453125 0.4296875 0
598 0.4453125 0.421875 0
599 0.4375 0.4296875 0
600 0.4609375 0.421875 0
601 0.4453125 0.46875 0
602 0.4375 0.4609375 0
603 0.453125 0.4765625 0
604 0.4609375 0.484375 0
605 0.4453125 0.484375 0
606 0.4375 0.4765625 0
607 0.4296875 0.453125 0
608 0.4296875 0.46875 0
609 0.421875 0.4609375 0
610 0.4296875 0.4375 0
611 0.421875 0.4453125 0
612 0.46875 0.4140625 0
613 0.4609375 0.40625 0
614 0.453125 0.4140625 0
615 0.4765625 0.40625 0
616 0.484375 0.4140625 0
617 0.4453125 0.40625 0
618 0.4375 0.4140625 0
619 0.4296875 0.421875 0
620 0.4296875 0.40625 0
621 0.421875 0.4140625 0
622 0.421875 0.4296875 0
623 0.4921875 0.40625 0
624 0.5 0.4140625 0
625 0.5078125 0.421875 0
626 0.515625 0.4296875 0
627 0.515625 0.4140625 0
628 0.5078125 0.40625 0
629 0.5 0.4921875 0
630 0.4921875 0.5 0
631 0.484375 0.4921875 0
632 0.5078125 0.484375 0
633 0.515625 0.4921875 0
634 0.5078125 0.5 0
635 0.515625 0.4765625 0
636 0.4765625 0.5 0
637 0.46875 0.4921875 0
638 0.484375 0.5078125 0
639 0.46875 0.5078125 0
640 0.4765625 0.515625 0
641 0.5 0.5078125 0
642 0.4921875 0.515625 0
643 0.4609375 0.5 0
644 0.453125 0.4921875 0
645 0.5234375 0.46875 0
646 0.53125 0.4765625 0
647 0.5234375 0.484375 0
648 0.53125 0.4609375 0
649 0.5234375 0.453125 0
650 0.53125 0.4921875 0
651 0.5234375 0.5 0
652 0.5390625 0.484375 0
653 0.5390625 0.46875 0
654 0.546875 0.4765625 0
655 0.546875 0.4921875 0
656 0.5390625 0.5 0
657 0.515625 0.5078125 0
658 0.5078125 0.515625 0
659 0.5234375 0.515625 0
660 0.53125 0.5078125 0
661 0.53125 0.4453125 0
662 0.5234375 0.4375 0
663 0.5390625 0.453125 0
664 0.546875 0.4609375 0
665 0.546875 0.4453125 0
666 0.5390625 0.4375 0
667 0.53125 0.4296875 0
668 0.5234375 0.421875 0
669 0.4453125 0.5 0
670 0.4375 0.4921875 0
671 0.453125 0.5078125 0
672 0.4375 0.5078125 0
673 0.4453125 0.515625 0
674 0.4609375 0.515625 0
675 0.4296875 0.484375 0
676 0.4296875 0.5 0
677 0.421875 0.4921875 0
678 0.421875 0.4765625 0
679 0.46875 0.5234375 0
680 0.453125 0.5234375 0
681 0.4609375 0.53125 0
682 0.484375 0.5234375 0
683 0.4765625 0.53125 0
684 0.4375 0.5234375 0
685 0.4453125 0.53125 0
686 0.4296875 0.515625 0
687 0.421875 0.5078125 0
688 0.421875 0.5234375 0
689 0.4296875 0.53125 0
690 0.453125 0.5390625 0
691 0.4375 0.5390625 0
692 0.4453125 0.546875 0
693 0.46875 0.5390625 0
694 0.4609375 0.546875 0
695 0.5 0.5234375 0
696 0.4921875 0.53125 0
697 0.5078125 0.53125 0
698 0.515625 0.5234375 0
699 0.484375 0.5390625 0
700 0.5 0.5390625 0
701 0.4921875 0.546875 0
702 0.4765625 0.546875 0
703 0.4140625 0.46875 0
704 0.4140625 0.484375 0
705 0.40625 0.4765625 0
706 0.4140625 0.453125 0
707 0.40625 0.4609375 0
708 0.4140625 0.5 0
709 0.40625 0.4921875 0
710 0.40625 0.5078125 0
711 0.4140625 0.515625 0
712 0.4140625 0.4375 0
713 0.40625 0.4453125 0
714 0.4140625 0.421875 0
715 0.40625 0.4296875 0
716 0.5234375 0.40625 0
717 0.53125 0.4140625 0
718 0.5390625 0.421875 0
719 0.546875 0.4296875 0
720 0.546875 0.4140625 0
721 0.5390625 0.40625 0
722 0.4140625 0.40625 0
723 0.40625 0.4140625 0
724 0.5546875 0.4375 0
725 0.5625 0.4453125 0
726 0.5546875 0.453125 0
727 0.5625 0.4296875 0
728 0.5546875 0.421875 0
729 0.5625 0.4609375 0
730 0.5546875 0.46875 0
731 0.5703125 0.453125 0
732 0.5703125 0.4375 0
733 0.578125 0.4453125 0
734 0.578125 0.4609375 0
735 0.5703125 0.46875 0
736 0.5625 0.4765625 0
737 0.5546875 0.484375 0
738 0.5625 0.4140625 0
739 0.5546875 0.40625 0
740 0.5703125 0.421875 0
741 0.578125 0.4296875 0
742 0.578125 0.4140625 0
743 0.5703125 0.40625 0
744 0.5625 0.4921875 0
745 0.5546875 0.5 0
746 0.5703125 0.484375 0
747 0.578125 0.4765625 0
748 0.578125 0.4921875 0
749 0.5703125 0.5 0
750 0.546875 0.5078125 0
751 0.5390625 0.515625 0
752 0.5546875 0.515625 0
753 0.5625 0.5078125 0
754 0.5859375 0.46875 0
755 0.5859375 0.453125 0
756 0.59375 0.4609375 0
757 0.59375 0.4765625 0
758 0.5859375 0.484375 0
759 0.5859375 0.4375 0
760 0.59375 0.4453125 0
761 0.5859375 0.421875 0
762 0.59375 0.4296875 0
763 0.59375 0.4921875 0
764 0.5859375 0.5 0
765 0.578125 0.5078125 0
766 0.5703125 0.515625 0
767 0.5859375 0.515625 0
768 0.59375 0.5078125 0
769 0.53125 0.5234375 0
770 0.5234375 0.53125 0
771 0.5390625 0.53125 0
772 0.546875 0.5234375 0
773 0.515625 0.5390625 0
774 0.5078125 0.546875 0
775 0.5234375 0.546875 0
776 0.53125 0.5390625 0
777 0.5546875 0.53125 0
778 0.5625 0.5234375 0
779 0.546875 0.5390625 0
780 0.5390625 0.546875 0
781 0.5546875 0.546875 0
782 0.5625 0.5390625 0
783 0.5703125 0.53125 0
784 0.578125 0.5234375 0
785 0.5859375 0.40625 0
786 0.59375 0.4140625 0
787 0.40625 0.5234375 0
788 0.4140625 0.53125 0
789 0.421875 0.5390625 0
790 0.40625 0.5390625 0
791 0.4140625 0.546875 0
792 0.4296875 0.546875 0
793 0.4375 0.5546875 0
794 0.421875 0.5546875 0
795 0.4296875 0.5625 0
796 0.453125 0.5546875 0
797 0.4453125 0.5625 0
798 0.40625 0.5546875 0
799 0.4140625 0.5625 0
800 0.421875 0.5703125 0
801 0.40625 0.5703125 0
802 0.4140625 0.578125 0
803 0.4375 0.5703125 0
804 0.4296875 0.578125 0
805 0.46875 0.5546875 0
806 0.4609375 0.5625 0
807 0.484375 0.5546875 0
808 0.4765625 0.5625 0
809 0.453125 0.5703125 0
810 0.46875 0.5703125 0
811 0.4609375 0.578125 0
812 0.4453125 0.578125 0
813 0.40625 0.5859375 0
814 0.421875 0.5859375 0
815 0.4140625 0.59375 0
816 0.4375 0.5859375 0
817 0.4296875 0.59375 0
818 0.453125 0.5859375 0
819 0.4453125 0.59375 0
820 0.5 0.5546875 0
821 0.4921875 0.5625 0
822 0.5078125 0.5625 0
823 0.515625 0.5546875 0
824 0.484375 0.5703125 0
825 0.5 0.5703125 0
826 0.4921875 0.578125 0
827 0.4765625 0.578125 0
828 0.5234375 0.5625 0
829 0.53125 0.5546875 0
830 0.515625 0.5703125 0
831 0.5078125 0.578125 0
832 0.5234375 0.578125 0
833 0.53125 0.5703125 0
834 0.5390625 0.5625 0
835 0.546875 0.5546875 0
836 0.46875 0.5859375 0
837 0.484375 0.5859375 0
838 0.4765625 0.59375 0
839 0.4609375 0.59375 0
840 0.5 0.5859375 0
841 0.4921875 0.59375 0
842 0.5078125 0.59375 0
843 0.515625 0.5859375 0
844 0.59375 0.5234375 0
845 0.5859375 0.53125 0
846 0.578125 0.5390625 0
847 0.5703125 0.546875 0
848 0.59375 0.5390625 0
849 0.5859375 0.546875 0
850 0.5625 0.5546875 0
851 0.5546875 0.5625 0
852 0.578125 0.5546875 0
853 0.5703125 0.5625 0
854 0.546875 0.5703125 0
855 0.5390625 0.578125 0
856 0.5625 0.5703125 0
857 0.5546875 0.578125 0
858 0.59375 0.5546875 0
859 0.5859375 0.5625 0
860 0.578125 0.5703125 0
861 0.59375 0.5703125 0
862 0.5859375 0.578125 0
863 0.5703125 0.578125 0
864 0.53125 0.5859375 0
865 0.5234375 0.59375 0
866 0.546875 0.5859375 0
867 0.5390625 0.59375 0
868 0.5625 0.5859375 0
869 0.5546875 0.59375 0
870 0.578125 0.5859375 0
871 0.5703125 0.59375 0
872 0.59375 0.5859375 0
873 0.5859375 0.59375 0
874 0.47265625 0.44921875 0
875 0.48046875 0.44921875 0
876 0.48046875 0.45703125 0
877 0.47265625 0.45703125 0
878 0.47265625 0.44140625 0
879 0.46484375 0.44921875 0
880 0.46484375 0.44140625 0
881 0.48046875 0.44140625 0
882 0.47265625 0.43359375 0
883 0.48046875 0.43359375 0
884 0.48828125 0.44140625 0
885 0.48828125 0.44921875 0
886 0.47265625 0.46484375 0
887 0.46484375 0.46484375 0
888 0.46484375 0.45703125 0
889 0.48046875 0.46484375 0
890 0.48828125 0.45703125 0
891 0.48828125 0.46484375 0
892 0.48046875 0.47265625 0
893 0.47265625 0.47265625 0
894 0.45703125 0.45703125 0
895 0.45703125 0.44921875 0
896 0.45703125 0.46484375 0
897 0.46484375 0.47265625 0
898 0.45703125 0.47265625 0
899 0.44921875 0.46484375 0
900 0.44921875 0.45703125 0
901 0.45703125 0.44140625 0
902 0.44921875 0.44921875 0
903 0.44921875 0.44140625 0
904 0.45703125 0.43359375 0
905 0.46484375 0.43359375 0
906 0.49609375 0.44140625 0
907 0.48828125 0.43359375 0
908 0.49609375 0.43359375 0
909 0.49609375 0.44921875 0
910 0.50390625 0.44921875 0
911 0.50390625 0.44140625 0
912 0.49609375 0.45703125 0
913 0.48046875 0.42578125 0
914 0.48828125 0.42578125 0
915 0.47265625 0.42578125 0
916 0.46484375 0.42578125 0
917 0.47265625 0.41796875 0
918 0.48046875 0.41796875 0
919 0.49609375 0.42578125 0
920 0.48828125 0.41796875 0
921 0.49609375 0.41796875 0
922 0.50390625 0.43359375 0
923 0.50390625 0.42578125 0
924 0.49609375 0.46484375 0
925 0.50390625 0.46484375 0
926 0.50390625 0.45703125 0
927 0.49609375 0.47265625 0
928 0.48828125 0.47265625 0
929 0.51171875 0.45703125 0
930 0.51171875 0.44921875 0
931 0.51171875 0.46484375 0
932 0.50390625 0.47265625 0
933 0.51171875 0.47265625 0
934 0.51953125 0.46484375 0
935 0.51953125 0.45703125 0
936 0.51171875 0.44140625 0
937 0.51953125 0.44921875 0
938 0.51953125 0.44140625 0
939 0.51171875 0.43359375 0
940 0.48828125 0.48046875 0
941 0.48046875 0.48046875 0
942 0.49609375 0.48046875 0
943 0.50390625 0.48046875 0
944 0.49609375 0.48828125 0
945 0.48828125 0.48828125 0
946 0.47265625 0.48046875 0
947 0.48046875 0.48828125 0
948 0.47265625 0.48828125 0
949 0.46484375 0.48046875 0
950 0.44140625 0.44140625 0
951 0.44140625 0.43359375 0
952 0.44921875 0.43359375 0
953 0.44140625 0.44921875 0
954 0.44140625 0.45703125 0
955 0.43359375 0.44921875 0
956 0.43359375 0.44140625 0
957 0.44921875 0.42578125 0
958 0.45703125 0.42578125 0
959 0.44140625 0.42578125 0
960 0.44921875 0.41796875 0
961 0.44140625 0.41796875 0
962 0.43359375 0.42578125 0
963 0.43359375 0.43359375 0
964 0.45703125 0.41796875 0
965 0.46484375 0.41796875 0
966 0.44140625 0.46484375 0
967 0.44921875 0.47265625 0
968 0.44140625 0.47265625 0
969 0.43359375 0.46484375 0
970 0.43359375 0.45703125 0
971 0.45703125 0.48046875 0
972 0.44921875 0.48046875 0
973 0.46484375 0.48828125 0
974 0.45703125 0.48828125 0
975 0.44140625 0.48046875 0
976 0.44921875 0.48828125 0
977 0.44140625 0.48828125 0
978 0.43359375 0.48046875 0
979 0.43359375 0.47265625 0
980 0.42578125 0.45703125 0
981 0.42578125 0.44921875 0
982 0.42578125 0.46484375 0
983 0.42578125 0.47265625 0
984 0.41796875 0.46484375 0
985 0.41796875 0.45703125 0
986 0.42578125 0.44140625 0
987 0.42578125 0.43359375 0
988 0.41796875 0.44140625 0
989 0.41796875 0.44921875 0
990 0.46484375 0.41015625 0
991 0.47265625 0.41015625 0
992 0.45703125 0.41015625 0
993 0.46875 0.3984375 0
994 0.46484375 0.40234375 0
995 0.453125 0.3984375 0
996 0.45703125 0.40234375 0
997 0.44921875 0.41015625 0
998 0.48046875 0.41015625 0
999 0.47265625 0.40234375 0
1000 0.484375 0.3984375 0
1001 0.48046875 0.40234375 0
1002 0.48828125 0.41015625 0
1003 0.44140625 0.41015625 0
1004 0.44921875 0.40234375 0
1005 0.4375 0.3984375 0
1006 0.44140625 0.40234375 0
1007 0.43359375 0.41015625 0
1008 0.43359375 0.41796875 0
1009 0.42578125 0.41796875 0
1010 0.42578125 0.42578125 0
1011 0.42578125 0.41015625 0
1012 0.43359375 0.40234375 0
1013 0.421875 0.3984375 0
1014 0.42578125 0.40234375 0
1015 0.41796875 0.41015625 0
1016 0.41796875 0.41796875 0
1017 0.41796875 0.42578125 0
1018 0.41796875 0.43359375 0
1019 0.49609375 0.41015625 0
1020 0.48828125 0.40234375 0
1021 0.5 0.3984375 0
1022 0.49609375 0.40234375 0
1023 0.50390625 0.41796875 0
1024 0.50390625 0.41015625 0
1025 0.51171875 0.42578125 0
1026 0.51171875 0.41796875 0
1027 0.51953125 0.43359375 0
1028 0.51953125 0.42578125 0
1029 0.51171875 0.41015625 0
1030 0.51953125 0.41796875 0
1031 0.51953125 0.41015625 0
1032 0.515625 0.3984375 0
1033 0.51171875 0.40234375 0
1034 0.50390625 0.40234375 0
1035 0.49609375 0.49609375 0
1036 0.50390625 0.49609375 0
1037 0.50390625 0.48828125 0
1038 0.48828125 0.49609375 0
1039 0.48828125 0.50390625 0
1040 0.49609375 0.50390625 0
1041 0.48046875 0.49609375 0
1042 0.51171875 0.48828125 0
1043 0.51171875 0.48046875 0
1044 0.51171875 0.49609375 0
1045 0.51953125 0.48828125 0
1046 0.51953125 0.49609375 0
1047 0.50390625 0.50390625 0
1048 0.51171875 0.50390625 0
1049 0.51953125 0.48046875 0
1050 0.51953125 0.47265625 0
1051 0.47265625 0.49609375 0
1052 0.47265625 0.50390625 0
1053 0.48046875 0.50390625 0
1054 0.46484375 0.49609375 0
1055 0.48046875 0.51171875 0
1056 0.48828125 0.51171875 0
1057 0.47265625 0.51171875 0
1058 0.46484375 0.50390625 0
1059 0.46484375 0.51171875 0
1060 0.47265625 0.51953125 0
1061 0.48046875 0.51953125 0
1062 0.49609375 0.51171875 0
1063 0.50390625 0.51171875 0
1064 0.49609375 0.51953125 0
1065 0.48828125 0.51953125 0
1066 0.45703125 0.49609375 0
1067 0.45703125 0.50390625 0
1068 0.44921875 0.49609375 0
1069 0.52734375 0.47265625 0
1070 0.52734375 0.46484375 0
1071 0.52734375 0.48046875 0
1072 0.53515625 0.47265625 0
1073 0.53515625 0.48046875 0
1074 0.52734375 0.48828125 0
1075 0.52734375 0.45703125 0
1076 0.53515625 0.46484375 0
1077 0.53515625 0.45703125 0
1078 0.52734375 0.44921875 0
1079 0.52734375 0.49609375 0
1080 0.53515625 0.48828125 0
1081 0.53515625 0.49609375 0
1082 0.51953125 0.50390625 0
1083 0.52734375 0.50390625 0
1084 0.54296875 0.48046875 0
1085 0.54296875 0.48828125 0
1086 0.54296875 0.47265625 0
1087 0.54296875 0.46484375 0
1088 0.55078125 0.47265625 0
1089 0.55078125 0.48046875 0
1090 0.54296875 0.49609375 0
1091 0.55078125 0.48828125 0
1092 0.55078125 0.49609375 0
1093 0.53515625 0.50390625 0
1094 0.54296875 0.50390625 0
1095 0.51171875 0.51171875 0
1096 0.51953125 0.51171875 0
1097 0.50390625 0.51953125 0
1098 0.51171875 0.51953125 0
1099 0.52734375 0.51171875 0
1100 0.51953125 0.51953125 0
1101 0.52734375 0.51953125 0
1102 0.53515625 0.51171875 0
1103 0.52734375 0.44140625 0
1104 0.53515625 0.44921875 0
1105 0.53515625 0.44140625 0
1106 0.52734375 0.43359375 0
1107 0.54296875 0.45703125 0
1108 0.54296875 0.44921875 0
1109 0.55078125 0.45703125 0
1110 0.55078125 0.46484375 0
1111 0.54296875 0.44140625 0
1112 0.55078125 0.44921875 0
1113 0.55078125 0.44140625 0
1114 0.54296875 0.43359375 0
1115 0.53515625 0.43359375 0
1116 0.52734375 0.42578125 0
1117 0.53515625 0.42578125 0
1118 0.52734375 0.41796875 0
1119 0.44140625 0.49609375 0
1120 0.44140625 0.50390625 0
1121 0.44921875 0.50390625 0
1122 0.43359375 0.49609375 0
1123 0.43359375 0.48828125 0
1124 0.44921875 0.51171875 0
1125 0.45703125 0.51171875 0
1126 0.44140625 0.51171875 0
1127 0.43359375 0.50390625 0
1128 0.43359375 0.51171875 0
1129 0.44140625 0.51953125 0
1130 0.44921875 0.51953125 0
1131 0.45703125 0.51953125 0
1132 0.46484375 0.51953125 0
1133 0.42578125 0.48828125 0
1134 0.42578125 0.48046875 0
1135 0.42578125 0.49609375 0
1136 0.42578125 0.50390625 0
1137 0.41796875 0.49609375 0
1138 0.41796875 0.48828125 0
1139 0.41796875 0.48046875 0
1140 0.41796875 0.47265625 0
1141 0.46484375 0.52734375 0
1142 0.47265625 0.52734375 0
1143 0.45703125 0.52734375 0
1144 0.44921875 0.52734375 0
1145 0.45703125 0.53515625 0
1146 0.46484375 0.53515625 0
1147 0.48046875 0.52734375 0
1148 0.48828125 0.52734375 0
1149 0.48046875 0.53515625 0
1150 0.47265625 0.53515625 0
1151 0.44140625 0.52734375 0
1152 0.43359375 0.51953125 0
1153 0.43359375 0.52734375 0
1154 0.44140625 0.53515625 0
1155 0.44921875 0.53515625 0
1156 0.42578125 0.51171875 0
1157 0.42578125 0.51953125 0
1158 0.41796875 0.50390625 0
1159 0.41796875 0.51171875 0
1160 0.42578125 0.52734375 0
1161 0.41796875 0.51953125 0
1162 0.41796875 0.52734375 0
1163 0.42578125 0.53515625 0
1164 0.43359375 0.53515625 0
1165 0.44921875 0.54296875 0
1166 0.45703125 0.54296875 0
1167 0.44140625 0.54296875 0
1168 0.43359375 0.54296875 0
1169 0.44140625 0.55078125 0
1170 0.44921875 0.55078125 0
1171 0.46484375 0.54296875 0
1172 0.47265625 0.54296875 0
1173 0.46484375 0.55078125 0
1174 0.45703125 0.55078125 0
1175 0.49609375 0.52734375 0
1176 0.50390625 0.52734375 0
1177 0.49609375 0.53515625 0
1178 0.48828125 0.53515625 0
1179 0.51171875 0.52734375 0
1180 0.50390625 0.53515625 0
1181 0.51171875 0.53515625 0
1182 0.51953125 0.52734375 0
1183 0.48828125 0.54296875 0
1184 0.48046875 0.54296875 0
1185 0.49609375 0.54296875 0
1186 0.50390625 0.54296875 0
1187 0.49609375 0.55078125 0
1188 0.48828125 0.55078125 0
1189 0.48046875 0.55078125 0
1190 0.47265625 0.55078125 0
1191 0.41015625 0.47265625 0
1192 0.41015625 0.46484375 0
1193 0.41015625 0.48046875 0
1194 0.41015625 0.48828125 0
1195 0.3984375 0.484375 0
1196 0.40234375 0.48046875 0
1197 0.3984375 0.46875 0
1198 0.40234375 0.47265625 0
1199 0.41015625 0.45703125 0
1200 0.41015625 0.44921875 0
1201 0.3984375 0.453125 0
1202 0.40234375 0.45703125 0
1203 0.40234375 0.46484375 0
1204 0.41015625 0.49609375 0
1205 0.41015625 0.50390625 0
1206 0.3984375 0.5 0
1207 0.40234375 0.49609375 0
1208 0.40234375 0.48828125 0
1209 0.41015625 0.51171875 0
1210 0.40234375 0.50390625 0
1211 0.3984375 0.515625 0
1212 0.40234375 0.51171875 0
1213 0.41015625 0.51953125 0
1214 0.41015625 0.44140625 0
1215 0.41015625 0.43359375 0
1216 0.3984375 0.4375 0
1217 0.40234375 0.44140625 0
1218 0.40234375 0.44921875 0
1219 0.41015625 0.42578125 0
1220 0.41015625 0.41796875 0
1221 0.3984375 0.421875 0
1222 0.40234375 0.42578125 0
1223 0.40234375 0.43359375 0
1224 0.52734375 0.41015625 0
1225 0.53125 0.3984375 0
1226 0.52734375 0.40234375 0
1227 0.51953125 0.40234375 0
1228 0.53515625 0.41796875 0
1229 0.53515625 0.41015625 0
1230 0.54296875 0.42578125 0
1231 0.54296875 0.41796875 0
1232 0.55078125 0.43359375 0
1233 0.55078125 0.42578125 0
1234 0.54296875 0.41015625 0
1235 0.55078125 0.41796875 0
1236 0.55078125 0.41015625 0
1237 0.546875 0.3984375 0
1238 0.54296875 0.40234375 0
1239 0.53515625 0.40234375 0
1240 0.41015625 0.41015625 0
1241 0.41796875 0.40234375 0
1242 0.3984375 0.3984375 0
1243 0.40625 0.3984375 0
1244 0.41015625 0.40234375 0
1245 0.3984375 0.40625 0
1246 0.40234375 0.41015625 0
1247 0.40234375 0.41796875 0
1248 0.55859375 0.44140625 0
1249 0.55859375 0.43359375 0
1250 0.55859375 0.44921875 0
1251 0.56640625 0.44140625 0
1252 0.56640625 0.44921875 0
1253 0.55859375 0.45703125 0
1254 0.55859375 0.42578125 0
1255 0.56640625 0.43359375 0
1256 0.56640625 0.42578125 0
1257 0.55859375 0.41796875 0
1258 0.55859375 0.46484375 0
1259 0.56640625 0.45703125 0
1260 0.56640625 0.46484375 0
1261 0.55859375 0.47265625 0
1262 0.57421875 0.44921875 0
1263 0.57421875 0.45703125 0
1264 0.57421875 0.44140625 0
1265 0.57421875 0.43359375 0
1266 0.58203125 0.44140625 0
1267 0.58203125 0.44921875 0
1268 0.57421875 0.46484375 0
1269 0.58203125 0.45703125 0
1270 0.58203125 0.46484375 0
1271 0.57421875 0.47265625 0
1272 0.56640625 0.47265625 0
1273 0.55859375 0.48046875 0
1274 0.56640625 0.48046875 0
1275 0.55859375 0.48828125 0
1276 0.55859375 0.41015625 0
1277 0.56640625 0.41796875 0
1278 0.56640625 0.41015625 0
1279 0.5625 0.3984375 0
1280 0.55859375 0.40234375 0
1281 0.55078125 0.40234375 0
1282 0.57421875 0.42578125 0
1283 0.57421875 0.41796875 0
1284 0.58203125 0.42578125 0
1285 0.58203125 0.43359375 0
1286 0.57421875 0.41015625 0
1287 0.58203125 0.41796875 0
1288 0.58203125 0.41015625 0
1289 0.578125 0.3984375 0
1290 0.57421875 0.40234375 0
1291 0.56640625 0.40234375 0
1292 0.55859375 0.49609375 0
1293 0.56640625 0.48828125 0
1294 0.56640625 0.49609375 0
1295 0.55078125 0.50390625 0
1296 0.55859375 0.50390625 0
1297 0.57421875 0.48046875 0
1298 0.57421875 0.48828125 0
1299 0.58203125 0.47265625 0
1300 0.58203125 0.48046875 0
1301 0.57421875 0.49609375 0
1302 0.58203125 0.48828125 0
1303 0.58203125 0.49609375 0
1304 0.56640625 0.50390625 0
1305 0.57421875 0.50390625 0
1306 0.54296875 0.51171875 0
1307 0.55078125 0.51171875 0
1308 0.53515625 0.51953125 0
1309 0.54296875 0.51953125 0
1310 0.55859375 0.51171875 0
1311 0.55078125 0.51953125 0
1312 0.55859375 0.51953125 0
1313 0.56640625 0.51171875 0
1314 0.58984375 0.46484375 0
1315 0.58984375 0.47265625 0
1316 0.58984375 0.45703125 0
1317 0.58984375 0.44921875 0
1318 0.6015625 0.453125 0
1319 0.59765625 0.45703125 0
1320 0.6015625 0.46875 0
1321 0.59765625 0.46484375 0
1322 0.58984375 0.48046875 0
1323 0.59765625 0.47265625 0
1324 0.6015625 0.484375 0
1325 0.59765625 0.48046875 0
1326 0.58984375 0.48828125 0
1327 0.58984375 0.44140625 0
1328 0.58984375 0.43359375 0
1329 0.6015625 0.4375 0
1330 0.59765625 0.44140625 0
1331 0.59765625 0.44921875 0
1332 0.58984375 0.42578125 0
1333 0.58984375 0.41796875 0
1334 0.6015625 0.421875 0
1335 0.59765625 0.42578125 0
1336 0.59765625 0.43359375 0
1337 0.58984375 0.49609375 0
1338 0.59765625 0.48828125 0
1339 0.6015625 0.5 0
1340 0.59765625 0.49609375 0
1341 0.58203125 0.50390625 0
1342 0.58984375 0.50390625 0
1343 0.57421875 0.51171875 0
1344 0.58203125 0.51171875 0
1345 0.56640625 0.51953125 0
1346 0.57421875 0.51953125 0
1347 0.58984375 0.51171875 0
1348 0.58203125 0.51953125 0
1349 0.58984375 0.51953125 0
1350 0.6015625 0.515625 0
1351 0.59765625 0.51171875 0
1352 0.59765625 0.50390625 0
1353 0.52734375 0.52734375 0
1354 0.53515625 0.52734375 0
1355 0.51953125 0.53515625 0
1356 0.52734375 0.53515625 0
1357 0.54296875 0.52734375 0
1358 0.53515625 0.53515625 0
1359 0.54296875 0.53515625 0
1360 0.55078125 0.52734375 0
1361 0.51171875 0.54296875 0
1362 0.51953125 0.54296875 0
1363 0.50390625 0.55078125 0
1364 0.51171875 0.55078125 0
1365 0.52734375 0.54296875 0
1366 0.51953125 0.55078125 0
1367 0.52734375 0.55078125 0
1368 0.53515625 0.54296875 0
1369 0.55859375 0.52734375 0
1370 0.55078125 0.53515625 0
1371 0.55859375 0.53515625 0
1372 0.56640625 0.52734375 0
1373 0.54296875 0.54296875 0
1374 0.55078125 0.54296875 0
1375 0.53515625 0.55078125 0
1376 0.54296875 0.55078125 0
1377 0.55859375 0.54296875 0
1378 0.55078125 0.55078125 0
1379 0.55859375 0.55078125 0
1380 0.56640625 0.54296875 0
1381 0.56640625 0.53515625 0
1382 0.57421875 0.52734375 0
1383 0.57421875 0.53515625 0
1384 0.58203125 0.52734375 0
1385 0.58984375 0.41015625 0
1386 0.6015625 0.3984375 0
1387 0.59375 0.3984375 0
1388 0.58984375 0.40234375 0
1389 0.58203125 0.40234375 0
1390 0.6015625 0.40625 0
1391 0.59765625 0.41015625 0
1392 0.59765625 0.41796875 0
1393 0.41015625 0.52734375 0
1394 0.40234375 0.51953125 0
1395 0.3984375 0.53125 0
1396 0.40234375 0.52734375 0
1397 0.41015625 0.53515625 0
1398 0.41796875 0.53515625 0
1399 0.41796875 0.54296875 0
1400 0.42578125 0.54296875 0
1401 0.41015625 0.54296875 0
1402 0.40234375 0.53515625 0
1403 0.3984375 0.546875 0
1404 0.40234375 0.54296875 0
1405 0.41015625 0.55078125 0
1406 0.41796875 0.55078125 0
1407 0.42578125 0.55078125 0
1408 0.43359375 0.55078125 0
1409 0.43359375 0.55859375 0
1410 0.44140625 0.55859375 0
1411 0.42578125 0.55859375 0
1412 0.41796875 0.55859375 0
1413 0.42578125 0.56640625 0
1414 0.43359375 0.56640625 0
1415 0.44921875 0.55859375 0
1416 0.45703125 0.55859375 0
1417 0.44921875 0.56640625 0
1418 0.44140625 0.56640625 0
1419 0.41015625 0.55859375 0
1420 0.40234375 0.55078125 0
1421 0.3984375 0.5625 0
1422 0.40234375 0.55859375 0
1423 0.41015625 0.56640625 0
1424 0.41796875 0.56640625 0
1425 0.41796875 0.57421875 0
1426 0.42578125 0.57421875 0
1427 0.41015625 0.57421875 0
1428 0.40234375 0.56640625 0
1429 0.3984375 0.578125 0
1430 0.40234375 0.57421875 0
1431 0.41015625 0.58203125 0
1432 0.41796875 0.58203125 0
1433 0.43359375 0.57421875 0
1434 0.44140625 0.57421875 0
1435 0.43359375 0.58203125 0
1436 0.42578125 0.58203125 0
1437 0.46484375 0.55859375 0
1438 0.47265625 0.55859375 0
1439 0.46484375 0.56640625 0
1440 0.45703125 0.56640625 0
1441 0.48046875 0.55859375 0
1442 0.48828125 0.55859375 0
1443 0.48046875 0.56640625 0
1444 0.47265625 0.56640625 0
1445 0.45703125 0.57421875 0
1446 0.44921875 0.57421875 0
1447 0.46484375 0.57421875 0
1448 0.47265625 0.57421875 0
1449 0.46484375 0.58203125 0
1450 0.45703125 0.58203125 0
1451 0.44921875 0.58203125 0
1452 0.44140625 0.58203125 0
1453 0.41015625 0.58984375 0
1454 0.40234375 0.58203125 0
1455 0.3984375 0.6015625 0
1456 0.3984375 0.59375 0
1457 0.40234375 0.58984375 0
1458 0.41796875 0.58984375 0
1459 0.42578125 0.58984375 0
1460 0.421875 0.6015625 0
1461 0.41796875 0.59765625 0
1462 0.40625 0.6015625 0
1463 0.41015625 0.59765625 0
1464 0.43359375 0.58984375 0
1465 0.44140625 0.58984375 0
1466 0.4375 0.6015625 0
1467 0.43359375 0.59765625 0
1468 0.42578125 0.59765625 0
1469 0.44921875 0.58984375 0
1470 0.45703125 0.58984375 0
1471 0.453125 0.6015625 0
1472 0.44921875 0.59765625 0
1473 0.44140625 0.59765625 0
1474 0.49609375 0.55859375 0
1475 0.50390625 0.55859375 0
1476 0.49609375 0.56640625 0
1477 0.48828125 0.56640625 0
1478 0.51171875 0.55859375 0
1479 0.50390625 0.56640625 0
1480 0.51171875 0.56640625 0
1481 0.51953125 0.55859375 0
1482 0.48828125 0.57421875 0
1483 0.48046875 0.57421875 0
1484 0.49609375 0.57421875 0
1485 0.50390625 0.57421875 0
1486 0.49609375 0.58203125 0
1487 0.48828125 0.58203125 0
1488 0.48046875 0.58203125 0
1489 0.47265625 0.58203125 0
1490 0.52734375 0.55859375 0
1491 0.51953125 0.56640625 0
1492 0.52734375 0.56640625 0
1493 0.53515625 0.55859375 0
1494 0.51171875 0.57421875 0
1495 0.51953125 0.57421875 0
1496 0.50390625 0.58203125 0
1497 0.51171875 0.58203125 0
1498 0.52734375 0.57421875 0
1499 0.51953125 0.58203125 0
1500 0.52734375 0.58203125 0
1501 0.53515625 0.57421875 0
1502 0.53515625 0.56640625 0
1503 0.54296875 0.55859375 0
1504 0.54296875 0.56640625 0
1505 0.55078125 0.55859375 0
1506 0.47265625 0.58984375 0
1507 0.46484375 0.58984375 0
1508 0.48046875 0.58984375 0
1509 0.48828125 0.58984375 0
1510 0.484375 0.6015625 0
1511 0.48046875 0.59765625 0
1512 0.46875 0.6015625 0
1513 0.47265625 0.59765625 0
1514 0.46484375 0.59765625 0
1515 0.45703125 0.59765625 0
1516 0.49609375 0.58984375 0
1517 0.50390625 0.58984375 0
1518 0.5 0.6015625 0
1519 0.49609375 0.59765625 0
1520 0.48828125 0.59765625 0
1521 0.51171875 0.58984375 0
1522 0.50390625 0.59765625 0
1523 0.515625 0.6015625 0
1524 0.51171875 0.59765625 0
1525 0.51953125 0.58984375 0
1526 0.58984375 0.52734375 0
1527 0.6015625 0.53125 0
1528 0.59765625 0.52734375 0
1529 0.59765625 0.51953125 0
1530 0.58203125 0.53515625 0
1531 0.58984375 0.53515625 0
1532 0.57421875 0.54296875 0
1533 0.58203125 0.54296875 0
1534 0.56640625 0.55078125 0
1535 0.57421875 0.55078125 0
1536 0.58984375 0.54296875 0
1537 0.59765625 0.53515625 0
1538 0.6015625 0.546875 0
1539 0.59765625 0.54296875 0
1540 0.58984375 0.55078125 0
1541 0.58203125 0.55078125 0
1542 0.55859375 0.55859375 0
1543 0.56640625 0.55859375 0
1544 0.55078125 0.56640625 0
1545 0.55859375 0.56640625 0
1546 0.57421875 0.55859375 0
1547 0.58203125 0.55859375 0
1548 0.57421875 0.56640625 0
1549 0.56640625 0.56640625 0
1550 0.54296875 0.57421875 0
1551 0.55078125 0.57421875 0
1552 0.53515625 0.58203125 0
1553 0.54296875 0.58203125 0
1554 0.55859375 0.57421875 0
1555 0.56640625 0.57421875 0
1556 0.55859375 0.58203125 0
1557 0.55078125 0.58203125 0
1558 0.58984375 0.55859375 0
1559 0.59765625 0.55078125 0
1560 0.6015625 0.5625 0
1561 0.59765625 0.55859375 0
1562 0.58984375 0.56640625 0
1563 0.58203125 0.56640625 0
1564 0.58203125 0.57421875 0
1565 0.57421875 0.57421875 0
1566 0.58984375 0.57421875 0
1567 0.59765625 0.56640625 0
1568 0.6015625 0.578125 0
1569 0.59765625 0.57421875 0
1570 0.58984375 0.58203125 0
1571 0.58203125 0.58203125 0
1572 0.57421875 0.58203125 0
1573 0.56640625 0.58203125 0
1574 0.52734375 0.58984375 0
1575 0.53515625 0.58984375 0
1576 0.51953125 0.59765625 0
1577 0.53125 0.6015625 0
1578 0.52734375 0.59765625 0
1579 0.54296875 0.58984375 0
1580 0.55078125 0.58984375 0
1581 0.546875 0.6015625 0
1582 0.54296875 0.59765625 0
1583 0.53515625 0.59765625 0
1584 0.55859375 0.58984375 0
1585 0.56640625 0.58984375 0
1586 0.5625 0.6015625 0
1587 0.55859375 0.59765625 0
1588 0.55078125 0.59765625 0
1589 0.57421875 0.58984375 0
1590 0.58203125 0.58984375 0
1591 0.578125 0.6015625 0
1592 0.57421875 0.59765625 0
1593 0.56640625 0.59765625 0
1594 0.58984375 0.58984375 0
1595 0.59765625 0.58203125 0
1596 0.6015625 0.6015625 0
1597 0.6015625 0.59375 0
1598 0.59765625 0.58984375 0
1599 0.59375 0.6015625 0
1600 0.58984375 0.59765625 0
1601 0.58203125 0.59765625 0
1602 0.4765625 0.44921875 0
1603 0.47265625 0.453125 0
1604 0.46875 0.44921875 0
1605 0.47265625 0.4453125 0
1606 0.48046875 0.453125 0
1607 0.48046875 0.4453125 0
1608 0.484375 0.44921875 0
1609 0.4765625 0.45703125 0
1610 0.484375 0.45703125 0
1611 0.48046875 0.4609375 0
1612 0.47265625 0.4609375 0
1613 0.46875 0.45703125 0
1614 0.46875 0.44140625 0
1615 0.47265625 0.4375 0
1616 0.4765625 0.44140625 0
1617 0.46484375 0.4453125 0
1618 0.46484375 0.453125 0
1619 0.4609375 0.44921875 0
1620 0.4609375 0.44140625 0
1621 0.46484375 0.4375 0
1622 0.48046875 0.4375 0
1623 0.484375 0.44140625 0
1624 0.4765625 0.43359375 0
1625 0.46875 0.43359375 0
1626 0.47265625 0.4296875 0
1627 0.48046875 0.4296875 0
1628 0.484375 0.43359375 0
1629 0.48828125 0.4453125 0
1630 0.48828125 0.4375 0
1631 0.4921875 0.44140625 0
1632 0.4921875 0.44921875 0
1633 0.48828125 0.453125 0
1634 0.46875 0.46484375 0
1635 0.4765625 0.46484375 0
1636 0.47265625 0.46875 0
1637 0.46484375 0.4609375 0
1638 0.46484375 0.46875 0
1639 0.4609375 0.46484375 0
1640 0.4609375 0.45703125 0
1641 0.484375 0.46484375 0
1642 0.48046875 0.46875 0
1643 0.48828125 0.4609375 0
1644 0.4921875 0.45703125 0
1645 0.4921875 0.46484375 0
1646 0.48828125 0.46875 0
1647 0.4765625 0.47265625 0
1648 0.484375 0.47265625 0
1649 0.48046875 0.4765625 0
1650 0.47265625 0.4765625 0
1651 0.46875 0.47265625 0
1652 0.45703125 0.453125 0
1653 0.45703125 0.4609375 0
1654 0.453125 0.45703125 0
1655 0.453125 0.44921875 0
1656 0.45703125 0.4453125 0
1657 0.45703125 0.46875 0
1658 0.453125 0.46484375 0
1659 0.4609375 0.47265625 0
1660 0.46484375 0.4765625 0
1661 0.45703125 0.4765625 0
1662 0.453125 0.47265625 0
1663 0.44921875 0.4609375 0
1664 0.44921875 0.46875 0
1665 0.4453125 0.46484375 0
1666 0.4453125 0.45703125 0
1667 0.44921875 0.453125 0
1668 0.453125 0.44140625 0
1669 0.45703125 0.4375 0
1670 0.44921875 0.4453125 0
1671 0.4453125 0.44921875 0
1672 0.4453125 0.44140625 0
1673 0.44921875 0.4375 0
1674 0.4609375 0.43359375 0
1675 0.453125 0.43359375 0
1676 0.45703125 0.4296875 0
1677 0.46484375 0.4296875 0
1678 0.49609375 0.4375 0
1679 0.5 0.44140625 0
1680 0.49609375 0.4453125 0
1681 0.4921875 0.43359375 0
1682 0.48828125 0.4296875 0
1683 0.49609375 0.4296875 0
1684 0.5 0.43359375 0
1685 0.5 0.44921875 0
1686 0.49609375 0.453125 0
1687 0.50390625 0.4453125 0
1688 0.50390625 0.453125 0
1689 0.5078125 0.44921875 0
1690 0.5078125 0.44140625 0
1691 0.50390625 0.4375 0
1692 0.5 0.45703125 0
1693 0.49609375 0.4609375 0
1694 0.484375 0.42578125 0
1695 0.4765625 0.42578125 0
1696 0.48046875 0.421875 0
1697 0.48828125 0.421875 0
1698 0.4921875 0.42578125 0
1699 0.46875 0.42578125 0
1700 0.47265625 0.421875 0
1701 0.4609375 0.42578125 0
1702 0.46484375 0.421875 0
1703 0.4765625 0.41796875 0
1704 0.46875 0.41796875 0
1705 0.47265625 0.4140625 0
1706 0.48046875 0.4140625 0
1707 0.484375 0.41796875 0
1708 0.49609375 0.421875 0
1709 0.5 0.42578125 0
1710 0.4921875 0.41796875 0
1711 0.48828125 0.4140625 0
1712 0.49609375 0.4140625 0
1713 0.5 0.41796875 0
1714 0.50390625 0.4296875 0
1715 0.5078125 0.43359375 0
1716 0.5078125 0.42578125 0
1717 0.50390625 0.421875 0
1718 0.5 0.46484375 0
1719 0.49609375 0.46875 0
1720 0.50390625 0.4609375 0
1721 0.50390625 0.46875 0
1722 0.5078125 0.46484375 0
1723 0.5078125 0.45703125 0
1724 0.4921875 0.47265625 0
1725 0.5 0.47265625 0
1726 0.49609375 0.4765625 0
1727 0.48828125 0.4765625 0
1728 0.51171875 0.453125 0
1729 0.51171875 0.4609375 0
1730 0.515625 0.45703125 0
1731 0.515625 0.44921875 0
1732 0.51171875 0.4453125 0
1733 0.51171875 0.46875 0
1734 0.515625 0.46484375 0
1735 0.5078125 0.47265625 0
1736 0.50390625 0.4765625 0
1737 0.51171875 0.4765625 0
1738 0.515625 0.47265625 0
1739 0.51953125 0.4609375 0
1740 0.51953125 0.46875 0
1741 0.5234375 0.46484375 0
1742 0.5234375 0.45703125 0
1743 0.51953125 0.453125 0
1744 0.515625 0.44140625 0
1745 0.51171875 0.4375 0
1746 0.51953125 0.4453125 0
1747 0.5234375 0.44921875 0
1748 0.5234375 0.44140625 0
1749 0.51953125 0.4375 0
1750 0.515625 0.43359375 0
1751 0.51171875 0.4296875 0
1752 0.484375 0.48046875 0
1753 0.4921875 0.48046875 0
1754 0.48828125 0.484375 0
1755 0.48046875 0.484375 0
1756 0.4765625 0.48046875 0
1757 0.5 0.48046875 0
1758 0.49609375 0.484375 0
1759 0.50390625 0.484375 0
1760 0.5078125 0.48046875 0
1761 0.4921875 0.48828125 0
1762 0.5 0.48828125 0
1763 0.49609375 0.4921875 0
1764 0.48828125 0.4921875 0
1765 0.484375 0.48828125 0
1766 0.47265625 0.484375 0
1767 0.46875 0.48046875 0
1768 0.4765625 0.48828125 0
1769 0.48046875 0.4921875 0
1770 0.47265625 0.4921875 0
1771 0.46875 0.48828125 0
1772 0.46484375 0.484375 0
1773 0.4609375 0.48046875 0
1774 0.44140625 0.4375 0
1775 0.44140625 0.4453125 0
1776 0.4375 0.44140625 0
1777 0.4453125 0.43359375 0
1778 0.44140625 0.4296875 0
1779 0.4375 0.43359375 0
1780 0.44921875 0.4296875 0
1781 0.44140625 0.453125 0
1782 0.4375 0.44921875 0
1783 0.44140625 0.4609375 0
1784 0.4375 0.45703125 0
1785 0.43359375 0.4453125 0
1786 0.43359375 0.453125 0
1787 0.4296875 0.44921875 0
1788 0.43359375 0.4375 0
1789 0.4296875 0.44140625 0
1790 0.453125 0.42578125 0
1791 0.44921875 0.421875 0
1792 0.4453125 0.42578125 0
1793 0.45703125 0.421875 0
1794 0.44140625 0.421875 0
1795 0.4375 0.42578125 0
1796 0.4453125 0.41796875 0
1797 0.453125 0.41796875 0
1798 0.44921875 0.4140625 0
1799 0.44140625 0.4140625 0
1800 0.4375 0.41796875 0
1801 0.43359375 0.4296875 0
1802 0.43359375 0.421875 0
1803 0.4296875 0.42578125 0
1804 0.4296875 0.43359375 0
1805 0.4609375 0.41796875 0
1806 0.45703125 0.4140625 0
1807 0.46484375 0.4140625 0
1808 0.44140625 0.46875 0
1809 0.4375 0.46484375 0
1810 0.4453125 0.47265625 0
1811 0.44921875 0.4765625 0
1812 0.44140625 0.4765625 0
1813 0.4375 0.47265625 0
1814 0.43359375 0.4609375 0
1815 0.43359375 0.46875 0
1816 0.4296875 0.46484375 0
1817 0.4296875 0.45703125 0
1818 0.453125 0.48046875 0
1819 0.45703125 0.484375 0
1820 0.44921875 0.484375 0
1821 0.4453125 0.48046875 0
1822 0.4609375 0.48828125 0
1823 0.46484375 0.4921875 0
1824 0.45703125 0.4921875 0
1825 0.453125 0.48828125 0
1826 0.44140625 0.484375 0
1827 0.4375 0.48046875 0
1828 0.4453125 0.48828125 0
1829 0.44921875 0.4921875 0
1830 0.44140625 0.4921875 0
1831 0.4375 0.48828125 0
1832 0.43359375 0.4765625 0
1833 0.43359375 0.484375 0
1834 0.4296875 0.48046875 0
1835 0.4296875 0.47265625 0
1836 0.42578125 0.453125 0
1837 0.42578125 0.4609375 0
1838 0.421875 0.45703125 0
1839 0.42578125 0.4453125 0
1840 0.421875 0.44921875 0
1841 0.42578125 0.46875 0
1842 0.421875 0.46484375 0
1843 0.42578125 0.4765625 0
1844 0.421875 0.47265625 0
1845 0.41796875 0.4609375 0
1846 0.41796875 0.46875 0
1847 0.4140625 0.46484375 0
1848 0.41796875 0.453125 0
1849 0.4140625 0.45703125 0
1850 0.42578125 0.4375 0
1851 0.421875 0.44140625 0
1852 0.42578125 0.4296875 0
1853 0.421875 0.43359375 0
1854 0.41796875 0.4453125 0
1855 0.41796875 0.4375 0
1856 0.4140625 0.44140625 0
1857 0.4140625 0.44921875 0
1858 0.46875 0.41015625 0
1859 0.46484375 0.40625 0
1860 0.4609375 0.41015625 0
1861 0.47265625 0.40625 0
1862 0.4765625 0.41015625 0
1863 0.45703125 0.40625 0
1864 0.453125 0.41015625 0
1865 0.4609375 0.40234375 0
1866 0.46875 0.40234375 0
1867 0.453125 0.40234375 0
1868 0.44921875 0.40625 0
1869 0.4453125 0.41015625 0
1870 0.48046875 0.40625 0
1871 0.484375 0.41015625 0
1872 0.4765625 0.40234375 0
1873 0.484375 0.40234375 0
1874 0.48828125 0.40625 0
1875 0.4921875 0.41015625 0
1876 0.44140625 0.40625 0
1877 0.4375 0.41015625 0
1878 0.4453125 0.40234375 0
1879 0.4375 0.40234375 0
1880 0.43359375 0.4140625 0
1881 0.43359375 0.40625 0
1882 0.4296875 0.41015625 0
1883 0.4296875 0.41796875 0
1884 0.42578125 0.421875 0
1885 0.42578125 0.4140625 0
1886 0.421875 0.41796875 0
1887 0.421875 0.42578125 0
1888 0.42578125 0.40625 0
1889 0.421875 0.41015625 0
1890 0.4296875 0.40234375 0
1891 0.421875 0.40234375 0
1892 0.41796875 0.4140625 0
1893 0.41796875 0.40625 0
1894 0.4140625 0.41015625 0
1895 0.4140625 0.41796875 0
1896 0.41796875 0.421875 0
1897 0.41796875 0.4296875 0
1898 0.4140625 0.42578125 0
1899 0.4140625 0.43359375 0
1900 0.49609375 0.40625 0
1901 0.5 0.41015625 0
1902 0.4921875 0.40234375 0
1903 0.5 0.40234375 0
1904 0.50390625 0.4140625 0
1905 0.5078125 0.41796875 0
1906 0.5078125 0.41015625 0
1907 0.50390625 0.40625 0
1908 0.51171875 0.421875 0
1909 0.515625 0.42578125 0
1910 0.515625 0.41796875 0
1911 0.51171875 0.4140625 0
1912 0.51953125 0.4296875 0
1913 0.5234375 0.43359375 0
1914 0.5234375 0.42578125 0
1915 0.51953125 0.421875 0
1916 0.515625 0.41015625 0
1917 0.51171875 0.40625 0
1918 0.51953125 0.4140625 0
1919 0.5234375 0.41796875 0
1920 0.5234375 0.41015625 0
1921 0.51953125 0.40625 0
1922 0.5078125 0.40234375 0
1923 0.515625 0.40234375 0
1924 0.5 0.49609375 0
1925 0.49609375 0.5 0
1926 0.4921875 0.49609375 0
1927 0.50390625 0.4921875 0
1928 0.5078125 0.49609375 0
1929 0.50390625 0.5 0
1930 0.5078125 0.48828125 0
1931 0.48828125 0.5 0
1932 0.484375 0.49609375 0
1933 0.4921875 0.50390625 0
1934 0.484375 0.50390625 0
1935 0.48828125 0.5078125 0
1936 0.5 0.50390625 0
1937 0.49609375 0.5078125 0
1938 0.48046875 0.5 0
1939 0.4765625 0.49609375 0
1940 0.51171875 0.484375 0
1941 0.515625 0.48828125 0
1942 0.51171875 0.4921875 0
1943 0.515625 0.48046875 0
1944 0.515625 0.49609375 0
1945 0.51171875 0.5 0
1946 0.51953125 0.4921875 0
1947 0.51953125 0.484375 0
1948 0.5234375 0.48828125 0
1949 0.5234375 0.49609375 0
1950 0.51953125 0.5 0
1951 0.5078125 0.50390625 0
1952 0.50390625 0.5078125 0
1953 0.51171875 0.5078125 0
1954 0.515625 0.50390625 0
1955 0.51953125 0.4765625 0
1956 0.5234375 0.48046875 0
1957 0.5234375 0.47265625 0
1958 0.47265625 0.5 0
1959 0.46875 0.49609375 0
1960 0.4765625 0.50390625 0
1961 0.46875 0.50390625 0
1962 0.47265625 0.5078125 0
1963 0.48046875 0.5078125 0
1964 0.46484375 0.5 0
1965 0.4609375 0.49609375 0
1966 0.484375 0.51171875 0
1967 0.4765625 0.51171875 0
1968 0.48046875 0.515625 0
1969 0.4921875 0.51171875 0
1970 0.48828125 0.515625 0
1971 0.46875 0.51171875 0
1972 0.47265625 0.515625 0
1973 0.46484375 0.5078125 0
1974 0.4609375 0.50390625 0
1975 0.4609375 0.51171875 0
1976 0.46484375 0.515625 0
1977 0.4765625 0.51953125 0
1978 0.46875 0.51953125 0
1979 0.47265625 0.5234375 0
1980 0.484375 0.51953125 0
1981 0.48046875 0.5234375 0
1982 0.5 0.51171875 0
1983 0.49609375 0.515625 0
1984 0.50390625 0.515625 0
1985 0.5078125 0.51171875 0
1986 0.4921875 0.51953125 0
1987 0.5 0.51953125 0
1988 0.49609375 0.5234375 0
1989 0.48828125 0.5234375 0
1990 0.45703125 0.5 0
1991 0.453125 0.49609375 0
1992 0.453125 0.50390625 0
1993 0.45703125 0.5078125 0
1994 0.44921875 0.5 0
1995 0.4453125 0.49609375 0
1996 0.52734375 0.46875 0
1997 0.53125 0.47265625 0
1998 0.52734375 0.4765625 0
1999 0.53125 0.46484375 0
2000 0.52734375 0.4609375 0
2001 0.53125 0.48046875 0
2002 0.52734375 0.484375 0
2003 0.53515625 0.4765625 0
2004 0.53515625 0.46875 0
2005 0.5390625 0.47265625 0
2006 0.5390625 0.48046875 0
2007 0.53515625 0.484375 0
2008 0.53125 0.48828125 0
2009 0.52734375 0.4921875 0
2010 0.53125 0.45703125 0
2011 0.52734375 0.453125 0
2012 0.53515625 0.4609375 0
2013 0.5390625 0.46484375 0
2014 0.5390625 0.45703125 0
2015 0.53515625 0.453125 0
2016 0.53125 0.44921875 0
2017 0.52734375 0.4453125 0
2018 0.53125 0.49609375 0
2019 0.52734375 0.5 0
2020 0.53515625 0.4921875 0
2021 0.5390625 0.48828125 0
2022 0.5390625 0.49609375 0
2023 0.53515625 0.5 0
2024 0.5234375 0.50390625 0
2025 0.51953125 0.5078125 0
2026 0.52734375 0.5078125 0
2027 0.53125 0.50390625 0
2028 0.54296875 0.484375 0
2029 0.54296875 0.4765625 0
2030 0.546875 0.48046875 0
2031 0.546875 0.48828125 0
2032 0.54296875 0.4921875 0
2033 0.54296875 0.46875 0
2034 0.546875 0.47265625 0
2035 0.54296875 0.4609375 0
2036 0.546875 0.46484375 0
2037 0.55078125 0.4765625 0
2038 0.55078125 0.46875 0
2039 0.5546875 0.47265625 0
2040 0.5546875 0.48046875 0
2041 0.55078125 0.484375 0
2042 0.546875 0.49609375 0
2043 0.54296875 0.5 0
2044 0.55078125 0.4921875 0
2045 0.5546875 0.48828125 0
2046 0.5546875 0.49609375 0
2047 0.55078125 0.5 0
2048 0.5390625 0.50390625 0
2049 0.53515625 0.5078125 0
2050 0.54296875 0.5078125 0
2051 0.546875 0.50390625 0
2052 0.515625 0.51171875 0
2053 0.51171875 0.515625 0
2054 0.51953125 0.515625 0
2055 0.5234375 0.51171875 0
2056 0.5078125 0.51953125 0
2057 0.50390625 0.5234375 0
2058 0.51171875 0.5234375 0
2059 0.515625 0.51953125 0
2060 0.52734375 0.515625 0
2061 0.53125 0.51171875 0
2062 0.5234375 0.51953125 0
2063 0.51953125 0.5234375 0
2064 0.52734375 0.5234375 0
2065 0.53125 0.51953125 0
2066 0.53515625 0.515625 0
2067 0.5390625 0.51171875 0
2068 0.53125 0.44140625 0
2069 0.52734375 0.4375 0
2070 0.53515625 0.4453125 0
2071 0.5390625 0.44921875 0
2072 0.5390625 0.44140625 0
2073 0.53515625 0.4375 0
2074 0.53125 0.43359375 0
2075 0.52734375 0.4296875 0
2076 0.54296875 0.453125 0
2077 0.546875 0.45703125 0
2078 0.546875 0.44921875 0
2079 0.54296875 0.4453125 0
2080 0.55078125 0.4609375 0
2081 0.55078125 0.453125 0
2082 0.5546875 0.45703125 0
2083 0.5546875 0.46484375 0
2084 0.546875 0.44140625 0
2085 0.54296875 0.4375 0
2086 0.55078125 0.4453125 0
2087 0.5546875 0.44921875 0
2088 0.5546875 0.44140625 0
2089 0.55078125 0.4375 0
2090 0.5390625 0.43359375 0
2091 0.546875 0.43359375 0
2092 0.54296875 0.4296875 0
2093 0.53515625 0.4296875 0
2094 0.53125 0.42578125 0
2095 0.52734375 0.421875 0
2096 0.5390625 0.42578125 0
2097 0.53515625 0.421875 0
2098 0.53125 0.41796875 0
2099 0.52734375 0.4140625 0
2100 0.44140625 0.5 0
2101 0.4375 0.49609375 0
2102 0.4453125 0.50390625 0
2103 0.4375 0.50390625 0
2104 0.44140625 0.5078125 0
2105 0.44921875 0.5078125 0
2106 0.43359375 0.4921875 0
2107 0.43359375 0.5 0
2108 0.4296875 0.49609375 0
2109 0.4296875 0.48828125 0
2110 0.453125 0.51171875 0
2111 0.4453125 0.51171875 0
2112 0.44921875 0.515625 0
2113 0.45703125 0.515625 0
2114 0.4375 0.51171875 0
2115 0.44140625 0.515625 0
2116 0.43359375 0.5078125 0
2117 0.4296875 0.50390625 0
2118 0.4296875 0.51171875 0
2119 0.43359375 0.515625 0
2120 0.4453125 0.51953125 0
2121 0.4375 0.51953125 0
2122 0.44140625 0.5234375 0
2123 0.44921875 0.5234375 0
2124 0.453125 0.51953125 0
2125 0.4609375 0.51953125 0
2126 0.45703125 0.5234375 0
2127 0.46484375 0.5234375 0
2128 0.42578125 0.484375 0
2129 0.42578125 0.4921875 0
2130 0.421875 0.48828125 0
2131 0.421875 0.48046875 0
2132 0.42578125 0.5 0
2133 0.421875 0.49609375 0
2134 0.421875 0.50390625 0
2135 0.42578125 0.5078125 0
2136 0.41796875 0.4921875 0
2137 0.41796875 0.5 0
2138 0.4140625 0.49609375 0
2139 0.4140625 0.48828125 0
2140 0.41796875 0.484375 0
2141 0.41796875 0.4765625 0
2142 0.4140625 0.48046875 0
2143 0.4140625 0.47265625 0
2144 0.46875 0.52734375 0
2145 0.4609375 0.52734375 0
2146 0.46484375 0.53125 0
2147 0.4765625 0.52734375 0
2148 0.47265625 0.53125 0
2149 0.453125 0.52734375 0
2150 0.45703125 0.53125 0
2151 0.4453125 0.52734375 0
2152 0.44921875 0.53125 0
2153 0.4609375 0.53515625 0
2154 0.453125 0.53515625 0
2155 0.45703125 0.5390625 0
2156 0.46875 0.53515625 0
2157 0.46484375 0.5390625 0
2158 0.484375 0.52734375 0
2159 0.48046875 0.53125 0
2160 0.4921875 0.52734375 0
2161 0.48828125 0.53125 0
2162 0.4765625 0.53515625 0
2163 0.484375 0.53515625 0
2164 0.48046875 0.5390625 0
2165 0.47265625 0.5390625 0
2166 0.4375 0.52734375 0
2167 0.44140625 0.53125 0
2168 0.43359375 0.5234375 0
2169 0.4296875 0.51953125 0
2170 0.4296875 0.52734375 0
2171 0.43359375 0.53125 0
2172 0.4453125 0.53515625 0
2173 0.4375 0.53515625 0
2174 0.44140625 0.5390625 0
2175 0.44921875 0.5390625 0
2176 0.42578125 0.515625 0
2177 0.421875 0.51171875 0
2178 0.421875 0.51953125 0
2179 0.42578125 0.5234375 0
2180 0.41796875 0.5078125 0
2181 0.4140625 0.50390625 0
2182 0.4140625 0.51171875 0
2183 0.41796875 0.515625 0
2184 0.421875 0.52734375 0
2185 0.42578125 0.53125 0
2186 0.41796875 0.5234375 0
2187 0.4140625 0.51953125 0
2188 0.4140625 0.52734375 0
2189 0.41796875 0.53125 0
2190 0.4296875 0.53515625 0
2191 0.421875 0.53515625 0
2192 0.42578125 0.5390625 0
2193 0.43359375 0.5390625 0
2194 0.453125 0.54296875 0
2195 0.4453125 0.54296875 0
2196 0.44921875 0.546875 0
2197 0.4609375 0.54296875 0
2198 0.45703125 0.546875 0
2199 0.4375 0.54296875 0
2200 0.44140625 0.546875 0
2201 0.4296875 0.54296875 0
2202 0.43359375 0.546875 0
2203 0.4453125 0.55078125 0
2204 0.4375 0.55078125 0
2205 0.44140625 0.5546875 0
2206 0.453125 0.55078125 0
2207 0.44921875 0.5546875 0
2208 0.46875 0.54296875 0
2209 0.46484375 0.546875 0
2210 0.4765625 0.54296875 0
2211 0.47265625 0.546875 0
2212 0.4609375 0.55078125 0
2213 0.46875 0.55078125 0
2214 0.46484375 0.5546875 0
2215 0.45703125 0.5546875 0
2216 0.5 0.52734375 0
2217 0.49609375 0.53125 0
2218 0.50390625 0.53125 0
2219 0.5078125 0.52734375 0
2220 0.4921875 0.53515625 0
2221 0.5 0.53515625 0
2222 0.49609375 0.5390625 0
2223 0.48828125 0.5390625 0
2224 0.51171875 0.53125 0
2225 0.515625 0.52734375 0
2226 0.5078125 0.53515625 0
2227 0.50390625 0.5390625 0
2228 0.51171875 0.5390625 0
2229 0.515625 0.53515625 0
2230 0.51953125 0.53125 0
2231 0.5234375 0.52734375 0
2232 0.484375 0.54296875 0
2233 0.4921875 0.54296875 0
2234 0.48828125 0.546875 0
2235 0.48046875 0.546875 0
2236 0.5 0.54296875 0
2237 0.49609375 0.546875 0
2238 0.50390625 0.546875 0
2239 0.5078125 0.54296875 0
2240 0.4921875 0.55078125 0
2241 0.5 0.55078125 0
2242 0.49609375 0.5546875 0
2243 0.48828125 0.5546875 0
2244 0.484375 0.55078125 0
2245 0.4765625 0.55078125 0
2246 0.48046875 0.5546875 0
2247 0.47265625 0.5546875 0
2248 0.41015625 0.46875 0
2249 0.41015625 0.4765625 0
2250 0.40625 0.47265625 0
2251 0.41015625 0.4609375 0
2252 0.40625 0.46484375 0
2253 0.41015625 0.484375 0
2254 0.40625 0.48046875 0
2255 0.41015625 0.4921875 0
2256 0.40625 0.48828125 0
2257 0.40234375 0.4765625 0
2258 0.40234375 0.484375 0
2259 0.40234375 0.46875 0
2260 0.41015625 0.453125 0
2261 0.40625 0.45703125 0
2262 0.41015625 0.4453125 0
2263 0.40625 0.44921875 0
2264 0.40234375 0.4609375 0
2265 0.40234375 0.453125 0
2266 0.41015625 0.5 0
2267 0.40625 0.49609375 0
2268 0.40625 0.50390625 0
2269 0.41015625 0.5078125 0
2270 0.40234375 0.4921875 0
2271 0.40234375 0.5 0
2272 0.40625 0.51171875 0
2273 0.41015625 0.515625 0
2274 0.40234375 0.5078125 0
2275 0.40234375 0.515625 0
2276 0.40625 0.51953125 0
2277 0.41015625 0.5234375 0
2278 0.41015625 0.4375 0
2279 0.40625 0.44140625 0
2280 0.41015625 0.4296875 0
2281 0.40625 0.43359375 0
2282 0.40234375 0.4453125 0
2283 0.40234375 0.4375 0
2284 0.41015625 0.421875 0
2285 0.40625 0.42578125 0
2286 0.41015625 0.4140625 0
2287 0.40625 0.41796875 0
2288 0.40234375 0.4296875 0
2289 0.40234375 0.421875 0
2290 0.52734375 0.40625 0
2291 0.53125 0.41015625 0
2292 0.5234375 0.40234375 0
2293 0.53125 0.40234375 0
2294 0.53515625 0.4140625 0
2295 0.5390625 0.41796875 0
2296 0.5390625 0.41015625 0
2297 0.53515625 0.40625 0
2298 0.54296875 0.421875 0
2299 0.546875 0.42578125 0
2300 0.546875 0.41796875 0
2301 0.54296875 0.4140625 0
2302 0.55078125 0.4296875 0
2303 0.5546875 0.43359375 0
2304 0.5546875 0.42578125 0
2305 0.55078125 0.421875 0
2306 0.546875 0.41015625 0
2307 0.54296875 0.40625 0
2308 0.55078125 0.4140625 0
2309 0.5546875 0.41796875 0
2310 0.5546875 0.41015625 0
2311 0.55078125 0.40625 0
2312 0.5390625 0.40234375 0
2313 0.546875 0.40234375 0
2314 0.41015625 0.40625 0
2315 0.40625 0.41015625 0
2316 0.4140625 0.40234375 0
2317 0.40234375 0.40234375 0
2318 0.40625 0.40234375 0
2319 0.40234375 0.4140625 0
2320 0.40234375 0.40625 0
2321 0.55859375 0.4375 0
2322 0.5625 0.44140625 0
2323 0.55859375 0.4453125 0
2324 0.5625 0.43359375 0
2325 0.55859375 0.4296875 0
2326 0.5625 0.44921875 0
2327 0.55859375 0.453125 0
2328 0.56640625 0.4453125 0
2329 0.56640625 0.4375 0
2330 0.5703125 0.44140625 0
2331 0.5703125 0.44921875 0
2332 0.56640625 0.453125 0
2333 0.5625 0.45703125 0
2334 0.55859375 0.4609375 0
2335 0.5625 0.42578125 0
2336 0.55859375 0.421875 0
2337 0.56640625 0.4296875 0
2338 0.5703125 0.43359375 0
2339 0.5703125 0.42578125 0
2340 0.56640625 0.421875 0
2341 0.5625 0.41796875 0
2342 0.55859375 0.4140625 0
2343 0.5625 0.46484375 0
2344 0.55859375 0.46875 0
2345 0.56640625 0.4609375 0
2346 0.5703125 0.45703125 0
2347 0.5703125 0.46484375 0
2348 0.56640625 0.46875 0
2349 0.5625 0.47265625 0
2350 0.55859375 0.4765625 0
2351 0.57421875 0.453125 0
2352 0.57421875 0.4453125 0
2353 0.578125 0.44921875 0
2354 0.578125 0.45703125 0
2355 0.57421875 0.4609375 0
2356 0.57421875 0.4375 0
2357 0.578125 0.44140625 0
2358 0.57421875 0.4296875 0
2359 0.578125 0.43359375 0
2360 0.58203125 0.4453125 0
2361 0.58203125 0.4375 0
2362 0.5859375 0.44140625 0
2363 0.5859375 0.44921875 0
2364 0.58203125 0.453125 0
2365 0.578125 0.46484375 0
2366 0.57421875 0.46875 0
2367 0.58203125 0.4609375 0
2368 0.5859375 0.45703125 0
2369 0.5859375 0.46484375 0
2370 0.58203125 0.46875 0
2371 0.5703125 0.47265625 0
2372 0.578125 0.47265625 0
2373 0.57421875 0.4765625 0
2374 0.56640625 0.4765625 0
2375 0.5625 0.48046875 0
2376 0.55859375 0.484375 0
2377 0.5703125 0.48046875 0
2378 0.56640625 0.484375 0
2379 0.5625 0.48828125 0
2380 0.55859375 0.4921875 0
2381 0.5625 0.41015625 0
2382 0.55859375 0.40625 0
2383 0.56640625 0.4140625 0
2384 0.5703125 0.41796875 0
2385 0.5703125 0.41015625 0
2386 0.56640625 0.40625 0
2387 0.5546875 0.40234375 0
2388 0.5625 0.40234375 0
2389 0.57421875 0.421875 0
2390 0.578125 0.42578125 0
2391 0.578125 0.41796875 0
2392 0.57421875 0.4140625 0
2393 0.58203125 0.4296875 0
2394 0.58203125 0.421875 0
2395 0.5859375 0.42578125 0
2396 0.5859375 0.43359375 0
2397 0.578125 0.41015625 0
2398 0.57421875 0.40625 0
2399 0.58203125 0.4140625 0
2400 0.5859375 0.41796875 0
2401 0.5859375 0.41015625 0
2402 0.58203125 0.40625 0
2403 0.5703125 0.40234375 0
2404 0.578125 0.40234375 0
2405 0.5625 0.49609375 0
2406 0.55859375 0.5 0
2407 0.56640625 0.4921875 0
2408 0.5703125 0.48828125 0
2409 0.5703125 0.49609375 0
2410 0.56640625 0.5 0
2411 0.5546875 0.50390625 0
2412 0.55078125 0.5078125 0
2413 0.55859375 0.5078125 0
2414 0.5625 0.50390625 0
2415 0.57421875 0.484375 0
2416 0.578125 0.48046875 0
2417 0.578125 0.48828125 0
2418 0.57421875 0.4921875 0
2419 0.58203125 0.4765625 0
2420 0.5859375 0.47265625 0
2421 0.5859375 0.48046875 0
2422 0.58203125 0.484375 0
2423 0.578125 0.49609375 0
2424 0.57421875 0.5 0
2425 0.58203125 0.4921875 0
2426 0.5859375 0.48828125 0
2427 0.5859375 0.49609375 0
2428 0.58203125 0.5 0
2429 0.5703125 0.50390625 0
2430 0.56640625 0.5078125 0
2431 0.57421875 0.5078125 0
2432 0.578125 0.50390625 0
2433 0.546875 0.51171875 0
2434 0.54296875 0.515625 0
2435 0.55078125 0.515625 0
2436 0.5546875 0.51171875 0
2437 0.5390625 0.51953125 0
2438 0.53515625 0.5234375 0
2439 0.54296875 0.5234375 0
2440 0.546875 0.51953125 0
2441 0.55859375 0.515625 0
2442 0.5625 0.51171875 0
2443 0.5546875 0.51953125 0
2444 0.55078125 0.5234375 0
2445 0.55859375 0.5234375 0
2446 0.5625 0.51953125 0
2447 0.56640625 0.515625 0
2448 0.5703125 0.51171875 0
2449 0.58984375 0.46875 0
2450 0.58984375 0.4609375 0
2451 0.59375 0.46484375 0
2452 0.59375 0.47265625 0
2453 0.58984375 0.4765625 0
2454 0.58984375 0.453125 0
2455 0.59375 0.45703125 0
2456 0.58984375 0.4453125 0
2457 0.59375 0.44921875 0
2458 0.59765625 0.4609375 0
2459 0.59765625 0.453125 0
2460 0.59765625 0.46875 0
2461 0.59375 0.48046875 0
2462 0.58984375 0.484375 0
2463 0.59765625 0.4765625 0
2464 0.59765625 0.484375 0
2465 0.59375 0.48828125 0
2466 0.58984375 0.4921875 0
2467 0.58984375 0.4375 0
2468 0.59375 0.44140625 0
2469 0.58984375 0.4296875 0
2470 0.59375 0.43359375 0
2471 0.59765625 0.4453125 0
2472 0.59765625 0.4375 0
2473 0.58984375 0.421875 0
2474 0.59375 0.42578125 0
2475 0.58984375 0.4140625 0
2476 0.59375 0.41796875 0
2477 0.59765625 0.4296875 0
2478 0.59765625 0.421875 0
2479 0.59375 0.49609375 0
2480 0.58984375 0.5 0
2481 0.59765625 0.4921875 0
2482 0.59765625 0.5 0
2483 0.5859375 0.50390625 0
2484 0.58203125 0.5078125 0
2485 0.58984375 0.5078125 0
2486 0.59375 0.50390625 0
2487 0.578125 0.51171875 0
2488 0.57421875 0.515625 0
2489 0.58203125 0.515625 0
2490 0.5859375 0.51171875 0
2491 0.5703125 0.51953125 0
2492 0.56640625 0.5234375 0
2493 0.57421875 0.5234375 0
2494 0.578125 0.51953125 0
2495 0.58984375 0.515625 0
2496 0.59375 0.51171875 0
2497 0.5859375 0.51953125 0
2498 0.58203125 0.5234375 0
2499 0.58984375 0.5234375 0
2500 0.59375 0.51953125 0
2501 0.59765625 0.5078125 0
2502 0.59765625 0.515625 0
2503 0.53125 0.52734375 0
2504 0.52734375 0.53125 0
2505 0.53515625 0.53125 0
2506 0.5390625 0.52734375 0
2507 0.5234375 0.53515625 0
2508 0.51953125 0.5390625 0
2509 0.52734375 0.5390625 0
2510 0.53125 0.53515625 0
2511 0.54296875 0.53125 0
2512 0.546875 0.52734375 0
2513 0.5390625 0.53515625 0
2514 0.53515625 0.5390625 0
2515 0.54296875 0.5390625 0
2516 0.546875 0.53515625 0
2517 0.55078125 0.53125 0
2518 0.5546875 0.52734375 0
2519 0.515625 0.54296875 0
2520 0.51171875 0.546875 0
2521 0.51953125 0.546875 0
2522 0.5234375 0.54296875 0
2523 0.5078125 0.55078125 0
2524 0.50390625 0.5546875 0
2525 0.51171875 0.5546875 0
2526 0.515625 0.55078125 0
2527 0.52734375 0.546875 0
2528 0.53125 0.54296875 0
2529 0.5234375 0.55078125 0
2530 0.51953125 0.5546875 0
2531 0.52734375 0.5546875 0
2532 0.53125 0.55078125 0
2533 0.53515625 0.546875 0
2534 0.5390625 0.54296875 0
2535 0.55859375 0.53125 0
2536 0.5625 0.52734375 0
2537 0.5546875 0.53515625 0
2538 0.55078125 0.5390625 0
2539 0.55859375 0.5390625 0
2540 0.5625 0.53515625 0
2541 0.56640625 0.53125 0
2542 0.5703125 0.52734375 0
2543 0.546875 0.54296875 0
2544 0.54296875 0.546875 0
2545 0.55078125 0.546875 0
2546 0.5546875 0.54296875 0
2547 0.5390625 0.55078125 0
2548 0.53515625 0.5546875 0
2549 0.54296875 0.5546875 0
2550 0.546875 0.55078125 0
2551 0.55859375 0.546875 0
2552 0.5625 0.54296875 0
2553 0.5546875 0.55078125 0
2554 0.55078125 0.5546875 0
2555 0.55859375 0.5546875 0
2556 0.5625 0.55078125 0
2557 0.56640625 0.5390625 0
2558 0.56640625 0.546875 0
2559 0.5703125 0.54296875 0
2560 0.5703125 0.53515625 0
2561 0.57421875 0.53125 0
2562 0.578125 0.52734375 0
2563 0.57421875 0.5390625 0
2564 0.578125 0.53515625 0
2565 0.58203125 0.53125 0
2566 0.5859375 0.52734375 0
2567 0.58984375 0.40625 0
2568 0.59375 0.41015625 0
2569 0.59765625 0.40234375 0
2570 0.5859375 0.40234375 0
2571 0.59375 0.40234375 0
2572 0.59765625 0.4140625 0
2573 0.59765625 0.40625 0
2574 0.40625 0.52734375 0
2575 0.41015625 0.53125 0
2576 0.40234375 0.5234375 0
2577 0.40234375 0.53125 0
2578 0.4140625 0.53515625 0
2579 0.40625 0.53515625 0
2580 0.41015625 0.5390625 0
2581 0.41796875 0.5390625 0
2582 0.421875 0.54296875 0
2583 0.4140625 0.54296875 0
2584 0.41796875 0.546875 0
2585 0.42578125 0.546875 0
2586 0.40625 0.54296875 0
2587 0.41015625 0.546875 0
2588 0.40234375 0.5390625 0
2589 0.40234375 0.546875 0
2590 0.4140625 0.55078125 0
2591 0.40625 0.55078125 0
2592 0.41015625 0.5546875 0
2593 0.41796875 0.5546875 0
2594 0.421875 0.55078125 0
2595 0.4296875 0.55078125 0
2596 0.42578125 0.5546875 0
2597 0.43359375 0.5546875 0
2598 0.4375 0.55859375 0
2599 0.4296875 0.55859375 0
2600 0.43359375 0.5625 0
2601 0.4453125 0.55859375 0
2602 0.44140625 0.5625 0
2603 0.421875 0.55859375 0
2604 0.42578125 0.5625 0
2605 0.4140625 0.55859375 0
2606 0.41796875 0.5625 0
2607 0.4296875 0.56640625 0
2608 0.421875 0.56640625 0
2609 0.42578125 0.5703125 0
2610 0.4375 0.56640625 0
2611 0.43359375 0.5703125 0
2612 0.453125 0.55859375 0
2613 0.44921875 0.5625 0
2614 0.4609375 0.55859375 0
2615 0.45703125 0.5625 0
2616 0.4453125 0.56640625 0
2617 0.453125 0.56640625 0
2618 0.44921875 0.5703125 0
2619 0.44140625 0.5703125 0
2620 0.40625 0.55859375 0
2621 0.41015625 0.5625 0
2622 0.40234375 0.5546875 0
2623 0.40234375 0.5625 0
2624 0.4140625 0.56640625 0
2625 0.40625 0.56640625 0
2626 0.41015625 0.5703125 0
2627 0.41796875 0.5703125 0
2628 0.421875 0.57421875 0
2629 0.4140625 0.57421875 0
2630 0.41796875 0.578125 0
2631 0.4296875 0.57421875 0
2632 0.42578125 0.578125 0
2633 0.40625 0.57421875 0
2634 0.41015625 0.578125 0
2635 0.40234375 0.5703125 0
2636 0.40234375 0.578125 0
2637 0.4140625 0.58203125 0
2638 0.40625 0.58203125 0
2639 0.41015625 0.5859375 0
2640 0.421875 0.58203125 0
2641 0.41796875 0.5859375 0
2642 0.4375 0.57421875 0
2643 0.43359375 0.578125 0
2644 0.4453125 0.57421875 0
2645 0.44140625 0.578125 0
2646 0.4296875 0.58203125 0
2647 0.4375 0.58203125 0
2648 0.43359375 0.5859375 0
2649 0.42578125 0.5859375 0
2650 0.46875 0.55859375 0
2651 0.46484375 0.5625 0
2652 0.4765625 0.55859375 0
2653 0.47265625 0.5625 0
2654 0.4609375 0.56640625 0
2655 0.46875 0.56640625 0
2656 0.46484375 0.5703125 0
2657 0.45703125 0.5703125 0
2658 0.484375 0.55859375 0
2659 0.48046875 0.5625 0
2660 0.4921875 0.55859375 0
2661 0.48828125 0.5625 0
2662 0.4765625 0.56640625 0
2663 0.484375 0.56640625 0
2664 0.48046875 0.5703125 0
2665 0.47265625 0.5703125 0
2666 0.453125 0.57421875 0
2667 0.4609375 0.57421875 0
2668 0.45703125 0.578125 0
2669 0.44921875 0.578125 0
2670 0.46875 0.57421875 0
2671 0.46484375 0.578125 0
2672 0.4765625 0.57421875 0
2673 0.47265625 0.578125 0
2674 0.4609375 0.58203125 0
2675 0.46875 0.58203125 0
2676 0.46484375 0.5859375 0
2677 0.45703125 0.5859375 0
2678 0.453125 0.58203125 0
2679 0.4453125 0.58203125 0
2680 0.44921875 0.5859375 0
2681 0.44140625 0.5859375 0
2682 0.40625 0.58984375 0
2683 0.4140625 0.58984375 0
2684 0.41015625 0.59375 0
2685 0.40234375 0.5859375 0
2686 0.40234375 0.59765625 0
2687 0.40234375 0.59375 0
2688 0.421875 0.58984375 0
2689 0.41796875 0.59375 0
2690 0.4296875 0.58984375 0
2691 0.42578125 0.59375 0
2692 0.4140625 0.59765625 0
2693 0.421875 0.59765625 0
2694 0.40625 0.59765625 0
2695 0.4375 0.58984375 0
2696 0.43359375 0.59375 0
2697 0.4453125 0.58984375 0
2698 0.44140625 0.59375 0
2699 0.4296875 0.59765625 0
2700 0.4375 0.59765625 0
2701 0.453125 0.58984375 0
2702 0.44921875 0.59375 0
2703 0.4609375 0.58984375 0
2704 0.45703125 0.59375 0
2705 0.4453125 0.59765625 0
2706 0.453125 0.59765625 0
2707 0.5 0.55859375 0
2708 0.49609375 0.5625 0
2709 0.50390625 0.5625 0
2710 0.5078125 0.55859375 0
2711 0.4921875 0.56640625 0
2712 0.5 0.56640625 0
2713 0.49609375 0.5703125 0
2714 0.48828125 0.5703125 0
2715 0.51171875 0.5625 0
2716 0.515625 0.55859375 0
2717 0.5078125 0.56640625 0
2718 0.50390625 0.5703125 0
2719 0.51171875 0.5703125 0
2720 0.515625 0.56640625 0
2721 0.51953125 0.5625 0
2722 0.5234375 0.55859375 0
2723 0.484375 0.57421875 0
2724 0.4921875 0.57421875 0
2725 0.48828125 0.578125 0
2726 0.48046875 0.578125 0
2727 0.5 0.57421875 0
2728 0.49609375 0.578125 0
2729 0.50390625 0.578125 0
2730 0.5078125 0.57421875 0
2731 0.4921875 0.58203125 0
2732 0.5 0.58203125 0
2733 0.49609375 0.5859375 0
2734 0.48828125 0.5859375 0
2735 0.484375 0.58203125 0
2736 0.4765625 0.58203125 0
2737 0.48046875 0.5859375 0
2738 0.47265625 0.5859375 0
2739 0.52734375 0.5625 0
2740 0.53125 0.55859375 0
2741 0.5234375 0.56640625 0
2742 0.51953125 0.5703125 0
2743 0.52734375 0.5703125 0
2744 0.53125 0.56640625 0
2745 0.53515625 0.5625 0
2746 0.5390625 0.55859375 0
2747 0.515625 0.57421875 0
2748 0.51171875 0.578125 0
2749 0.51953125 0.578125 0
2750 0.5234375 0.57421875 0
2751 0.5078125 0.58203125 0
2752 0.50390625 0.5859375 0
2753 0.51171875 0.5859375 0
2754 0.515625 0.58203125 0
2755 0.52734375 0.578125 0
2756 0.53125 0.57421875 0
2757 0.5234375 0.58203125 0
2758 0.51953125 0.5859375 0
2759 0.52734375 0.5859375 0
2760 0.53125 0.58203125 0
2761 0.53515625 0.5703125 0
2762 0.53515625 0.578125 0
2763 0.5390625 0.57421875 0
2764 0.5390625 0.56640625 0
2765 0.54296875 0.5625 0
2766 0.546875 0.55859375 0
2767 0.54296875 0.5703125 0
2768 0.546875 0.56640625 0
2769 0.55078125 0.5625 0
2770 0.5546875 0.55859375 0
2771 0.46875 0.58984375 0
2772 0.4765625 0.58984375 0
2773 0.47265625 0.59375 0
2774 0.46484375 0.59375 0
2775 0.484375 0.58984375 0
2776 0.48046875 0.59375 0
2777 0.4921875 0.58984375 0
2778 0.48828125 0.59375 0
2779 0.4765625 0.59765625 0
2780 0.484375 0.59765625 0
2781 0.46875 0.59765625 0
2782 0.4609375 0.59765625 0
2783 0.5 0.58984375 0
2784 0.49609375 0.59375 0
2785 0.50390625 0.59375 0
2786 0.5078125 0.58984375 0
2787 0.4921875 0.59765625 0
2788 0.5 0.59765625 0
2789 0.51171875 0.59375 0
2790 0.515625 0.58984375 0
2791 0.5078125 0.59765625 0
2792 0.515625 0.59765625 0
2793 0.51953125 0.59375 0
2794 0.5234375 0.58984375 0
2795 0.59375 0.52734375 0
2796 0.58984375 0.53125 0
2797 0.59765625 0.5234375 0
2798 0.59765625 0.53125 0
2799 0.5859375 0.53515625 0
2800 0.58203125 0.5390625 0
2801 0.59375 0.53515625 0
2802 0.58984375 0.5390625 0
2803 0.578125 0.54296875 0
2804 0.57421875 0.546875 0
2805 0.5859375 0.54296875 0
2806 0.58203125 0.546875 0
2807 0.5703125 0.55078125 0
2808 0.56640625 0.5546875 0
2809 0.578125 0.55078125 0
2810 0.57421875 0.5546875 0
2811 0.59375 0.54296875 0
2812 0.58984375 0.546875 0
2813 0.59765625 0.5390625 0
2814 0.59765625 0.546875 0
2815 0.5859375 0.55078125 0
2816 0.59375 0.55078125 0
2817 0.58984375 0.5546875 0
2818 0.58203125 0.5546875 0
2819 0.5625 0.55859375 0
2820 0.55859375 0.5625 0
2821 0.5703125 0.55859375 0
2822 0.56640625 0.5625 0
2823 0.5546875 0.56640625 0
2824 0.55078125 0.5703125 0
2825 0.5625 0.56640625 0
2826 0.55859375 0.5703125 0
2827 0.578125 0.55859375 0
2828 0.57421875 0.5625 0
2829 0.5859375 0.55859375 0
2830 0.58203125 0.5625 0
2831 0.5703125 0.56640625 0
2832 0.578125 0.56640625 0
2833 0.57421875 0.5703125 0
2834 0.56640625 0.5703125 0
2835 0.546875 0.57421875 0
2836 0.54296875 0.578125 0
2837 0.5546875 0.57421875 0
2838 0.55078125 0.578125 0
2839 0.5390625 0.58203125 0
2840 0.53515625 0.5859375 0
2841 0.546875 0.58203125 0
2842 0.54296875 0.5859375 0
2843 0.5625 0.57421875 0
2844 0.55859375 0.578125 0
2845 0.5703125 0.57421875 0
2846 0.56640625 0.578125 0
2847 0.5546875 0.58203125 0
2848 0.5625 0.58203125 0
2849 0.55859375 0.5859375 0
2850 0.55078125 0.5859375 0
2851 0.59375 0.55859375 0
2852 0.58984375 0.5625 0
2853 0.59765625 0.5546875 0
2854 0.59765625 0.5625 0
2855 0.5859375 0.56640625 0
2856 0.59375 0.56640625 0
2857 0.58984375 0.5703125 0
2858 0.58203125 0.5703125 0
2859 0.578125 0.57421875 0
2860 0.5859375 0.57421875 0
2861 0.58203125 0.578125 0
2862 0.57421875 0.578125 0
2863 0.59375 0.57421875 0
2864 0.58984375 0.578125 0
2865 0.59765625 0.5703125 0
2866 0.59765625 0.578125 0
2867 0.5859375 0.58203125 0
2868 0.59375 0.58203125 0
2869 0.58984375 0.5859375 0
2870 0.58203125 0.5859375 0
2871 0.578125 0.58203125 0
2872 0.5703125 0.58203125 0
2873 0.57421875 0.5859375 0
2874 0.56640625 0.5859375 0
2875 0.53125 0.58984375 0
2876 0.52734375 0.59375 0
2877 0.5390625 0.58984375 0
2878 0.53515625 0.59375 0
2879 0.5234375 0.59765625 0
2880 0.53125 0.59765625 0
2881 0.546875 0.58984375 0
2882 0.54296875 0.59375 0
2883 0.5546875 0.58984375 0
2884 0.55078125 0.59375 0
2885 0.5390625 0.59765625 0
2886 0.546875 0.59765625 0
2887 0.5625 0.58984375 0
2888 0.55859375 0.59375 0
2889 0.5703125 0.58984375 0
2890 0.56640625 0.59375 0
2891 0.5546875 0.59765625 0
2892 0.5625 0.59765625 0
2893 0.578125 0.58984375 0
2894 0.57421875 0.59375 0
2895 0.5859375 0.58984375 0
2896 0.58203125 0.59375 0
2897 0.5703125 0.59765625 0
2898 0.578125 0.59765625 0
2899 0.59375 0.58984375 0
2900 0.58984375 0.59375 0
2901 0.59765625 0.5859375 0
2902 0.59765625 0.59765625 0
2903 0.59765625 0.59375 0
2904 0.5859375 0.59765625 0
2905 0.59375 0.59765625 0
2906 0.474609375 0.451171875 0
2907 0.474609375 0.447265625 0
2908 0.478515625 0.447265625 0
2909 0.478515625 0.451171875 0
2910 0.470703125 0.451171875 0
2911 0.474609375 0.455078125 0
2912 0.470703125 0.455078125 0
2913 0.470703125 0.447265625 0
2914 0.466796875 0.451171875 0
2915 0.466796875 0.447265625 0
2916 0.470703125 0.443359375 0
2917 0.474609375 0.443359375 0
2918 0.482421875 0.451171875 0
2919 0.482421875 0.455078125 0
2920 0.478515625 0.455078125 0
2921 0.482421875 0.447265625 0
2922 0.478515625 0.443359375 0
2923 0.482421875 0.443359375 0
2924 0.486328125 0.447265625 0
2925 0.486328125 0.451171875 0
2926 0.478515625 0.458984375 0
2927 0.474609375 0.458984375 0
2928 0.482421875 0.458984375 0
2929 0.486328125 0.455078125 0
2930 0.486328125 0.458984375 0
2931 0.482421875 0.462890625 0
2932 0.478515625 0.462890625 0
2933 0.470703125 0.458984375 0
2934 0.474609375 0.462890625 0
2935 0.470703125 0.462890625 0
2936 0.466796875 0.458984375 0
2937 0.466796875 0.455078125 0
2938 0.470703125 0.439453125 0
2939 0.466796875 0.443359375 0
2940 0.466796875 0.439453125 0
2941 0.474609375 0.439453125 0
2942 0.470703125 0.435546875 0
2943 0.474609375 0.435546875 0
2944 0.478515625 0.439453125 0
2945 0.462890625 0.447265625 0
2946 0.462890625 0.443359375 0
2947 0.462890625 0.451171875 0
2948 0.462890625 0.455078125 0
2949 0.458984375 0.451171875 0
2950 0.458984375 0.447265625 0
2951 0.462890625 0.439453125 0
2952 0.458984375 0.443359375 0
2953 0.458984375 0.439453125 0
2954 0.462890625 0.435546875 0
2955 0.466796875 0.435546875 0
2956 0.482421875 0.439453125 0
2957 0.478515625 0.435546875 0
2958 0.482421875 0.435546875 0
2959 0.486328125 0.439453125 0
2960 0.486328125 0.443359375 0
2961 0.474609375 0.431640625 0
2962 0.478515625 0.431640625 0
2963 0.470703125 0.431640625 0
2964 0.466796875 0.431640625 0
2965 0.470703125 0.427734375 0
2966 0.474609375 0.427734375 0
2967 0.482421875 0.431640625 0
2968 0.478515625 0.427734375 0
2969 0.482421875 0.427734375 0
2970 0.486328125 0.431640625 0
2971 0.486328125 0.435546875 0
2972 0.490234375 0.443359375 0
2973 0.490234375 0.447265625 0
2974 0.490234375 0.439453125 0
2975 0.490234375 0.435546875 0
2976 0.494140625 0.439453125 0
2977 0.494140625 0.443359375 0
2978 0.490234375 0.451171875 0
2979 0.494140625 0.447265625 0
2980 0.494140625 0.451171875 0
2981 0.490234375 0.455078125 0
2982 0.470703125 0.466796875 0
2983 0.466796875 0.466796875 0
2984 0.466796875 0.462890625 0
2985 0.474609375 0.466796875 0
2986 0.478515625 0.466796875 0
2987 0.474609375 0.470703125 0
2988 0.470703125 0.470703125 0
2989 0.462890625 0.462890625 0
2990 0.462890625 0.458984375 0
2991 0.462890625 0.466796875 0
2992 0.466796875 0.470703125 0
2993 0.462890625 0.470703125 0
2994 0.458984375 0.466796875 0
2995 0.458984375 0.462890625 0
2996 0.458984375 0.458984375 0
2997 0.458984375 0.455078125 0
2998 0.482421875 0.466796875 0
2999 0.486328125 0.462890625 0
3000 0.486328125 0.466796875 0
3001 0.482421875 0.470703125 0
3002 0.478515625 0.470703125 0
3003 0.490234375 0.458984375 0
3004 0.490234375 0.462890625 0
3005 0.494140625 0.455078125 0
3006 0.494140625 0.458984375 0
3007 0.490234375 0.466796875 0
3008 0.494140625 0.462890625 0
3009 0.494140625 0.466796875 0
3010 0.490234375 0.470703125 0
3011 0.486328125 0.470703125 0
3012 0.478515625 0.474609375 0
3013 0.474609375 0.474609375 0
3014 0.482421875 0.474609375 0
3015 0.486328125 0.474609375 0
3016 0.482421875 0.478515625 0
3017 0.478515625 0.478515625 0
3018 0.470703125 0.474609375 0
3019 0.474609375 0.478515625 0
3020 0.470703125 0.478515625 0
3021 0.466796875 0.474609375 0
3022 0.455078125 0.455078125 0
3023 0.455078125 0.451171875 0
3024 0.455078125 0.458984375 0
3025 0.455078125 0.462890625 0
3026 0.451171875 0.458984375 0
3027 0.451171875 0.455078125 0
3028 0.455078125 0.447265625 0
3029 0.451171875 0.451171875 0
3030 0.451171875 0.447265625 0
3031 0.455078125 0.443359375 0
3032 0.455078125 0.466796875 0
3033 0.458984375 0.470703125 0
3034 0.455078125 0.470703125 0
3035 0.451171875 0.466796875 0
3036 0.451171875 0.462890625 0
3037 0.462890625 0.474609375 0
3038 0.458984375 0.474609375 0
3039 0.466796875 0.478515625 0
3040 0.462890625 0.478515625 0
3041 0.455078125 0.474609375 0
3042 0.458984375 0.478515625 0
3043 0.455078125 0.478515625 0
3044 0.451171875 0.474609375 0
3045 0.451171875 0.470703125 0
3046 0.447265625 0.462890625 0
3047 0.447265625 0.458984375 0
3048 0.447265625 0.466796875 0
3049 0.447265625 0.470703125 0
3050 0.443359375 0.466796875 0
3051 0.443359375 0.462890625 0
3052 0.447265625 0.455078125 0
3053 0.443359375 0.458984375 0
3054 0.443359375 0.455078125 0
3055 0.447265625 0.451171875 0
3056 0.455078125 0.439453125 0
3057 0.451171875 0.443359375 0
3058 0.451171875 0.439453125 0
3059 0.455078125 0.435546875 0
3060 0.458984375 0.435546875 0
3061 0.447265625 0.447265625 0
3062 0.447265625 0.443359375 0
3063 0.443359375 0.451171875 0
3064 0.443359375 0.447265625 0
3065 0.447265625 0.439453125 0
3066 0.443359375 0.443359375 0
3067 0.443359375 0.439453125 0
3068 0.447265625 0.435546875 0
3069 0.451171875 0.435546875 0
3070 0.458984375 0.431640625 0
3071 0.462890625 0.431640625 0
3072 0.455078125 0.431640625 0
3073 0.451171875 0.431640625 0
3074 0.455078125 0.427734375 0
3075 0.458984375 0.427734375 0
3076 0.462890625 0.427734375 0
3077 0.466796875 0.427734375 0
3078 0.498046875 0.439453125 0
3079 0.494140625 0.435546875 0
3080 0.498046875 0.435546875 0
3081 0.498046875 0.443359375 0
3082 0.501953125 0.443359375 0
3083 0.501953125 0.439453125 0
3084 0.498046875 0.447265625 0
3085 0.490234375 0.431640625 0
3086 0.494140625 0.431640625 0
3087 0.486328125 0.427734375 0
3088 0.490234375 0.427734375 0
3089 0.498046875 0.431640625 0
3090 0.494140625 0.427734375 0
3091 0.498046875 0.427734375 0
3092 0.501953125 0.435546875 0
3093 0.501953125 0.431640625 0
3094 0.498046875 0.451171875 0
3095 0.501953125 0.451171875 0
3096 0.501953125 0.447265625 0
3097 0.498046875 0.455078125 0
3098 0.505859375 0.447265625 0
3099 0.505859375 0.443359375 0
3100 0.505859375 0.451171875 0
3101 0.501953125 0.455078125 0
3102 0.505859375 0.455078125 0
3103 0.509765625 0.451171875 0
3104 0.509765625 0.447265625 0
3105 0.505859375 0.439453125 0
3106 0.509765625 0.443359375 0
3107 0.509765625 0.439453125 0
3108 0.505859375 0.435546875 0
3109 0.498046875 0.458984375 0
3110 0.501953125 0.458984375 0
3111 0.498046875 0.462890625 0
3112 0.482421875 0.423828125 0
3113 0.486328125 0.423828125 0
3114 0.478515625 0.423828125 0
3115 0.474609375 0.423828125 0
3116 0.478515625 0.419921875 0
3117 0.482421875 0.419921875 0
3118 0.490234375 0.423828125 0
3119 0.486328125 0.419921875 0
3120 0.490234375 0.419921875 0
3121 0.494140625 0.423828125 0
3122 0.470703125 0.423828125 0
3123 0.466796875 0.423828125 0
3124 0.470703125 0.419921875 0
3125 0.474609375 0.419921875 0
3126 0.462890625 0.423828125 0
3127 0.458984375 0.423828125 0
3128 0.462890625 0.419921875 0
3129 0.466796875 0.419921875 0
3130 0.474609375 0.416015625 0
3131 0.478515625 0.416015625 0
3132 0.470703125 0.416015625 0
3133 0.466796875 0.416015625 0
3134 0.470703125 0.412109375 0
3135 0.474609375 0.412109375 0
3136 0.482421875 0.416015625 0
3137 0.478515625 0.412109375 0
3138 0.482421875 0.412109375 0
3139 0.486328125 0.416015625 0
3140 0.498046875 0.423828125 0
3141 0.494140625 0.419921875 0
3142 0.498046875 0.419921875 0
3143 0.501953125 0.427734375 0
3144 0.501953125 0.423828125 0
3145 0.490234375 0.416015625 0
3146 0.494140625 0.416015625 0
3147 0.486328125 0.412109375 0
3148 0.490234375 0.412109375 0
3149 0.498046875 0.416015625 0
3150 0.494140625 0.412109375 0
3151 0.498046875 0.412109375 0
3152 0.501953125 0.419921875 0
3153 0.501953125 0.416015625 0
3154 0.505859375 0.431640625 0
3155 0.505859375 0.427734375 0
3156 0.509765625 0.435546875 0
3157 0.509765625 0.431640625 0
3158 0.505859375 0.423828125 0
3159 0.509765625 0.427734375 0
3160 0.509765625 0.423828125 0
3161 0.505859375 0.419921875 0
3162 0.498046875 0.466796875 0
3163 0.501953125 0.466796875 0
3164 0.501953125 0.462890625 0
3165 0.498046875 0.470703125 0
3166 0.494140625 0.470703125 0
3167 0.505859375 0.462890625 0
3168 0.505859375 0.458984375 0
3169 0.505859375 0.466796875 0
3170 0.501953125 0.470703125 0
3171 0.505859375 0.470703125 0
3172 0.509765625 0.466796875 0
3173 0.509765625 0.462890625 0
3174 0.509765625 0.458984375 0
3175 0.509765625 0.455078125 0
3176 0.494140625 0.474609375 0
3177 0.490234375 0.474609375 0
3178 0.498046875 0.474609375 0
3179 0.501953125 0.474609375 0
3180 0.498046875 0.478515625 0
3181 0.494140625 0.478515625 0
3182 0.490234375 0.478515625 0
3183 0.486328125 0.478515625 0
3184 0.513671875 0.455078125 0
3185 0.513671875 0.451171875 0
3186 0.513671875 0.458984375 0
3187 0.513671875 0.462890625 0
3188 0.517578125 0.458984375 0
3189 0.517578125 0.455078125 0
3190 0.513671875 0.447265625 0
3191 0.517578125 0.451171875 0
3192 0.517578125 0.447265625 0
3193 0.513671875 0.443359375 0
3194 0.513671875 0.466796875 0
3195 0.509765625 0.470703125 0
3196 0.513671875 0.470703125 0
3197 0.517578125 0.466796875 0
3198 0.517578125 0.462890625 0
3199 0.505859375 0.474609375 0
3200 0.509765625 0.474609375 0
3201 0.501953125 0.478515625 0
3202 0.505859375 0.478515625 0
3203 0.513671875 0.474609375 0
3204 0.509765625 0.478515625 0
3205 0.513671875 0.478515625 0
3206 0.517578125 0.474609375 0
3207 0.517578125 0.470703125 0
3208 0.521484375 0.462890625 0
3209 0.521484375 0.458984375 0
3210 0.521484375 0.466796875 0
3211 0.521484375 0.470703125 0
3212 0.525390625 0.466796875 0
3213 0.525390625 0.462890625 0
3214 0.521484375 0.455078125 0
3215 0.525390625 0.458984375 0
3216 0.525390625 0.455078125 0
3217 0.521484375 0.451171875 0
3218 0.513671875 0.439453125 0
3219 0.517578125 0.443359375 0
3220 0.517578125 0.439453125 0
3221 0.513671875 0.435546875 0
3222 0.521484375 0.447265625 0
3223 0.521484375 0.443359375 0
3224 0.525390625 0.451171875 0
3225 0.525390625 0.447265625 0
3226 0.521484375 0.439453125 0
3227 0.525390625 0.443359375 0
3228 0.525390625 0.439453125 0
3229 0.521484375 0.435546875 0
3230 0.517578125 0.435546875 0
3231 0.513671875 0.431640625 0
3232 0.517578125 0.431640625 0
3233 0.513671875 0.427734375 0
3234 0.486328125 0.482421875 0
3235 0.482421875 0.482421875 0
3236 0.490234375 0.482421875 0
3237 0.494140625 0.482421875 0
3238 0.490234375 0.486328125 0
3239 0.486328125 0.486328125 0
3240 0.478515625 0.482421875 0
3241 0.482421875 0.486328125 0
3242 0.478515625 0.486328125 0
3243 0.474609375 0.482421875 0
3244 0.498046875 0.482421875 0
3245 0.501953125 0.482421875 0
3246 0.498046875 0.486328125 0
3247 0.494140625 0.486328125 0
3248 0.505859375 0.482421875 0
3249 0.501953125 0.486328125 0
3250 0.505859375 0.486328125 0
3251 0.509765625 0.482421875 0
3252 0.494140625 0.490234375 0
3253 0.490234375 0.490234375 0
3254 0.498046875 0.490234375 0
3255 0.501953125 0.490234375 0
3256 0.498046875 0.494140625 0
3257 0.494140625 0.494140625 0
3258 0.486328125 0.490234375 0
3259 0.490234375 0.494140625 0
3260 0.486328125 0.494140625 0
3261 0.482421875 0.490234375 0
3262 0.470703125 0.482421875 0
3263 0.474609375 0.486328125 0
3264 0.470703125 0.486328125 0
3265 0.466796875 0.482421875 0
3266 0.478515625 0.490234375 0
3267 0.474609375 0.490234375 0
3268 0.482421875 0.494140625 0
3269 0.478515625 0.494140625 0
3270 0.470703125 0.490234375 0
3271 0.474609375 0.494140625 0
3272 0.470703125 0.494140625 0
3273 0.466796875 0.490234375 0
3274 0.466796875 0.486328125 0
3275 0.462890625 0.482421875 0
3276 0.462890625 0.486328125 0
3277 0.458984375 0.482421875 0
3278 0.439453125 0.439453125 0
3279 0.439453125 0.435546875 0
3280 0.443359375 0.435546875 0
3281 0.439453125 0.443359375 0
3282 0.439453125 0.447265625 0
3283 0.435546875 0.443359375 0
3284 0.435546875 0.439453125 0
3285 0.443359375 0.431640625 0
3286 0.447265625 0.431640625 0
3287 0.439453125 0.431640625 0
3288 0.443359375 0.427734375 0
3289 0.439453125 0.427734375 0
3290 0.435546875 0.431640625 0
3291 0.435546875 0.435546875 0
3292 0.447265625 0.427734375 0
3293 0.451171875 0.427734375 0
3294 0.439453125 0.451171875 0
3295 0.439453125 0.455078125 0
3296 0.435546875 0.451171875 0
3297 0.435546875 0.447265625 0
3298 0.439453125 0.458984375 0
3299 0.439453125 0.462890625 0
3300 0.435546875 0.458984375 0
3301 0.435546875 0.455078125 0
3302 0.431640625 0.447265625 0
3303 0.431640625 0.443359375 0
3304 0.431640625 0.451171875 0
3305 0.431640625 0.455078125 0
3306 0.427734375 0.451171875 0
3307 0.427734375 0.447265625 0
3308 0.431640625 0.439453125 0
3309 0.431640625 0.435546875 0
3310 0.427734375 0.439453125 0
3311 0.427734375 0.443359375 0
3312 0.451171875 0.423828125 0
3313 0.455078125 0.423828125 0
3314 0.447265625 0.423828125 0
3315 0.451171875 0.419921875 0
3316 0.447265625 0.419921875 0
3317 0.443359375 0.423828125 0
3318 0.455078125 0.419921875 0
3319 0.458984375 0.419921875 0
3320 0.439453125 0.423828125 0
3321 0.443359375 0.419921875 0
3322 0.439453125 0.419921875 0
3323 0.435546875 0.423828125 0
3324 0.435546875 0.427734375 0
3325 0.447265625 0.416015625 0
3326 0.443359375 0.416015625 0
3327 0.451171875 0.416015625 0
3328 0.455078125 0.416015625 0
3329 0.451171875 0.412109375 0
3330 0.447265625 0.412109375 0
3331 0.439453125 0.416015625 0
3332 0.443359375 0.412109375 0
3333 0.439453125 0.412109375 0
3334 0.435546875 0.416015625 0
3335 0.435546875 0.419921875 0
3336 0.431640625 0.427734375 0
3337 0.431640625 0.431640625 0
3338 0.431640625 0.423828125 0
3339 0.431640625 0.419921875 0
3340 0.427734375 0.423828125 0
3341 0.427734375 0.427734375 0
3342 0.427734375 0.431640625 0
3343 0.427734375 0.435546875 0
3344 0.458984375 0.416015625 0
3345 0.462890625 0.416015625 0
3346 0.458984375 0.412109375 0
3347 0.455078125 0.412109375 0
3348 0.462890625 0.412109375 0
3349 0.466796875 0.412109375 0
3350 0.439453125 0.466796875 0
3351 0.443359375 0.470703125 0
3352 0.439453125 0.470703125 0
3353 0.435546875 0.466796875 0
3354 0.435546875 0.462890625 0
3355 0.447265625 0.474609375 0
3356 0.443359375 0.474609375 0
3357 0.451171875 0.478515625 0
3358 0.447265625 0.478515625 0
3359 0.439453125 0.474609375 0
3360 0.443359375 0.478515625 0
3361 0.439453125 0.478515625 0
3362 0.435546875 0.474609375 0
3363 0.435546875 0.470703125 0
3364 0.431640625 0.462890625 0
3365 0.431640625 0.458984375 0
3366 0.431640625 0.466796875 0
3367 0.431640625 0.470703125 0
3368 0.427734375 0.466796875 0
3369 0.427734375 0.462890625 0
3370 0.427734375 0.458984375 0
3371 0.427734375 0.455078125 0
3372 0.455078125 0.482421875 0
3373 0.451171875 0.482421875 0
3374 0.458984375 0.486328125 0
3375 0.455078125 0.486328125 0
3376 0.447265625 0.482421875 0
3377 0.451171875 0.486328125 0
3378 0.447265625 0.486328125 0
3379 0.443359375 0.482421875 0
3380 0.462890625 0.490234375 0
3381 0.458984375 0.490234375 0
3382 0.466796875 0.494140625 0
3383 0.462890625 0.494140625 0
3384 0.455078125 0.490234375 0
3385 0.458984375 0.494140625 0
3386 0.455078125 0.494140625 0
3387 0.451171875 0.490234375 0
3388 0.439453125 0.482421875 0
3389 0.443359375 0.486328125 0
3390 0.439453125 0.486328125 0
3391 0.435546875 0.482421875 0
3392 0.435546875 0.478515625 0
3393 0.447265625 0.490234375 0
3394 0.443359375 0.490234375 0
3395 0.451171875 0.494140625 0
3396 0.447265625 0.494140625 0
3397 0.439453125 0.490234375 0
3398 0.443359375 0.494140625 0
3399 0.439453125 0.494140625 0
3400 0.435546875 0.490234375 0
3401 0.435546875 0.486328125 0
3402 0.431640625 0.478515625 0
3403 0.431640625 0.474609375 0
3404 0.431640625 0.482421875 0
3405 0.431640625 0.486328125 0
3406 0.427734375 0.482421875 0
3407 0.427734375 0.478515625 0
3408 0.427734375 0.474609375 0
3409 0.427734375 0.470703125 0
3410 0.423828125 0.455078125 0
3411 0.423828125 0.451171875 0
3412 0.423828125 0.458984375 0
3413 0.423828125 0.462890625 0
3414 0.419921875 0.458984375 0
3415 0.419921875 0.455078125 0
3416 0.423828125 0.447265625 0
3417 0.423828125 0.443359375 0
3418 0.419921875 0.447265625 0
3419 0.419921875 0.451171875 0
3420 0.423828125 0.466796875 0
3421 0.423828125 0.470703125 0
3422 0.419921875 0.466796875 0
3423 0.419921875 0.462890625 0
3424 0.423828125 0.474609375 0
3425 0.423828125 0.478515625 0
3426 0.419921875 0.474609375 0
3427 0.419921875 0.470703125 0
3428 0.416015625 0.462890625 0
3429 0.416015625 0.458984375 0
3430 0.416015625 0.466796875 0
3431 0.416015625 0.470703125 0
3432 0.412109375 0.466796875 0
3433 0.412109375 0.462890625 0
3434 0.416015625 0.455078125 0
3435 0.416015625 0.451171875 0
3436 0.412109375 0.455078125 0
3437 0.412109375 0.458984375 0
3438 0.423828125 0.439453125 0
3439 0.423828125 0.435546875 0
3440 0.419921875 0.439453125 0
3441 0.419921875 0.443359375 0
3442 0.423828125 0.431640625 0
3443 0.423828125 0.427734375 0
3444 0.419921875 0.431640625 0
3445 0.419921875 0.435546875 0
3446 0.416015625 0.443359375 0
3447 0.416015625 0.447265625 0
3448 0.416015625 0.439453125 0
3449 0.416015625 0.435546875 0
3450 0.412109375 0.439453125 0
3451 0.412109375 0.443359375 0
3452 0.412109375 0.447265625 0
3453 0.412109375 0.451171875 0
3454 0.466796875 0.408203125 0
3455 0.470703125 0.408203125 0
3456 0.462890625 0.408203125 0
3457 0.466796875 0.404296875 0
3458 0.462890625 0.404296875 0
3459 0.458984375 0.408203125 0
3460 0.474609375 0.408203125 0
3461 0.470703125 0.404296875 0
3462 0.474609375 0.404296875 0
3463 0.478515625 0.408203125 0
3464 0.455078125 0.408203125 0
3465 0.458984375 0.404296875 0
3466 0.455078125 0.404296875 0
3467 0.451171875 0.408203125 0
3468 0.4375 0.34375 0
3469 0.453125 0.359375 0
3470 0.453125 0.375 0
3471 0.4609375 0.3828125 0
3472 0.4609375 0.390625 0
3473 0.46484375 0.39453125 0
3474 0.46484375 0.3984375 0
3475 0.462890625 0.400390625 0
3476 0.45703125 0.39453125 0
3477 0.45703125 0.3984375 0
3478 0.458984375 0.400390625 0
3479 0.466796875 0.400390625 0
3480 0.5 0.34375 0
3481 0.484375 0.359375 0
3482 0.484375 0.375 0
3483 0.4765625 0.3828125 0
3484 0.4765625 0.390625 0
3485 0.47265625 0.39453125 0
3486 0.47265625 0.3984375 0
3487 0.470703125 0.400390625 0
3488 0.455078125 0.400390625 0
3489 0.4453125 0.3828125 0
3490 0.4453125 0.390625 0
3491 0.44921875 0.39453125 0
3492 0.44921875 0.3984375 0
3493 0.451171875 0.400390625 0
3494 0.451171875 0.404296875 0
3495 0.447265625 0.408203125 0
3496 0.447265625 0.404296875 0
3497 0.443359375 0.408203125 0
3498 0.482421875 0.408203125 0
3499 0.478515625 0.404296875 0
3500 0.482421875 0.404296875 0
3501 0.486328125 0.408203125 0
3502 0.474609375 0.400390625 0
3503 0.48046875 0.39453125 0
3504 0.48046875 0.3984375 0
3505 0.478515625 0.400390625 0
3506 0.482421875 0.400390625 0
3507 0.4921875 0.3828125 0
3508 0.4921875 0.390625 0
3509 0.48828125 0.39453125 0
3510 0.48828125 0.3984375 0
3511 0.486328125 0.400390625 0
3512 0.486328125 0.404296875 0
3513 0.490234375 0.408203125 0
3514 0.490234375 0.404296875 0
3515 0.494140625 0.408203125 0
3516 0.439453125 0.408203125 0
3517 0.443359375 0.404296875 0
3518 0.439453125 0.404296875 0
3519 0.435546875 0.408203125 0
3520 0.435546875 0.412109375 0
3521 0.447265625 0.400390625 0
3522 0.44140625 0.39453125 0
3523 0.44140625 0.3984375 0
3524 0.443359375 0.400390625 0
3525 0.439453125 0.400390625 0
3526 0.421875 0.359375 0
3527 0.421875 0.375 0
3528 0.4296875 0.3828125 0
3529 0.4296875 0.390625 0
3530 0.43359375 0.39453125 0
3531 0.43359375 0.3984375 0
3532 0.435546875 0.400390625 0
3533 0.435546875 0.404296875 0
3534 0.431640625 0.412109375 0
3535 0.431640625 0.416015625 0
3536 0.431640625 0.408203125 0
3537 0.431640625 0.404296875 0
3538 0.427734375 0.408203125 0
3539 0.427734375 0.412109375 0
3540 0.427734375 0.416015625 0
3541 0.427734375 0.419921875 0
3542 0.423828125 0.419921875 0
3543 0.423828125 0.423828125 0
3544 0.423828125 0.416015625 0
3545 0.423828125 0.412109375 0
3546 0.419921875 0.416015625 0
3547 0.419921875 0.419921875 0
3548 0.419921875 0.423828125 0
3549 0.419921875 0.427734375 0
3550 0.423828125 0.408203125 0
3551 0.427734375 0.404296875 0
3552 0.423828125 0.404296875 0
3553 0.419921875 0.408203125 0
3554 0.419921875 0.412109375 0
3555 0.431640625 0.400390625 0
3556 0.42578125 0.39453125 0
3557 0.42578125 0.3984375 0
3558 0.427734375 0.400390625 0
3559 0.423828125 0.400390625 0
3560 0.4140625 0.3828125 0
3561 0.4140625 0.390625 0
3562 0.41796875 0.39453125 0
3563 0.41796875 0.3984375 0
3564 0.419921875 0.400390625 0
3565 0.419921875 0.404296875 0
3566 0.416015625 0.412109375 0
3567 0.416015625 0.416015625 0
3568 0.416015625 0.408203125 0
3569 0.416015625 0.404296875 0
3570 0.412109375 0.408203125 0
3571 0.412109375 0.412109375 0
3572 0.416015625 0.419921875 0
3573 0.412109375 0.416015625 0
3574 0.412109375 0.419921875 0
3575 0.416015625 0.423828125 0
3576 0.416015625 0.427734375 0
3577 0.416015625 0.431640625 0
3578 0.412109375 0.423828125 0
3579 0.412109375 0.427734375 0
3580 0.412109375 0.431640625 0
3581 0.412109375 0.435546875 0
3582 0.498046875 0.408203125 0
3583 0.494140625 0.404296875 0
3584 0.498046875 0.404296875 0
3585 0.501953125 0.412109375 0
3586 0.501953125 0.408203125 0
3587 0.490234375 0.400390625 0
3588 0.49609375 0.39453125 0
3589 0.49609375 0.3984375 0
3590 0.494140625 0.400390625 0
3591 0.498046875 0.400390625 0
3592 0.501953125 0.404296875 0
3593 0.515625 0.359375 0
3594 0.515625 0.375 0
3595 0.5078125 0.3828125 0
3596 0.5078125 0.390625 0
3597 0.50390625 0.39453125 0
3598 0.50390625 0.3984375 0
3599 0.501953125 0.400390625 0
3600 0.505859375 0.416015625 0
3601 0.505859375 0.412109375 0
3602 0.509765625 0.419921875 0
3603 0.509765625 0.416015625 0
3604 0.505859375 0.408203125 0
3605 0.509765625 0.412109375 0
3606 0.509765625 0.408203125 0
3607 0.505859375 0.404296875 0
3608 0.513671875 0.423828125 0
3609 0.513671875 0.419921875 0
3610 0.517578125 0.427734375 0
3611 0.517578125 0.423828125 0
3612 0.513671875 0.416015625 0
3613 0.517578125 0.419921875 0
3614 0.517578125 0.416015625 0
3615 0.513671875 0.412109375 0
3616 0.521484375 0.431640625 0
3617 0.521484375 0.427734375 0
3618 0.525390625 0.435546875 0
3619 0.525390625 0.431640625 0
3620 0.521484375 0.423828125 0
3621 0.525390625 0.427734375 0
3622 0.525390625 0.423828125 0
3623 0.521484375 0.419921875 0
3624 0.513671875 0.408203125 0
3625 0.517578125 0.412109375 0
3626 0.517578125 0.408203125 0
3627 0.513671875 0.404296875 0
3628 0.509765625 0.404296875 0
3629 0.521484375 0.416015625 0
3630 0.521484375 0.412109375 0
3631 0.525390625 0.419921875 0
3632 0.525390625 0.416015625 0
3633 0.521484375 0.408203125 0
3634 0.525390625 0.412109375 0
3635 0.525390625 0.408203125 0
3636 0.521484375 0.404296875 0
3637 0.517578125 0.404296875 0
3638 0.51171875 0.39453125 0
3639 0.51171875 0.3984375 0
3640 0.509765625 0.400390625 0
3641 0.505859375 0.400390625 0
3642 0.513671875 0.400390625 0
3643 0.5234375 0.3828125 0
3644 0.5234375 0.390625 0
3645 0.51953125 0.39453125 0
3646 0.51953125 0.3984375 0
3647 0.517578125 0.400390625 0
3648 0.498046875 0.498046875 0
3649 0.501953125 0.498046875 0
3650 0.501953125 0.494140625 0
3651 0.494140625 0.498046875 0
3652 0.494140625 0.501953125 0
3653 0.498046875 0.501953125 0
3654 0.490234375 0.498046875 0
3655 0.505859375 0.494140625 0
3656 0.505859375 0.490234375 0
3657 0.505859375 0.498046875 0
3658 0.509765625 0.494140625 0
3659 0.509765625 0.498046875 0
3660 0.501953125 0.501953125 0
3661 0.505859375 0.501953125 0
3662 0.509765625 0.490234375 0
3663 0.509765625 0.486328125 0
3664 0.486328125 0.498046875 0
3665 0.486328125 0.501953125 0
3666 0.490234375 0.501953125 0
3667 0.482421875 0.498046875 0
3668 0.490234375 0.505859375 0
3669 0.494140625 0.505859375 0
3670 0.486328125 0.505859375 0
3671 0.482421875 0.501953125 0
3672 0.482421875 0.505859375 0
3673 0.486328125 0.509765625 0
3674 0.490234375 0.509765625 0
3675 0.498046875 0.505859375 0
3676 0.501953125 0.505859375 0
3677 0.498046875 0.509765625 0
3678 0.494140625 0.509765625 0
3679 0.478515625 0.498046875 0
3680 0.478515625 0.501953125 0
3681 0.474609375 0.498046875 0
3682 0.513671875 0.486328125 0
3683 0.513671875 0.482421875 0
3684 0.513671875 0.490234375 0
3685 0.517578125 0.486328125 0
3686 0.517578125 0.490234375 0
3687 0.513671875 0.494140625 0
3688 0.517578125 0.482421875 0
3689 0.517578125 0.478515625 0
3690 0.513671875 0.498046875 0
3691 0.517578125 0.494140625 0
3692 0.517578125 0.498046875 0
3693 0.509765625 0.501953125 0
3694 0.513671875 0.501953125 0
3695 0.521484375 0.490234375 0
3696 0.521484375 0.494140625 0
3697 0.521484375 0.486328125 0
3698 0.521484375 0.482421875 0
3699 0.525390625 0.486328125 0
3700 0.525390625 0.490234375 0
3701 0.521484375 0.498046875 0
3702 0.525390625 0.494140625 0
3703 0.525390625 0.498046875 0
3704 0.517578125 0.501953125 0
3705 0.521484375 0.501953125 0
3706 0.505859375 0.505859375 0
3707 0.509765625 0.505859375 0
3708 0.501953125 0.509765625 0
3709 0.505859375 0.509765625 0
3710 0.513671875 0.505859375 0
3711 0.509765625 0.509765625 0
3712 0.513671875 0.509765625 0
3713 0.517578125 0.505859375 0
3714 0.521484375 0.478515625 0
3715 0.521484375 0.474609375 0
3716 0.525390625 0.478515625 0
3717 0.525390625 0.482421875 0
3718 0.525390625 0.474609375 0
3719 0.525390625 0.470703125 0
3720 0.470703125 0.498046875 0
3721 0.470703125 0.501953125 0
3722 0.474609375 0.501953125 0
3723 0.466796875 0.498046875 0
3724 0.474609375 0.505859375 0
3725 0.478515625 0.505859375 0
3726 0.470703125 0.505859375 0
3727 0.466796875 0.501953125 0
3728 0.466796875 0.505859375 0
3729 0.470703125 0.509765625 0
3730 0.474609375 0.509765625 0
3731 0.478515625 0.509765625 0
3732 0.482421875 0.509765625 0
3733 0.462890625 0.498046875 0
3734 0.462890625 0.501953125 0
3735 0.458984375 0.498046875 0
3736 0.482421875 0.513671875 0
3737 0.486328125 0.513671875 0
3738 0.478515625 0.513671875 0
3739 0.474609375 0.513671875 0
3740 0.478515625 0.517578125 0
3741 0.482421875 0.517578125 0
3742 0.490234375 0.513671875 0
3743 0.494140625 0.513671875 0
3744 0.490234375 0.517578125 0
3745 0.486328125 0.517578125 0
3746 0.470703125 0.513671875 0
3747 0.466796875 0.509765625 0
3748 0.466796875 0.513671875 0
3749 0.470703125 0.517578125 0
3750 0.474609375 0.517578125 0
3751 0.462890625 0.505859375 0
3752 0.462890625 0.509765625 0
3753 0.458984375 0.501953125 0
3754 0.458984375 0.505859375 0
3755 0.462890625 0.513671875 0
3756 0.458984375 0.509765625 0
3757 0.458984375 0.513671875 0
3758 0.462890625 0.517578125 0
3759 0.466796875 0.517578125 0
3760 0.474609375 0.521484375 0
3761 0.478515625 0.521484375 0
3762 0.470703125 0.521484375 0
3763 0.466796875 0.521484375 0
3764 0.470703125 0.525390625 0
3765 0.474609375 0.525390625 0
3766 0.482421875 0.521484375 0
3767 0.486328125 0.521484375 0
3768 0.482421875 0.525390625 0
3769 0.478515625 0.525390625 0
3770 0.498046875 0.513671875 0
3771 0.501953125 0.513671875 0
3772 0.498046875 0.517578125 0
3773 0.494140625 0.517578125 0
3774 0.505859375 0.513671875 0
3775 0.501953125 0.517578125 0
3776 0.505859375 0.517578125 0
3777 0.509765625 0.513671875 0
3778 0.494140625 0.521484375 0
3779 0.490234375 0.521484375 0
3780 0.498046875 0.521484375 0
3781 0.501953125 0.521484375 0
3782 0.498046875 0.525390625 0
3783 0.494140625 0.525390625 0
3784 0.490234375 0.525390625 0
3785 0.486328125 0.525390625 0
3786 0.455078125 0.498046875 0
3787 0.455078125 0.501953125 0
3788 0.451171875 0.498046875 0
3789 0.455078125 0.505859375 0
3790 0.451171875 0.501953125 0
3791 0.451171875 0.505859375 0
3792 0.455078125 0.509765625 0
3793 0.447265625 0.498046875 0
3794 0.447265625 0.501953125 0
3795 0.443359375 0.498046875 0
3796 0.529296875 0.470703125 0
3797 0.529296875 0.466796875 0
3798 0.529296875 0.474609375 0
3799 0.533203125 0.470703125 0
3800 0.533203125 0.474609375 0
3801 0.529296875 0.478515625 0
3802 0.529296875 0.462890625 0
3803 0.533203125 0.466796875 0
3804 0.533203125 0.462890625 0
3805 0.529296875 0.458984375 0
3806 0.529296875 0.482421875 0
3807 0.533203125 0.478515625 0
3808 0.533203125 0.482421875 0
3809 0.529296875 0.486328125 0
3810 0.537109375 0.474609375 0
3811 0.537109375 0.478515625 0
3812 0.537109375 0.470703125 0
3813 0.537109375 0.466796875 0
3814 0.541015625 0.470703125 0
3815 0.541015625 0.474609375 0
3816 0.537109375 0.482421875 0
3817 0.541015625 0.478515625 0
3818 0.541015625 0.482421875 0
3819 0.537109375 0.486328125 0
3820 0.533203125 0.486328125 0
3821 0.529296875 0.490234375 0
3822 0.533203125 0.490234375 0
3823 0.529296875 0.494140625 0
3824 0.529296875 0.455078125 0
3825 0.533203125 0.458984375 0
3826 0.533203125 0.455078125 0
3827 0.529296875 0.451171875 0
3828 0.537109375 0.462890625 0
3829 0.537109375 0.458984375 0
3830 0.541015625 0.462890625 0
3831 0.541015625 0.466796875 0
3832 0.537109375 0.455078125 0
3833 0.541015625 0.458984375 0
3834 0.541015625 0.455078125 0
3835 0.537109375 0.451171875 0
3836 0.533203125 0.451171875 0
3837 0.529296875 0.447265625 0
3838 0.533203125 0.447265625 0
3839 0.529296875 0.443359375 0
3840 0.529296875 0.498046875 0
3841 0.533203125 0.494140625 0
3842 0.533203125 0.498046875 0
3843 0.525390625 0.501953125 0
3844 0.529296875 0.501953125 0
3845 0.537109375 0.490234375 0
3846 0.537109375 0.494140625 0
3847 0.541015625 0.486328125 0
3848 0.541015625 0.490234375 0
3849 0.537109375 0.498046875 0
3850 0.541015625 0.494140625 0
3851 0.541015625 0.498046875 0
3852 0.533203125 0.501953125 0
3853 0.537109375 0.501953125 0
3854 0.521484375 0.505859375 0
3855 0.525390625 0.505859375 0
3856 0.517578125 0.509765625 0
3857 0.521484375 0.509765625 0
3858 0.529296875 0.505859375 0
3859 0.525390625 0.509765625 0
3860 0.529296875 0.509765625 0
3861 0.533203125 0.505859375 0
3862 0.544921875 0.482421875 0
3863 0.544921875 0.486328125 0
3864 0.544921875 0.478515625 0
3865 0.544921875 0.474609375 0
3866 0.548828125 0.478515625 0
3867 0.548828125 0.482421875 0
3868 0.544921875 0.490234375 0
3869 0.548828125 0.486328125 0
3870 0.548828125 0.490234375 0
3871 0.544921875 0.494140625 0
3872 0.544921875 0.470703125 0
3873 0.544921875 0.466796875 0
3874 0.548828125 0.470703125 0
3875 0.548828125 0.474609375 0
3876 0.544921875 0.462890625 0
3877 0.544921875 0.458984375 0
3878 0.548828125 0.462890625 0
3879 0.548828125 0.466796875 0
3880 0.552734375 0.474609375 0
3881 0.552734375 0.478515625 0
3882 0.552734375 0.470703125 0
3883 0.552734375 0.466796875 0
3884 0.556640625 0.470703125 0
3885 0.556640625 0.474609375 0
3886 0.552734375 0.482421875 0
3887 0.556640625 0.478515625 0
3888 0.556640625 0.482421875 0
3889 0.552734375 0.486328125 0
3890 0.544921875 0.498046875 0
3891 0.548828125 0.494140625 0
3892 0.548828125 0.498046875 0
3893 0.541015625 0.501953125 0
3894 0.544921875 0.501953125 0
3895 0.552734375 0.490234375 0
3896 0.552734375 0.494140625 0
3897 0.556640625 0.486328125 0
3898 0.556640625 0.490234375 0
3899 0.552734375 0.498046875 0
3900 0.556640625 0.494140625 0
3901 0.556640625 0.498046875 0
3902 0.548828125 0.501953125 0
3903 0.552734375 0.501953125 0
3904 0.537109375 0.505859375 0
3905 0.541015625 0.505859375 0
3906 0.533203125 0.509765625 0
3907 0.537109375 0.509765625 0
3908 0.544921875 0.505859375 0
3909 0.541015625 0.509765625 0
3910 0.544921875 0.509765625 0
3911 0.548828125 0.505859375 0
3912 0.513671875 0.513671875 0
3913 0.517578125 0.513671875 0
3914 0.509765625 0.517578125 0
3915 0.513671875 0.517578125 0
3916 0.521484375 0.513671875 0
3917 0.517578125 0.517578125 0
3918 0.521484375 0.517578125 0
3919 0.525390625 0.513671875 0
3920 0.505859375 0.521484375 0
3921 0.509765625 0.521484375 0
3922 0.501953125 0.525390625 0
3923 0.505859375 0.525390625 0
3924 0.513671875 0.521484375 0
3925 0.509765625 0.525390625 0
3926 0.513671875 0.525390625 0
3927 0.517578125 0.521484375 0
3928 0.529296875 0.513671875 0
3929 0.525390625 0.517578125 0
3930 0.529296875 0.517578125 0
3931 0.533203125 0.513671875 0
3932 0.521484375 0.521484375 0
3933 0.525390625 0.521484375 0
3934 0.517578125 0.525390625 0
3935 0.521484375 0.525390625 0
3936 0.529296875 0.521484375 0
3937 0.525390625 0.525390625 0
3938 0.529296875 0.525390625 0
3939 0.533203125 0.521484375 0
3940 0.533203125 0.517578125 0
3941 0.537109375 0.513671875 0
3942 0.537109375 0.517578125 0
3943 0.541015625 0.513671875 0
3944 0.529296875 0.439453125 0
3945 0.533203125 0.443359375 0
3946 0.533203125 0.439453125 0
3947 0.529296875 0.435546875 0
3948 0.537109375 0.447265625 0
3949 0.537109375 0.443359375 0
3950 0.541015625 0.451171875 0
3951 0.541015625 0.447265625 0
3952 0.537109375 0.439453125 0
3953 0.541015625 0.443359375 0
3954 0.541015625 0.439453125 0
3955 0.537109375 0.435546875 0
3956 0.533203125 0.435546875 0
3957 0.529296875 0.431640625 0
3958 0.533203125 0.431640625 0
3959 0.529296875 0.427734375 0
3960 0.544921875 0.455078125 0
3961 0.544921875 0.451171875 0
3962 0.548828125 0.455078125 0
3963 0.548828125 0.458984375 0
3964 0.544921875 0.447265625 0
3965 0.548828125 0.451171875 0
3966 0.548828125 0.447265625 0
3967 0.544921875 0.443359375 0
3968 0.552734375 0.458984375 0
3969 0.552734375 0.462890625 0
3970 0.552734375 0.455078125 0
3971 0.552734375 0.451171875 0
3972 0.556640625 0.455078125 0
3973 0.556640625 0.458984375 0
3974 0.556640625 0.462890625 0
3975 0.556640625 0.466796875 0
3976 0.544921875 0.439453125 0
3977 0.548828125 0.443359375 0
3978 0.548828125 0.439453125 0
3979 0.544921875 0.435546875 0
3980 0.541015625 0.435546875 0
3981 0.552734375 0.447265625 0
3982 0.552734375 0.443359375 0
3983 0.556640625 0.447265625 0
3984 0.556640625 0.451171875 0
3985 0.552734375 0.439453125 0
3986 0.556640625 0.443359375 0
3987 0.556640625 0.439453125 0
3988 0.552734375 0.435546875 0
3989 0.548828125 0.435546875 0
3990 0.541015625 0.431640625 0
3991 0.537109375 0.431640625 0
3992 0.544921875 0.431640625 0
3993 0.548828125 0.431640625 0
3994 0.544921875 0.427734375 0
3995 0.541015625 0.427734375 0
3996 0.537109375 0.427734375 0
3997 0.533203125 0.427734375 0
3998 0.529296875 0.423828125 0
3999 0.533203125 0.423828125 0
4000 0.529296875 0.419921875 0
4001 0.537109375 0.423828125 0
4002 0.541015625 0.423828125 0
4003 0.537109375 0.419921875 0
4004 0.533203125 0.419921875 0
4005 0.529296875 0.416015625 0
4006 0.533203125 0.416015625 0
4007 0.529296875 0.412109375 0
4008 0.439453125 0.498046875 0
4009 0.439453125 0.501953125 0
4010 0.443359375 0.501953125 0
4011 0.435546875 0.498046875 0
4012 0.435546875 0.494140625 0
4013 0.443359375 0.505859375 0
4014 0.447265625 0.505859375 0
4015 0.439453125 0.505859375 0
4016 0.435546875 0.501953125 0
4017 0.435546875 0.505859375 0
4018 0.439453125 0.509765625 0
4019 0.443359375 0.509765625 0
4020 0.447265625 0.509765625 0
4021 0.451171875 0.509765625 0
4022 0.431640625 0.494140625 0
4023 0.431640625 0.490234375 0
4024 0.431640625 0.498046875 0
4025 0.431640625 0.501953125 0
4026 0.427734375 0.498046875 0
4027 0.427734375 0.494140625 0
4028 0.427734375 0.490234375 0
4029 0.427734375 0.486328125 0
4030 0.451171875 0.513671875 0
4031 0.455078125 0.513671875 0
4032 0.447265625 0.513671875 0
4033 0.443359375 0.513671875 0
4034 0.447265625 0.517578125 0
4035 0.451171875 0.517578125 0
4036 0.455078125 0.517578125 0
4037 0.458984375 0.517578125 0
4038 0.439453125 0.513671875 0
4039 0.435546875 0.509765625 0
4040 0.435546875 0.513671875 0
4041 0.439453125 0.517578125 0
4042 0.443359375 0.517578125 0
4043 0.431640625 0.505859375 0
4044 0.431640625 0.509765625 0
4045 0.427734375 0.501953125 0
4046 0.427734375 0.505859375 0
4047 0.431640625 0.513671875 0
4048 0.427734375 0.509765625 0
4049 0.427734375 0.513671875 0
4050 0.431640625 0.517578125 0
4051 0.435546875 0.517578125 0
4052 0.443359375 0.521484375 0
4053 0.447265625 0.521484375 0
4054 0.439453125 0.521484375 0
4055 0.435546875 0.521484375 0
4056 0.439453125 0.525390625 0
4057 0.443359375 0.525390625 0
4058 0.451171875 0.521484375 0
4059 0.447265625 0.525390625 0
4060 0.451171875 0.525390625 0
4061 0.455078125 0.521484375 0
4062 0.458984375 0.521484375 0
4063 0.462890625 0.521484375 0
4064 0.455078125 0.525390625 0
4065 0.458984375 0.525390625 0
4066 0.462890625 0.525390625 0
4067 0.466796875 0.525390625 0
4068 0.423828125 0.486328125 0
4069 0.423828125 0.482421875 0
4070 0.423828125 0.490234375 0
4071 0.423828125 0.494140625 0
4072 0.419921875 0.490234375 0
4073 0.419921875 0.486328125 0
4074 0.419921875 0.482421875 0
4075 0.419921875 0.478515625 0
4076 0.423828125 0.498046875 0
4077 0.423828125 0.501953125 0
4078 0.419921875 0.498046875 0
4079 0.419921875 0.494140625 0
4080 0.423828125 0.505859375 0
4081 0.419921875 0.501953125 0
4082 0.419921875 0.505859375 0
4083 0.423828125 0.509765625 0
4084 0.416015625 0.494140625 0
4085 0.416015625 0.490234375 0
4086 0.416015625 0.498046875 0
4087 0.416015625 0.501953125 0
4088 0.412109375 0.498046875 0
4089 0.412109375 0.494140625 0
4090 0.416015625 0.486328125 0
4091 0.412109375 0.490234375 0
4092 0.412109375 0.486328125 0
4093 0.416015625 0.482421875 0
4094 0.416015625 0.478515625 0
4095 0.416015625 0.474609375 0
4096 0.412109375 0.482421875 0
4097 0.412109375 0.478515625 0
4098 0.412109375 0.474609375 0
4099 0.412109375 0.470703125 0
4100 0.466796875 0.529296875 0
4101 0.470703125 0.529296875 0
4102 0.462890625 0.529296875 0
4103 0.458984375 0.529296875 0
4104 0.462890625 0.533203125 0
4105 0.466796875 0.533203125 0
4106 0.474609375 0.529296875 0
4107 0.478515625 0.529296875 0
4108 0.474609375 0.533203125 0
4109 0.470703125 0.533203125 0
4110 0.455078125 0.529296875 0
4111 0.451171875 0.529296875 0
4112 0.455078125 0.533203125 0
4113 0.458984375 0.533203125 0
4114 0.447265625 0.529296875 0
4115 0.443359375 0.529296875 0
4116 0.447265625 0.533203125 0
4117 0.451171875 0.533203125 0
4118 0.458984375 0.537109375 0
4119 0.462890625 0.537109375 0
4120 0.455078125 0.537109375 0
4121 0.451171875 0.537109375 0
4122 0.455078125 0.541015625 0
4123 0.458984375 0.541015625 0
4124 0.466796875 0.537109375 0
4125 0.470703125 0.537109375 0
4126 0.466796875 0.541015625 0
4127 0.462890625 0.541015625 0
4128 0.482421875 0.529296875 0
4129 0.486328125 0.529296875 0
4130 0.482421875 0.533203125 0
4131 0.478515625 0.533203125 0
4132 0.490234375 0.529296875 0
4133 0.494140625 0.529296875 0
4134 0.490234375 0.533203125 0
4135 0.486328125 0.533203125 0
4136 0.478515625 0.537109375 0
4137 0.474609375 0.537109375 0
4138 0.482421875 0.537109375 0
4139 0.486328125 0.537109375 0
4140 0.482421875 0.541015625 0
4141 0.478515625 0.541015625 0
4142 0.474609375 0.541015625 0
4143 0.470703125 0.541015625 0
4144 0.439453125 0.529296875 0
4145 0.435546875 0.525390625 0
4146 0.435546875 0.529296875 0
4147 0.439453125 0.533203125 0
4148 0.443359375 0.533203125 0
4149 0.431640625 0.521484375 0
4150 0.431640625 0.525390625 0
4151 0.427734375 0.517578125 0
4152 0.427734375 0.521484375 0
4153 0.431640625 0.529296875 0
4154 0.427734375 0.525390625 0
4155 0.427734375 0.529296875 0
4156 0.431640625 0.533203125 0
4157 0.435546875 0.533203125 0
4158 0.443359375 0.537109375 0
4159 0.447265625 0.537109375 0
4160 0.439453125 0.537109375 0
4161 0.435546875 0.537109375 0
4162 0.439453125 0.541015625 0
4163 0.443359375 0.541015625 0
4164 0.447265625 0.541015625 0
4165 0.451171875 0.541015625 0
4166 0.423828125 0.513671875 0
4167 0.423828125 0.517578125 0
4168 0.419921875 0.509765625 0
4169 0.419921875 0.513671875 0
4170 0.423828125 0.521484375 0
4171 0.419921875 0.517578125 0
4172 0.419921875 0.521484375 0
4173 0.423828125 0.525390625 0
4174 0.416015625 0.505859375 0
4175 0.416015625 0.509765625 0
4176 0.412109375 0.501953125 0
4177 0.412109375 0.505859375 0
4178 0.416015625 0.513671875 0
4179 0.412109375 0.509765625 0
4180 0.412109375 0.513671875 0
4181 0.416015625 0.517578125 0
4182 0.423828125 0.529296875 0
4183 0.419921875 0.525390625 0
4184 0.419921875 0.529296875 0
4185 0.423828125 0.533203125 0
4186 0.427734375 0.533203125 0
4187 0.416015625 0.521484375 0
4188 0.416015625 0.525390625 0
4189 0.412109375 0.517578125 0
4190 0.412109375 0.521484375 0
4191 0.416015625 0.529296875 0
4192 0.412109375 0.525390625 0
4193 0.412109375 0.529296875 0
4194 0.416015625 0.533203125 0
4195 0.419921875 0.533203125 0
4196 0.427734375 0.537109375 0
4197 0.431640625 0.537109375 0
4198 0.423828125 0.537109375 0
4199 0.419921875 0.537109375 0
4200 0.423828125 0.541015625 0
4201 0.427734375 0.541015625 0
4202 0.431640625 0.541015625 0
4203 0.435546875 0.541015625 0
4204 0.451171875 0.544921875 0
4205 0.455078125 0.544921875 0
4206 0.447265625 0.544921875 0
4207 0.443359375 0.544921875 0
4208 0.447265625 0.548828125 0
4209 0.451171875 0.548828125 0
4210 0.458984375 0.544921875 0
4211 0.462890625 0.544921875 0
4212 0.458984375 0.548828125 0
4213 0.455078125 0.548828125 0
4214 0.439453125 0.544921875 0
4215 0.435546875 0.544921875 0
4216 0.439453125 0.548828125 0
4217 0.443359375 0.548828125 0
4218 0.431640625 0.544921875 0
4219 0.427734375 0.544921875 0
4220 0.431640625 0.548828125 0
4221 0.435546875 0.548828125 0
4222 0.443359375 0.552734375 0
4223 0.447265625 0.552734375 0
4224 0.439453125 0.552734375 0
4225 0.435546875 0.552734375 0
4226 0.439453125 0.556640625 0
4227 0.443359375 0.556640625 0
4228 0.451171875 0.552734375 0
4229 0.455078125 0.552734375 0
4230 0.451171875 0.556640625 0
4231 0.447265625 0.556640625 0
4232 0.466796875 0.544921875 0
4233 0.470703125 0.544921875 0
4234 0.466796875 0.548828125 0
4235 0.462890625 0.548828125 0
4236 0.474609375 0.544921875 0
4237 0.478515625 0.544921875 0
4238 0.474609375 0.548828125 0
4239 0.470703125 0.548828125 0
4240 0.462890625 0.552734375 0
4241 0.458984375 0.552734375 0
4242 0.466796875 0.552734375 0
4243 0.470703125 0.552734375 0
4244 0.466796875 0.556640625 0
4245 0.462890625 0.556640625 0
4246 0.458984375 0.556640625 0
4247 0.455078125 0.556640625 0
4248 0.498046875 0.529296875 0
4249 0.501953125 0.529296875 0
4250 0.498046875 0.533203125 0
4251 0.494140625 0.533203125 0
4252 0.505859375 0.529296875 0
4253 0.501953125 0.533203125 0
4254 0.505859375 0.533203125 0
4255 0.509765625 0.529296875 0
4256 0.494140625 0.537109375 0
4257 0.490234375 0.537109375 0
4258 0.498046875 0.537109375 0
4259 0.501953125 0.537109375 0
4260 0.498046875 0.541015625 0
4261 0.494140625 0.541015625 0
4262 0.490234375 0.541015625 0
4263 0.486328125 0.541015625 0
4264 0.513671875 0.529296875 0
4265 0.509765625 0.533203125 0
4266 0.513671875 0.533203125 0
4267 0.517578125 0.529296875 0
4268 0.505859375 0.537109375 0
4269 0.509765625 0.537109375 0
4270 0.501953125 0.541015625 0
4271 0.505859375 0.541015625 0
4272 0.513671875 0.537109375 0
4273 0.509765625 0.541015625 0
4274 0.513671875 0.541015625 0
4275 0.517578125 0.537109375 0
4276 0.517578125 0.533203125 0
4277 0.521484375 0.529296875 0
4278 0.521484375 0.533203125 0
4279 0.525390625 0.529296875 0
4280 0.486328125 0.544921875 0
4281 0.482421875 0.544921875 0
4282 0.490234375 0.544921875 0
4283 0.494140625 0.544921875 0
4284 0.490234375 0.548828125 0
4285 0.486328125 0.548828125 0
4286 0.482421875 0.548828125 0
4287 0.478515625 0.548828125 0
4288 0.498046875 0.544921875 0
4289 0.501953125 0.544921875 0
4290 0.498046875 0.548828125 0
4291 0.494140625 0.548828125 0
4292 0.505859375 0.544921875 0
4293 0.501953125 0.548828125 0
4294 0.505859375 0.548828125 0
4295 0.509765625 0.544921875 0
4296 0.494140625 0.552734375 0
4297 0.490234375 0.552734375 0
4298 0.498046875 0.552734375 0
4299 0.501953125 0.552734375 0
4300 0.498046875 0.556640625 0
4301 0.494140625 0.556640625 0
4302 0.486328125 0.552734375 0
4303 0.490234375 0.556640625 0
4304 0.486328125 0.556640625 0
4305 0.482421875 0.552734375 0
4306 0.478515625 0.552734375 0
4307 0.474609375 0.552734375 0
4308 0.482421875 0.556640625 0
4309 0.478515625 0.556640625 0
4310 0.474609375 0.556640625 0
4311 0.470703125 0.556640625 0
4312 0.408203125 0.470703125 0
4313 0.408203125 0.466796875 0
4314 0.408203125 0.474609375 0
4315 0.408203125 0.478515625 0
4316 0.404296875 0.474609375 0
4317 0.404296875 0.470703125 0
4318 0.408203125 0.462890625 0
4319 0.408203125 0.458984375 0
4320 0.404296875 0.462890625 0
4321 0.404296875 0.466796875 0
4322 0.408203125 0.482421875 0
4323 0.408203125 0.486328125 0
4324 0.404296875 0.482421875 0
4325 0.404296875 0.478515625 0
4326 0.408203125 0.490234375 0
4327 0.408203125 0.494140625 0
4328 0.404296875 0.490234375 0
4329 0.404296875 0.486328125 0
4330 0.34375 0.5 0
4331 0.359375 0.484375 0
4332 0.375 0.484375 0
4333 0.3828125 0.4765625 0
4334 0.390625 0.4765625 0
4335 0.39453125 0.48046875 0
4336 0.3984375 0.48046875 0
4337 0.400390625 0.478515625 0
4338 0.39453125 0.47265625 0
4339 0.3984375 0.47265625 0
4340 0.400390625 0.474609375 0
4341 0.400390625 0.482421875 0
4342 0.3828125 0.4921875 0
4343 0.390625 0.4921875 0
4344 0.39453125 0.48828125 0
4345 0.3984375 0.48828125 0
4346 0.400390625 0.486328125 0
4347 0.400390625 0.470703125 0
4348 0.34375 0.4375 0
4349 0.359375 0.453125 0
4350 0.375 0.453125 0
4351 0.3828125 0.4609375 0
4352 0.390625 0.4609375 0
4353 0.39453125 0.46484375 0
4354 0.3984375 0.46484375 0
4355 0.400390625 0.466796875 0
4356 0.408203125 0.455078125 0
4357 0.408203125 0.451171875 0
4358 0.404296875 0.455078125 0
4359 0.404296875 0.458984375 0
4360 0.408203125 0.447265625 0
4361 0.408203125 0.443359375 0
4362 0.404296875 0.447265625 0
4363 0.404296875 0.451171875 0
4364 0.39453125 0.45703125 0
4365 0.3984375 0.45703125 0
4366 0.400390625 0.458984375 0
4367 0.400390625 0.462890625 0
4368 0.400390625 0.455078125 0
4369 0.3828125 0.4453125 0
4370 0.390625 0.4453125 0
4371 0.39453125 0.44921875 0
4372 0.3984375 0.44921875 0
4373 0.400390625 0.451171875 0
4374 0.408203125 0.498046875 0
4375 0.408203125 0.501953125 0
4376 0.404296875 0.498046875 0
4377 0.404296875 0.494140625 0
4378 0.408203125 0.505859375 0
4379 0.404296875 0.501953125 0
4380 0.404296875 0.505859375 0
4381 0.408203125 0.509765625 0
4382 0.39453125 0.49609375 0
4383 0.3984375 0.49609375 0
4384 0.400390625 0.494140625 0
4385 0.400390625 0.490234375 0
4386 0.400390625 0.498046875 0
4387 0.359375 0.515625 0
4388 0.375 0.515625 0
4389 0.3828125 0.5078125 0
4390 0.390625 0.5078125 0
4391 0.39453125 0.50390625 0
4392 0.3984375 0.50390625 0
4393 0.400390625 0.501953125 0
4394 0.408203125 0.513671875 0
4395 0.404296875 0.509765625 0
4396 0.404296875 0.513671875 0
4397 0.408203125 0.517578125 0
4398 0.400390625 0.505859375 0
4399 0.39453125 0.51171875 0
4400 0.3984375 0.51171875 0
4401 0.400390625 0.509765625 0
4402 0.400390625 0.513671875 0
4403 0.3828125 0.5234375 0
4404 0.390625 0.5234375 0
4405 0.39453125 0.51953125 0
4406 0.3984375 0.51953125 0
4407 0.400390625 0.517578125 0
4408 0.404296875 0.517578125 0
4409 0.408203125 0.521484375 0
4410 0.404296875 0.521484375 0
4411 0.408203125 0.525390625 0
4412 0.408203125 0.439453125 0
4413 0.408203125 0.435546875 0
4414 0.404296875 0.439453125 0
4415 0.404296875 0.443359375 0
4416 0.408203125 0.431640625 0
4417 0.408203125 0.427734375 0
4418 0.404296875 0.431640625 0
4419 0.404296875 0.435546875 0
4420 0.39453125 0.44140625 0
4421 0.3984375 0.44140625 0
4422 0.400390625 0.443359375 0
4423 0.400390625 0.447265625 0
4424 0.400390625 0.439453125 0
4425 0.359375 0.421875 0
4426 0.375 0.421875 0
4427 0.3828125 0.4296875 0
4428 0.390625 0.4296875 0
4429 0.39453125 0.43359375 0
4430 0.3984375 0.43359375 0
4431 0.400390625 0.435546875 0
4432 0.408203125 0.423828125 0
4433 0.408203125 0.419921875 0
4434 0.404296875 0.423828125 0
4435 0.404296875 0.427734375 0
4436 0.408203125 0.416015625 0
4437 0.408203125 0.412109375 0
4438 0.404296875 0.416015625 0
4439 0.404296875 0.419921875 0
4440 0.39453125 0.42578125 0
4441 0.3984375 0.42578125 0
4442 0.400390625 0.427734375 0
4443 0.400390625 0.431640625 0
4444 0.400390625 0.423828125 0
4445 0.3828125 0.4140625 0
4446 0.390625 0.4140625 0
4447 0.39453125 0.41796875 0
4448 0.3984375 0.41796875 0
4449 0.400390625 0.419921875 0
4450 0.529296875 0.408203125 0
4451 0.529296875 0.404296875 0
4452 0.525390625 0.404296875 0
4453 0.533203125 0.412109375 0
4454 0.533203125 0.408203125 0
4455 0.52734375 0.39453125 0
4456 0.52734375 0.3984375 0
4457 0.525390625 0.400390625 0
4458 0.521484375 0.400390625 0
4459 0.529296875 0.400390625 0
4460 0.533203125 0.404296875 0
4461 0.5625 0.34375 0
4462 0.546875 0.359375 0
4463 0.546875 0.375 0
4464 0.5390625 0.3828125 0
4465 0.5390625 0.390625 0
4466 0.53515625 0.39453125 0
4467 0.53515625 0.3984375 0
4468 0.533203125 0.400390625 0
4469 0.537109375 0.416015625 0
4470 0.537109375 0.412109375 0
4471 0.541015625 0.419921875 0
4472 0.541015625 0.416015625 0
4473 0.537109375 0.408203125 0
4474 0.541015625 0.412109375 0
4475 0.541015625 0.408203125 0
4476 0.537109375 0.404296875 0
4477 0.544921875 0.423828125 0
4478 0.544921875 0.419921875 0
4479 0.548828125 0.427734375 0
4480 0.548828125 0.423828125 0
4481 0.544921875 0.416015625 0
4482 0.548828125 0.419921875 0
4483 0.548828125 0.416015625 0
4484 0.544921875 0.412109375 0
4485 0.552734375 0.431640625 0
4486 0.552734375 0.427734375 0
4487 0.556640625 0.435546875 0
4488 0.556640625 0.431640625 0
4489 0.552734375 0.423828125 0
4490 0.556640625 0.427734375 0
4491 0.556640625 0.423828125 0
4492 0.552734375 0.419921875 0
4493 0.544921875 0.408203125 0
4494 0.548828125 0.412109375 0
4495 0.548828125 0.408203125 0
4496 0.544921875 0.404296875 0
4497 0.541015625 0.404296875 0
4498 0.552734375 0.416015625 0
4499 0.552734375 0.412109375 0
4500 0.556640625 0.419921875 0
4501 0.556640625 0.416015625 0
4502 0.552734375 0.408203125 0
4503 0.556640625 0.412109375 0
4504 0.556640625 0.408203125 0
4505 0.552734375 0.404296875 0
4506 0.548828125 0.404296875 0
4507 0.54296875 0.39453125 0
4508 0.54296875 0.3984375 0
4509 0.541015625 0.400390625 0
4510 0.537109375 0.400390625 0
4511 0.544921875 0.400390625 0
4512 0.5546875 0.3828125 0
4513 0.5546875 0.390625 0
4514 0.55078125 0.39453125 0
4515 0.55078125 0.3984375 0
4516 0.548828125 0.400390625 0
4517 0.408203125 0.408203125 0
4518 0.412109375 0.404296875 0
4519 0.408203125 0.404296875 0
4520 0.404296875 0.408203125 0
4521 0.404296875 0.412109375 0
4522 0.416015625 0.400390625 0
4523 0.41015625 0.39453125 0
4524 0.41015625 0.3984375 0
4525 0.412109375 0.400390625 0
4526 0.408203125 0.400390625 0
4527 0.34375 0.34375 0
4528 0.375 0.34375 0
4529 0.390625 0.359375 0
4530 0.390625 0.375 0
4531 0.3984375 0.3828125 0
4532 0.3984375 0.390625 0
4533 0.40234375 0.39453125 0
4534 0.40234375 0.3984375 0
4535 0.404296875 0.400390625 0
4536 0.404296875 0.404296875 0
4537 0.39453125 0.41015625 0
4538 0.3984375 0.41015625 0
4539 0.400390625 0.412109375 0
4540 0.400390625 0.416015625 0
4541 0.400390625 0.408203125 0
4542 0.34375 0.375 0
4543 0.359375 0.390625 0
4544 0.375 0.390625 0
4545 0.3828125 0.3984375 0
4546 0.390625 0.3984375 0
4547 0.39453125 0.40234375 0
4548 0.3984375 0.40234375 0
4549 0.400390625 0.404296875 0
4550 0.560546875 0.439453125 0
4551 0.560546875 0.435546875 0
4552 0.560546875 0.443359375 0
4553 0.564453125 0.439453125 0
4554 0.564453125 0.443359375 0
4555 0.560546875 0.447265625 0
4556 0.560546875 0.431640625 0
4557 0.564453125 0.435546875 0
4558 0.564453125 0.431640625 0
4559 0.560546875 0.427734375 0
4560 0.560546875 0.451171875 0
4561 0.564453125 0.447265625 0
4562 0.564453125 0.451171875 0
4563 0.560546875 0.455078125 0
4564 0.568359375 0.443359375 0
4565 0.568359375 0.447265625 0
4566 0.568359375 0.439453125 0
4567 0.568359375 0.435546875 0
4568 0.572265625 0.439453125 0
4569 0.572265625 0.443359375 0
4570 0.568359375 0.451171875 0
4571 0.572265625 0.447265625 0
4572 0.572265625 0.451171875 0
4573 0.568359375 0.455078125 0
4574 0.564453125 0.455078125 0
4575 0.560546875 0.458984375 0
4576 0.564453125 0.458984375 0
4577 0.560546875 0.462890625 0
4578 0.560546875 0.423828125 0
4579 0.564453125 0.427734375 0
4580 0.564453125 0.423828125 0
4581 0.560546875 0.419921875 0
4582 0.568359375 0.431640625 0
4583 0.568359375 0.427734375 0
4584 0.572265625 0.431640625 0
4585 0.572265625 0.435546875 0
4586 0.568359375 0.423828125 0
4587 0.572265625 0.427734375 0
4588 0.572265625 0.423828125 0
4589 0.568359375 0.419921875 0
4590 0.564453125 0.419921875 0
4591 0.560546875 0.416015625 0
4592 0.564453125 0.416015625 0
4593 0.560546875 0.412109375 0
4594 0.560546875 0.466796875 0
4595 0.564453125 0.462890625 0
4596 0.564453125 0.466796875 0
4597 0.560546875 0.470703125 0
4598 0.568359375 0.458984375 0
4599 0.568359375 0.462890625 0
4600 0.572265625 0.455078125 0
4601 0.572265625 0.458984375 0
4602 0.568359375 0.466796875 0
4603 0.572265625 0.462890625 0
4604 0.572265625 0.466796875 0
4605 0.568359375 0.470703125 0
4606 0.564453125 0.470703125 0
4607 0.560546875 0.474609375 0
4608 0.564453125 0.474609375 0
4609 0.560546875 0.478515625 0
4610 0.576171875 0.451171875 0
4611 0.576171875 0.455078125 0
4612 0.576171875 0.447265625 0
4613 0.576171875 0.443359375 0
4614 0.580078125 0.447265625 0
4615 0.580078125 0.451171875 0
4616 0.576171875 0.458984375 0
4617 0.580078125 0.455078125 0
4618 0.580078125 0.458984375 0
4619 0.576171875 0.462890625 0
4620 0.576171875 0.439453125 0
4621 0.576171875 0.435546875 0
4622 0.580078125 0.439453125 0
4623 0.580078125 0.443359375 0
4624 0.576171875 0.431640625 0
4625 0.576171875 0.427734375 0
4626 0.580078125 0.431640625 0
4627 0.580078125 0.435546875 0
4628 0.583984375 0.443359375 0
4629 0.583984375 0.447265625 0
4630 0.583984375 0.439453125 0
4631 0.583984375 0.435546875 0
4632 0.587890625 0.439453125 0
4633 0.587890625 0.443359375 0
4634 0.583984375 0.451171875 0
4635 0.587890625 0.447265625 0
4636 0.587890625 0.451171875 0
4637 0.583984375 0.455078125 0
4638 0.576171875 0.466796875 0
4639 0.580078125 0.462890625 0
4640 0.580078125 0.466796875 0
4641 0.576171875 0.470703125 0
4642 0.572265625 0.470703125 0
4643 0.583984375 0.458984375 0
4644 0.583984375 0.462890625 0
4645 0.587890625 0.455078125 0
4646 0.587890625 0.458984375 0
4647 0.583984375 0.466796875 0
4648 0.587890625 0.462890625 0
4649 0.587890625 0.466796875 0
4650 0.583984375 0.470703125 0
4651 0.580078125 0.470703125 0
4652 0.572265625 0.474609375 0
4653 0.568359375 0.474609375 0
4654 0.576171875 0.474609375 0
4655 0.580078125 0.474609375 0
4656 0.576171875 0.478515625 0
4657 0.572265625 0.478515625 0
4658 0.568359375 0.478515625 0
4659 0.564453125 0.478515625 0
4660 0.560546875 0.482421875 0
4661 0.564453125 0.482421875 0
4662 0.560546875 0.486328125 0
4663 0.568359375 0.482421875 0
4664 0.572265625 0.482421875 0
4665 0.568359375 0.486328125 0
4666 0.564453125 0.486328125 0
4667 0.560546875 0.490234375 0
4668 0.564453125 0.490234375 0
4669 0.560546875 0.494140625 0
4670 0.560546875 0.408203125 0
4671 0.564453125 0.412109375 0
4672 0.564453125 0.408203125 0
4673 0.560546875 0.404296875 0
4674 0.556640625 0.404296875 0
4675 0.568359375 0.416015625 0
4676 0.568359375 0.412109375 0
4677 0.572265625 0.419921875 0
4678 0.572265625 0.416015625 0
4679 0.568359375 0.408203125 0
4680 0.572265625 0.412109375 0
4681 0.572265625 0.408203125 0
4682 0.568359375 0.404296875 0
4683 0.564453125 0.404296875 0
4684 0.55859375 0.39453125 0
4685 0.55859375 0.3984375 0
4686 0.556640625 0.400390625 0
4687 0.552734375 0.400390625 0
4688 0.560546875 0.400390625 0
4689 0.578125 0.359375 0
4690 0.578125 0.375 0
4691 0.5703125 0.3828125 0
4692 0.5703125 0.390625 0
4693 0.56640625 0.39453125 0
4694 0.56640625 0.3984375 0
4695 0.564453125 0.400390625 0
4696 0.576171875 0.423828125 0
4697 0.576171875 0.419921875 0
4698 0.580078125 0.423828125 0
4699 0.580078125 0.427734375 0
4700 0.576171875 0.416015625 0
4701 0.580078125 0.419921875 0
4702 0.580078125 0.416015625 0
4703 0.576171875 0.412109375 0
4704 0.583984375 0.427734375 0
4705 0.583984375 0.431640625 0
4706 0.583984375 0.423828125 0
4707 0.583984375 0.419921875 0
4708 0.587890625 0.423828125 0
4709 0.587890625 0.427734375 0
4710 0.587890625 0.431640625 0
4711 0.587890625 0.435546875 0
4712 0.576171875 0.408203125 0
4713 0.580078125 0.412109375 0
4714 0.580078125 0.408203125 0
4715 0.576171875 0.404296875 0
4716 0.572265625 0.404296875 0
4717 0.583984375 0.416015625 0
4718 0.583984375 0.412109375 0
4719 0.587890625 0.416015625 0
4720 0.587890625 0.419921875 0
4721 0.583984375 0.408203125 0
4722 0.587890625 0.412109375 0
4723 0.587890625 0.408203125 0
4724 0.583984375 0.404296875 0
4725 0.580078125 0.404296875 0
4726 0.57421875 0.39453125 0
4727 0.57421875 0.3984375 0
4728 0.572265625 0.400390625 0
4729 0.568359375 0.400390625 0
4730 0.576171875 0.400390625 0
4731 0.5859375 0.3828125 0
4732 0.5859375 0.390625 0
4733 0.58203125 0.39453125 0
4734 0.58203125 0.3984375 0
4735 0.580078125 0.400390625 0
4736 0.560546875 0.498046875 0
4737 0.564453125 0.494140625 0
4738 0.564453125 0.498046875 0
4739 0.556640625 0.501953125 0
4740 0.560546875 0.501953125 0
4741 0.568359375 0.490234375 0
4742 0.568359375 0.494140625 0
4743 0.572265625 0.486328125 0
4744 0.572265625 0.490234375 0
4745 0.568359375 0.498046875 0
4746 0.572265625 0.494140625 0
4747 0.572265625 0.498046875 0
4748 0.564453125 0.501953125 0
4749 0.568359375 0.501953125 0
4750 0.552734375 0.505859375 0
4751 0.556640625 0.505859375 0
4752 0.548828125 0.509765625 0
4753 0.552734375 0.509765625 0
4754 0.560546875 0.505859375 0
4755 0.556640625 0.509765625 0
4756 0.560546875 0.509765625 0
4757 0.564453125 0.505859375 0
4758 0.576171875 0.482421875 0
4759 0.576171875 0.486328125 0
4760 0.580078125 0.478515625 0
4761 0.580078125 0.482421875 0
4762 0.576171875 0.490234375 0
4763 0.580078125 0.486328125 0
4764 0.580078125 0.490234375 0
4765 0.576171875 0.494140625 0
4766 0.583984375 0.474609375 0
4767 0.583984375 0.478515625 0
4768 0.587890625 0.470703125 0
4769 0.587890625 0.474609375 0
4770 0.583984375 0.482421875 0
4771 0.587890625 0.478515625 0
4772 0.587890625 0.482421875 0
4773 0.583984375 0.486328125 0
4774 0.576171875 0.498046875 0
4775 0.580078125 0.494140625 0
4776 0.580078125 0.498046875 0
4777 0.572265625 0.501953125 0
4778 0.576171875 0.501953125 0
4779 0.583984375 0.490234375 0
4780 0.583984375 0.494140625 0
4781 0.587890625 0.486328125 0
4782 0.587890625 0.490234375 0
4783 0.583984375 0.498046875 0
4784 0.587890625 0.494140625 0
4785 0.587890625 0.498046875 0
4786 0.580078125 0.501953125 0
4787 0.583984375 0.501953125 0
4788 0.568359375 0.505859375 0
4789 0.572265625 0.505859375 0
4790 0.564453125 0.509765625 0
4791 0.568359375 0.509765625 0
4792 0.576171875 0.505859375 0
4793 0.572265625 0.509765625 0
4794 0.576171875 0.509765625 0
4795 0.580078125 0.505859375 0
4796 0.544921875 0.513671875 0
4797 0.548828125 0.513671875 0
4798 0.541015625 0.517578125 0
4799 0.544921875 0.517578125 0
4800 0.552734375 0.513671875 0
4801 0.548828125 0.517578125 0
4802 0.552734375 0.517578125 0
4803 0.556640625 0.513671875 0
4804 0.537109375 0.521484375 0
4805 0.541015625 0.521484375 0
4806 0.533203125 0.525390625 0
4807 0.537109375 0.525390625 0
4808 0.544921875 0.521484375 0
4809 0.541015625 0.525390625 0
4810 0.544921875 0.525390625 0
4811 0.548828125 0.521484375 0
4812 0.560546875 0.513671875 0
4813 0.556640625 0.517578125 0
4814 0.560546875 0.517578125 0
4815 0.564453125 0.513671875 0
4816 0.552734375 0.521484375 0
4817 0.556640625 0.521484375 0
4818 0.548828125 0.525390625 0
4819 0.552734375 0.525390625 0
4820 0.560546875 0.521484375 0
4821 0.556640625 0.525390625 0
4822 0.560546875 0.525390625 0
4823 0.564453125 0.521484375 0
4824 0.564453125 0.517578125 0
4825 0.568359375 0.513671875 0
4826 0.568359375 0.517578125 0
4827 0.572265625 0.513671875 0
4828 0.591796875 0.466796875 0
4829 0.591796875 0.470703125 0
4830 0.591796875 0.462890625 0
4831 0.591796875 0.458984375 0
4832 0.595703125 0.462890625 0
4833 0.595703125 0.466796875 0
4834 0.591796875 0.474609375 0
4835 0.595703125 0.470703125 0
4836 0.595703125 0.474609375 0
4837 0.591796875 0.478515625 0
4838 0.591796875 0.455078125 0
4839 0.591796875 0.451171875 0
4840 0.595703125 0.455078125 0
4841 0.595703125 0.458984375 0
4842 0.591796875 0.447265625 0
4843 0.591796875 0.443359375 0
4844 0.595703125 0.447265625 0
4845 0.595703125 0.451171875 0
4846 0.65625 0.4375 0
4847 0.640625 0.453125 0
4848 0.625 0.453125 0
4849 0.6171875 0.4609375 0
4850 0.609375 0.4609375 0
4851 0.60546875 0.45703125 0
4852 0.6015625 0.45703125 0
4853 0.599609375 0.458984375 0
4854 0.60546875 0.46484375 0
4855 0.6015625 0.46484375 0
4856 0.599609375 0.462890625 0
4857 0.599609375 0.455078125 0
4858 0.6171875 0.4453125 0
4859 0.609375 0.4453125 0
4860 0.60546875 0.44921875 0
4861 0.6015625 0.44921875 0
4862 0.599609375 0.451171875 0
4863 0.599609375 0.466796875 0
4864 0.65625 0.5 0
4865 0.640625 0.484375 0
4866 0.625 0.484375 0
4867 0.6171875 0.4765625 0
4868 0.609375 0.4765625 0
4869 0.60546875 0.47265625 0
4870 0.6015625 0.47265625 0
4871 0.599609375 0.470703125 0
4872 0.591796875 0.482421875 0
4873 0.595703125 0.478515625 0
4874 0.595703125 0.482421875 0
4875 0.591796875 0.486328125 0
4876 0.599609375 0.474609375 0
4877 0.60546875 0.48046875 0
4878 0.6015625 0.48046875 0
4879 0.599609375 0.478515625 0
4880 0.599609375 0.482421875 0
4881 0.6171875 0.4921875 0
4882 0.609375 0.4921875 0
4883 0.60546875 0.48828125 0
4884 0.6015625 0.48828125 0
4885 0.599609375 0.486328125 0
4886 0.595703125 0.486328125 0
4887 0.591796875 0.490234375 0
4888 0.595703125 0.490234375 0
4889 0.591796875 0.494140625 0
4890 0.591796875 0.439453125 0
4891 0.591796875 0.435546875 0
4892 0.595703125 0.439453125 0
4893 0.595703125 0.443359375 0
4894 0.591796875 0.431640625 0
4895 0.591796875 0.427734375 0
4896 0.595703125 0.431640625 0
4897 0.595703125 0.435546875 0
4898 0.60546875 0.44140625 0
4899 0.6015625 0.44140625 0
4900 0.599609375 0.443359375 0
4901 0.599609375 0.447265625 0
4902 0.599609375 0.439453125 0
4903 0.640625 0.421875 0
4904 0.625 0.421875 0
4905 0.6171875 0.4296875 0
4906 0.609375 0.4296875 0
4907 0.60546875 0.43359375 0
4908 0.6015625 0.43359375 0
4909 0.599609375 0.435546875 0
4910 0.591796875 0.423828125 0
4911 0.591796875 0.419921875 0
4912 0.595703125 0.423828125 0
4913 0.595703125 0.427734375 0
4914 0.591796875 0.416015625 0
4915 0.591796875 0.412109375 0
4916 0.595703125 0.416015625 0
4917 0.595703125 0.419921875 0
4918 0.60546875 0.42578125 0
4919 0.6015625 0.42578125 0
4920 0.599609375 0.427734375 0
4921 0.599609375 0.431640625 0
4922 0.599609375 0.423828125 0
4923 0.6171875 0.4140625 0
4924 0.609375 0.4140625 0
4925 0.60546875 0.41796875 0
4926 0.6015625 0.41796875 0
4927 0.599609375 0.419921875 0
4928 0.591796875 0.498046875 0
4929 0.595703125 0.494140625 0
4930 0.595703125 0.498046875 0
4931 0.587890625 0.501953125 0
4932 0.591796875 0.501953125 0
4933 0.599609375 0.490234375 0
4934 0.60546875 0.49609375 0
4935 0.6015625 0.49609375 0
4936 0.599609375 0.494140625 0
4937 0.599609375 0.498046875 0
4938 0.595703125 0.501953125 0
4939 0.640625 0.515625 0
4940 0.625 0.515625 0
4941 0.6171875 0.5078125 0
4942 0.609375 0.5078125 0
4943 0.60546875 0.50390625 0
4944 0.6015625 0.50390625 0
4945 0.599609375 0.501953125 0
4946 0.583984375 0.505859375 0
4947 0.587890625 0.505859375 0
4948 0.580078125 0.509765625 0
4949 0.583984375 0.509765625 0
4950 0.591796875 0.505859375 0
4951 0.587890625 0.509765625 0
4952 0.591796875 0.509765625 0
4953 0.595703125 0.505859375 0
4954 0.576171875 0.513671875 0
4955 0.580078125 0.513671875 0
4956 0.572265625 0.517578125 0
4957 0.576171875 0.517578125 0
4958 0.583984375 0.513671875 0
4959 0.580078125 0.517578125 0
4960 0.583984375 0.517578125 0
4961 0.587890625 0.513671875 0
4962 0.568359375 0.521484375 0
4963 0.572265625 0.521484375 0
4964 0.564453125 0.525390625 0
4965 0.568359375 0.525390625 0
4966 0.576171875 0.521484375 0
4967 0.572265625 0.525390625 0
4968 0.576171875 0.525390625 0
4969 0.580078125 0.521484375 0
4970 0.591796875 0.513671875 0
4971 0.587890625 0.517578125 0
4972 0.591796875 0.517578125 0
4973 0.595703125 0.513671875 0
4974 0.595703125 0.509765625 0
4975 0.583984375 0.521484375 0
4976 0.587890625 0.521484375 0
4977 0.580078125 0.525390625 0
4978 0.583984375 0.525390625 0
4979 0.591796875 0.521484375 0
4980 0.587890625 0.525390625 0
4981 0.591796875 0.525390625 0
4982 0.595703125 0.521484375 0
4983 0.595703125 0.517578125 0
4984 0.60546875 0.51171875 0
4985 0.6015625 0.51171875 0
4986 0.599609375 0.509765625 0
4987 0.599609375 0.505859375 0
4988 0.599609375 0.513671875 0
4989 0.6171875 0.5234375 0
4990 0.609375 0.5234375 0
4991 0.60546875 0.51953125 0
4992 0.6015625 0.51953125 0
4993 0.599609375 0.517578125 0
4994 0.529296875 0.529296875 0
4995 0.533203125 0.529296875 0
4996 0.525390625 0.533203125 0
4997 0.529296875 0.533203125 0
4998 0.537109375 0.529296875 0
4999 0.533203125 0.533203125 0
5000 0.537109375 0.533203125 0
5001 0.541015625 0.529296875 0
5002 0.521484375 0.537109375 0
5003 0.525390625 0.537109375 0
5004 0.517578125 0.541015625 0
5005 0.521484375 0.541015625 0
5006 0.529296875 0.537109375 0
5007 0.525390625 0.541015625 0
5008 0.529296875 0.541015625 0
5009 0.533203125 0.537109375 0
5010 0.544921875 0.529296875 0
5011 0.541015625 0.533203125 0
5012 0.544921875 0.533203125 0
5013 0.548828125 0.529296875 0
5014 0.537109375 0.537109375 0
5015 0.541015625 0.537109375 0
5016 0.533203125 0.541015625 0
5017 0.537109375 0.541015625 0
5018 0.544921875 0.537109375 0
5019 0.541015625 0.541015625 0
5020 0.544921875 0.541015625 0
5021 0.548828125 0.537109375 0
5022 0.548828125 0.533203125 0
5023 0.552734375 0.529296875 0
5024 0.552734375 0.533203125 0
5025 0.556640625 0.529296875 0
5026 0.513671875 0.544921875 0
5027 0.517578125 0.544921875 0
5028 0.509765625 0.548828125 0
5029 0.513671875 0.548828125 0
5030 0.521484375 0.544921875 0
5031 0.517578125 0.548828125 0
5032 0.521484375 0.548828125 0
5033 0.525390625 0.544921875 0
5034 0.505859375 0.552734375 0
5035 0.509765625 0.552734375 0
5036 0.501953125 0.556640625 0
5037 0.505859375 0.556640625 0
5038 0.513671875 0.552734375 0
5039 0.509765625 0.556640625 0
5040 0.513671875 0.556640625 0
5041 0.517578125 0.552734375 0
5042 0.529296875 0.544921875 0
5043 0.525390625 0.548828125 0
5044 0.529296875 0.548828125 0
5045 0.533203125 0.544921875 0
5046 0.521484375 0.552734375 0
5047 0.525390625 0.552734375 0
5048 0.517578125 0.556640625 0
5049 0.521484375 0.556640625 0
5050 0.529296875 0.552734375 0
5051 0.525390625 0.556640625 0
5052 0.529296875 0.556640625 0
5053 0.533203125 0.552734375 0
5054 0.533203125 0.548828125 0
5055 0.537109375 0.544921875 0
5056 0.537109375 0.548828125 0
5057 0.541015625 0.544921875 0
5058 0.560546875 0.529296875 0
5059 0.556640625 0.533203125 0
5060 0.560546875 0.533203125 0
5061 0.564453125 0.529296875 0
5062 0.552734375 0.537109375 0
5063 0.556640625 0.537109375 0
5064 0.548828125 0.541015625 0
5065 0.552734375 0.541015625 0
5066 0.560546875 0.537109375 0
5067 0.556640625 0.541015625 0
5068 0.560546875 0.541015625 0
5069 0.564453125 0.537109375 0
5070 0.564453125 0.533203125 0
5071 0.568359375 0.529296875 0
5072 0.568359375 0.533203125 0
5073 0.572265625 0.529296875 0
5074 0.544921875 0.544921875 0
5075 0.548828125 0.544921875 0
5076 0.541015625 0.548828125 0
5077 0.544921875 0.548828125 0
5078 0.552734375 0.544921875 0
5079 0.548828125 0.548828125 0
5080 0.552734375 0.548828125 0
5081 0.556640625 0.544921875 0
5082 0.537109375 0.552734375 0
5083 0.541015625 0.552734375 0
5084 0.533203125 0.556640625 0
5085 0.537109375 0.556640625 0
5086 0.544921875 0.552734375 0
5087 0.541015625 0.556640625 0
5088 0.544921875 0.556640625 0
5089 0.548828125 0.552734375 0
5090 0.560546875 0.544921875 0
5091 0.556640625 0.548828125 0
5092 0.560546875 0.548828125 0
5093 0.564453125 0.544921875 0
5094 0.564453125 0.541015625 0
5095 0.552734375 0.552734375 0
5096 0.556640625 0.552734375 0
5097 0.548828125 0.556640625 0
5098 0.552734375 0.556640625 0
5099 0.560546875 0.552734375 0
5100 0.556640625 0.556640625 0
5101 0.560546875 0.556640625 0
5102 0.564453125 0.552734375 0
5103 0.564453125 0.548828125 0
5104 0.568359375 0.541015625 0
5105 0.568359375 0.537109375 0
5106 0.568359375 0.544921875 0
5107 0.568359375 0.548828125 0
5108 0.572265625 0.544921875 0
5109 0.572265625 0.541015625 0
5110 0.572265625 0.537109375 0
5111 0.572265625 0.533203125 0
5112 0.576171875 0.529296875 0
5113 0.576171875 0.533203125 0
5114 0.580078125 0.529296875 0
5115 0.576171875 0.537109375 0
5116 0.576171875 0.541015625 0
5117 0.580078125 0.537109375 0
5118 0.580078125 0.533203125 0
5119 0.583984375 0.529296875 0
5120 0.583984375 0.533203125 0
5121 0.587890625 0.529296875 0
5122 0.591796875 0.408203125 0
5123 0.591796875 0.404296875 0
5124 0.587890625 0.404296875 0
5125 0.595703125 0.408203125 0
5126 0.595703125 0.412109375 0
5127 0.58984375 0.39453125 0
5128 0.58984375 0.3984375 0
5129 0.587890625 0.400390625 0
5130 0.583984375 0.400390625 0
5131 0.591796875 0.400390625 0
5132 0.595703125 0.404296875 0
5133 0.65625 0.34375 0
5134 0.625 0.34375 0
5135 0.609375 0.359375 0
5136 0.609375 0.375 0
5137 0.6015625 0.3828125 0
5138 0.6015625 0.390625 0
5139 0.59765625 0.39453125 0
5140 0.59765625 0.3984375 0
5141 0.595703125 0.400390625 0
5142 0.60546875 0.41015625 0
5143 0.6015625 0.41015625 0
5144 0.599609375 0.412109375 0
5145 0.599609375 0.416015625 0
5146 0.599609375 0.408203125 0
5147 0.65625 0.375 0
5148 0.640625 0.390625 0
5149 0.625 0.390625 0
5150 0.6171875 0.3984375 0
5151 0.609375 0.3984375 0
5152 0.60546875 0.40234375 0
5153 0.6015625 0.40234375 0
5154 0.599609375 0.404296875 0
5155 0.408203125 0.529296875 0
5156 0.404296875 0.525390625 0
5157 0.404296875 0.529296875 0
5158 0.408203125 0.533203125 0
5159 0.412109375 0.533203125 0
5160 0.400390625 0.521484375 0
5161 0.39453125 0.52734375 0
5162 0.3984375 0.52734375 0
5163 0.400390625 0.525390625 0
5164 0.400390625 0.529296875 0
5165 0.34375 0.5625 0
5166 0.359375 0.546875 0
5167 0.375 0.546875 0
5168 0.3828125 0.5390625 0
5169 0.390625 0.5390625 0
5170 0.39453125 0.53515625 0
5171 0.3984375 0.53515625 0
5172 0.400390625 0.533203125 0
5173 0.404296875 0.533203125 0
5174 0.412109375 0.537109375 0
5175 0.416015625 0.537109375 0
5176 0.408203125 0.537109375 0
5177 0.404296875 0.537109375 0
5178 0.408203125 0.541015625 0
5179 0.412109375 0.541015625 0
5180 0.416015625 0.541015625 0
5181 0.419921875 0.541015625 0
5182 0.419921875 0.544921875 0
5183 0.423828125 0.544921875 0
5184 0.416015625 0.544921875 0
5185 0.412109375 0.544921875 0
5186 0.416015625 0.548828125 0
5187 0.419921875 0.548828125 0
5188 0.423828125 0.548828125 0
5189 0.427734375 0.548828125 0
5190 0.408203125 0.544921875 0
5191 0.404296875 0.541015625 0
5192 0.404296875 0.544921875 0
5193 0.408203125 0.548828125 0
5194 0.412109375 0.548828125 0
5195 0.400390625 0.537109375 0
5196 0.39453125 0.54296875 0
5197 0.3984375 0.54296875 0
5198 0.400390625 0.541015625 0
5199 0.400390625 0.544921875 0
5200 0.3828125 0.5546875 0
5201 0.390625 0.5546875 0
5202 0.39453125 0.55078125 0
5203 0.3984375 0.55078125 0
5204 0.400390625 0.548828125 0
5205 0.404296875 0.548828125 0
5206 0.412109375 0.552734375 0
5207 0.416015625 0.552734375 0
5208 0.408203125 0.552734375 0
5209 0.404296875 0.552734375 0
5210 0.408203125 0.556640625 0
5211 0.412109375 0.556640625 0
5212 0.419921875 0.552734375 0
5213 0.416015625 0.556640625 0
5214 0.419921875 0.556640625 0
5215 0.423828125 0.552734375 0
5216 0.427734375 0.552734375 0
5217 0.431640625 0.552734375 0
5218 0.423828125 0.556640625 0
5219 0.427734375 0.556640625 0
5220 0.431640625 0.556640625 0
5221 0.435546875 0.556640625 0
5222 0.435546875 0.560546875 0
5223 0.439453125 0.560546875 0
5224 0.431640625 0.560546875 0
5225 0.427734375 0.560546875 0
5226 0.431640625 0.564453125 0
5227 0.435546875 0.564453125 0
5228 0.443359375 0.560546875 0
5229 0.447265625 0.560546875 0
5230 0.443359375 0.564453125 0
5231 0.439453125 0.564453125 0
5232 0.423828125 0.560546875 0
5233 0.419921875 0.560546875 0
5234 0.423828125 0.564453125 0
5235 0.427734375 0.564453125 0
5236 0.416015625 0.560546875 0
5237 0.412109375 0.560546875 0
5238 0.416015625 0.564453125 0
5239 0.419921875 0.564453125 0
5240 0.427734375 0.568359375 0
5241 0.431640625 0.568359375 0
5242 0.423828125 0.568359375 0
5243 0.419921875 0.568359375 0
5244 0.423828125 0.572265625 0
5245 0.427734375 0.572265625 0
5246 0.435546875 0.568359375 0
5247 0.439453125 0.568359375 0
5248 0.435546875 0.572265625 0
5249 0.431640625 0.572265625 0
5250 0.451171875 0.560546875 0
5251 0.455078125 0.560546875 0
5252 0.451171875 0.564453125 0
5253 0.447265625 0.564453125 0
5254 0.458984375 0.560546875 0
5255 0.462890625 0.560546875 0
5256 0.458984375 0.564453125 0
5257 0.455078125 0.564453125 0
5258 0.447265625 0.568359375 0
5259 0.443359375 0.568359375 0
5260 0.451171875 0.568359375 0
5261 0.455078125 0.568359375 0
5262 0.451171875 0.572265625 0
5263 0.447265625 0.572265625 0
5264 0.443359375 0.572265625 0
5265 0.439453125 0.572265625 0
5266 0.408203125 0.560546875 0
5267 0.404296875 0.556640625 0
5268 0.404296875 0.560546875 0
5269 0.408203125 0.564453125 0
5270 0.412109375 0.564453125 0
5271 0.400390625 0.552734375 0
5272 0.39453125 0.55859375 0
5273 0.3984375 0.55859375 0
5274 0.400390625 0.556640625 0
5275 0.400390625 0.560546875 0
5276 0.359375 0.578125 0
5277 0.375 0.578125 0
5278 0.3828125 0.5703125 0
5279 0.390625 0.5703125 0
5280 0.39453125 0.56640625 0
5281 0.3984375 0.56640625 0
5282 0.400390625 0.564453125 0
5283 0.404296875 0.564453125 0
5284 0.412109375 0.568359375 0
5285 0.416015625 0.568359375 0
5286 0.408203125 0.568359375 0
5287 0.404296875 0.568359375 0
5288 0.408203125 0.572265625 0
5289 0.412109375 0.572265625 0
5290 0.416015625 0.572265625 0
5291 0.419921875 0.572265625 0
5292 0.419921875 0.576171875 0
5293 0.423828125 0.576171875 0
5294 0.416015625 0.576171875 0
5295 0.412109375 0.576171875 0
5296 0.416015625 0.580078125 0
5297 0.419921875 0.580078125 0
5298 0.427734375 0.576171875 0
5299 0.431640625 0.576171875 0
5300 0.427734375 0.580078125 0
5301 0.423828125 0.580078125 0
5302 0.408203125 0.576171875 0
5303 0.404296875 0.572265625 0
5304 0.404296875 0.576171875 0
5305 0.408203125 0.580078125 0
5306 0.412109375 0.580078125 0
5307 0.400390625 0.568359375 0
5308 0.39453125 0.57421875 0
5309 0.3984375 0.57421875 0
5310 0.400390625 0.572265625 0
5311 0.400390625 0.576171875 0
5312 0.3828125 0.5859375 0
5313 0.390625 0.5859375 0
5314 0.39453125 0.58203125 0
5315 0.3984375 0.58203125 0
5316 0.400390625 0.580078125 0
5317 0.404296875 0.580078125 0
5318 0.412109375 0.583984375 0
5319 0.416015625 0.583984375 0
5320 0.408203125 0.583984375 0
5321 0.404296875 0.583984375 0
5322 0.408203125 0.587890625 0
5323 0.412109375 0.587890625 0
5324 0.419921875 0.583984375 0
5325 0.423828125 0.583984375 0
5326 0.419921875 0.587890625 0
5327 0.416015625 0.587890625 0
5328 0.435546875 0.576171875 0
5329 0.439453125 0.576171875 0
5330 0.435546875 0.580078125 0
5331 0.431640625 0.580078125 0
5332 0.443359375 0.576171875 0
5333 0.447265625 0.576171875 0
5334 0.443359375 0.580078125 0
5335 0.439453125 0.580078125 0
5336 0.431640625 0.583984375 0
5337 0.427734375 0.583984375 0
5338 0.435546875 0.583984375 0
5339 0.439453125 0.583984375 0
5340 0.435546875 0.587890625 0
5341 0.431640625 0.587890625 0
5342 0.427734375 0.587890625 0
5343 0.423828125 0.587890625 0
5344 0.466796875 0.560546875 0
5345 0.470703125 0.560546875 0
5346 0.466796875 0.564453125 0
5347 0.462890625 0.564453125 0
5348 0.474609375 0.560546875 0
5349 0.478515625 0.560546875 0
5350 0.474609375 0.564453125 0
5351 0.470703125 0.564453125 0
5352 0.462890625 0.568359375 0
5353 0.458984375 0.568359375 0
5354 0.466796875 0.568359375 0
5355 0.470703125 0.568359375 0
5356 0.466796875 0.572265625 0
5357 0.462890625 0.572265625 0
5358 0.458984375 0.572265625 0
5359 0.455078125 0.572265625 0
5360 0.482421875 0.560546875 0
5361 0.486328125 0.560546875 0
5362 0.482421875 0.564453125 0
5363 0.478515625 0.564453125 0
5364 0.490234375 0.560546875 0
5365 0.494140625 0.560546875 0
5366 0.490234375 0.564453125 0
5367 0.486328125 0.564453125 0
5368 0.478515625 0.568359375 0
5369 0.474609375 0.568359375 0
5370 0.482421875 0.568359375 0
5371 0.486328125 0.568359375 0
5372 0.482421875 0.572265625 0
5373 0.478515625 0.572265625 0
5374 0.474609375 0.572265625 0
5375 0.470703125 0.572265625 0
5376 0.455078125 0.576171875 0
5377 0.451171875 0.576171875 0
5378 0.458984375 0.576171875 0
5379 0.462890625 0.576171875 0
5380 0.458984375 0.580078125 0
5381 0.455078125 0.580078125 0
5382 0.451171875 0.580078125 0
5383 0.447265625 0.580078125 0
5384 0.466796875 0.576171875 0
5385 0.470703125 0.576171875 0
5386 0.466796875 0.580078125 0
5387 0.462890625 0.580078125 0
5388 0.474609375 0.576171875 0
5389 0.478515625 0.576171875 0
5390 0.474609375 0.580078125 0
5391 0.470703125 0.580078125 0
5392 0.462890625 0.583984375 0
5393 0.458984375 0.583984375 0
5394 0.466796875 0.583984375 0
5395 0.470703125 0.583984375 0
5396 0.466796875 0.587890625 0
5397 0.462890625 0.587890625 0
5398 0.455078125 0.583984375 0
5399 0.458984375 0.587890625 0
5400 0.455078125 0.587890625 0
5401 0.451171875 0.583984375 0
5402 0.447265625 0.583984375 0
5403 0.443359375 0.583984375 0
5404 0.451171875 0.587890625 0
5405 0.447265625 0.587890625 0
5406 0.443359375 0.587890625 0
5407 0.439453125 0.587890625 0
5408 0.408203125 0.591796875 0
5409 0.404296875 0.587890625 0
5410 0.404296875 0.591796875 0
5411 0.412109375 0.591796875 0
5412 0.416015625 0.591796875 0
5413 0.412109375 0.595703125 0
5414 0.408203125 0.595703125 0
5415 0.400390625 0.583984375 0
5416 0.39453125 0.58984375 0
5417 0.3984375 0.58984375 0
5418 0.400390625 0.587890625 0
5419 0.400390625 0.591796875 0
5420 0.34375 0.65625 0
5421 0.34375 0.625 0
5422 0.359375 0.609375 0
5423 0.375 0.609375 0
5424 0.3828125 0.6015625 0
5425 0.390625 0.6015625 0
5426 0.39453125 0.59765625 0
5427 0.3984375 0.59765625 0
5428 0.400390625 0.595703125 0
5429 0.404296875 0.595703125 0
5430 0.419921875 0.591796875 0
5431 0.423828125 0.591796875 0
5432 0.419921875 0.595703125 0
5433 0.416015625 0.595703125 0
5434 0.427734375 0.591796875 0
5435 0.431640625 0.591796875 0
5436 0.427734375 0.595703125 0
5437 0.423828125 0.595703125 0
5438 0.4375 0.65625 0
5439 0.421875 0.640625 0
5440 0.421875 0.625 0
5441 0.4140625 0.6171875 0
5442 0.4140625 0.609375 0
5443 0.41796875 0.60546875 0
5444 0.41796875 0.6015625 0
5445 0.416015625 0.599609375 0
5446 0.41015625 0.60546875 0
5447 0.41015625 0.6015625 0
5448 0.412109375 0.599609375 0
5449 0.419921875 0.599609375 0
5450 0.4296875 0.6171875 0
5451 0.4296875 0.609375 0
5452 0.42578125 0.60546875 0
5453 0.42578125 0.6015625 0
5454 0.423828125 0.599609375 0
5455 0.408203125 0.599609375 0
5456 0.375 0.65625 0
5457 0.390625 0.640625 0
5458 0.390625 0.625 0
5459 0.3984375 0.6171875 0
5460 0.3984375 0.609375 0
5461 0.40234375 0.60546875 0
5462 0.40234375 0.6015625 0
5463 0.404296875 0.599609375 0
5464 0.435546875 0.591796875 0
5465 0.439453125 0.591796875 0
5466 0.435546875 0.595703125 0
5467 0.431640625 0.595703125 0
5468 0.443359375 0.591796875 0
5469 0.447265625 0.591796875 0
5470 0.443359375 0.595703125 0
5471 0.439453125 0.595703125 0
5472 0.43359375 0.60546875 0
5473 0.43359375 0.6015625 0
5474 0.431640625 0.599609375 0
5475 0.427734375 0.599609375 0
5476 0.435546875 0.599609375 0
5477 0.453125 0.640625 0
5478 0.453125 0.625 0
5479 0.4453125 0.6171875 0
5480 0.4453125 0.609375 0
5481 0.44140625 0.60546875 0
5482 0.44140625 0.6015625 0
5483 0.439453125 0.599609375 0
5484 0.451171875 0.591796875 0
5485 0.455078125 0.591796875 0
5486 0.451171875 0.595703125 0
5487 0.447265625 0.595703125 0
5488 0.458984375 0.591796875 0
5489 0.462890625 0.591796875 0
5490 0.458984375 0.595703125 0
5491 0.455078125 0.595703125 0
5492 0.44921875 0.60546875 0
5493 0.44921875 0.6015625 0
5494 0.447265625 0.599609375 0
5495 0.443359375 0.599609375 0
5496 0.451171875 0.599609375 0
5497 0.4609375 0.6171875 0
5498 0.4609375 0.609375 0
5499 0.45703125 0.60546875 0
5500 0.45703125 0.6015625 0
5501 0.455078125 0.599609375 0
5502 0.498046875 0.560546875 0
5503 0.501953125 0.560546875 0
5504 0.498046875 0.564453125 0
5505 0.494140625 0.564453125 0
5506 0.505859375 0.560546875 0
5507 0.501953125 0.564453125 0
5508 0.505859375 0.564453125 0
5509 0.509765625 0.560546875 0
5510 0.494140625 0.568359375 0
5511 0.490234375 0.568359375 0
5512 0.498046875 0.568359375 0
5513 0.501953125 0.568359375 0
5514 0.498046875 0.572265625 0
5515 0.494140625 0.572265625 0
5516 0.490234375 0.572265625 0
5517 0.486328125 0.572265625 0
5518 0.513671875 0.560546875 0
5519 0.509765625 0.564453125 0
5520 0.513671875 0.564453125 0
5521 0.517578125 0.560546875 0
5522 0.505859375 0.568359375 0
5523 0.509765625 0.568359375 0
5524 0.501953125 0.572265625 0
5525 0.505859375 0.572265625 0
5526 0.513671875 0.568359375 0
5527 0.509765625 0.572265625 0
5528 0.513671875 0.572265625 0
5529 0.517578125 0.568359375 0
5530 0.517578125 0.564453125 0
5531 0.521484375 0.560546875 0
5532 0.521484375 0.564453125 0
5533 0.525390625 0.560546875 0
5534 0.486328125 0.576171875 0
5535 0.482421875 0.576171875 0
5536 0.490234375 0.576171875 0
5537 0.494140625 0.576171875 0
5538 0.490234375 0.580078125 0
5539 0.486328125 0.580078125 0
5540 0.482421875 0.580078125 0
5541 0.478515625 0.580078125 0
5542 0.498046875 0.576171875 0
5543 0.501953125 0.576171875 0
5544 0.498046875 0.580078125 0
5545 0.494140625 0.580078125 0
5546 0.505859375 0.576171875 0
5547 0.501953125 0.580078125 0
5548 0.505859375 0.580078125 0
5549 0.509765625 0.576171875 0
5550 0.494140625 0.583984375 0
5551 0.490234375 0.583984375 0
5552 0.498046875 0.583984375 0
5553 0.501953125 0.583984375 0
5554 0.498046875 0.587890625 0
5555 0.494140625 0.587890625 0
5556 0.486328125 0.583984375 0
5557 0.490234375 0.587890625 0
5558 0.486328125 0.587890625 0
5559 0.482421875 0.583984375 0
5560 0.478515625 0.583984375 0
5561 0.474609375 0.583984375 0
5562 0.482421875 0.587890625 0
5563 0.478515625 0.587890625 0
5564 0.474609375 0.587890625 0
5565 0.470703125 0.587890625 0
5566 0.529296875 0.560546875 0
5567 0.525390625 0.564453125 0
5568 0.529296875 0.564453125 0
5569 0.533203125 0.560546875 0
5570 0.521484375 0.568359375 0
5571 0.525390625 0.568359375 0
5572 0.517578125 0.572265625 0
5573 0.521484375 0.572265625 0
5574 0.529296875 0.568359375 0
5575 0.525390625 0.572265625 0
5576 0.529296875 0.572265625 0
5577 0.533203125 0.568359375 0
5578 0.533203125 0.564453125 0
5579 0.537109375 0.560546875 0
5580 0.537109375 0.564453125 0
5581 0.541015625 0.560546875 0
5582 0.513671875 0.576171875 0
5583 0.517578125 0.576171875 0
5584 0.509765625 0.580078125 0
5585 0.513671875 0.580078125 0
5586 0.521484375 0.576171875 0
5587 0.517578125 0.580078125 0
5588 0.521484375 0.580078125 0
5589 0.525390625 0.576171875 0
5590 0.505859375 0.583984375 0
5591 0.509765625 0.583984375 0
5592 0.501953125 0.587890625 0
5593 0.505859375 0.587890625 0
5594 0.513671875 0.583984375 0
5595 0.509765625 0.587890625 0
5596 0.513671875 0.587890625 0
5597 0.517578125 0.583984375 0
5598 0.529296875 0.576171875 0
5599 0.525390625 0.580078125 0
5600 0.529296875 0.580078125 0
5601 0.533203125 0.576171875 0
5602 0.533203125 0.572265625 0
5603 0.521484375 0.583984375 0
5604 0.525390625 0.583984375 0
5605 0.517578125 0.587890625 0
5606 0.521484375 0.587890625 0
5607 0.529296875 0.583984375 0
5608 0.525390625 0.587890625 0
5609 0.529296875 0.587890625 0
5610 0.533203125 0.583984375 0
5611 0.533203125 0.580078125 0
5612 0.537109375 0.572265625 0
5613 0.537109375 0.568359375 0
5614 0.537109375 0.576171875 0
5615 0.537109375 0.580078125 0
5616 0.541015625 0.576171875 0
5617 0.541015625 0.572265625 0
5618 0.541015625 0.568359375 0
5619 0.541015625 0.564453125 0
5620 0.544921875 0.560546875 0
5621 0.544921875 0.564453125 0
5622 0.548828125 0.560546875 0
5623 0.544921875 0.568359375 0
5624 0.544921875 0.572265625 0
5625 0.548828125 0.568359375 0
5626 0.548828125 0.564453125 0
5627 0.552734375 0.560546875 0
5628 0.552734375 0.564453125 0
5629 0.556640625 0.560546875 0
5630 0.470703125 0.591796875 0
5631 0.466796875 0.591796875 0
5632 0.474609375 0.591796875 0
5633 0.478515625 0.591796875 0
5634 0.474609375 0.595703125 0
5635 0.470703125 0.595703125 0
5636 0.466796875 0.595703125 0
5637 0.462890625 0.595703125 0
5638 0.482421875 0.591796875 0
5639 0.486328125 0.591796875 0
5640 0.482421875 0.595703125 0
5641 0.478515625 0.595703125 0
5642 0.490234375 0.591796875 0
5643 0.494140625 0.591796875 0
5644 0.490234375 0.595703125 0
5645 0.486328125 0.595703125 0
5646 0.5 0.65625 0
5647 0.484375 0.640625 0
5648 0.484375 0.625 0
5649 0.4765625 0.6171875 0
5650 0.4765625 0.609375 0
5651 0.48046875 0.60546875 0
5652 0.48046875 0.6015625 0
5653 0.478515625 0.599609375 0
5654 0.47265625 0.60546875 0
5655 0.47265625 0.6015625 0
5656 0.474609375 0.599609375 0
5657 0.482421875 0.599609375 0
5658 0.4921875 0.6171875 0
5659 0.4921875 0.609375 0
5660 0.48828125 0.60546875 0
5661 0.48828125 0.6015625 0
5662 0.486328125 0.599609375 0
5663 0.470703125 0.599609375 0
5664 0.46484375 0.60546875 0
5665 0.46484375 0.6015625 0
5666 0.466796875 0.599609375 0
5667 0.462890625 0.599609375 0
5668 0.458984375 0.599609375 0
5669 0.498046875 0.591796875 0
5670 0.501953125 0.591796875 0
5671 0.498046875 0.595703125 0
5672 0.494140625 0.595703125 0
5673 0.505859375 0.591796875 0
5674 0.501953125 0.595703125 0
5675 0.505859375 0.595703125 0
5676 0.509765625 0.591796875 0
5677 0.49609375 0.60546875 0
5678 0.49609375 0.6015625 0
5679 0.494140625 0.599609375 0
5680 0.490234375 0.599609375 0
5681 0.498046875 0.599609375 0
5682 0.515625 0.640625 0
5683 0.515625 0.625 0
5684 0.5078125 0.6171875 0
5685 0.5078125 0.609375 0
5686 0.50390625 0.60546875 0
5687 0.50390625 0.6015625 0
5688 0.501953125 0.599609375 0
5689 0.513671875 0.591796875 0
5690 0.509765625 0.595703125 0
5691 0.513671875 0.595703125 0
5692 0.517578125 0.591796875 0
5693 0.505859375 0.599609375 0
5694 0.51171875 0.60546875 0
5695 0.51171875 0.6015625 0
5696 0.509765625 0.599609375 0
5697 0.513671875 0.599609375 0
5698 0.5234375 0.6171875 0
5699 0.5234375 0.609375 0
5700 0.51953125 0.60546875 0
5701 0.51953125 0.6015625 0
5702 0.517578125 0.599609375 0
5703 0.517578125 0.595703125 0
5704 0.521484375 0.591796875 0
5705 0.521484375 0.595703125 0
5706 0.525390625 0.591796875 0
5707 0.591796875 0.529296875 0
5708 0.595703125 0.529296875 0
5709 0.595703125 0.525390625 0
5710 0.587890625 0.533203125 0
5711 0.591796875 0.533203125 0
5712 0.60546875 0.52734375 0
5713 0.6015625 0.52734375 0
5714 0.599609375 0.525390625 0
5715 0.599609375 0.521484375 0
5716 0.599609375 0.529296875 0
5717 0.65625 0.5625 0
5718 0.640625 0.546875 0
5719 0.625 0.546875 0
5720 0.6171875 0.5390625 0
5721 0.609375 0.5390625 0
5722 0.60546875 0.53515625 0
5723 0.6015625 0.53515625 0
5724 0.599609375 0.533203125 0
5725 0.595703125 0.533203125 0
5726 0.583984375 0.537109375 0
5727 0.587890625 0.537109375 0
5728 0.580078125 0.541015625 0
5729 0.583984375 0.541015625 0
5730 0.591796875 0.537109375 0
5731 0.595703125 0.537109375 0
5732 0.591796875 0.541015625 0
5733 0.587890625 0.541015625 0
5734 0.576171875 0.544921875 0
5735 0.580078125 0.544921875 0
5736 0.572265625 0.548828125 0
5737 0.576171875 0.548828125 0
5738 0.583984375 0.544921875 0
5739 0.587890625 0.544921875 0
5740 0.583984375 0.548828125 0
5741 0.580078125 0.548828125 0
5742 0.568359375 0.552734375 0
5743 0.572265625 0.552734375 0
5744 0.564453125 0.556640625 0
5745 0.568359375 0.556640625 0
5746 0.576171875 0.552734375 0
5747 0.580078125 0.552734375 0
5748 0.576171875 0.556640625 0
5749 0.572265625 0.556640625 0
5750 0.591796875 0.544921875 0
5751 0.595703125 0.541015625 0
5752 0.595703125 0.544921875 0
5753 0.591796875 0.548828125 0
5754 0.587890625 0.548828125 0
5755 0.599609375 0.537109375 0
5756 0.60546875 0.54296875 0
5757 0.6015625 0.54296875 0
5758 0.599609375 0.541015625 0
5759 0.599609375 0.544921875 0
5760 0.6171875 0.5546875 0
5761 0.609375 0.5546875 0
5762 0.60546875 0.55078125 0
5763 0.6015625 0.55078125 0
5764 0.599609375 0.548828125 0
5765 0.595703125 0.548828125 0
5766 0.587890625 0.552734375 0
5767 0.583984375 0.552734375 0
5768 0.591796875 0.552734375 0
5769 0.595703125 0.552734375 0
5770 0.591796875 0.556640625 0
5771 0.587890625 0.556640625 0
5772 0.583984375 0.556640625 0
5773 0.580078125 0.556640625 0
5774 0.560546875 0.560546875 0
5775 0.564453125 0.560546875 0
5776 0.556640625 0.564453125 0
5777 0.560546875 0.564453125 0
5778 0.568359375 0.560546875 0
5779 0.572265625 0.560546875 0
5780 0.568359375 0.564453125 0
5781 0.564453125 0.564453125 0
5782 0.552734375 0.568359375 0
5783 0.556640625 0.568359375 0
5784 0.548828125 0.572265625 0
5785 0.552734375 0.572265625 0
5786 0.560546875 0.568359375 0
5787 0.564453125 0.568359375 0
5788 0.560546875 0.572265625 0
5789 0.556640625 0.572265625 0
5790 0.576171875 0.560546875 0
5791 0.580078125 0.560546875 0
5792 0.576171875 0.564453125 0
5793 0.572265625 0.564453125 0
5794 0.583984375 0.560546875 0
5795 0.587890625 0.560546875 0
5796 0.583984375 0.564453125 0
5797 0.580078125 0.564453125 0
5798 0.572265625 0.568359375 0
5799 0.568359375 0.568359375 0
5800 0.576171875 0.568359375 0
5801 0.580078125 0.568359375 0
5802 0.576171875 0.572265625 0
5803 0.572265625 0.572265625 0
5804 0.568359375 0.572265625 0
5805 0.564453125 0.572265625 0
5806 0.544921875 0.576171875 0
5807 0.548828125 0.576171875 0
5808 0.541015625 0.580078125 0
5809 0.544921875 0.580078125 0
5810 0.552734375 0.576171875 0
5811 0.556640625 0.576171875 0
5812 0.552734375 0.580078125 0
5813 0.548828125 0.580078125 0
5814 0.537109375 0.583984375 0
5815 0.541015625 0.583984375 0
5816 0.533203125 0.587890625 0
5817 0.537109375 0.587890625 0
5818 0.544921875 0.583984375 0
5819 0.548828125 0.583984375 0
5820 0.544921875 0.587890625 0
5821 0.541015625 0.587890625 0
5822 0.560546875 0.576171875 0
5823 0.564453125 0.576171875 0
5824 0.560546875 0.580078125 0
5825 0.556640625 0.580078125 0
5826 0.568359375 0.576171875 0
5827 0.572265625 0.576171875 0
5828 0.568359375 0.580078125 0
5829 0.564453125 0.580078125 0
5830 0.556640625 0.583984375 0
5831 0.552734375 0.583984375 0
5832 0.560546875 0.583984375 0
5833 0.564453125 0.583984375 0
5834 0.560546875 0.587890625 0
5835 0.556640625 0.587890625 0
5836 0.552734375 0.587890625 0
5837 0.548828125 0.587890625 0
5838 0.591796875 0.560546875 0
5839 0.595703125 0.556640625 0
5840 0.595703125 0.560546875 0
5841 0.591796875 0.564453125 0
5842 0.587890625 0.564453125 0
5843 0.599609375 0.552734375 0
5844 0.60546875 0.55859375 0
5845 0.6015625 0.55859375 0
5846 0.599609375 0.556640625 0
5847 0.599609375 0.560546875 0
5848 0.640625 0.578125 0
5849 0.625 0.578125 0
5850 0.6171875 0.5703125 0
5851 0.609375 0.5703125 0
5852 0.60546875 0.56640625 0
5853 0.6015625 0.56640625 0
5854 0.599609375 0.564453125 0
5855 0.595703125 0.564453125 0
5856 0.587890625 0.568359375 0
5857 0.583984375 0.568359375 0
5858 0.591796875 0.568359375 0
5859 0.595703125 0.568359375 0
5860 0.591796875 0.572265625 0
5861 0.587890625 0.572265625 0
5862 0.583984375 0.572265625 0
5863 0.580078125 0.572265625 0
5864 0.580078125 0.576171875 0
5865 0.576171875 0.576171875 0
5866 0.583984375 0.576171875 0
5867 0.587890625 0.576171875 0
5868 0.583984375 0.580078125 0
5869 0.580078125 0.580078125 0
5870 0.576171875 0.580078125 0
5871 0.572265625 0.580078125 0
5872 0.591796875 0.576171875 0
5873 0.595703125 0.572265625 0
5874 0.595703125 0.576171875 0
5875 0.591796875 0.580078125 0
5876 0.587890625 0.580078125 0
5877 0.599609375 0.568359375 0
5878 0.60546875 0.57421875 0
5879 0.6015625 0.57421875 0
5880 0.599609375 0.572265625 0
5881 0.599609375 0.576171875 0
5882 0.6171875 0.5859375 0
5883 0.609375 0.5859375 0
5884 0.60546875 0.58203125 0
5885 0.6015625 0.58203125 0
5886 0.599609375 0.580078125 0
5887 0.595703125 0.580078125 0
5888 0.587890625 0.583984375 0
5889 0.583984375 0.583984375 0
5890 0.591796875 0.583984375 0
5891 0.595703125 0.583984375 0
5892 0.591796875 0.587890625 0
5893 0.587890625 0.587890625 0
5894 0.580078125 0.583984375 0
5895 0.583984375 0.587890625 0
5896 0.580078125 0.587890625 0
5897 0.576171875 0.583984375 0
5898 0.572265625 0.583984375 0
5899 0.568359375 0.583984375 0
5900 0.576171875 0.587890625 0
5901 0.572265625 0.587890625 0
5902 0.568359375 0.587890625 0
5903 0.564453125 0.587890625 0
5904 0.529296875 0.591796875 0
5905 0.533203125 0.591796875 0
5906 0.525390625 0.595703125 0
5907 0.529296875 0.595703125 0
5908 0.537109375 0.591796875 0
5909 0.541015625 0.591796875 0
5910 0.537109375 0.595703125 0
5911 0.533203125 0.595703125 0
5912 0.521484375 0.599609375 0
5913 0.52734375 0.60546875 0
5914 0.52734375 0.6015625 0
5915 0.525390625 0.599609375 0
5916 0.529296875 0.599609375 0
5917 0.5625 0.65625 0
5918 0.546875 0.640625 0
5919 0.546875 0.625 0
5920 0.5390625 0.6171875 0
5921 0.5390625 0.609375 0
5922 0.53515625 0.60546875 0
5923 0.53515625 0.6015625 0
5924 0.533203125 0.599609375 0
5925 0.544921875 0.591796875 0
5926 0.548828125 0.591796875 0
5927 0.544921875 0.595703125 0
5928 0.541015625 0.595703125 0
5929 0.552734375 0.591796875 0
5930 0.556640625 0.591796875 0
5931 0.552734375 0.595703125 0
5932 0.548828125 0.595703125 0
5933 0.54296875 0.60546875 0
5934 0.54296875 0.6015625 0
5935 0.541015625 0.599609375 0
5936 0.537109375 0.599609375 0
5937 0.544921875 0.599609375 0
5938 0.5546875 0.6171875 0
5939 0.5546875 0.609375 0
5940 0.55078125 0.60546875 0
5941 0.55078125 0.6015625 0
5942 0.548828125 0.599609375 0
5943 0.560546875 0.591796875 0
5944 0.564453125 0.591796875 0
5945 0.560546875 0.595703125 0
5946 0.556640625 0.595703125 0
5947 0.568359375 0.591796875 0
5948 0.572265625 0.591796875 0
5949 0.568359375 0.595703125 0
5950 0.564453125 0.595703125 0
5951 0.55859375 0.60546875 0
5952 0.55859375 0.6015625 0
5953 0.556640625 0.599609375 0
5954 0.552734375 0.599609375 0
5955 0.560546875 0.599609375 0
5956 0.578125 0.640625 0
5957 0.578125 0.625 0
5958 0.5703125 0.6171875 0
5959 0.5703125 0.609375 0
5960 0.56640625 0.60546875 0
5961 0.56640625 0.6015625 0
5962 0.564453125 0.599609375 0
5963 0.576171875 0.591796875 0
5964 0.580078125 0.591796875 0
5965 0.576171875 0.595703125 0
5966 0.572265625 0.595703125 0
5967 0.583984375 0.591796875 0
5968 0.587890625 0.591796875 0
5969 0.583984375 0.595703125 0
5970 0.580078125 0.595703125 0
5971 0.57421875 0.60546875 0
5972 0.57421875 0.6015625 0
5973 0.572265625 0.599609375 0
5974 0.568359375 0.599609375 0
5975 0.576171875 0.599609375 0
5976 0.5859375 0.6171875 0
5977 0.5859375 0.609375 0
5978 0.58203125 0.60546875 0
5979 0.58203125 0.6015625 0
5980 0.580078125 0.599609375 0
5981 0.591796875 0.591796875 0
5982 0.595703125 0.587890625 0
5983 0.595703125 0.591796875 0
5984 0.591796875 0.595703125 0
5985 0.587890625 0.595703125 0
5986 0.599609375 0.583984375 0
5987 0.60546875 0.58984375 0
5988 0.6015625 0.58984375 0
5989 0.599609375 0.587890625 0
5990 0.599609375 0.591796875 0
5991 0.65625 0.65625 0
5992 0.65625 0.625 0
5993 0.640625 0.609375 0
5994 0.625 0.609375 0
5995 0.6171875 0.6015625 0
5996 0.609375 0.6015625 0
5997 0.60546875 0.59765625 0
5998 0.6015625 0.59765625 0
5999 0.599609375 0.595703125 0
6000 0.595703125 0.595703125 0
6001 0.58984375 0.60546875 0
6002 0.58984375 0.6015625 0
6003 0.587890625 0.599609375 0
6004 0.583984375 0.599609375 0
6005 0.591796875 0.599609375 0
6006 0.625 0.65625 0
6007 0.609375 0.640625 0
6008 0.609375 0.625 0
6009 0.6015625 0.6171875 0
6010 0.6015625 0.609375 0
6011 0.59765625 0.60546875 0
6012 0.59765625 0.6015625 0
6013 0.595703125 0.599609375 0
6014 0.474609375 0.44921875 0
6015 0.4765625 0.451171875 0
6016 0.474609375 0.453125 0
6017 0.47265625 0.451171875 0
6018 0.4765625 0.447265625 0
6019 0.47265625 0.447265625 0
6020 0.474609375 0.4453125 0
6021 0.478515625 0.44921875 0
6022 0.478515625 0.4453125 0
6023 0.48046875 0.447265625 0
6024 0.48046875 0.451171875 0
6025 0.478515625 0.453125 0
6026 0.470703125 0.453125 0
6027 0.46875 0.451171875 0
6028 0.470703125 0.44921875 0
6029 0.47265625 0.455078125 0
6030 0.4765625 0.455078125 0
6031 0.474609375 0.45703125 0
6032 0.470703125 0.45703125 0
6033 0.46875 0.455078125 0
6034 0.46875 0.447265625 0
6035 0.470703125 0.4453125 0
6036 0.466796875 0.44921875 0
6037 0.466796875 0.453125 0
6038 0.46484375 0.451171875 0
6039 0.46484375 0.447265625 0
6040 0.466796875 0.4453125 0
6041 0.47265625 0.443359375 0
6042 0.46875 0.443359375 0
6043 0.470703125 0.44140625 0
6044 0.474609375 0.44140625 0
6045 0.4765625 0.443359375 0
6046 0.482421875 0.453125 0
6047 0.482421875 0.44921875 0
6048 0.484375 0.451171875 0
6049 0.48046875 0.455078125 0
6050 0.484375 0.455078125 0
6051 0.482421875 0.45703125 0
6052 0.478515625 0.45703125 0
6053 0.482421875 0.4453125 0
6054 0.484375 0.447265625 0
6055 0.48046875 0.443359375 0
6056 0.478515625 0.44140625 0
6057 0.482421875 0.44140625 0
6058 0.484375 0.443359375 0
6059 0.486328125 0.44921875 0
6060 0.486328125 0.4453125 0
6061 0.48828125 0.447265625 0
6062 0.48828125 0.451171875 0
6063 0.486328125 0.453125 0
6064 0.4765625 0.458984375 0
6065 0.48046875 0.458984375 0
6066 0.478515625 0.4609375 0
6067 0.474609375 0.4609375 0
6068 0.47265625 0.458984375 0
6069 0.484375 0.458984375 0
6070 0.482421875 0.4609375 0
6071 0.486328125 0.45703125 0
6072 0.48828125 0.455078125 0
6073 0.48828125 0.458984375 0
6074 0.486328125 0.4609375 0
6075 0.48046875 0.462890625 0
6076 0.484375 0.462890625 0
6077 0.482421875 0.46484375 0
6078 0.478515625 0.46484375 0
6079 0.4765625 0.462890625 0
6080 0.470703125 0.4609375 0
6081 0.46875 0.458984375 0
6082 0.47265625 0.462890625 0
6083 0.474609375 0.46484375 0
6084 0.470703125 0.46484375 0
6085 0.46875 0.462890625 0
6086 0.466796875 0.45703125 0
6087 0.466796875 0.4609375 0
6088 0.46484375 0.458984375 0
6089 0.46484375 0.455078125 0
6090 0.46875 0.439453125 0
6091 0.470703125 0.4375 0
6092 0.47265625 0.439453125 0
6093 0.466796875 0.44140625 0
6094 0.46484375 0.443359375 0
6095 0.46484375 0.439453125 0
6096 0.466796875 0.4375 0
6097 0.474609375 0.4375 0
6098 0.4765625 0.439453125 0
6099 0.47265625 0.435546875 0
6100 0.46875 0.435546875 0
6101 0.470703125 0.43359375 0
6102 0.474609375 0.43359375 0
6103 0.4765625 0.435546875 0
6104 0.478515625 0.4375 0
6105 0.48046875 0.439453125 0
6106 0.462890625 0.4453125 0
6107 0.462890625 0.44921875 0
6108 0.4609375 0.447265625 0
6109 0.4609375 0.443359375 0
6110 0.462890625 0.44140625 0
6111 0.462890625 0.453125 0
6112 0.4609375 0.451171875 0
6113 0.462890625 0.45703125 0
6114 0.4609375 0.455078125 0
6115 0.458984375 0.44921875 0
6116 0.458984375 0.453125 0
6117 0.45703125 0.451171875 0
6118 0.45703125 0.447265625 0
6119 0.458984375 0.4453125 0
6120 0.4609375 0.439453125 0
6121 0.462890625 0.4375 0
6122 0.458984375 0.44140625 0
6123 0.45703125 0.443359375 0
6124 0.45703125 0.439453125 0
6125 0.458984375 0.4375 0
6126 0.46484375 0.435546875 0
6127 0.4609375 0.435546875 0
6128 0.462890625 0.43359375 0
6129 0.466796875 0.43359375 0
6130 0.482421875 0.4375 0
6131 0.484375 0.439453125 0
6132 0.48046875 0.435546875 0
6133 0.478515625 0.43359375 0
6134 0.482421875 0.43359375 0
6135 0.484375 0.435546875 0
6136 0.486328125 0.44140625 0
6137 0.486328125 0.4375 0
6138 0.48828125 0.439453125 0
6139 0.48828125 0.443359375 0
6140 0.4765625 0.431640625 0
6141 0.47265625 0.431640625 0
6142 0.474609375 0.4296875 0
6143 0.478515625 0.4296875 0
6144 0.48046875 0.431640625 0
6145 0.46875 0.431640625 0
6146 0.470703125 0.4296875 0
6147 0.46484375 0.431640625 0
6148 0.466796875 0.4296875 0
6149 0.47265625 0.427734375 0
6150 0.46875 0.427734375 0
6151 0.470703125 0.42578125 0
6152 0.474609375 0.42578125 0
6153 0.4765625 0.427734375 0
6154 0.482421875 0.4296875 0
6155 0.484375 0.431640625 0
6156 0.48046875 0.427734375 0
6157 0.478515625 0.42578125 0
6158 0.482421875 0.42578125 0
6159 0.484375 0.427734375 0
6160 0.486328125 0.43359375 0
6161 0.486328125 0.4296875 0
6162 0.48828125 0.431640625 0
6163 0.48828125 0.435546875 0
6164 0.490234375 0.4453125 0
6165 0.490234375 0.44140625 0
6166 0.4921875 0.443359375 0
6167 0.4921875 0.447265625 0
6168 0.490234375 0.44921875 0
6169 0.490234375 0.4375 0
6170 0.4921875 0.439453125 0
6171 0.490234375 0.43359375 0
6172 0.4921875 0.435546875 0
6173 0.494140625 0.44140625 0
6174 0.494140625 0.4375 0
6175 0.49609375 0.439453125 0
6176 0.49609375 0.443359375 0
6177 0.494140625 0.4453125 0
6178 0.4921875 0.451171875 0
6179 0.490234375 0.453125 0
6180 0.494140625 0.44921875 0
6181 0.49609375 0.447265625 0
6182 0.49609375 0.451171875 0
6183 0.494140625 0.453125 0
6184 0.4921875 0.455078125 0
6185 0.490234375 0.45703125 0
6186 0.46875 0.466796875 0
6187 0.47265625 0.466796875 0
6188 0.470703125 0.46875 0
6189 0.466796875 0.46484375 0
6190 0.466796875 0.46875 0
6191 0.46484375 0.466796875 0
6192 0.46484375 0.462890625 0
6193 0.4765625 0.466796875 0
6194 0.474609375 0.46875 0
6195 0.48046875 0.466796875 0
6196 0.478515625 0.46875 0
6197 0.47265625 0.470703125 0
6198 0.4765625 0.470703125 0
6199 0.474609375 0.47265625 0
6200 0.470703125 0.47265625 0
6201 0.46875 0.470703125 0
6202 0.462890625 0.4609375 0
6203 0.462890625 0.46484375 0
6204 0.4609375 0.462890625 0
6205 0.4609375 0.458984375 0
6206 0.462890625 0.46875 0
6207 0.4609375 0.466796875 0
6208 0.46484375 0.470703125 0
6209 0.466796875 0.47265625 0
6210 0.462890625 0.47265625 0
6211 0.4609375 0.470703125 0
6212 0.458984375 0.46484375 0
6213 0.458984375 0.46875 0
6214 0.45703125 0.466796875 0
6215 0.45703125 0.462890625 0
6216 0.458984375 0.4609375 0
6217 0.458984375 0.45703125 0
6218 0.45703125 0.458984375 0
6219 0.45703125 0.455078125 0
6220 0.484375 0.466796875 0
6221 0.482421875 0.46875 0
6222 0.486328125 0.46484375 0
6223 0.48828125 0.462890625 0
6224 0.48828125 0.466796875 0
6225 0.486328125 0.46875 0
6226 0.48046875 0.470703125 0
6227 0.484375 0.470703125 0
6228 0.482421875 0.47265625 0
6229 0.478515625 0.47265625 0
6230 0.490234375 0.4609375 0
6231 0.4921875 0.458984375 0
6232 0.4921875 0.462890625 0
6233 0.490234375 0.46484375 0
6234 0.494140625 0.45703125 0
6235 0.49609375 0.455078125 0
6236 0.49609375 0.458984375 0
6237 0.494140625 0.4609375 0
6238 0.4921875 0.466796875 0
6239 0.490234375 0.46875 0
6240 0.494140625 0.46484375 0
6241 0.49609375 0.462890625 0
6242 0.49609375 0.466796875 0
6243 0.494140625 0.46875 0
6244 0.48828125 0.470703125 0
6245 0.4921875 0.470703125 0
6246 0.490234375 0.47265625 0
6247 0.486328125 0.47265625 0
6248 0.4765625 0.474609375 0
6249 0.48046875 0.474609375 0
6250 0.478515625 0.4765625 0
6251 0.474609375 0.4765625 0
6252 0.47265625 0.474609375 0
6253 0.484375 0.474609375 0
6254 0.482421875 0.4765625 0
6255 0.48828125 0.474609375 0
6256 0.486328125 0.4765625 0
6257 0.48046875 0.478515625 0
6258 0.484375 0.478515625 0
6259 0.482421875 0.48046875 0
6260 0.478515625 0.48046875 0
6261 0.4765625 0.478515625 0
6262 0.470703125 0.4765625 0
6263 0.46875 0.474609375 0
6264 0.47265625 0.478515625 0
6265 0.474609375 0.48046875 0
6266 0.470703125 0.48046875 0
6267 0.46875 0.478515625 0
6268 0.466796875 0.4765625 0
6269 0.46484375 0.474609375 0
6270 0.455078125 0.453125 0
6271 0.455078125 0.45703125 0
6272 0.453125 0.455078125 0
6273 0.453125 0.451171875 0
6274 0.455078125 0.44921875 0
6275 0.455078125 0.4609375 0
6276 0.453125 0.458984375 0
6277 0.455078125 0.46484375 0
6278 0.453125 0.462890625 0
6279 0.451171875 0.45703125 0
6280 0.451171875 0.4609375 0
6281 0.44921875 0.458984375 0
6282 0.44921875 0.455078125 0
6283 0.451171875 0.453125 0
6284 0.453125 0.447265625 0
6285 0.455078125 0.4453125 0
6286 0.451171875 0.44921875 0
6287 0.44921875 0.451171875 0
6288 0.44921875 0.447265625 0
6289 0.451171875 0.4453125 0
6290 0.453125 0.443359375 0
6291 0.455078125 0.44140625 0
6292 0.455078125 0.46875 0
6293 0.453125 0.466796875 0
6294 0.45703125 0.470703125 0
6295 0.458984375 0.47265625 0
6296 0.455078125 0.47265625 0
6297 0.453125 0.470703125 0
6298 0.451171875 0.46484375 0
6299 0.451171875 0.46875 0
6300 0.44921875 0.466796875 0
6301 0.44921875 0.462890625 0
6302 0.4609375 0.474609375 0
6303 0.462890625 0.4765625 0
6304 0.458984375 0.4765625 0
6305 0.45703125 0.474609375 0
6306 0.46484375 0.478515625 0
6307 0.466796875 0.48046875 0
6308 0.462890625 0.48046875 0
6309 0.4609375 0.478515625 0
6310 0.455078125 0.4765625 0
6311 0.453125 0.474609375 0
6312 0.45703125 0.478515625 0
6313 0.458984375 0.48046875 0
6314 0.455078125 0.48046875 0
6315 0.453125 0.478515625 0
6316 0.451171875 0.47265625 0
6317 0.451171875 0.4765625 0
6318 0.44921875 0.474609375 0
6319 0.44921875 0.470703125 0
6320 0.447265625 0.4609375 0
6321 0.447265625 0.46484375 0
6322 0.4453125 0.462890625 0
6323 0.4453125 0.458984375 0
6324 0.447265625 0.45703125 0
6325 0.447265625 0.46875 0
6326 0.4453125 0.466796875 0
6327 0.447265625 0.47265625 0
6328 0.4453125 0.470703125 0
6329 0.443359375 0.46484375 0
6330 0.443359375 0.46875 0
6331 0.44140625 0.466796875 0
6332 0.44140625 0.462890625 0
6333 0.443359375 0.4609375 0
6334 0.4453125 0.455078125 0
6335 0.447265625 0.453125 0
6336 0.443359375 0.45703125 0
6337 0.44140625 0.458984375 0
6338 0.44140625 0.455078125 0
6339 0.443359375 0.453125 0
6340 0.4453125 0.451171875 0
6341 0.447265625 0.44921875 0
6342 0.453125 0.439453125 0
6343 0.455078125 0.4375 0
6344 0.451171875 0.44140625 0
6345 0.44921875 0.443359375 0
6346 0.44921875 0.439453125 0
6347 0.451171875 0.4375 0
6348 0.45703125 0.435546875 0
6349 0.453125 0.435546875 0
6350 0.455078125 0.43359375 0
6351 0.458984375 0.43359375 0
6352 0.447265625 0.4453125 0
6353 0.4453125 0.447265625 0
6354 0.4453125 0.443359375 0
6355 0.447265625 0.44140625 0
6356 0.443359375 0.44921875 0
6357 0.44140625 0.451171875 0
6358 0.44140625 0.447265625 0
6359 0.443359375 0.4453125 0
6360 0.4453125 0.439453125 0
6361 0.447265625 0.4375 0
6362 0.443359375 0.44140625 0
6363 0.44140625 0.443359375 0
6364 0.44140625 0.439453125 0
6365 0.443359375 0.4375 0
6366 0.44921875 0.435546875 0
6367 0.4453125 0.435546875 0
6368 0.447265625 0.43359375 0
6369 0.451171875 0.43359375 0
6370 0.4609375 0.431640625 0
6371 0.45703125 0.431640625 0
6372 0.458984375 0.4296875 0
6373 0.462890625 0.4296875 0
6374 0.453125 0.431640625 0
6375 0.455078125 0.4296875 0
6376 0.44921875 0.431640625 0
6377 0.451171875 0.4296875 0
6378 0.45703125 0.427734375 0
6379 0.453125 0.427734375 0
6380 0.455078125 0.42578125 0
6381 0.458984375 0.42578125 0
6382 0.4609375 0.427734375 0
6383 0.46484375 0.427734375 0
6384 0.462890625 0.42578125 0
6385 0.466796875 0.42578125 0
6386 0.498046875 0.4375 0
6387 0.5 0.439453125 0
6388 0.498046875 0.44140625 0
6389 0.49609375 0.435546875 0
6390 0.494140625 0.43359375 0
6391 0.498046875 0.43359375 0
6392 0.5 0.435546875 0
6393 0.5 0.443359375 0
6394 0.498046875 0.4453125 0
6395 0.501953125 0.44140625 0
6396 0.501953125 0.4453125 0
6397 0.50390625 0.443359375 0
6398 0.50390625 0.439453125 0
6399 0.501953125 0.4375 0
6400 0.5 0.447265625 0
6401 0.498046875 0.44921875 0
6402 0.4921875 0.431640625 0
6403 0.490234375 0.4296875 0
6404 0.494140625 0.4296875 0
6405 0.49609375 0.431640625 0
6406 0.48828125 0.427734375 0
6407 0.486328125 0.42578125 0
6408 0.490234375 0.42578125 0
6409 0.4921875 0.427734375 0
6410 0.498046875 0.4296875 0
6411 0.5 0.431640625 0
6412 0.49609375 0.427734375 0
6413 0.494140625 0.42578125 0
6414 0.498046875 0.42578125 0
6415 0.5 0.427734375 0
6416 0.501953125 0.43359375 0
6417 0.50390625 0.435546875 0
6418 0.50390625 0.431640625 0
6419 0.501953125 0.4296875 0
6420 0.5 0.451171875 0
6421 0.498046875 0.453125 0
6422 0.501953125 0.44921875 0
6423 0.501953125 0.453125 0
6424 0.50390625 0.451171875 0
6425 0.50390625 0.447265625 0
6426 0.5 0.455078125 0
6427 0.498046875 0.45703125 0
6428 0.505859375 0.4453125 0
6429 0.505859375 0.44921875 0
6430 0.5078125 0.447265625 0
6431 0.5078125 0.443359375 0
6432 0.505859375 0.44140625 0
6433 0.505859375 0.453125 0
6434 0.5078125 0.451171875 0
6435 0.50390625 0.455078125 0
6436 0.501953125 0.45703125 0
6437 0.505859375 0.45703125 0
6438 0.5078125 0.455078125 0
6439 0.509765625 0.44921875 0
6440 0.509765625 0.453125 0
6441 0.51171875 0.451171875 0
6442 0.51171875 0.447265625 0
6443 0.509765625 0.4453125 0
6444 0.5078125 0.439453125 0
6445 0.505859375 0.4375 0
6446 0.509765625 0.44140625 0
6447 0.51171875 0.443359375 0
6448 0.51171875 0.439453125 0
6449 0.509765625 0.4375 0
6450 0.5078125 0.435546875 0
6451 0.505859375 0.43359375 0
6452 0.5 0.458984375 0
6453 0.498046875 0.4609375 0
6454 0.501953125 0.4609375 0
6455 0.50390625 0.458984375 0
6456 0.5 0.462890625 0
6457 0.498046875 0.46484375 0
6458 0.484375 0.423828125 0
6459 0.48046875 0.423828125 0
6460 0.482421875 0.421875 0
6461 0.486328125 0.421875 0
6462 0.48828125 0.423828125 0
6463 0.4765625 0.423828125 0
6464 0.478515625 0.421875 0
6465 0.47265625 0.423828125 0
6466 0.474609375 0.421875 0
6467 0.48046875 0.419921875 0
6468 0.4765625 0.419921875 0
6469 0.478515625 0.41796875 0
6470 0.482421875 0.41796875 0
6471 0.484375 0.419921875 0
6472 0.490234375 0.421875 0
6473 0.4921875 0.423828125 0
6474 0.48828125 0.419921875 0
6475 0.486328125 0.41796875 0
6476 0.490234375 0.41796875 0
6477 0.4921875 0.419921875 0
6478 0.494140625 0.421875 0
6479 0.49609375 0.423828125 0
6480 0.46875 0.423828125 0
6481 0.470703125 0.421875 0
6482 0.46484375 0.423828125 0
6483 0.466796875 0.421875 0
6484 0.47265625 0.419921875 0
6485 0.46875 0.419921875 0
6486 0.470703125 0.41796875 0
6487 0.474609375 0.41796875 0
6488 0.4609375 0.423828125 0
6489 0.462890625 0.421875 0
6490 0.45703125 0.423828125 0
6491 0.458984375 0.421875 0
6492 0.46484375 0.419921875 0
6493 0.4609375 0.419921875 0
6494 0.462890625 0.41796875 0
6495 0.466796875 0.41796875 0
6496 0.4765625 0.416015625 0
6497 0.47265625 0.416015625 0
6498 0.474609375 0.4140625 0
6499 0.478515625 0.4140625 0
6500 0.48046875 0.416015625 0
6501 0.46875 0.416015625 0
6502 0.470703125 0.4140625 0
6503 0.46484375 0.416015625 0
6504 0.466796875 0.4140625 0
6505 0.47265625 0.412109375 0
6506 0.46875 0.412109375 0
6507 0.470703125 0.41015625 0
6508 0.474609375 0.41015625 0
6509 0.4765625 0.412109375 0
6510 0.482421875 0.4140625 0
6511 0.484375 0.416015625 0
6512 0.48046875 0.412109375 0
6513 0.478515625 0.41015625 0
6514 0.482421875 0.41015625 0
6515 0.484375 0.412109375 0
6516 0.486328125 0.4140625 0
6517 0.48828125 0.416015625 0
6518 0.498046875 0.421875 0
6519 0.5 0.423828125 0
6520 0.49609375 0.419921875 0
6521 0.494140625 0.41796875 0
6522 0.498046875 0.41796875 0
6523 0.5 0.419921875 0
6524 0.501953125 0.42578125 0
6525 0.50390625 0.427734375 0
6526 0.50390625 0.423828125 0
6527 0.501953125 0.421875 0
6528 0.4921875 0.416015625 0
6529 0.490234375 0.4140625 0
6530 0.494140625 0.4140625 0
6531 0.49609375 0.416015625 0
6532 0.48828125 0.412109375 0
6533 0.486328125 0.41015625 0
6534 0.490234375 0.41015625 0
6535 0.4921875 0.412109375 0
6536 0.498046875 0.4140625 0
6537 0.5 0.416015625 0
6538 0.49609375 0.412109375 0
6539 0.494140625 0.41015625 0
6540 0.498046875 0.41015625 0
6541 0.5 0.412109375 0
6542 0.501953125 0.41796875 0
6543 0.50390625 0.419921875 0
6544 0.50390625 0.416015625 0
6545 0.501953125 0.4140625 0
6546 0.505859375 0.4296875 0
6547 0.5078125 0.431640625 0
6548 0.5078125 0.427734375 0
6549 0.505859375 0.42578125 0
6550 0.509765625 0.43359375 0
6551 0.51171875 0.435546875 0
6552 0.51171875 0.431640625 0
6553 0.509765625 0.4296875 0
6554 0.5078125 0.423828125 0
6555 0.505859375 0.421875 0
6556 0.509765625 0.42578125 0
6557 0.51171875 0.427734375 0
6558 0.51171875 0.423828125 0
6559 0.509765625 0.421875 0
6560 0.5078125 0.419921875 0
6561 0.505859375 0.41796875 0
6562 0.5 0.466796875 0
6563 0.498046875 0.46875 0
6564 0.501953125 0.46484375 0
6565 0.501953125 0.46875 0
6566 0.50390625 0.466796875 0
6567 0.50390625 0.462890625 0
6568 0.49609375 0.470703125 0
6569 0.5 0.470703125 0
6570 0.498046875 0.47265625 0
6571 0.494140625 0.47265625 0
6572 0.505859375 0.4609375 0
6573 0.505859375 0.46484375 0
6574 0.5078125 0.462890625 0
6575 0.5078125 0.458984375 0
6576 0.505859375 0.46875 0
6577 0.5078125 0.466796875 0
6578 0.50390625 0.470703125 0
6579 0.501953125 0.47265625 0
6580 0.505859375 0.47265625 0
6581 0.5078125 0.470703125 0
6582 0.509765625 0.46484375 0
6583 0.509765625 0.46875 0
6584 0.51171875 0.466796875 0
6585 0.51171875 0.462890625 0
6586 0.509765625 0.4609375 0
6587 0.509765625 0.45703125 0
6588 0.51171875 0.458984375 0
6589 0.51171875 0.455078125 0
6590 0.4921875 0.474609375 0
6591 0.49609375 0.474609375 0
6592 0.494140625 0.4765625 0
6593 0.490234375 0.4765625 0
6594 0.5 0.474609375 0
6595 0.498046875 0.4765625 0
6596 0.501953125 0.4765625 0
6597 0.50390625 0.474609375 0
6598 0.49609375 0.478515625 0
6599 0.5 0.478515625 0
6600 0.498046875 0.48046875 0
6601 0.494140625 0.48046875 0
6602 0.4921875 0.478515625 0
6603 0.48828125 0.478515625 0
6604 0.490234375 0.48046875 0
6605 0.486328125 0.48046875 0
6606 0.513671875 0.453125 0
6607 0.513671875 0.45703125 0
6608 0.515625 0.455078125 0
6609 0.515625 0.451171875 0
6610 0.513671875 0.44921875 0
6611 0.513671875 0.4609375 0
6612 0.515625 0.458984375 0
6613 0.513671875 0.46484375 0
6614 0.515625 0.462890625 0
6615 0.517578125 0.45703125 0
6616 0.517578125 0.4609375 0
6617 0.51953125 0.458984375 0
6618 0.51953125 0.455078125 0
6619 0.517578125 0.453125 0
6620 0.515625 0.447265625 0
6621 0.513671875 0.4453125 0
6622 0.517578125 0.44921875 0
6623 0.51953125 0.451171875 0
6624 0.51953125 0.447265625 0
6625 0.517578125 0.4453125 0
6626 0.515625 0.443359375 0
6627 0.513671875 0.44140625 0
6628 0.513671875 0.46875 0
6629 0.515625 0.466796875 0
6630 0.51171875 0.470703125 0
6631 0.509765625 0.47265625 0
6632 0.513671875 0.47265625 0
6633 0.515625 0.470703125 0
6634 0.517578125 0.46484375 0
6635 0.517578125 0.46875 0
6636 0.51953125 0.466796875 0
6637 0.51953125 0.462890625 0
6638 0.5078125 0.474609375 0
6639 0.505859375 0.4765625 0
6640 0.509765625 0.4765625 0
6641 0.51171875 0.474609375 0
6642 0.50390625 0.478515625 0
6643 0.501953125 0.48046875 0
6644 0.505859375 0.48046875 0
6645 0.5078125 0.478515625 0
6646 0.513671875 0.4765625 0
6647 0.515625 0.474609375 0
6648 0.51171875 0.478515625 0
6649 0.509765625 0.48046875 0
6650 0.513671875 0.48046875 0
6651 0.515625 0.478515625 0
6652 0.517578125 0.47265625 0
6653 0.517578125 0.4765625 0
6654 0.51953125 0.474609375 0
6655 0.51953125 0.470703125 0
6656 0.521484375 0.4609375 0
6657 0.521484375 0.46484375 0
6658 0.5234375 0.462890625 0
6659 0.5234375 0.458984375 0
6660 0.521484375 0.45703125 0
6661 0.521484375 0.46875 0
6662 0.5234375 0.466796875 0
6663 0.521484375 0.47265625 0
6664 0.5234375 0.470703125 0
6665 0.525390625 0.46484375 0
6666 0.525390625 0.46875 0
6667 0.52734375 0.466796875 0
6668 0.52734375 0.462890625 0
6669 0.525390625 0.4609375 0
6670 0.5234375 0.455078125 0
6671 0.521484375 0.453125 0
6672 0.525390625 0.45703125 0
6673 0.52734375 0.458984375 0
6674 0.52734375 0.455078125 0
6675 0.525390625 0.453125 0
6676 0.5234375 0.451171875 0
6677 0.521484375 0.44921875 0
6678 0.515625 0.439453125 0
6679 0.513671875 0.4375 0
6680 0.517578125 0.44140625 0
6681 0.51953125 0.443359375 0
6682 0.51953125 0.439453125 0
6683 0.517578125 0.4375 0
6684 0.515625 0.435546875 0
6685 0.513671875 0.43359375 0
6686 0.521484375 0.4453125 0
6687 0.5234375 0.447265625 0
6688 0.5234375 0.443359375 0
6689 0.521484375 0.44140625 0
6690 0.525390625 0.44921875 0
6691 0.52734375 0.451171875 0
6692 0.52734375 0.447265625 0
6693 0.525390625 0.4453125 0
6694 0.5234375 0.439453125 0
6695 0.521484375 0.4375 0
6696 0.525390625 0.44140625 0
6697 0.52734375 0.443359375 0
6698 0.52734375 0.439453125 0
6699 0.525390625 0.4375 0
6700 0.51953125 0.435546875 0
6701 0.5234375 0.435546875 0
6702 0.521484375 0.43359375 0
6703 0.517578125 0.43359375 0
6704 0.515625 0.431640625 0
6705 0.513671875 0.4296875 0
6706 0.51953125 0.431640625 0
6707 0.517578125 0.4296875 0
6708 0.515625 0.427734375 0
6709 0.513671875 0.42578125 0
6710 0.484375 0.482421875 0
6711 0.48828125 0.482421875 0
6712 0.486328125 0.484375 0
6713 0.482421875 0.484375 0
6714 0.48046875 0.482421875 0
6715 0.4921875 0.482421875 0
6716 0.490234375 0.484375 0
6717 0.49609375 0.482421875 0
6718 0.494140625 0.484375 0
6719 0.48828125 0.486328125 0
6720 0.4921875 0.486328125 0
6721 0.490234375 0.48828125 0
6722 0.486328125 0.48828125 0
6723 0.484375 0.486328125 0
6724 0.478515625 0.484375 0
6725 0.4765625 0.482421875 0
6726 0.48046875 0.486328125 0
6727 0.482421875 0.48828125 0
6728 0.478515625 0.48828125 0
6729 0.4765625 0.486328125 0
6730 0.474609375 0.484375 0
6731 0.47265625 0.482421875 0
6732 0.5 0.482421875 0
6733 0.498046875 0.484375 0
6734 0.501953125 0.484375 0
6735 0.50390625 0.482421875 0
6736 0.49609375 0.486328125 0
6737 0.5 0.486328125 0
6738 0.498046875 0.48828125 0
6739 0.494140625 0.48828125 0
6740 0.505859375 0.484375 0
6741 0.5078125 0.482421875 0
6742 0.50390625 0.486328125 0
6743 0.501953125 0.48828125 0
6744 0.505859375 0.48828125 0
6745 0.5078125 0.486328125 0
6746 0.509765625 0.484375 0
6747 0.51171875 0.482421875 0
6748 0.4921875 0.490234375 0
6749 0.49609375 0.490234375 0
6750 0.494140625 0.4921875 0
6751 0.490234375 0.4921875 0
6752 0.48828125 0.490234375 0
6753 0.5 0.490234375 0
6754 0.498046875 0.4921875 0
6755 0.501953125 0.4921875 0
6756 0.50390625 0.490234375 0
6757 0.49609375 0.494140625 0
6758 0.5 0.494140625 0
6759 0.498046875 0.49609375 0
6760 0.494140625 0.49609375 0
6761 0.4921875 0.494140625 0
6762 0.486328125 0.4921875 0
6763 0.484375 0.490234375 0
6764 0.48828125 0.494140625 0
6765 0.490234375 0.49609375 0
6766 0.486328125 0.49609375 0
6767 0.484375 0.494140625 0
6768 0.482421875 0.4921875 0
6769 0.48046875 0.490234375 0
6770 0.470703125 0.484375 0
6771 0.46875 0.482421875 0
6772 0.47265625 0.486328125 0
6773 0.474609375 0.48828125 0
6774 0.470703125 0.48828125 0
6775 0.46875 0.486328125 0
6776 0.466796875 0.484375 0
6777 0.46484375 0.482421875 0
6778 0.4765625 0.490234375 0
6779 0.478515625 0.4921875 0
6780 0.474609375 0.4921875 0
6781 0.47265625 0.490234375 0
6782 0.48046875 0.494140625 0
6783 0.482421875 0.49609375 0
6784 0.478515625 0.49609375 0
6785 0.4765625 0.494140625 0
6786 0.470703125 0.4921875 0
6787 0.46875 0.490234375 0
6788 0.47265625 0.494140625 0
6789 0.474609375 0.49609375 0
6790 0.470703125 0.49609375 0
6791 0.46875 0.494140625 0
6792 0.466796875 0.48828125 0
6793 0.466796875 0.4921875 0
6794 0.46484375 0.490234375 0
6795 0.46484375 0.486328125 0
6796 0.462890625 0.484375 0
6797 0.4609375 0.482421875 0
6798 0.462890625 0.48828125 0
6799 0.4609375 0.486328125 0
6800 0.458984375 0.484375 0
6801 0.45703125 0.482421875 0
6802 0.439453125 0.4375 0
6803 0.439453125 0.44140625 0
6804 0.4375 0.439453125 0
6805 0.44140625 0.435546875 0
6806 0.439453125 0.43359375 0
6807 0.4375 0.435546875 0
6808 0.443359375 0.43359375 0
6809 0.439453125 0.4453125 0
6810 0.4375 0.443359375 0
6811 0.439453125 0.44921875 0
6812 0.4375 0.447265625 0
6813 0.435546875 0.44140625 0
6814 0.435546875 0.4453125 0
6815 0.43359375 0.443359375 0
6816 0.435546875 0.4375 0
6817 0.43359375 0.439453125 0
6818 0.4453125 0.431640625 0
6819 0.443359375 0.4296875 0
6820 0.44140625 0.431640625 0
6821 0.447265625 0.4296875 0
6822 0.439453125 0.4296875 0
6823 0.4375 0.431640625 0
6824 0.44140625 0.427734375 0
6825 0.4453125 0.427734375 0
6826 0.443359375 0.42578125 0
6827 0.439453125 0.42578125 0
6828 0.4375 0.427734375 0
6829 0.435546875 0.43359375 0
6830 0.435546875 0.4296875 0
6831 0.43359375 0.431640625 0
6832 0.43359375 0.435546875 0
6833 0.44921875 0.427734375 0
6834 0.447265625 0.42578125 0
6835 0.451171875 0.42578125 0
6836 0.439453125 0.453125 0
6837 0.4375 0.451171875 0
6838 0.439453125 0.45703125 0
6839 0.4375 0.455078125 0
6840 0.435546875 0.44921875 0
6841 0.435546875 0.453125 0
6842 0.43359375 0.451171875 0
6843 0.43359375 0.447265625 0
6844 0.439453125 0.4609375 0
6845 0.4375 0.458984375 0
6846 0.439453125 0.46484375 0
6847 0.4375 0.462890625 0
6848 0.435546875 0.45703125 0
6849 0.435546875 0.4609375 0
6850 0.43359375 0.458984375 0
6851 0.43359375 0.455078125 0
6852 0.431640625 0.4453125 0
6853 0.431640625 0.44921875 0
6854 0.4296875 0.447265625 0
6855 0.431640625 0.44140625 0
6856 0.4296875 0.443359375 0
6857 0.431640625 0.453125 0
6858 0.4296875 0.451171875 0
6859 0.431640625 0.45703125 0
6860 0.4296875 0.455078125 0
6861 0.427734375 0.44921875 0
6862 0.427734375 0.453125 0
6863 0.42578125 0.451171875 0
6864 0.427734375 0.4453125 0
6865 0.42578125 0.447265625 0
6866 0.431640625 0.4375 0
6867 0.4296875 0.439453125 0
6868 0.431640625 0.43359375 0
6869 0.4296875 0.435546875 0
6870 0.427734375 0.44140625 0
6871 0.427734375 0.4375 0
6872 0.42578125 0.439453125 0
6873 0.42578125 0.443359375 0
6874 0.453125 0.423828125 0
6875 0.451171875 0.421875 0
6876 0.44921875 0.423828125 0
6877 0.455078125 0.421875 0
6878 0.447265625 0.421875 0
6879 0.4453125 0.423828125 0
6880 0.44921875 0.419921875 0
6881 0.453125 0.419921875 0
6882 0.451171875 0.41796875 0
6883 0.447265625 0.41796875 0
6884 0.4453125 0.419921875 0
6885 0.443359375 0.421875 0
6886 0.44140625 0.423828125 0
6887 0.45703125 0.419921875 0
6888 0.455078125 0.41796875 0
6889 0.458984375 0.41796875 0
6890 0.439453125 0.421875 0
6891 0.4375 0.423828125 0
6892 0.44140625 0.419921875 0
6893 0.443359375 0.41796875 0
6894 0.439453125 0.41796875 0
6895 0.4375 0.419921875 0
6896 0.435546875 0.42578125 0
6897 0.435546875 0.421875 0
6898 0.43359375 0.423828125 0
6899 0.43359375 0.427734375 0
6900 0.4453125 0.416015625 0
6901 0.44921875 0.416015625 0
6902 0.447265625 0.4140625 0
6903 0.443359375 0.4140625 0
6904 0.44140625 0.416015625 0
6905 0.453125 0.416015625 0
6906 0.451171875 0.4140625 0
6907 0.45703125 0.416015625 0
6908 0.455078125 0.4140625 0
6909 0.44921875 0.412109375 0
6910 0.453125 0.412109375 0
6911 0.451171875 0.41015625 0
6912 0.447265625 0.41015625 0
6913 0.4453125 0.412109375 0
6914 0.439453125 0.4140625 0
6915 0.4375 0.416015625 0
6916 0.44140625 0.412109375 0
6917 0.443359375 0.41015625 0
6918 0.439453125 0.41015625 0
6919 0.4375 0.412109375 0
6920 0.435546875 0.41796875 0
6921 0.435546875 0.4140625 0
6922 0.43359375 0.416015625 0
6923 0.43359375 0.419921875 0
6924 0.431640625 0.4296875 0
6925 0.431640625 0.42578125 0
6926 0.4296875 0.427734375 0
6927 0.4296875 0.431640625 0
6928 0.431640625 0.421875 0
6929 0.4296875 0.423828125 0
6930 0.431640625 0.41796875 0
6931 0.4296875 0.419921875 0
6932 0.427734375 0.42578125 0
6933 0.427734375 0.421875 0
6934 0.42578125 0.423828125 0
6935 0.42578125 0.427734375 0
6936 0.427734375 0.4296875 0
6937 0.427734375 0.43359375 0
6938 0.42578125 0.431640625 0
6939 0.42578125 0.435546875 0
6940 0.4609375 0.416015625 0
6941 0.458984375 0.4140625 0
6942 0.462890625 0.4140625 0
6943 0.45703125 0.412109375 0
6944 0.4609375 0.412109375 0
6945 0.458984375 0.41015625 0
6946 0.455078125 0.41015625 0
6947 0.46484375 0.412109375 0
6948 0.462890625 0.41015625 0
6949 0.466796875 0.41015625 0
6950 0.439453125 0.46875 0
6951 0.4375 0.466796875 0
6952 0.44140625 0.470703125 0
6953 0.443359375 0.47265625 0
6954 0.439453125 0.47265625 0
6955 0.4375 0.470703125 0
6956 0.435546875 0.46484375 0
6957 0.435546875 0.46875 0
6958 0.43359375 0.466796875 0
6959 0.43359375 0.462890625 0
6960 0.4453125 0.474609375 0
6961 0.447265625 0.4765625 0
6962 0.443359375 0.4765625 0
6963 0.44140625 0.474609375 0
6964 0.44921875 0.478515625 0
6965 0.451171875 0.48046875 0
6966 0.447265625 0.48046875 0
6967 0.4453125 0.478515625 0
6968 0.439453125 0.4765625 0
6969 0.4375 0.474609375 0
6970 0.44140625 0.478515625 0
6971 0.443359375 0.48046875 0
6972 0.439453125 0.48046875 0
6973 0.4375 0.478515625 0
6974 0.435546875 0.47265625 0
6975 0.435546875 0.4765625 0
6976 0.43359375 0.474609375 0
6977 0.43359375 0.470703125 0
6978 0.431640625 0.4609375 0
6979 0.431640625 0.46484375 0
6980 0.4296875 0.462890625 0
6981 0.4296875 0.458984375 0
6982 0.431640625 0.46875 0
6983 0.4296875 0.466796875 0
6984 0.431640625 0.47265625 0
6985 0.4296875 0.470703125 0
6986 0.427734375 0.46484375 0
6987 0.427734375 0.46875 0
6988 0.42578125 0.466796875 0
6989 0.42578125 0.462890625 0
6990 0.427734375 0.4609375 0
6991 0.427734375 0.45703125 0
6992 0.42578125 0.458984375 0
6993 0.42578125 0.455078125 0
6994 0.453125 0.482421875 0
6995 0.455078125 0.484375 0
6996 0.451171875 0.484375 0
6997 0.44921875 0.482421875 0
6998 0.45703125 0.486328125 0
6999 0.458984375 0.48828125 0
7000 0.455078125 0.48828125 0
7001 0.453125 0.486328125 0
7002 0.447265625 0.484375 0
7003 0.4453125 0.482421875 0
7004 0.44921875 0.486328125 0
7005 0.451171875 0.48828125 0
7006 0.447265625 0.48828125 0
7007 0.4453125 0.486328125 0
7008 0.443359375 0.484375 0
7009 0.44140625 0.482421875 0
7010 0.4609375 0.490234375 0
7011 0.462890625 0.4921875 0
7012 0.458984375 0.4921875 0
7013 0.45703125 0.490234375 0
7014 0.46484375 0.494140625 0
7015 0.466796875 0.49609375 0
7016 0.462890625 0.49609375 0
7017 0.4609375 0.494140625 0
7018 0.455078125 0.4921875 0
7019 0.453125 0.490234375 0
7020 0.45703125 0.494140625 0
7021 0.458984375 0.49609375 0
7022 0.455078125 0.49609375 0
7023 0.453125 0.494140625 0
7024 0.451171875 0.4921875 0
7025 0.44921875 0.490234375 0
7026 0.439453125 0.484375 0
7027 0.4375 0.482421875 0
7028 0.44140625 0.486328125 0
7029 0.443359375 0.48828125 0
7030 0.439453125 0.48828125 0
7031 0.4375 0.486328125 0
7032 0.435546875 0.48046875 0
7033 0.435546875 0.484375 0
7034 0.43359375 0.482421875 0
7035 0.43359375 0.478515625 0
7036 0.4453125 0.490234375 0
7037 0.447265625 0.4921875 0
7038 0.443359375 0.4921875 0
7039 0.44140625 0.490234375 0
7040 0.44921875 0.494140625 0
7041 0.451171875 0.49609375 0
7042 0.447265625 0.49609375 0
7043 0.4453125 0.494140625 0
7044 0.439453125 0.4921875 0
7045 0.4375 0.490234375 0
7046 0.44140625 0.494140625 0
7047 0.443359375 0.49609375 0
7048 0.439453125 0.49609375 0
7049 0.4375 0.494140625 0
7050 0.435546875 0.48828125 0
7051 0.435546875 0.4921875 0
7052 0.43359375 0.490234375 0
7053 0.43359375 0.486328125 0
7054 0.431640625 0.4765625 0
7055 0.431640625 0.48046875 0
7056 0.4296875 0.478515625 0
7057 0.4296875 0.474609375 0
7058 0.431640625 0.484375 0
7059 0.4296875 0.482421875 0
7060 0.431640625 0.48828125 0
7061 0.4296875 0.486328125 0
7062 0.427734375 0.48046875 0
7063 0.427734375 0.484375 0
7064 0.42578125 0.482421875 0
7065 0.42578125 0.478515625 0
7066 0.427734375 0.4765625 0
7067 0.427734375 0.47265625 0
7068 0.42578125 0.474609375 0
7069 0.42578125 0.470703125 0
7070 0.423828125 0.453125 0
7071 0.423828125 0.45703125 0
7072 0.421875 0.455078125 0
7073 0.423828125 0.44921875 0
7074 0.421875 0.451171875 0
7075 0.423828125 0.4609375 0
7076 0.421875 0.458984375 0
7077 0.423828125 0.46484375 0
7078 0.421875 0.462890625 0
7079 0.419921875 0.45703125 0
7080 0.419921875 0.4609375 0
7081 0.41796875 0.458984375 0
7082 0.419921875 0.453125 0
7083 0.41796875 0.455078125 0
7084 0.423828125 0.4453125 0
7085 0.421875 0.447265625 0
7086 0.423828125 0.44140625 0
7087 0.421875 0.443359375 0
7088 0.419921875 0.44921875 0
7089 0.419921875 0.4453125 0
7090 0.41796875 0.447265625 0
7091 0.41796875 0.451171875 0
7092 0.423828125 0.46875 0
7093 0.421875 0.466796875 0
7094 0.423828125 0.47265625 0
7095 0.421875 0.470703125 0
7096 0.419921875 0.46484375 0
7097 0.419921875 0.46875 0
7098 0.41796875 0.466796875 0
7099 0.41796875 0.462890625 0
7100 0.423828125 0.4765625 0
7101 0.421875 0.474609375 0
7102 0.423828125 0.48046875 0
7103 0.421875 0.478515625 0
7104 0.419921875 0.47265625 0
7105 0.419921875 0.4765625 0
7106 0.41796875 0.474609375 0
7107 0.41796875 0.470703125 0
7108 0.416015625 0.4609375 0
7109 0.416015625 0.46484375 0
7110 0.4140625 0.462890625 0
7111 0.416015625 0.45703125 0
7112 0.4140625 0.458984375 0
7113 0.416015625 0.46875 0
7114 0.4140625 0.466796875 0
7115 0.416015625 0.47265625 0
7116 0.4140625 0.470703125 0
7117 0.412109375 0.46484375 0
7118 0.412109375 0.46875 0
7119 0.41015625 0.466796875 0
7120 0.412109375 0.4609375 0
7121 0.41015625 0.462890625 0
7122 0.416015625 0.453125 0
7123 0.4140625 0.455078125 0
7124 0.416015625 0.44921875 0
7125 0.4140625 0.451171875 0
7126 0.412109375 0.45703125 0
7127 0.412109375 0.453125 0
7128 0.41015625 0.455078125 0
7129 0.41015625 0.458984375 0
7130 0.423828125 0.4375 0
7131 0.421875 0.439453125 0
7132 0.423828125 0.43359375 0
7133 0.421875 0.435546875 0
7134 0.419921875 0.44140625 0
7135 0.419921875 0.4375 0
7136 0.41796875 0.439453125 0
7137 0.41796875 0.443359375 0
7138 0.423828125 0.4296875 0
7139 0.421875 0.431640625 0
7140 0.423828125 0.42578125 0
7141 0.421875 0.427734375 0
7142 0.419921875 0.43359375 0
7143 0.419921875 0.4296875 0
7144 0.41796875 0.431640625 0
7145 0.41796875 0.435546875 0
7146 0.416015625 0.4453125 0
7147 0.416015625 0.44140625 0
7148 0.4140625 0.443359375 0
7149 0.4140625 0.447265625 0
7150 0.416015625 0.4375 0
7151 0.4140625 0.439453125 0
7152 0.416015625 0.43359375 0
7153 0.4140625 0.435546875 0
7154 0.412109375 0.44140625 0
7155 0.412109375 0.4375 0
7156 0.41015625 0.439453125 0
7157 0.41015625 0.443359375 0
7158 0.412109375 0.4453125 0
7159 0.412109375 0.44921875 0
7160 0.41015625 0.447265625 0
7161 0.41015625 0.451171875 0
7162 0.46875 0.408203125 0
7163 0.466796875 0.40625 0
7164 0.46484375 0.408203125 0
7165 0.470703125 0.40625 0
7166 0.47265625 0.408203125 0
7167 0.462890625 0.40625 0
7168 0.4609375 0.408203125 0
7169 0.46484375 0.404296875 0
7170 0.46875 0.404296875 0
7171 0.466796875 0.40234375 0
7172 0.462890625 0.40234375 0
7173 0.4609375 0.404296875 0
7174 0.458984375 0.40625 0
7175 0.45703125 0.408203125 0
7176 0.474609375 0.40625 0
7177 0.4765625 0.408203125 0
7178 0.47265625 0.404296875 0
7179 0.470703125 0.40234375 0
7180 0.474609375 0.40234375 0
7181 0.4765625 0.404296875 0
7182 0.478515625 0.40625 0
7183 0.48046875 0.408203125 0
7184 0.455078125 0.40625 0
7185 0.453125 0.408203125 0
7186 0.45703125 0.404296875 0
7187 0.458984375 0.40234375 0
7188 0.455078125 0.40234375 0
7189 0.453125 0.404296875 0
7190 0.451171875 0.40625 0
7191 0.44921875 0.408203125 0
7192 0.4609375 0.400390625 0
7193 0.46484375 0.400390625 0
7194 0.45703125 0.400390625 0
7195 0.46875 0.400390625 0
7196 0.47265625 0.400390625 0
7197 0.453125 0.400390625 0
7198 0.451171875 0.40234375 0
7199 0.44921875 0.400390625 0
7200 0.44921875 0.404296875 0
7201 0.447265625 0.40625 0
7202 0.4453125 0.408203125 0
7203 0.447265625 0.40234375 0
7204 0.4453125 0.404296875 0
7205 0.443359375 0.40625 0
7206 0.44140625 0.408203125 0
7207 0.482421875 0.40625 0
7208 0.484375 0.408203125 0
7209 0.48046875 0.404296875 0
7210 0.478515625 0.40234375 0
7211 0.482421875 0.40234375 0
7212 0.484375 0.404296875 0
7213 0.486328125 0.40625 0
7214 0.48828125 0.408203125 0
7215 0.4765625 0.400390625 0
7216 0.48046875 0.400390625 0
7217 0.484375 0.400390625 0
7218 0.486328125 0.40234375 0
7219 0.48828125 0.400390625 0
7220 0.48828125 0.404296875 0
7221 0.490234375 0.40625 0
7222 0.4921875 0.408203125 0
7223 0.490234375 0.40234375 0
7224 0.4921875 0.404296875 0
7225 0.494140625 0.40625 0
7226 0.49609375 0.408203125 0
7227 0.439453125 0.40625 0
7228 0.4375 0.408203125 0
7229 0.44140625 0.404296875 0
7230 0.443359375 0.40234375 0
7231 0.439453125 0.40234375 0
7232 0.4375 0.404296875 0
7233 0.435546875 0.41015625 0
7234 0.435546875 0.40625 0
7235 0.43359375 0.408203125 0
7236 0.43359375 0.412109375 0
7237 0.4453125 0.400390625 0
7238 0.44140625 0.400390625 0
7239 0.4375 0.400390625 0
7240 0.435546875 0.40234375 0
7241 0.43359375 0.400390625 0
7242 0.43359375 0.404296875 0
7243 0.431640625 0.4140625 0
7244 0.431640625 0.41015625 0
7245 0.4296875 0.412109375 0
7246 0.4296875 0.416015625 0
7247 0.431640625 0.40625 0
7248 0.4296875 0.408203125 0
7249 0.431640625 0.40234375 0
7250 0.4296875 0.404296875 0
7251 0.427734375 0.41015625 0
7252 0.427734375 0.40625 0
7253 0.42578125 0.408203125 0
7254 0.42578125 0.412109375 0
7255 0.427734375 0.4140625 0
7256 0.427734375 0.41796875 0
7257 0.42578125 0.416015625 0
7258 0.42578125 0.419921875 0
7259 0.423828125 0.421875 0
7260 0.423828125 0.41796875 0
7261 0.421875 0.419921875 0
7262 0.421875 0.423828125 0
7263 0.423828125 0.4140625 0
7264 0.421875 0.416015625 0
7265 0.423828125 0.41015625 0
7266 0.421875 0.412109375 0
7267 0.419921875 0.41796875 0
7268 0.419921875 0.4140625 0
7269 0.41796875 0.416015625 0
7270 0.41796875 0.419921875 0
7271 0.419921875 0.421875 0
7272 0.419921875 0.42578125 0
7273 0.41796875 0.423828125 0
7274 0.41796875 0.427734375 0
7275 0.423828125 0.40625 0
7276 0.421875 0.408203125 0
7277 0.42578125 0.404296875 0
7278 0.427734375 0.40234375 0
7279 0.423828125 0.40234375 0
7280 0.421875 0.404296875 0
7281 0.419921875 0.41015625 0
7282 0.419921875 0.40625 0
7283 0.41796875 0.408203125 0
7284 0.41796875 0.412109375 0
7285 0.4296875 0.400390625 0
7286 0.42578125 0.400390625 0
7287 0.421875 0.400390625 0
7288 0.419921875 0.40234375 0
7289 0.41796875 0.400390625 0
7290 0.41796875 0.404296875 0
7291 0.416015625 0.4140625 0
7292 0.416015625 0.41015625 0
7293 0.4140625 0.412109375 0
7294 0.4140625 0.416015625 0
7295 0.416015625 0.41796875 0
7296 0.416015625 0.40625 0
7297 0.4140625 0.408203125 0
7298 0.416015625 0.40234375 0
7299 0.4140625 0.404296875 0
7300 0.412109375 0.41015625 0
7301 0.412109375 0.40625 0
7302 0.41015625 0.408203125 0
7303 0.41015625 0.412109375 0
7304 0.412109375 0.4140625 0
7305 0.4140625 0.419921875 0
7306 0.416015625 0.421875 0
7307 0.412109375 0.41796875 0
7308 0.41015625 0.416015625 0
7309 0.41015625 0.419921875 0
7310 0.412109375 0.421875 0
7311 0.4140625 0.423828125 0
7312 0.416015625 0.42578125 0
7313 0.416015625 0.4296875 0
7314 0.4140625 0.427734375 0
7315 0.4140625 0.431640625 0
7316 0.412109375 0.42578125 0
7317 0.41015625 0.423828125 0
7318 0.41015625 0.427734375 0
7319 0.412109375 0.4296875 0
7320 0.412109375 0.43359375 0
7321 0.41015625 0.431640625 0
7322 0.41015625 0.435546875 0
7323 0.498046875 0.40625 0
7324 0.5 0.408203125 0
7325 0.49609375 0.404296875 0
7326 0.494140625 0.40234375 0
7327 0.498046875 0.40234375 0
7328 0.5 0.404296875 0
7329 0.501953125 0.41015625 0
7330 0.50390625 0.412109375 0
7331 0.50390625 0.408203125 0
7332 0.501953125 0.40625 0
7333 0.4921875 0.400390625 0
7334 0.49609375 0.400390625 0
7335 0.5 0.400390625 0
7336 0.501953125 0.40234375 0
7337 0.50390625 0.404296875 0
7338 0.50390625 0.400390625 0
7339 0.505859375 0.4140625 0
7340 0.5078125 0.416015625 0
7341 0.5078125 0.412109375 0
7342 0.505859375 0.41015625 0
7343 0.509765625 0.41796875 0
7344 0.51171875 0.419921875 0
7345 0.51171875 0.416015625 0
7346 0.509765625 0.4140625 0
7347 0.5078125 0.408203125 0
7348 0.505859375 0.40625 0
7349 0.509765625 0.41015625 0
7350 0.51171875 0.412109375 0
7351 0.51171875 0.408203125 0
7352 0.509765625 0.40625 0
7353 0.5078125 0.404296875 0
7354 0.505859375 0.40234375 0
7355 0.513671875 0.421875 0
7356 0.515625 0.423828125 0
7357 0.515625 0.419921875 0
7358 0.513671875 0.41796875 0
7359 0.517578125 0.42578125 0
7360 0.51953125 0.427734375 0
7361 0.51953125 0.423828125 0
7362 0.517578125 0.421875 0
7363 0.515625 0.416015625 0
7364 0.513671875 0.4140625 0
7365 0.517578125 0.41796875 0
7366 0.51953125 0.419921875 0
7367 0.51953125 0.416015625 0
7368 0.517578125 0.4140625 0
7369 0.515625 0.412109375 0
7370 0.513671875 0.41015625 0
7371 0.521484375 0.4296875 0
7372 0.5234375 0.431640625 0
7373 0.5234375 0.427734375 0
7374 0.521484375 0.42578125 0
7375 0.525390625 0.43359375 0
7376 0.52734375 0.435546875 0
7377 0.52734375 0.431640625 0
7378 0.525390625 0.4296875 0
7379 0.5234375 0.423828125 0
7380 0.521484375 0.421875 0
7381 0.525390625 0.42578125 0
7382 0.52734375 0.427734375 0
7383 0.52734375 0.423828125 0
7384 0.525390625 0.421875 0
7385 0.5234375 0.419921875 0
7386 0.521484375 0.41796875 0
7387 0.515625 0.408203125 0
7388 0.513671875 0.40625 0
7389 0.517578125 0.41015625 0
7390 0.51953125 0.412109375 0
7391 0.51953125 0.408203125 0
7392 0.517578125 0.40625 0
7393 0.51171875 0.404296875 0
7394 0.515625 0.404296875 0
7395 0.513671875 0.40234375 0
7396 0.509765625 0.40234375 0
7397 0.521484375 0.4140625 0
7398 0.5234375 0.416015625 0
7399 0.5234375 0.412109375 0
7400 0.521484375 0.41015625 0
7401 0.525390625 0.41796875 0
7402 0.52734375 0.419921875 0
7403 0.52734375 0.416015625 0
7404 0.525390625 0.4140625 0
7405 0.5234375 0.408203125 0
7406 0.521484375 0.40625 0
7407 0.525390625 0.41015625 0
7408 0.52734375 0.412109375 0
7409 0.52734375 0.408203125 0
7410 0.525390625 0.40625 0
7411 0.51953125 0.404296875 0
7412 0.5234375 0.404296875 0
7413 0.521484375 0.40234375 0
7414 0.517578125 0.40234375 0
7415 0.5078125 0.400390625 0
7416 0.51171875 0.400390625 0
7417 0.515625 0.400390625 0
7418 0.51953125 0.400390625 0
7419 0.5 0.498046875 0
7420 0.498046875 0.5 0
7421 0.49609375 0.498046875 0
7422 0.501953125 0.49609375 0
7423 0.50390625 0.498046875 0
7424 0.501953125 0.5 0
7425 0.50390625 0.494140625 0
7426 0.494140625 0.5 0
7427 0.4921875 0.498046875 0
7428 0.49609375 0.501953125 0
7429 0.4921875 0.501953125 0
7430 0.494140625 0.50390625 0
7431 0.5 0.501953125 0
7432 0.498046875 0.50390625 0
7433 0.490234375 0.5 0
7434 0.48828125 0.498046875 0
7435 0.505859375 0.4921875 0
7436 0.5078125 0.494140625 0
7437 0.505859375 0.49609375 0
7438 0.5078125 0.490234375 0
7439 0.5078125 0.498046875 0
7440 0.505859375 0.5 0
7441 0.509765625 0.49609375 0
7442 0.509765625 0.4921875 0
7443 0.51171875 0.494140625 0
7444 0.51171875 0.498046875 0
7445 0.509765625 0.5 0
7446 0.50390625 0.501953125 0
7447 0.501953125 0.50390625 0
7448 0.505859375 0.50390625 0
7449 0.5078125 0.501953125 0
7450 0.509765625 0.48828125 0
7451 0.51171875 0.490234375 0
7452 0.51171875 0.486328125 0
7453 0.486328125 0.5 0
7454 0.484375 0.498046875 0
7455 0.48828125 0.501953125 0
7456 0.484375 0.501953125 0
7457 0.486328125 0.50390625 0
7458 0.490234375 0.50390625 0
7459 0.482421875 0.5 0
7460 0.48046875 0.498046875 0
7461 0.4921875 0.505859375 0
7462 0.48828125 0.505859375 0
7463 0.490234375 0.5078125 0
7464 0.49609375 0.505859375 0
7465 0.494140625 0.5078125 0
7466 0.484375 0.505859375 0
7467 0.486328125 0.5078125 0
7468 0.482421875 0.50390625 0
7469 0.48046875 0.501953125 0
7470 0.48046875 0.505859375 0
7471 0.482421875 0.5078125 0
7472 0.48828125 0.509765625 0
7473 0.484375 0.509765625 0
7474 0.486328125 0.51171875 0
7475 0.4921875 0.509765625 0
7476 0.490234375 0.51171875 0
7477 0.5 0.505859375 0
7478 0.498046875 0.5078125 0
7479 0.501953125 0.5078125 0
7480 0.50390625 0.505859375 0
7481 0.49609375 0.509765625 0
7482 0.5 0.509765625 0
7483 0.498046875 0.51171875 0
7484 0.494140625 0.51171875 0
7485 0.478515625 0.5 0
7486 0.4765625 0.498046875 0
7487 0.4765625 0.501953125 0
7488 0.478515625 0.50390625 0
7489 0.474609375 0.5 0
7490 0.47265625 0.498046875 0
7491 0.513671875 0.484375 0
7492 0.515625 0.486328125 0
7493 0.513671875 0.48828125 0
7494 0.515625 0.482421875 0
7495 0.515625 0.490234375 0
7496 0.513671875 0.4921875 0
7497 0.517578125 0.48828125 0
7498 0.517578125 0.484375 0
7499 0.51953125 0.486328125 0
7500 0.51953125 0.490234375 0
7501 0.517578125 0.4921875 0
7502 0.515625 0.494140625 0
7503 0.513671875 0.49609375 0
7504 0.517578125 0.48046875 0
7505 0.51953125 0.482421875 0
7506 0.51953125 0.478515625 0
7507 0.515625 0.498046875 0
7508 0.513671875 0.5 0
7509 0.517578125 0.49609375 0
7510 0.51953125 0.494140625 0
7511 0.51953125 0.498046875 0
7512 0.517578125 0.5 0
7513 0.51171875 0.501953125 0
7514 0.509765625 0.50390625 0
7515 0.513671875 0.50390625 0
7516 0.515625 0.501953125 0
7517 0.521484375 0.4921875 0
7518 0.521484375 0.48828125 0
7519 0.5234375 0.490234375 0
7520 0.5234375 0.494140625 0
7521 0.521484375 0.49609375 0
7522 0.521484375 0.484375 0
7523 0.5234375 0.486328125 0
7524 0.521484375 0.48046875 0
7525 0.5234375 0.482421875 0
7526 0.525390625 0.48828125 0
7527 0.525390625 0.484375 0
7528 0.52734375 0.486328125 0
7529 0.52734375 0.490234375 0
7530 0.525390625 0.4921875 0
7531 0.5234375 0.498046875 0
7532 0.521484375 0.5 0
7533 0.525390625 0.49609375 0
7534 0.52734375 0.494140625 0
7535 0.52734375 0.498046875 0
7536 0.525390625 0.5 0
7537 0.51953125 0.501953125 0
7538 0.517578125 0.50390625 0
7539 0.521484375 0.50390625 0
7540 0.5234375 0.501953125 0
7541 0.5078125 0.505859375 0
7542 0.505859375 0.5078125 0
7543 0.509765625 0.5078125 0
7544 0.51171875 0.505859375 0
7545 0.50390625 0.509765625 0
7546 0.501953125 0.51171875 0
7547 0.505859375 0.51171875 0
7548 0.5078125 0.509765625 0
7549 0.513671875 0.5078125 0
7550 0.515625 0.505859375 0
7551 0.51171875 0.509765625 0
7552 0.509765625 0.51171875 0
7553 0.513671875 0.51171875 0
7554 0.515625 0.509765625 0
7555 0.517578125 0.5078125 0
7556 0.51953125 0.505859375 0
7557 0.521484375 0.4765625 0
7558 0.5234375 0.478515625 0
7559 0.5234375 0.474609375 0
7560 0.525390625 0.48046875 0
7561 0.525390625 0.4765625 0
7562 0.52734375 0.478515625 0
7563 0.52734375 0.482421875 0
7564 0.525390625 0.47265625 0
7565 0.52734375 0.474609375 0
7566 0.52734375 0.470703125 0
7567 0.470703125 0.5 0
7568 0.46875 0.498046875 0
7569 0.47265625 0.501953125 0
7570 0.46875 0.501953125 0
7571 0.470703125 0.50390625 0
7572 0.474609375 0.50390625 0
7573 0.466796875 0.5 0
7574 0.46484375 0.498046875 0
7575 0.4765625 0.505859375 0
7576 0.47265625 0.505859375 0
7577 0.474609375 0.5078125 0
7578 0.478515625 0.5078125 0
7579 0.46875 0.505859375 0
7580 0.470703125 0.5078125 0
7581 0.466796875 0.50390625 0
7582 0.46484375 0.501953125 0
7583 0.46484375 0.505859375 0
7584 0.466796875 0.5078125 0
7585 0.47265625 0.509765625 0
7586 0.46875 0.509765625 0
7587 0.470703125 0.51171875 0
7588 0.474609375 0.51171875 0
7589 0.4765625 0.509765625 0
7590 0.48046875 0.509765625 0
7591 0.478515625 0.51171875 0
7592 0.482421875 0.51171875 0
7593 0.462890625 0.5 0
7594 0.4609375 0.498046875 0
7595 0.4609375 0.501953125 0
7596 0.462890625 0.50390625 0
7597 0.458984375 0.5 0
7598 0.45703125 0.498046875 0
7599 0.484375 0.513671875 0
7600 0.48046875 0.513671875 0
7601 0.482421875 0.515625 0
7602 0.48828125 0.513671875 0
7603 0.486328125 0.515625 0
7604 0.4765625 0.513671875 0
7605 0.478515625 0.515625 0
7606 0.47265625 0.513671875 0
7607 0.474609375 0.515625 0
7608 0.48046875 0.517578125 0
7609 0.4765625 0.517578125 0
7610 0.478515625 0.51953125 0
7611 0.484375 0.517578125 0
7612 0.482421875 0.51953125 0
7613 0.4921875 0.513671875 0
7614 0.490234375 0.515625 0
7615 0.49609375 0.513671875 0
7616 0.494140625 0.515625 0
7617 0.48828125 0.517578125 0
7618 0.4921875 0.517578125 0
7619 0.490234375 0.51953125 0
7620 0.486328125 0.51953125 0
7621 0.46875 0.513671875 0
7622 0.470703125 0.515625 0
7623 0.466796875 0.51171875 0
7624 0.46484375 0.509765625 0
7625 0.46484375 0.513671875 0
7626 0.466796875 0.515625 0
7627 0.47265625 0.517578125 0
7628 0.46875 0.517578125 0
7629 0.470703125 0.51953125 0
7630 0.474609375 0.51953125 0
7631 0.462890625 0.5078125 0
7632 0.4609375 0.505859375 0
7633 0.4609375 0.509765625 0
7634 0.462890625 0.51171875 0
7635 0.458984375 0.50390625 0
7636 0.45703125 0.501953125 0
7637 0.45703125 0.505859375 0
7638 0.458984375 0.5078125 0
7639 0.4609375 0.513671875 0
7640 0.462890625 0.515625 0
7641 0.458984375 0.51171875 0
7642 0.45703125 0.509765625 0
7643 0.45703125 0.513671875 0
7644 0.458984375 0.515625 0
7645 0.46484375 0.517578125 0
7646 0.4609375 0.517578125 0
7647 0.462890625 0.51953125 0
7648 0.466796875 0.51953125 0
7649 0.4765625 0.521484375 0
7650 0.47265625 0.521484375 0
7651 0.474609375 0.5234375 0
7652 0.48046875 0.521484375 0
7653 0.478515625 0.5234375 0
7654 0.46875 0.521484375 0
7655 0.470703125 0.5234375 0
7656 0.46484375 0.521484375 0
7657 0.466796875 0.5234375 0
7658 0.47265625 0.525390625 0
7659 0.46875 0.525390625 0
7660 0.470703125 0.52734375 0
7661 0.4765625 0.525390625 0
7662 0.474609375 0.52734375 0
7663 0.484375 0.521484375 0
7664 0.482421875 0.5234375 0
7665 0.48828125 0.521484375 0
7666 0.486328125 0.5234375 0
7667 0.48046875 0.525390625 0
7668 0.484375 0.525390625 0
7669 0.482421875 0.52734375 0
7670 0.478515625 0.52734375 0
7671 0.5 0.513671875 0
7672 0.498046875 0.515625 0
7673 0.501953125 0.515625 0
7674 0.50390625 0.513671875 0
7675 0.49609375 0.517578125 0
7676 0.5 0.517578125 0
7677 0.498046875 0.51953125 0
7678 0.494140625 0.51953125 0
7679 0.505859375 0.515625 0
7680 0.5078125 0.513671875 0
7681 0.50390625 0.517578125 0
7682 0.501953125 0.51953125 0
7683 0.505859375 0.51953125 0
7684 0.5078125 0.517578125 0
7685 0.509765625 0.515625 0
7686 0.51171875 0.513671875 0
7687 0.4921875 0.521484375 0
7688 0.49609375 0.521484375 0
7689 0.494140625 0.5234375 0
7690 0.490234375 0.5234375 0
7691 0.5 0.521484375 0
7692 0.498046875 0.5234375 0
7693 0.501953125 0.5234375 0
7694 0.50390625 0.521484375 0
7695 0.49609375 0.525390625 0
7696 0.5 0.525390625 0
7697 0.498046875 0.52734375 0
7698 0.494140625 0.52734375 0
7699 0.4921875 0.525390625 0
7700 0.48828125 0.525390625 0
7701 0.490234375 0.52734375 0
7702 0.486328125 0.52734375 0
7703 0.455078125 0.5 0
7704 0.453125 0.498046875 0
7705 0.453125 0.501953125 0
7706 0.455078125 0.50390625 0
7707 0.451171875 0.5 0
7708 0.44921875 0.498046875 0
7709 0.453125 0.505859375 0
7710 0.455078125 0.5078125 0
7711 0.451171875 0.50390625 0
7712 0.44921875 0.501953125 0
7713 0.44921875 0.505859375 0
7714 0.451171875 0.5078125 0
7715 0.453125 0.509765625 0
7716 0.455078125 0.51171875 0
7717 0.447265625 0.5 0
7718 0.4453125 0.498046875 0
7719 0.4453125 0.501953125 0
7720 0.447265625 0.50390625 0
7721 0.443359375 0.5 0
7722 0.44140625 0.498046875 0
7723 0.529296875 0.46875 0
7724 0.53125 0.470703125 0
7725 0.529296875 0.47265625 0
7726 0.53125 0.466796875 0
7727 0.529296875 0.46484375 0
7728 0.53125 0.474609375 0
7729 0.529296875 0.4765625 0
7730 0.533203125 0.47265625 0
7731 0.533203125 0.46875 0
7732 0.53515625 0.470703125 0
7733 0.53515625 0.474609375 0
7734 0.533203125 0.4765625 0
7735 0.53125 0.478515625 0
7736 0.529296875 0.48046875 0
7737 0.53125 0.462890625 0
7738 0.529296875 0.4609375 0
7739 0.533203125 0.46484375 0
7740 0.53515625 0.466796875 0
7741 0.53515625 0.462890625 0
7742 0.533203125 0.4609375 0
7743 0.53125 0.458984375 0
7744 0.529296875 0.45703125 0
7745 0.53125 0.482421875 0
7746 0.529296875 0.484375 0
7747 0.533203125 0.48046875 0
7748 0.53515625 0.478515625 0
7749 0.53515625 0.482421875 0
7750 0.533203125 0.484375 0
7751 0.53125 0.486328125 0
7752 0.529296875 0.48828125 0
7753 0.537109375 0.4765625 0
7754 0.537109375 0.47265625 0
7755 0.5390625 0.474609375 0
7756 0.5390625 0.478515625 0
7757 0.537109375 0.48046875 0
7758 0.537109375 0.46875 0
7759 0.5390625 0.470703125 0
7760 0.537109375 0.46484375 0
7761 0.5390625 0.466796875 0
7762 0.541015625 0.47265625 0
7763 0.541015625 0.46875 0
7764 0.54296875 0.470703125 0
7765 0.54296875 0.474609375 0
7766 0.541015625 0.4765625 0
7767 0.5390625 0.482421875 0
7768 0.537109375 0.484375 0
7769 0.541015625 0.48046875 0
7770 0.54296875 0.478515625 0
7771 0.54296875 0.482421875 0
7772 0.541015625 0.484375 0
7773 0.53515625 0.486328125 0
7774 0.5390625 0.486328125 0
7775 0.537109375 0.48828125 0
7776 0.533203125 0.48828125 0
7777 0.53125 0.490234375 0
7778 0.529296875 0.4921875 0
7779 0.53515625 0.490234375 0
7780 0.533203125 0.4921875 0
7781 0.53125 0.494140625 0
7782 0.529296875 0.49609375 0
7783 0.53125 0.455078125 0
7784 0.529296875 0.453125 0
7785 0.533203125 0.45703125 0
7786 0.53515625 0.458984375 0
7787 0.53515625 0.455078125 0
7788 0.533203125 0.453125 0
7789 0.53125 0.451171875 0
7790 0.529296875 0.44921875 0
7791 0.537109375 0.4609375 0
7792 0.5390625 0.462890625 0
7793 0.5390625 0.458984375 0
7794 0.537109375 0.45703125 0
7795 0.541015625 0.46484375 0
7796 0.541015625 0.4609375 0
7797 0.54296875 0.462890625 0
7798 0.54296875 0.466796875 0
7799 0.5390625 0.455078125 0
7800 0.537109375 0.453125 0
7801 0.541015625 0.45703125 0
7802 0.54296875 0.458984375 0
7803 0.54296875 0.455078125 0
7804 0.541015625 0.453125 0
7805 0.53515625 0.451171875 0
7806 0.5390625 0.451171875 0
7807 0.537109375 0.44921875 0
7808 0.533203125 0.44921875 0
7809 0.53125 0.447265625 0
7810 0.529296875 0.4453125 0
7811 0.53515625 0.447265625 0
7812 0.533203125 0.4453125 0
7813 0.53125 0.443359375 0
7814 0.529296875 0.44140625 0
7815 0.53125 0.498046875 0
7816 0.529296875 0.5 0
7817 0.533203125 0.49609375 0
7818 0.53515625 0.494140625 0
7819 0.53515625 0.498046875 0
7820 0.533203125 0.5 0
7821 0.52734375 0.501953125 0
7822 0.525390625 0.50390625 0
7823 0.529296875 0.50390625 0
7824 0.53125 0.501953125 0
7825 0.537109375 0.4921875 0
7826 0.5390625 0.490234375 0
7827 0.5390625 0.494140625 0
7828 0.537109375 0.49609375 0
7829 0.541015625 0.48828125 0
7830 0.54296875 0.486328125 0
7831 0.54296875 0.490234375 0
7832 0.541015625 0.4921875 0
7833 0.5390625 0.498046875 0
7834 0.537109375 0.5 0
7835 0.541015625 0.49609375 0
7836 0.54296875 0.494140625 0
7837 0.54296875 0.498046875 0
7838 0.541015625 0.5 0
7839 0.53515625 0.501953125 0
7840 0.533203125 0.50390625 0
7841 0.537109375 0.50390625 0
7842 0.5390625 0.501953125 0
7843 0.5234375 0.505859375 0
7844 0.521484375 0.5078125 0
7845 0.525390625 0.5078125 0
7846 0.52734375 0.505859375 0
7847 0.51953125 0.509765625 0
7848 0.517578125 0.51171875 0
7849 0.521484375 0.51171875 0
7850 0.5234375 0.509765625 0
7851 0.529296875 0.5078125 0
7852 0.53125 0.505859375 0
7853 0.52734375 0.509765625 0
7854 0.525390625 0.51171875 0
7855 0.529296875 0.51171875 0
7856 0.53125 0.509765625 0
7857 0.533203125 0.5078125 0
7858 0.53515625 0.505859375 0
7859 0.544921875 0.484375 0
7860 0.544921875 0.48046875 0
7861 0.546875 0.482421875 0
7862 0.546875 0.486328125 0
7863 0.544921875 0.48828125 0
7864 0.544921875 0.4765625 0
7865 0.546875 0.478515625 0
7866 0.544921875 0.47265625 0
7867 0.546875 0.474609375 0
7868 0.548828125 0.48046875 0
7869 0.548828125 0.4765625 0
7870 0.55078125 0.478515625 0
7871 0.55078125 0.482421875 0
7872 0.548828125 0.484375 0
7873 0.546875 0.490234375 0
7874 0.544921875 0.4921875 0
7875 0.548828125 0.48828125 0
7876 0.55078125 0.486328125 0
7877 0.55078125 0.490234375 0
7878 0.548828125 0.4921875 0
7879 0.546875 0.494140625 0
7880 0.544921875 0.49609375 0
7881 0.544921875 0.46875 0
7882 0.546875 0.470703125 0
7883 0.544921875 0.46484375 0
7884 0.546875 0.466796875 0
7885 0.548828125 0.47265625 0
7886 0.548828125 0.46875 0
7887 0.55078125 0.470703125 0
7888 0.55078125 0.474609375 0
7889 0.544921875 0.4609375 0
7890 0.546875 0.462890625 0
7891 0.544921875 0.45703125 0
7892 0.546875 0.458984375 0
7893 0.548828125 0.46484375 0
7894 0.548828125 0.4609375 0
7895 0.55078125 0.462890625 0
7896 0.55078125 0.466796875 0
7897 0.552734375 0.4765625 0
7898 0.552734375 0.47265625 0
7899 0.5546875 0.474609375 0
7900 0.5546875 0.478515625 0
7901 0.552734375 0.48046875 0
7902 0.552734375 0.46875 0
7903 0.5546875 0.470703125 0
7904 0.552734375 0.46484375 0
7905 0.5546875 0.466796875 0
7906 0.556640625 0.47265625 0
7907 0.556640625 0.46875 0
7908 0.55859375 0.470703125 0
7909 0.55859375 0.474609375 0
7910 0.556640625 0.4765625 0
7911 0.5546875 0.482421875 0
7912 0.552734375 0.484375 0
7913 0.556640625 0.48046875 0
7914 0.55859375 0.478515625 0
7915 0.55859375 0.482421875 0
7916 0.556640625 0.484375 0
7917 0.5546875 0.486328125 0
7918 0.552734375 0.48828125 0
7919 0.546875 0.498046875 0
7920 0.544921875 0.5 0
7921 0.548828125 0.49609375 0
7922 0.55078125 0.494140625 0
7923 0.55078125 0.498046875 0
7924 0.548828125 0.5 0
7925 0.54296875 0.501953125 0
7926 0.541015625 0.50390625 0
7927 0.544921875 0.50390625 0
7928 0.546875 0.501953125 0
7929 0.552734375 0.4921875 0
7930 0.5546875 0.490234375 0
7931 0.5546875 0.494140625 0
7932 0.552734375 0.49609375 0
7933 0.556640625 0.48828125 0
7934 0.55859375 0.486328125 0
7935 0.55859375 0.490234375 0
7936 0.556640625 0.4921875 0
7937 0.5546875 0.498046875 0
7938 0.552734375 0.5 0
7939 0.556640625 0.49609375 0
7940 0.55859375 0.494140625 0
7941 0.55859375 0.498046875 0
7942 0.556640625 0.5 0
7943 0.55078125 0.501953125 0
7944 0.548828125 0.50390625 0
7945 0.552734375 0.50390625 0
7946 0.5546875 0.501953125 0
7947 0.5390625 0.505859375 0
7948 0.537109375 0.5078125 0
7949 0.541015625 0.5078125 0
7950 0.54296875 0.505859375 0
7951 0.53515625 0.509765625 0
7952 0.533203125 0.51171875 0
7953 0.537109375 0.51171875 0
7954 0.5390625 0.509765625 0
7955 0.544921875 0.5078125 0
7956 0.546875 0.505859375 0
7957 0.54296875 0.509765625 0
7958 0.541015625 0.51171875 0
7959 0.544921875 0.51171875 0
7960 0.546875 0.509765625 0
7961 0.548828125 0.5078125 0
7962 0.55078125 0.505859375 0
7963 0.515625 0.513671875 0
7964 0.513671875 0.515625 0
7965 0.517578125 0.515625 0
7966 0.51953125 0.513671875 0
7967 0.51171875 0.517578125 0
7968 0.509765625 0.51953125 0
7969 0.513671875 0.51953125 0
7970 0.515625 0.517578125 0
7971 0.521484375 0.515625 0
7972 0.5234375 0.513671875 0
7973 0.51953125 0.517578125 0
7974 0.517578125 0.51953125 0
7975 0.521484375 0.51953125 0
7976 0.5234375 0.517578125 0
7977 0.525390625 0.515625 0
7978 0.52734375 0.513671875 0
7979 0.5078125 0.521484375 0
7980 0.505859375 0.5234375 0
7981 0.509765625 0.5234375 0
7982 0.51171875 0.521484375 0
7983 0.50390625 0.525390625 0
7984 0.501953125 0.52734375 0
7985 0.505859375 0.52734375 0
7986 0.5078125 0.525390625 0
7987 0.513671875 0.5234375 0
7988 0.515625 0.521484375 0
7989 0.51171875 0.525390625 0
7990 0.509765625 0.52734375 0
7991 0.513671875 0.52734375 0
7992 0.515625 0.525390625 0
7993 0.517578125 0.5234375 0
7994 0.51953125 0.521484375 0
7995 0.529296875 0.515625 0
7996 0.53125 0.513671875 0
7997 0.52734375 0.517578125 0
7998 0.525390625 0.51953125 0
7999 0.529296875 0.51953125 0
8000 0.53125 0.517578125 0
8001 0.533203125 0.515625 0
8002 0.53515625 0.513671875 0
8003 0.5234375 0.521484375 0
8004 0.521484375 0.5234375 0
8005 0.525390625 0.5234375 0
8006 0.52734375 0.521484375 0
8007 0.51953125 0.525390625 0
8008 0.517578125 0.52734375 0
8009 0.521484375 0.52734375 0
8010 0.5234375 0.525390625 0
8011 0.529296875 0.5234375 0
8012 0.53125 0.521484375 0
8013 0.52734375 0.525390625 0
8014 0.525390625 0.52734375 0
8015 0.529296875 0.52734375 0
8016 0.53125 0.525390625 0
8017 0.533203125 0.51953125 0
8018 0.533203125 0.5234375 0
8019 0.53515625 0.521484375 0
8020 0.53515625 0.517578125 0
8021 0.537109375 0.515625 0
8022 0.5390625 0.513671875 0
8023 0.537109375 0.51953125 0
8024 0.5390625 0.517578125 0
8025 0.541015625 0.515625 0
8026 0.54296875 0.513671875 0
8027 0.53125 0.439453125 0
8028 0.529296875 0.4375 0
8029 0.533203125 0.44140625 0
8030 0.53515625 0.443359375 0
8031 0.53515625 0.439453125 0
8032 0.533203125 0.4375 0
8033 0.53125 0.435546875 0
8034 0.529296875 0.43359375 0
8035 0.537109375 0.4453125 0
8036 0.5390625 0.447265625 0
8037 0.5390625 0.443359375 0
8038 0.537109375 0.44140625 0
8039 0.541015625 0.44921875 0
8040 0.54296875 0.451171875 0
8041 0.54296875 0.447265625 0
8042 0.541015625 0.4453125 0
8043 0.5390625 0.439453125 0
8044 0.537109375 0.4375 0
8045 0.541015625 0.44140625 0
8046 0.54296875 0.443359375 0
8047 0.54296875 0.439453125 0
8048 0.541015625 0.4375 0
8049 0.53515625 0.435546875 0
8050 0.5390625 0.435546875 0
8051 0.537109375 0.43359375 0
8052 0.533203125 0.43359375 0
8053 0.53125 0.431640625 0
8054 0.529296875 0.4296875 0
8055 0.53515625 0.431640625 0
8056 0.533203125 0.4296875 0
8057 0.53125 0.427734375 0
8058 0.529296875 0.42578125 0
8059 0.544921875 0.453125 0
8060 0.546875 0.455078125 0
8061 0.546875 0.451171875 0
8062 0.544921875 0.44921875 0
8063 0.548828125 0.45703125 0
8064 0.548828125 0.453125 0
8065 0.55078125 0.455078125 0
8066 0.55078125 0.458984375 0
8067 0.546875 0.447265625 0
8068 0.544921875 0.4453125 0
8069 0.548828125 0.44921875 0
8070 0.55078125 0.451171875 0
8071 0.55078125 0.447265625 0
8072 0.548828125 0.4453125 0
8073 0.546875 0.443359375 0
8074 0.544921875 0.44140625 0
8075 0.552734375 0.4609375 0
8076 0.552734375 0.45703125 0
8077 0.5546875 0.458984375 0
8078 0.5546875 0.462890625 0
8079 0.552734375 0.453125 0
8080 0.5546875 0.455078125 0
8081 0.552734375 0.44921875 0
8082 0.5546875 0.451171875 0
8083 0.556640625 0.45703125 0
8084 0.556640625 0.453125 0
8085 0.55859375 0.455078125 0
8086 0.55859375 0.458984375 0
8087 0.556640625 0.4609375 0
8088 0.556640625 0.46484375 0
8089 0.55859375 0.462890625 0
8090 0.55859375 0.466796875 0
8091 0.546875 0.439453125 0
8092 0.544921875 0.4375 0
8093 0.548828125 0.44140625 0
8094 0.55078125 0.443359375 0
8095 0.55078125 0.439453125 0
8096 0.548828125 0.4375 0
8097 0.54296875 0.435546875 0
8098 0.546875 0.435546875 0
8099 0.544921875 0.43359375 0
8100 0.541015625 0.43359375 0
8101 0.552734375 0.4453125 0
8102 0.5546875 0.447265625 0
8103 0.5546875 0.443359375 0
8104 0.552734375 0.44140625 0
8105 0.556640625 0.44921875 0
8106 0.556640625 0.4453125 0
8107 0.55859375 0.447265625 0
8108 0.55859375 0.451171875 0
8109 0.5546875 0.439453125 0
8110 0.552734375 0.4375 0
8111 0.556640625 0.44140625 0
8112 0.55859375 0.443359375 0
8113 0.55859375 0.439453125 0
8114 0.556640625 0.4375 0
8115 0.55078125 0.435546875 0
8116 0.5546875 0.435546875 0
8117 0.552734375 0.43359375 0
8118 0.548828125 0.43359375 0
8119 0.5390625 0.431640625 0
8120 0.54296875 0.431640625 0
8121 0.541015625 0.4296875 0
8122 0.537109375 0.4296875 0
8123 0.546875 0.431640625 0
8124 0.544921875 0.4296875 0
8125 0.55078125 0.431640625 0
8126 0.548828125 0.4296875 0
8127 0.54296875 0.427734375 0
8128 0.546875 0.427734375 0
8129 0.544921875 0.42578125 0
8130 0.541015625 0.42578125 0
8131 0.5390625 0.427734375 0
8132 0.53515625 0.427734375 0
8133 0.537109375 0.42578125 0
8134 0.533203125 0.42578125 0
8135 0.53125 0.423828125 0
8136 0.529296875 0.421875 0
8137 0.53515625 0.423828125 0
8138 0.533203125 0.421875 0
8139 0.53125 0.419921875 0
8140 0.529296875 0.41796875 0
8141 0.5390625 0.423828125 0
8142 0.537109375 0.421875 0
8143 0.54296875 0.423828125 0
8144 0.541015625 0.421875 0
8145 0.53515625 0.419921875 0
8146 0.5390625 0.419921875 0
8147 0.537109375 0.41796875 0
8148 0.533203125 0.41796875 0
8149 0.53125 0.416015625 0
8150 0.529296875 0.4140625 0
8151 0.53515625 0.416015625 0
8152 0.533203125 0.4140625 0
8153 0.53125 0.412109375 0
8154 0.529296875 0.41015625 0
8155 0.439453125 0.5 0
8156 0.4375 0.498046875 0
8157 0.44140625 0.501953125 0
8158 0.4375 0.501953125 0
8159 0.439453125 0.50390625 0
8160 0.443359375 0.50390625 0
8161 0.435546875 0.49609375 0
8162 0.435546875 0.5 0
8163 0.43359375 0.498046875 0
8164 0.43359375 0.494140625 0
8165 0.4453125 0.505859375 0
8166 0.44140625 0.505859375 0
8167 0.443359375 0.5078125 0
8168 0.447265625 0.5078125 0
8169 0.4375 0.505859375 0
8170 0.439453125 0.5078125 0
8171 0.435546875 0.50390625 0
8172 0.43359375 0.501953125 0
8173 0.43359375 0.505859375 0
8174 0.435546875 0.5078125 0
8175 0.44140625 0.509765625 0
8176 0.4375 0.509765625 0
8177 0.439453125 0.51171875 0
8178 0.443359375 0.51171875 0
8179 0.4453125 0.509765625 0
8180 0.44921875 0.509765625 0
8181 0.447265625 0.51171875 0
8182 0.451171875 0.51171875 0
8183 0.431640625 0.4921875 0
8184 0.431640625 0.49609375 0
8185 0.4296875 0.494140625 0
8186 0.4296875 0.490234375 0
8187 0.431640625 0.5 0
8188 0.4296875 0.498046875 0
8189 0.4296875 0.501953125 0
8190 0.431640625 0.50390625 0
8191 0.427734375 0.49609375 0
8192 0.427734375 0.5 0
8193 0.42578125 0.498046875 0
8194 0.42578125 0.494140625 0
8195 0.427734375 0.4921875 0
8196 0.427734375 0.48828125 0
8197 0.42578125 0.490234375 0
8198 0.42578125 0.486328125 0
8199 0.453125 0.513671875 0
8200 0.44921875 0.513671875 0
8201 0.451171875 0.515625 0
8202 0.455078125 0.515625 0
8203 0.4453125 0.513671875 0
8204 0.447265625 0.515625 0
8205 0.44140625 0.513671875 0
8206 0.443359375 0.515625 0
8207 0.44921875 0.517578125 0
8208 0.4453125 0.517578125 0
8209 0.447265625 0.51953125 0
8210 0.451171875 0.51953125 0
8211 0.453125 0.517578125 0
8212 0.45703125 0.517578125 0
8213 0.455078125 0.51953125 0
8214 0.458984375 0.51953125 0
8215 0.4375 0.513671875 0
8216 0.439453125 0.515625 0
8217 0.435546875 0.51171875 0
8218 0.43359375 0.509765625 0
8219 0.43359375 0.513671875 0
8220 0.435546875 0.515625 0
8221 0.44140625 0.517578125 0
8222 0.4375 0.517578125 0
8223 0.439453125 0.51953125 0
8224 0.443359375 0.51953125 0
8225 0.431640625 0.5078125 0
8226 0.4296875 0.505859375 0
8227 0.4296875 0.509765625 0
8228 0.431640625 0.51171875 0
8229 0.427734375 0.50390625 0
8230 0.42578125 0.501953125 0
8231 0.42578125 0.505859375 0
8232 0.427734375 0.5078125 0
8233 0.4296875 0.513671875 0
8234 0.431640625 0.515625 0
8235 0.427734375 0.51171875 0
8236 0.42578125 0.509765625 0
8237 0.42578125 0.513671875 0
8238 0.427734375 0.515625 0
8239 0.43359375 0.517578125 0
8240 0.4296875 0.517578125 0
8241 0.431640625 0.51953125 0
8242 0.435546875 0.51953125 0
8243 0.4453125 0.521484375 0
8244 0.44140625 0.521484375 0
8245 0.443359375 0.5234375 0
8246 0.447265625 0.5234375 0
8247 0.44921875 0.521484375 0
8248 0.4375 0.521484375 0
8249 0.439453125 0.5234375 0
8250 0.43359375 0.521484375 0
8251 0.435546875 0.5234375 0
8252 0.44140625 0.525390625 0
8253 0.4375 0.525390625 0
8254 0.439453125 0.52734375 0
8255 0.443359375 0.52734375 0
8256 0.4453125 0.525390625 0
8257 0.451171875 0.5234375 0
8258 0.453125 0.521484375 0
8259 0.44921875 0.525390625 0
8260 0.447265625 0.52734375 0
8261 0.451171875 0.52734375 0
8262 0.453125 0.525390625 0
8263 0.455078125 0.5234375 0
8264 0.45703125 0.521484375 0
8265 0.4609375 0.521484375 0
8266 0.458984375 0.5234375 0
8267 0.462890625 0.5234375 0
8268 0.45703125 0.525390625 0
8269 0.455078125 0.52734375 0
8270 0.458984375 0.52734375 0
8271 0.4609375 0.525390625 0
8272 0.46484375 0.525390625 0
8273 0.462890625 0.52734375 0
8274 0.466796875 0.52734375 0
8275 0.423828125 0.484375 0
8276 0.423828125 0.48828125 0
8277 0.421875 0.486328125 0
8278 0.421875 0.482421875 0
8279 0.423828125 0.4921875 0
8280 0.421875 0.490234375 0
8281 0.423828125 0.49609375 0
8282 0.421875 0.494140625 0
8283 0.419921875 0.48828125 0
8284 0.419921875 0.4921875 0
8285 0.41796875 0.490234375 0
8286 0.41796875 0.486328125 0
8287 0.419921875 0.484375 0
8288 0.419921875 0.48046875 0
8289 0.41796875 0.482421875 0
8290 0.41796875 0.478515625 0
8291 0.423828125 0.5 0
8292 0.421875 0.498046875 0
8293 0.421875 0.501953125 0
8294 0.423828125 0.50390625 0
8295 0.419921875 0.49609375 0
8296 0.419921875 0.5 0
8297 0.41796875 0.498046875 0
8298 0.41796875 0.494140625 0
8299 0.421875 0.505859375 0
8300 0.423828125 0.5078125 0
8301 0.419921875 0.50390625 0
8302 0.41796875 0.501953125 0
8303 0.41796875 0.505859375 0
8304 0.419921875 0.5078125 0
8305 0.421875 0.509765625 0
8306 0.423828125 0.51171875 0
8307 0.416015625 0.4921875 0
8308 0.416015625 0.49609375 0
8309 0.4140625 0.494140625 0
8310 0.4140625 0.490234375 0
8311 0.416015625 0.48828125 0
8312 0.416015625 0.5 0
8313 0.4140625 0.498046875 0
8314 0.4140625 0.501953125 0
8315 0.416015625 0.50390625 0
8316 0.412109375 0.49609375 0
8317 0.412109375 0.5 0
8318 0.41015625 0.498046875 0
8319 0.41015625 0.494140625 0
8320 0.412109375 0.4921875 0
8321 0.4140625 0.486328125 0
8322 0.416015625 0.484375 0
8323 0.412109375 0.48828125 0
8324 0.41015625 0.490234375 0
8325 0.41015625 0.486328125 0
8326 0.412109375 0.484375 0
8327 0.4140625 0.482421875 0
8328 0.416015625 0.48046875 0
8329 0.416015625 0.4765625 0
8330 0.4140625 0.478515625 0
8331 0.4140625 0.474609375 0
8332 0.412109375 0.48046875 0
8333 0.41015625 0.482421875 0
8334 0.41015625 0.478515625 0
8335 0.412109375 0.4765625 0
8336 0.412109375 0.47265625 0
8337 0.41015625 0.474609375 0
8338 0.41015625 0.470703125 0
8339 0.46875 0.529296875 0
8340 0.46484375 0.529296875 0
8341 0.466796875 0.53125 0
8342 0.47265625 0.529296875 0
8343 0.470703125 0.53125 0
8344 0.4609375 0.529296875 0
8345 0.462890625 0.53125 0
8346 0.45703125 0.529296875 0
8347 0.458984375 0.53125 0
8348 0.46484375 0.533203125 0
8349 0.4609375 0.533203125 0
8350 0.462890625 0.53515625 0
8351 0.46875 0.533203125 0
8352 0.466796875 0.53515625 0
8353 0.4765625 0.529296875 0
8354 0.474609375 0.53125 0
8355 0.48046875 0.529296875 0
8356 0.478515625 0.53125 0
8357 0.47265625 0.533203125 0
8358 0.4765625 0.533203125 0
8359 0.474609375 0.53515625 0
8360 0.470703125 0.53515625 0
8361 0.453125 0.529296875 0
8362 0.455078125 0.53125 0
8363 0.44921875 0.529296875 0
8364 0.451171875 0.53125 0
8365 0.45703125 0.533203125 0
8366 0.453125 0.533203125 0
8367 0.455078125 0.53515625 0
8368 0.458984375 0.53515625 0
8369 0.4453125 0.529296875 0
8370 0.447265625 0.53125 0
8371 0.44140625 0.529296875 0
8372 0.443359375 0.53125 0
8373 0.44921875 0.533203125 0
8374 0.4453125 0.533203125 0
8375 0.447265625 0.53515625 0
8376 0.451171875 0.53515625 0
8377 0.4609375 0.537109375 0
8378 0.45703125 0.537109375 0
8379 0.458984375 0.5390625 0
8380 0.46484375 0.537109375 0
8381 0.462890625 0.5390625 0
8382 0.453125 0.537109375 0
8383 0.455078125 0.5390625 0
8384 0.44921875 0.537109375 0
8385 0.451171875 0.5390625 0
8386 0.45703125 0.541015625 0
8387 0.453125 0.541015625 0
8388 0.455078125 0.54296875 0
8389 0.4609375 0.541015625 0
8390 0.458984375 0.54296875 0
8391 0.46875 0.537109375 0
8392 0.466796875 0.5390625 0
8393 0.47265625 0.537109375 0
8394 0.470703125 0.5390625 0
8395 0.46484375 0.541015625 0
8396 0.46875 0.541015625 0
8397 0.466796875 0.54296875 0
8398 0.462890625 0.54296875 0
8399 0.484375 0.529296875 0
8400 0.482421875 0.53125 0
8401 0.48828125 0.529296875 0
8402 0.486328125 0.53125 0
8403 0.48046875 0.533203125 0
8404 0.484375 0.533203125 0
8405 0.482421875 0.53515625 0
8406 0.478515625 0.53515625 0
8407 0.4921875 0.529296875 0
8408 0.490234375 0.53125 0
8409 0.49609375 0.529296875 0
8410 0.494140625 0.53125 0
8411 0.48828125 0.533203125 0
8412 0.4921875 0.533203125 0
8413 0.490234375 0.53515625 0
8414 0.486328125 0.53515625 0
8415 0.4765625 0.537109375 0
8416 0.48046875 0.537109375 0
8417 0.478515625 0.5390625 0
8418 0.474609375 0.5390625 0
8419 0.484375 0.537109375 0
8420 0.482421875 0.5390625 0
8421 0.48828125 0.537109375 0
8422 0.486328125 0.5390625 0
8423 0.48046875 0.541015625 0
8424 0.484375 0.541015625 0
8425 0.482421875 0.54296875 0
8426 0.478515625 0.54296875 0
8427 0.4765625 0.541015625 0
8428 0.47265625 0.541015625 0
8429 0.474609375 0.54296875 0
8430 0.470703125 0.54296875 0
8431 0.4375 0.529296875 0
8432 0.439453125 0.53125 0
8433 0.435546875 0.52734375 0
8434 0.43359375 0.525390625 0
8435 0.43359375 0.529296875 0
8436 0.435546875 0.53125 0
8437 0.44140625 0.533203125 0
8438 0.4375 0.533203125 0
8439 0.439453125 0.53515625 0
8440 0.443359375 0.53515625 0
8441 0.431640625 0.5234375 0
8442 0.4296875 0.521484375 0
8443 0.4296875 0.525390625 0
8444 0.431640625 0.52734375 0
8445 0.427734375 0.51953125 0
8446 0.42578125 0.517578125 0
8447 0.42578125 0.521484375 0
8448 0.427734375 0.5234375 0
8449 0.4296875 0.529296875 0
8450 0.431640625 0.53125 0
8451 0.427734375 0.52734375 0
8452 0.42578125 0.525390625 0
8453 0.42578125 0.529296875 0
8454 0.427734375 0.53125 0
8455 0.43359375 0.533203125 0
8456 0.4296875 0.533203125 0
8457 0.431640625 0.53515625 0
8458 0.435546875 0.53515625 0
8459 0.4453125 0.537109375 0
8460 0.44140625 0.537109375 0
8461 0.443359375 0.5390625 0
8462 0.447265625 0.5390625 0
8463 0.4375 0.537109375 0
8464 0.439453125 0.5390625 0
8465 0.43359375 0.537109375 0
8466 0.435546875 0.5390625 0
8467 0.44140625 0.541015625 0
8468 0.4375 0.541015625 0
8469 0.439453125 0.54296875 0
8470 0.443359375 0.54296875 0
8471 0.4453125 0.541015625 0
8472 0.44921875 0.541015625 0
8473 0.447265625 0.54296875 0
8474 0.451171875 0.54296875 0
8475 0.423828125 0.515625 0
8476 0.421875 0.513671875 0
8477 0.421875 0.517578125 0
8478 0.423828125 0.51953125 0
8479 0.419921875 0.51171875 0
8480 0.41796875 0.509765625 0
8481 0.41796875 0.513671875 0
8482 0.419921875 0.515625 0
8483 0.421875 0.521484375 0
8484 0.423828125 0.5234375 0
8485 0.419921875 0.51953125 0
8486 0.41796875 0.517578125 0
8487 0.41796875 0.521484375 0
8488 0.419921875 0.5234375 0
8489 0.421875 0.525390625 0
8490 0.423828125 0.52734375 0
8491 0.416015625 0.5078125 0
8492 0.4140625 0.505859375 0
8493 0.4140625 0.509765625 0
8494 0.416015625 0.51171875 0
8495 0.412109375 0.50390625 0
8496 0.41015625 0.501953125 0
8497 0.41015625 0.505859375 0
8498 0.412109375 0.5078125 0
8499 0.4140625 0.513671875 0
8500 0.416015625 0.515625 0
8501 0.412109375 0.51171875 0
8502 0.41015625 0.509765625 0
8503 0.41015625 0.513671875 0
8504 0.412109375 0.515625 0
8505 0.4140625 0.517578125 0
8506 0.416015625 0.51953125 0
8507 0.421875 0.529296875 0
8508 0.423828125 0.53125 0
8509 0.419921875 0.52734375 0
8510 0.41796875 0.525390625 0
8511 0.41796875 0.529296875 0
8512 0.419921875 0.53125 0
8513 0.42578125 0.533203125 0
8514 0.421875 0.533203125 0
8515 0.423828125 0.53515625 0
8516 0.427734375 0.53515625 0
8517 0.416015625 0.5234375 0
8518 0.4140625 0.521484375 0
8519 0.4140625 0.525390625 0
8520 0.416015625 0.52734375 0
8521 0.412109375 0.51953125 0
8522 0.41015625 0.517578125 0
8523 0.41015625 0.521484375 0
8524 0.412109375 0.5234375 0
8525 0.4140625 0.529296875 0
8526 0.416015625 0.53125 0
8527 0.412109375 0.52734375 0
8528 0.41015625 0.525390625 0
8529 0.41015625 0.529296875 0
8530 0.412109375 0.53125 0
8531 0.41796875 0.533203125 0
8532 0.4140625 0.533203125 0
8533 0.416015625 0.53515625 0
8534 0.419921875 0.53515625 0
8535 0.4296875 0.537109375 0
8536 0.42578125 0.537109375 0
8537 0.427734375 0.5390625 0
8538 0.431640625 0.5390625 0
8539 0.421875 0.537109375 0
8540 0.423828125 0.5390625 0
8541 0.41796875 0.537109375 0
8542 0.419921875 0.5390625 0
8543 0.42578125 0.541015625 0
8544 0.421875 0.541015625 0
8545 0.423828125 0.54296875 0
8546 0.427734375 0.54296875 0
8547 0.4296875 0.541015625 0
8548 0.43359375 0.541015625 0
8549 0.431640625 0.54296875 0
8550 0.435546875 0.54296875 0
8551 0.453125 0.544921875 0
8552 0.44921875 0.544921875 0
8553 0.451171875 0.546875 0
8554 0.45703125 0.544921875 0
8555 0.455078125 0.546875 0
8556 0.4453125 0.544921875 0
8557 0.447265625 0.546875 0
8558 0.44140625 0.544921875 0
8559 0.443359375 0.546875 0
8560 0.44921875 0.548828125 0
8561 0.4453125 0.548828125 0
8562 0.447265625 0.55078125 0
8563 0.453125 0.548828125 0
8564 0.451171875 0.55078125 0
8565 0.4609375 0.544921875 0
8566 0.458984375 0.546875 0
8567 0.46484375 0.544921875 0
8568 0.462890625 0.546875 0
8569 0.45703125 0.548828125 0
8570 0.4609375 0.548828125 0
8571 0.458984375 0.55078125 0
8572 0.455078125 0.55078125 0
8573 0.4375 0.544921875 0
8574 0.439453125 0.546875 0
8575 0.43359375 0.544921875 0
8576 0.435546875 0.546875 0
8577 0.44140625 0.548828125 0
8578 0.4375 0.548828125 0
8579 0.439453125 0.55078125 0
8580 0.443359375 0.55078125 0
8581 0.4296875 0.544921875 0
8582 0.431640625 0.546875 0
8583 0.42578125 0.544921875 0
8584 0.427734375 0.546875 0
8585 0.43359375 0.548828125 0
8586 0.4296875 0.548828125 0
8587 0.431640625 0.55078125 0
8588 0.435546875 0.55078125 0
8589 0.4453125 0.552734375 0
8590 0.44140625 0.552734375 0
8591 0.443359375 0.5546875 0
8592 0.44921875 0.552734375 0
8593 0.447265625 0.5546875 0
8594 0.4375 0.552734375 0
8595 0.439453125 0.5546875 0
8596 0.43359375 0.552734375 0
8597 0.435546875 0.5546875 0
8598 0.44140625 0.556640625 0
8599 0.4375 0.556640625 0
8600 0.439453125 0.55859375 0
8601 0.4453125 0.556640625 0
8602 0.443359375 0.55859375 0
8603 0.453125 0.552734375 0
8604 0.451171875 0.5546875 0
8605 0.45703125 0.552734375 0
8606 0.455078125 0.5546875 0
8607 0.44921875 0.556640625 0
8608 0.453125 0.556640625 0
8609 0.451171875 0.55859375 0
8610 0.447265625 0.55859375 0
8611 0.46875 0.544921875 0
8612 0.466796875 0.546875 0
8613 0.47265625 0.544921875 0
8614 0.470703125 0.546875 0
8615 0.46484375 0.548828125 0
8616 0.46875 0.548828125 0
8617 0.466796875 0.55078125 0
8618 0.462890625 0.55078125 0
8619 0.4765625 0.544921875 0
8620 0.474609375 0.546875 0
8621 0.48046875 0.544921875 0
8622 0.478515625 0.546875 0
8623 0.47265625 0.548828125 0
8624 0.4765625 0.548828125 0
8625 0.474609375 0.55078125 0
8626 0.470703125 0.55078125 0
8627 0.4609375 0.552734375 0
8628 0.46484375 0.552734375 0
8629 0.462890625 0.5546875 0
8630 0.458984375 0.5546875 0
8631 0.46875 0.552734375 0
8632 0.466796875 0.5546875 0
8633 0.47265625 0.552734375 0
8634 0.470703125 0.5546875 0
8635 0.46484375 0.556640625 0
8636 0.46875 0.556640625 0
8637 0.466796875 0.55859375 0
8638 0.462890625 0.55859375 0
8639 0.4609375 0.556640625 0
8640 0.45703125 0.556640625 0
8641 0.458984375 0.55859375 0
8642 0.455078125 0.55859375 0
8643 0.5 0.529296875 0
8644 0.498046875 0.53125 0
8645 0.501953125 0.53125 0
8646 0.50390625 0.529296875 0
8647 0.49609375 0.533203125 0
8648 0.5 0.533203125 0
8649 0.498046875 0.53515625 0
8650 0.494140625 0.53515625 0
8651 0.505859375 0.53125 0
8652 0.5078125 0.529296875 0
8653 0.50390625 0.533203125 0
8654 0.501953125 0.53515625 0
8655 0.505859375 0.53515625 0
8656 0.5078125 0.533203125 0
8657 0.509765625 0.53125 0
8658 0.51171875 0.529296875 0
8659 0.4921875 0.537109375 0
8660 0.49609375 0.537109375 0
8661 0.494140625 0.5390625 0
8662 0.490234375 0.5390625 0
8663 0.5 0.537109375 0
8664 0.498046875 0.5390625 0
8665 0.501953125 0.5390625 0
8666 0.50390625 0.537109375 0
8667 0.49609375 0.541015625 0
8668 0.5 0.541015625 0
8669 0.498046875 0.54296875 0
8670 0.494140625 0.54296875 0
8671 0.4921875 0.541015625 0
8672 0.48828125 0.541015625 0
8673 0.490234375 0.54296875 0
8674 0.486328125 0.54296875 0
8675 0.513671875 0.53125 0
8676 0.515625 0.529296875 0
8677 0.51171875 0.533203125 0
8678 0.509765625 0.53515625 0
8679 0.513671875 0.53515625 0
8680 0.515625 0.533203125 0
8681 0.517578125 0.53125 0
8682 0.51953125 0.529296875 0
8683 0.5078125 0.537109375 0
8684 0.505859375 0.5390625 0
8685 0.509765625 0.5390625 0
8686 0.51171875 0.537109375 0
8687 0.50390625 0.541015625 0
8688 0.501953125 0.54296875 0
8689 0.505859375 0.54296875 0
8690 0.5078125 0.541015625 0
8691 0.513671875 0.5390625 0
8692 0.515625 0.537109375 0
8693 0.51171875 0.541015625 0
8694 0.509765625 0.54296875 0
8695 0.513671875 0.54296875 0
8696 0.515625 0.541015625 0
8697 0.517578125 0.53515625 0
8698 0.517578125 0.5390625 0
8699 0.51953125 0.537109375 0
8700 0.51953125 0.533203125 0
8701 0.521484375 0.53125 0
8702 0.5234375 0.529296875 0
8703 0.521484375 0.53515625 0
8704 0.5234375 0.533203125 0
8705 0.525390625 0.53125 0
8706 0.52734375 0.529296875 0
8707 0.484375 0.544921875 0
8708 0.48828125 0.544921875 0
8709 0.486328125 0.546875 0
8710 0.482421875 0.546875 0
8711 0.4921875 0.544921875 0
8712 0.490234375 0.546875 0
8713 0.49609375 0.544921875 0
8714 0.494140625 0.546875 0
8715 0.48828125 0.548828125 0
8716 0.4921875 0.548828125 0
8717 0.490234375 0.55078125 0
8718 0.486328125 0.55078125 0
8719 0.484375 0.548828125 0
8720 0.48046875 0.548828125 0
8721 0.482421875 0.55078125 0
8722 0.478515625 0.55078125 0
8723 0.5 0.544921875 0
8724 0.498046875 0.546875 0
8725 0.501953125 0.546875 0
8726 0.50390625 0.544921875 0
8727 0.49609375 0.548828125 0
8728 0.5 0.548828125 0
8729 0.498046875 0.55078125 0
8730 0.494140625 0.55078125 0
8731 0.505859375 0.546875 0
8732 0.5078125 0.544921875 0
8733 0.50390625 0.548828125 0
8734 0.501953125 0.55078125 0
8735 0.505859375 0.55078125 0
8736 0.5078125 0.548828125 0
8737 0.509765625 0.546875 0
8738 0.51171875 0.544921875 0
8739 0.4921875 0.552734375 0
8740 0.49609375 0.552734375 0
8741 0.494140625 0.5546875 0
8742 0.490234375 0.5546875 0
8743 0.48828125 0.552734375 0
8744 0.5 0.552734375 0
8745 0.498046875 0.5546875 0
8746 0.501953125 0.5546875 0
8747 0.50390625 0.552734375 0
8748 0.49609375 0.556640625 0
8749 0.5 0.556640625 0
8750 0.498046875 0.55859375 0
8751 0.494140625 0.55859375 0
8752 0.4921875 0.556640625 0
8753 0.486328125 0.5546875 0
8754 0.484375 0.552734375 0
8755 0.48828125 0.556640625 0
8756 0.490234375 0.55859375 0
8757 0.486328125 0.55859375 0
8758 0.484375 0.556640625 0
8759 0.482421875 0.5546875 0
8760 0.48046875 0.552734375 0
8761 0.4765625 0.552734375 0
8762 0.478515625 0.5546875 0
8763 0.474609375 0.5546875 0
8764 0.48046875 0.556640625 0
8765 0.482421875 0.55859375 0
8766 0.478515625 0.55859375 0
8767 0.4765625 0.556640625 0
8768 0.47265625 0.556640625 0
8769 0.474609375 0.55859375 0
8770 0.470703125 0.55859375 0
8771 0.408203125 0.46875 0
8772 0.408203125 0.47265625 0
8773 0.40625 0.470703125 0
8774 0.408203125 0.46484375 0
8775 0.40625 0.466796875 0
8776 0.408203125 0.4765625 0
8777 0.40625 0.474609375 0
8778 0.408203125 0.48046875 0
8779 0.40625 0.478515625 0
8780 0.404296875 0.47265625 0
8781 0.404296875 0.4765625 0
8782 0.40234375 0.474609375 0
8783 0.404296875 0.46875 0
8784 0.40234375 0.470703125 0
8785 0.408203125 0.4609375 0
8786 0.40625 0.462890625 0
8787 0.408203125 0.45703125 0
8788 0.40625 0.458984375 0
8789 0.404296875 0.46484375 0
8790 0.404296875 0.4609375 0
8791 0.40234375 0.462890625 0
8792 0.40234375 0.466796875 0
8793 0.408203125 0.484375 0
8794 0.40625 0.482421875 0
8795 0.408203125 0.48828125 0
8796 0.40625 0.486328125 0
8797 0.404296875 0.48046875 0
8798 0.404296875 0.484375 0
8799 0.40234375 0.482421875 0
8800 0.40234375 0.478515625 0
8801 0.408203125 0.4921875 0
8802 0.40625 0.490234375 0
8803 0.408203125 0.49609375 0
8804 0.40625 0.494140625 0
8805 0.404296875 0.48828125 0
8806 0.404296875 0.4921875 0
8807 0.40234375 0.490234375 0
8808 0.40234375 0.486328125 0
8809 0.400390625 0.4765625 0
8810 0.400390625 0.48046875 0
8811 0.400390625 0.47265625 0
8812 0.400390625 0.484375 0
8813 0.400390625 0.48828125 0
8814 0.400390625 0.46875 0
8815 0.400390625 0.46484375 0
8816 0.408203125 0.453125 0
8817 0.40625 0.455078125 0
8818 0.408203125 0.44921875 0
8819 0.40625 0.451171875 0
8820 0.404296875 0.45703125 0
8821 0.404296875 0.453125 0
8822 0.40234375 0.455078125 0
8823 0.40234375 0.458984375 0
8824 0.408203125 0.4453125 0
8825 0.40625 0.447265625 0
8826 0.408203125 0.44140625 0
8827 0.40625 0.443359375 0
8828 0.404296875 0.44921875 0
8829 0.404296875 0.4453125 0
8830 0.40234375 0.447265625 0
8831 0.40234375 0.451171875 0
8832 0.400390625 0.4609375 0
8833 0.400390625 0.45703125 0
8834 0.400390625 0.453125 0
8835 0.400390625 0.44921875 0
8836 0.408203125 0.5 0
8837 0.40625 0.498046875 0
8838 0.40625 0.501953125 0
8839 0.408203125 0.50390625 0
8840 0.404296875 0.49609375 0
8841 0.404296875 0.5 0
8842 0.40234375 0.498046875 0
8843 0.40234375 0.494140625 0
8844 0.40625 0.505859375 0
8845 0.408203125 0.5078125 0
8846 0.404296875 0.50390625 0
8847 0.40234375 0.501953125 0
8848 0.40234375 0.505859375 0
8849 0.404296875 0.5078125 0
8850 0.40625 0.509765625 0
8851 0.408203125 0.51171875 0
8852 0.400390625 0.4921875 0
8853 0.400390625 0.49609375 0
8854 0.400390625 0.5 0
8855 0.400390625 0.50390625 0
8856 0.40625 0.513671875 0
8857 0.408203125 0.515625 0
8858 0.404296875 0.51171875 0
8859 0.40234375 0.509765625 0
8860 0.40234375 0.513671875 0
8861 0.404296875 0.515625 0
8862 0.40625 0.517578125 0
8863 0.408203125 0.51953125 0
8864 0.400390625 0.5078125 0
8865 0.400390625 0.51171875 0
8866 0.400390625 0.515625 0
8867 0.40234375 0.517578125 0
8868 0.400390625 0.51953125 0
8869 0.404296875 0.51953125 0
8870 0.40625 0.521484375 0
8871 0.408203125 0.5234375 0
8872 0.40234375 0.521484375 0
8873 0.404296875 0.5234375 0
8874 0.40625 0.525390625 0
8875 0.408203125 0.52734375 0
8876 0.408203125 0.4375 0
8877 0.40625 0.439453125 0
8878 0.408203125 0.43359375 0
8879 0.40625 0.435546875 0
8880 0.404296875 0.44140625 0
8881 0.404296875 0.4375 0
8882 0.40234375 0.439453125 0
8883 0.40234375 0.443359375 0
8884 0.408203125 0.4296875 0
8885 0.40625 0.431640625 0
8886 0.408203125 0.42578125 0
8887 0.40625 0.427734375 0
8888 0.404296875 0.43359375 0
8889 0.404296875 0.4296875 0
8890 0.40234375 0.431640625 0
8891 0.40234375 0.435546875 0
8892 0.400390625 0.4453125 0
8893 0.400390625 0.44140625 0
8894 0.400390625 0.4375 0
8895 0.400390625 0.43359375 0
8896 0.408203125 0.421875 0
8897 0.40625 0.423828125 0
8898 0.408203125 0.41796875 0
8899 0.40625 0.419921875 0
8900 0.404296875 0.42578125 0
8901 0.404296875 0.421875 0
8902 0.40234375 0.423828125 0
8903 0.40234375 0.427734375 0
8904 0.408203125 0.4140625 0
8905 0.40625 0.416015625 0
8906 0.408203125 0.41015625 0
8907 0.40625 0.412109375 0
8908 0.404296875 0.41796875 0
8909 0.404296875 0.4140625 0
8910 0.40234375 0.416015625 0
8911 0.40234375 0.419921875 0
8912 0.400390625 0.4296875 0
8913 0.400390625 0.42578125 0
8914 0.400390625 0.421875 0
8915 0.400390625 0.41796875 0
8916 0.529296875 0.40625 0
8917 0.53125 0.408203125 0
8918 0.52734375 0.404296875 0
8919 0.53125 0.404296875 0
8920 0.529296875 0.40234375 0
8921 0.525390625 0.40234375 0
8922 0.533203125 0.41015625 0
8923 0.53515625 0.412109375 0
8924 0.53515625 0.408203125 0
8925 0.533203125 0.40625 0
8926 0.5234375 0.400390625 0
8927 0.52734375 0.400390625 0
8928 0.53125 0.400390625 0
8929 0.533203125 0.40234375 0
8930 0.53515625 0.404296875 0
8931 0.53515625 0.400390625 0
8932 0.537109375 0.4140625 0
8933 0.5390625 0.416015625 0
8934 0.5390625 0.412109375 0
8935 0.537109375 0.41015625 0
8936 0.541015625 0.41796875 0
8937 0.54296875 0.419921875 0
8938 0.54296875 0.416015625 0
8939 0.541015625 0.4140625 0
8940 0.5390625 0.408203125 0
8941 0.537109375 0.40625 0
8942 0.541015625 0.41015625 0
8943 0.54296875 0.412109375 0
8944 0.54296875 0.408203125 0
8945 0.541015625 0.40625 0
8946 0.5390625 0.404296875 0
8947 0.537109375 0.40234375 0
8948 0.544921875 0.421875 0
8949 0.546875 0.423828125 0
8950 0.546875 0.419921875 0
8951 0.544921875 0.41796875 0
8952 0.548828125 0.42578125 0
8953 0.55078125 0.427734375 0
8954 0.55078125 0.423828125 0
8955 0.548828125 0.421875 0
8956 0.546875 0.416015625 0
8957 0.544921875 0.4140625 0
8958 0.548828125 0.41796875 0
8959 0.55078125 0.419921875 0
8960 0.55078125 0.416015625 0
8961 0.548828125 0.4140625 0
8962 0.546875 0.412109375 0
8963 0.544921875 0.41015625 0
8964 0.552734375 0.4296875 0
8965 0.5546875 0.431640625 0
8966 0.5546875 0.427734375 0
8967 0.552734375 0.42578125 0
8968 0.556640625 0.43359375 0
8969 0.55859375 0.435546875 0
8970 0.55859375 0.431640625 0
8971 0.556640625 0.4296875 0
8972 0.5546875 0.423828125 0
8973 0.552734375 0.421875 0
8974 0.556640625 0.42578125 0
8975 0.55859375 0.427734375 0
8976 0.55859375 0.423828125 0
8977 0.556640625 0.421875 0
8978 0.5546875 0.419921875 0
8979 0.552734375 0.41796875 0
8980 0.546875 0.408203125 0
8981 0.544921875 0.40625 0
8982 0.548828125 0.41015625 0
8983 0.55078125 0.412109375 0
8984 0.55078125 0.408203125 0
8985 0.548828125 0.40625 0
8986 0.54296875 0.404296875 0
8987 0.546875 0.404296875 0
8988 0.544921875 0.40234375 0
8989 0.541015625 0.40234375 0
8990 0.552734375 0.4140625 0
8991 0.5546875 0.416015625 0
8992 0.5546875 0.412109375 0
8993 0.552734375 0.41015625 0
8994 0.556640625 0.41796875 0
8995 0.55859375 0.419921875 0
8996 0.55859375 0.416015625 0
8997 0.556640625 0.4140625 0
8998 0.5546875 0.408203125 0
8999 0.552734375 0.40625 0
9000 0.556640625 0.41015625 0
9001 0.55859375 0.412109375 0
9002 0.55859375 0.408203125 0
9003 0.556640625 0.40625 0
9004 0.55078125 0.404296875 0
9005 0.5546875 0.404296875 0
9006 0.552734375 0.40234375 0
9007 0.548828125 0.40234375 0
9008 0.5390625 0.400390625 0
9009 0.54296875 0.400390625 0
9010 0.546875 0.400390625 0
9011 0.55078125 0.400390625 0
9012 0.408203125 0.40625 0
9013 0.40625 0.408203125 0
9014 0.41015625 0.404296875 0
9015 0.412109375 0.40234375 0
9016 0.408203125 0.40234375 0
9017 0.40625 0.404296875 0
9018 0.404296875 0.41015625 0
9019 0.404296875 0.40625 0
9020 0.40234375 0.408203125 0
9021 0.40234375 0.412109375 0
9022 0.4140625 0.400390625 0
9023 0.41015625 0.400390625 0
9024 0.40625 0.400390625 0
9025 0.404296875 0.40234375 0
9026 0.400390625 0.400390625 0
9027 0.40234375 0.400390625 0
9028 0.40234375 0.404296875 0
9029 0.400390625 0.4140625 0
9030 0.400390625 0.41015625 0
9031 0.400390625 0.40625 0
9032 0.400390625 0.40234375 0
9033 0.560546875 0.4375 0
9034 0.5625 0.439453125 0
9035 0.560546875 0.44140625 0
9036 0.5625 0.435546875 0
9037 0.560546875 0.43359375 0
9038 0.5625 0.443359375 0
9039 0.560546875 0.4453125 0
9040 0.564453125 0.44140625 0
9041 0.564453125 0.4375 0
9042 0.56640625 0.439453125 0
9043 0.56640625 0.443359375 0
9044 0.564453125 0.4453125 0
9045 0.5625 0.447265625 0
9046 0.560546875 0.44921875 0
9047 0.5625 0.431640625 0
9048 0.560546875 0.4296875 0
9049 0.564453125 0.43359375 0
9050 0.56640625 0.435546875 0
9051 0.56640625 0.431640625 0
9052 0.564453125 0.4296875 0
9053 0.5625 0.427734375 0
9054 0.560546875 0.42578125 0
9055 0.5625 0.451171875 0
9056 0.560546875 0.453125 0
9057 0.564453125 0.44921875 0
9058 0.56640625 0.447265625 0
9059 0.56640625 0.451171875 0
9060 0.564453125 0.453125 0
9061 0.5625 0.455078125 0
9062 0.560546875 0.45703125 0
9063 0.568359375 0.4453125 0
9064 0.568359375 0.44140625 0
9065 0.5703125 0.443359375 0
9066 0.5703125 0.447265625 0
9067 0.568359375 0.44921875 0
9068 0.568359375 0.4375 0
9069 0.5703125 0.439453125 0
9070 0.568359375 0.43359375 0
9071 0.5703125 0.435546875 0
9072 0.572265625 0.44140625 0
9073 0.572265625 0.4375 0
9074 0.57421875 0.439453125 0
9075 0.57421875 0.443359375 0
9076 0.572265625 0.4453125 0
9077 0.5703125 0.451171875 0
9078 0.568359375 0.453125 0
9079 0.572265625 0.44921875 0
9080 0.57421875 0.447265625 0
9081 0.57421875 0.451171875 0
9082 0.572265625 0.453125 0
9083 0.56640625 0.455078125 0
9084 0.5703125 0.455078125 0
9085 0.568359375 0.45703125 0
9086 0.564453125 0.45703125 0
9087 0.5625 0.458984375 0
9088 0.560546875 0.4609375 0
9089 0.56640625 0.458984375 0
9090 0.564453125 0.4609375 0
9091 0.5625 0.462890625 0
9092 0.560546875 0.46484375 0
9093 0.5625 0.423828125 0
9094 0.560546875 0.421875 0
9095 0.564453125 0.42578125 0
9096 0.56640625 0.427734375 0
9097 0.56640625 0.423828125 0
9098 0.564453125 0.421875 0
9099 0.5625 0.419921875 0
9100 0.560546875 0.41796875 0
9101 0.568359375 0.4296875 0
9102 0.5703125 0.431640625 0
9103 0.5703125 0.427734375 0
9104 0.568359375 0.42578125 0
9105 0.572265625 0.43359375 0
9106 0.572265625 0.4296875 0
9107 0.57421875 0.431640625 0
9108 0.57421875 0.435546875 0
9109 0.5703125 0.423828125 0
9110 0.568359375 0.421875 0
9111 0.572265625 0.42578125 0
9112 0.57421875 0.427734375 0
9113 0.57421875 0.423828125 0
9114 0.572265625 0.421875 0
9115 0.56640625 0.419921875 0
9116 0.5703125 0.419921875 0
9117 0.568359375 0.41796875 0
9118 0.564453125 0.41796875 0
9119 0.5625 0.416015625 0
9120 0.560546875 0.4140625 0
9121 0.56640625 0.416015625 0
9122 0.564453125 0.4140625 0
9123 0.5625 0.412109375 0
9124 0.560546875 0.41015625 0
9125 0.5625 0.466796875 0
9126 0.560546875 0.46875 0
9127 0.564453125 0.46484375 0
9128 0.56640625 0.462890625 0
9129 0.56640625 0.466796875 0
9130 0.564453125 0.46875 0
9131 0.5625 0.470703125 0
9132 0.560546875 0.47265625 0
9133 0.568359375 0.4609375 0
9134 0.5703125 0.458984375 0
9135 0.5703125 0.462890625 0
9136 0.568359375 0.46484375 0
9137 0.572265625 0.45703125 0
9138 0.57421875 0.455078125 0
9139 0.57421875 0.458984375 0
9140 0.572265625 0.4609375 0
9141 0.5703125 0.466796875 0
9142 0.568359375 0.46875 0
9143 0.572265625 0.46484375 0
9144 0.57421875 0.462890625 0
9145 0.57421875 0.466796875 0
9146 0.572265625 0.46875 0
9147 0.56640625 0.470703125 0
9148 0.5703125 0.470703125 0
9149 0.568359375 0.47265625 0
9150 0.564453125 0.47265625 0
9151 0.5625 0.474609375 0
9152 0.560546875 0.4765625 0
9153 0.56640625 0.474609375 0
9154 0.564453125 0.4765625 0
9155 0.5625 0.478515625 0
9156 0.560546875 0.48046875 0
9157 0.576171875 0.453125 0
9158 0.576171875 0.44921875 0
9159 0.578125 0.451171875 0
9160 0.578125 0.455078125 0
9161 0.576171875 0.45703125 0
9162 0.576171875 0.4453125 0
9163 0.578125 0.447265625 0
9164 0.576171875 0.44140625 0
9165 0.578125 0.443359375 0
9166 0.580078125 0.44921875 0
9167 0.580078125 0.4453125 0
9168 0.58203125 0.447265625 0
9169 0.58203125 0.451171875 0
9170 0.580078125 0.453125 0
9171 0.578125 0.458984375 0
9172 0.576171875 0.4609375 0
9173 0.580078125 0.45703125 0
9174 0.58203125 0.455078125 0
9175 0.58203125 0.458984375 0
9176 0.580078125 0.4609375 0
9177 0.578125 0.462890625 0
9178 0.576171875 0.46484375 0
9179 0.576171875 0.4375 0
9180 0.578125 0.439453125 0
9181 0.576171875 0.43359375 0
9182 0.578125 0.435546875 0
9183 0.580078125 0.44140625 0
9184 0.580078125 0.4375 0
9185 0.58203125 0.439453125 0
9186 0.58203125 0.443359375 0
9187 0.576171875 0.4296875 0
9188 0.578125 0.431640625 0
9189 0.576171875 0.42578125 0
9190 0.578125 0.427734375 0
9191 0.580078125 0.43359375 0
9192 0.580078125 0.4296875 0
9193 0.58203125 0.431640625 0
9194 0.58203125 0.435546875 0
9195 0.583984375 0.4453125 0
9196 0.583984375 0.44140625 0
9197 0.5859375 0.443359375 0
9198 0.5859375 0.447265625 0
9199 0.583984375 0.44921875 0
9200 0.583984375 0.4375 0
9201 0.5859375 0.439453125 0
9202 0.583984375 0.43359375 0
9203 0.5859375 0.435546875 0
9204 0.587890625 0.44140625 0
9205 0.587890625 0.4375 0
9206 0.58984375 0.439453125 0
9207 0.58984375 0.443359375 0
9208 0.587890625 0.4453125 0
9209 0.5859375 0.451171875 0
9210 0.583984375 0.453125 0
9211 0.587890625 0.44921875 0
9212 0.58984375 0.447265625 0
9213 0.58984375 0.451171875 0
9214 0.587890625 0.453125 0
9215 0.5859375 0.455078125 0
9216 0.583984375 0.45703125 0
9217 0.578125 0.466796875 0
9218 0.576171875 0.46875 0
9219 0.580078125 0.46484375 0
9220 0.58203125 0.462890625 0
9221 0.58203125 0.466796875 0
9222 0.580078125 0.46875 0
9223 0.57421875 0.470703125 0
9224 0.578125 0.470703125 0
9225 0.576171875 0.47265625 0
9226 0.572265625 0.47265625 0
9227 0.583984375 0.4609375 0
9228 0.5859375 0.458984375 0
9229 0.5859375 0.462890625 0
9230 0.583984375 0.46484375 0
9231 0.587890625 0.45703125 0
9232 0.58984375 0.455078125 0
9233 0.58984375 0.458984375 0
9234 0.587890625 0.4609375 0
9235 0.5859375 0.466796875 0
9236 0.583984375 0.46875 0
9237 0.587890625 0.46484375 0
9238 0.58984375 0.462890625 0
9239 0.58984375 0.466796875 0
9240 0.587890625 0.46875 0
9241 0.58203125 0.470703125 0
9242 0.5859375 0.470703125 0
9243 0.583984375 0.47265625 0
9244 0.580078125 0.47265625 0
9245 0.5703125 0.474609375 0
9246 0.57421875 0.474609375 0
9247 0.572265625 0.4765625 0
9248 0.568359375 0.4765625 0
9249 0.578125 0.474609375 0
9250 0.576171875 0.4765625 0
9251 0.58203125 0.474609375 0
9252 0.580078125 0.4765625 0
9253 0.57421875 0.478515625 0
9254 0.578125 0.478515625 0
9255 0.576171875 0.48046875 0
9256 0.572265625 0.48046875 0
9257 0.5703125 0.478515625 0
9258 0.56640625 0.478515625 0
9259 0.568359375 0.48046875 0
9260 0.564453125 0.48046875 0
9261 0.5625 0.482421875 0
9262 0.560546875 0.484375 0
9263 0.56640625 0.482421875 0
9264 0.564453125 0.484375 0
9265 0.5625 0.486328125 0
9266 0.560546875 0.48828125 0
9267 0.5703125 0.482421875 0
9268 0.568359375 0.484375 0
9269 0.57421875 0.482421875 0
9270 0.572265625 0.484375 0
9271 0.56640625 0.486328125 0
9272 0.5703125 0.486328125 0
9273 0.568359375 0.48828125 0
9274 0.564453125 0.48828125 0
9275 0.5625 0.490234375 0
9276 0.560546875 0.4921875 0
9277 0.56640625 0.490234375 0
9278 0.564453125 0.4921875 0
9279 0.5625 0.494140625 0
9280 0.560546875 0.49609375 0
9281 0.5625 0.408203125 0
9282 0.560546875 0.40625 0
9283 0.564453125 0.41015625 0
9284 0.56640625 0.412109375 0
9285 0.56640625 0.408203125 0
9286 0.564453125 0.40625 0
9287 0.55859375 0.404296875 0
9288 0.5625 0.404296875 0
9289 0.560546875 0.40234375 0
9290 0.556640625 0.40234375 0
9291 0.568359375 0.4140625 0
9292 0.5703125 0.416015625 0
9293 0.5703125 0.412109375 0
9294 0.568359375 0.41015625 0
9295 0.572265625 0.41796875 0
9296 0.57421875 0.419921875 0
9297 0.57421875 0.416015625 0
9298 0.572265625 0.4140625 0
9299 0.5703125 0.408203125 0
9300 0.568359375 0.40625 0
9301 0.572265625 0.41015625 0
9302 0.57421875 0.412109375 0
9303 0.57421875 0.408203125 0
9304 0.572265625 0.40625 0
9305 0.56640625 0.404296875 0
9306 0.5703125 0.404296875 0
9307 0.568359375 0.40234375 0
9308 0.564453125 0.40234375 0
9309 0.5546875 0.400390625 0
9310 0.55859375 0.400390625 0
9311 0.5625 0.400390625 0
9312 0.56640625 0.400390625 0
9313 0.576171875 0.421875 0
9314 0.578125 0.423828125 0
9315 0.578125 0.419921875 0
9316 0.576171875 0.41796875 0
9317 0.580078125 0.42578125 0
9318 0.580078125 0.421875 0
9319 0.58203125 0.423828125 0
9320 0.58203125 0.427734375 0
9321 0.578125 0.416015625 0
9322 0.576171875 0.4140625 0
9323 0.580078125 0.41796875 0
9324 0.58203125 0.419921875 0
9325 0.58203125 0.416015625 0
9326 0.580078125 0.4140625 0
9327 0.578125 0.412109375 0
9328 0.576171875 0.41015625 0
9329 0.583984375 0.4296875 0
9330 0.583984375 0.42578125 0
9331 0.5859375 0.427734375 0
9332 0.5859375 0.431640625 0
9333 0.583984375 0.421875 0
9334 0.5859375 0.423828125 0
9335 0.583984375 0.41796875 0
9336 0.5859375 0.419921875 0
9337 0.587890625 0.42578125 0
9338 0.587890625 0.421875 0
9339 0.58984375 0.423828125 0
9340 0.58984375 0.427734375 0
9341 0.587890625 0.4296875 0
9342 0.587890625 0.43359375 0
9343 0.58984375 0.431640625 0
9344 0.58984375 0.435546875 0
9345 0.578125 0.408203125 0
9346 0.576171875 0.40625 0
9347 0.580078125 0.41015625 0
9348 0.58203125 0.412109375 0
9349 0.58203125 0.408203125 0
9350 0.580078125 0.40625 0
9351 0.57421875 0.404296875 0
9352 0.578125 0.404296875 0
9353 0.576171875 0.40234375 0
9354 0.572265625 0.40234375 0
9355 0.583984375 0.4140625 0
9356 0.5859375 0.416015625 0
9357 0.5859375 0.412109375 0
9358 0.583984375 0.41015625 0
9359 0.587890625 0.41796875 0
9360 0.587890625 0.4140625 0
9361 0.58984375 0.416015625 0
9362 0.58984375 0.419921875 0
9363 0.5859375 0.408203125 0
9364 0.583984375 0.40625 0
9365 0.587890625 0.41015625 0
9366 0.58984375 0.412109375 0
9367 0.58984375 0.408203125 0
9368 0.587890625 0.40625 0
9369 0.58203125 0.404296875 0
9370 0.5859375 0.404296875 0
9371 0.583984375 0.40234375 0
9372 0.580078125 0.40234375 0
9373 0.5703125 0.400390625 0
9374 0.57421875 0.400390625 0
9375 0.578125 0.400390625 0
9376 0.58203125 0.400390625 0
9377 0.5625 0.498046875 0
9378 0.560546875 0.5 0
9379 0.564453125 0.49609375 0
9380 0.56640625 0.494140625 0
9381 0.56640625 0.498046875 0
9382 0.564453125 0.5 0
9383 0.55859375 0.501953125 0
9384 0.556640625 0.50390625 0
9385 0.560546875 0.50390625 0
9386 0.5625 0.501953125 0
9387 0.568359375 0.4921875 0
9388 0.5703125 0.490234375 0
9389 0.5703125 0.494140625 0
9390 0.568359375 0.49609375 0
9391 0.572265625 0.48828125 0
9392 0.57421875 0.486328125 0
9393 0.57421875 0.490234375 0
9394 0.572265625 0.4921875 0
9395 0.5703125 0.498046875 0
9396 0.568359375 0.5 0
9397 0.572265625 0.49609375 0
9398 0.57421875 0.494140625 0
9399 0.57421875 0.498046875 0
9400 0.572265625 0.5 0
9401 0.56640625 0.501953125 0
9402 0.564453125 0.50390625 0
9403 0.568359375 0.50390625 0
9404 0.5703125 0.501953125 0
9405 0.5546875 0.505859375 0
9406 0.552734375 0.5078125 0
9407 0.556640625 0.5078125 0
9408 0.55859375 0.505859375 0
9409 0.55078125 0.509765625 0
9410 0.548828125 0.51171875 0
9411 0.552734375 0.51171875 0
9412 0.5546875 0.509765625 0
9413 0.560546875 0.5078125 0
9414 0.5625 0.505859375 0
9415 0.55859375 0.509765625 0
9416 0.556640625 0.51171875 0
9417 0.560546875 0.51171875 0
9418 0.5625 0.509765625 0
9419 0.564453125 0.5078125 0
9420 0.56640625 0.505859375 0
9421 0.576171875 0.484375 0
9422 0.578125 0.482421875 0
9423 0.578125 0.486328125 0
9424 0.576171875 0.48828125 0
9425 0.580078125 0.48046875 0
9426 0.58203125 0.478515625 0
9427 0.58203125 0.482421875 0
9428 0.580078125 0.484375 0
9429 0.578125 0.490234375 0
9430 0.576171875 0.4921875 0
9431 0.580078125 0.48828125 0
9432 0.58203125 0.486328125 0
9433 0.58203125 0.490234375 0
9434 0.580078125 0.4921875 0
9435 0.578125 0.494140625 0
9436 0.576171875 0.49609375 0
9437 0.583984375 0.4765625 0
9438 0.5859375 0.474609375 0
9439 0.5859375 0.478515625 0
9440 0.583984375 0.48046875 0
9441 0.587890625 0.47265625 0
9442 0.58984375 0.470703125 0
9443 0.58984375 0.474609375 0
9444 0.587890625 0.4765625 0
9445 0.5859375 0.482421875 0
9446 0.583984375 0.484375 0
9447 0.587890625 0.48046875 0
9448 0.58984375 0.478515625 0
9449 0.58984375 0.482421875 0
9450 0.587890625 0.484375 0
9451 0.5859375 0.486328125 0
9452 0.583984375 0.48828125 0
9453 0.578125 0.498046875 0
9454 0.576171875 0.5 0
9455 0.580078125 0.49609375 0
9456 0.58203125 0.494140625 0
9457 0.58203125 0.498046875 0
9458 0.580078125 0.5 0
9459 0.57421875 0.501953125 0
9460 0.572265625 0.50390625 0
9461 0.576171875 0.50390625 0
9462 0.578125 0.501953125 0
9463 0.583984375 0.4921875 0
9464 0.5859375 0.490234375 0
9465 0.5859375 0.494140625 0
9466 0.583984375 0.49609375 0
9467 0.587890625 0.48828125 0
9468 0.58984375 0.486328125 0
9469 0.58984375 0.490234375 0
9470 0.587890625 0.4921875 0
9471 0.5859375 0.498046875 0
9472 0.583984375 0.5 0
9473 0.587890625 0.49609375 0
9474 0.58984375 0.494140625 0
9475 0.58984375 0.498046875 0
9476 0.587890625 0.5 0
9477 0.58203125 0.501953125 0
9478 0.580078125 0.50390625 0
9479 0.583984375 0.50390625 0
9480 0.5859375 0.501953125 0
9481 0.5703125 0.505859375 0
9482 0.568359375 0.5078125 0
9483 0.572265625 0.5078125 0
9484 0.57421875 0.505859375 0
9485 0.56640625 0.509765625 0
9486 0.564453125 0.51171875 0
9487 0.568359375 0.51171875 0
9488 0.5703125 0.509765625 0
9489 0.576171875 0.5078125 0
9490 0.578125 0.505859375 0
9491 0.57421875 0.509765625 0
9492 0.572265625 0.51171875 0
9493 0.576171875 0.51171875 0
9494 0.578125 0.509765625 0
9495 0.580078125 0.5078125 0
9496 0.58203125 0.505859375 0
9497 0.546875 0.513671875 0
9498 0.544921875 0.515625 0
9499 0.548828125 0.515625 0
9500 0.55078125 0.513671875 0
9501 0.54296875 0.517578125 0
9502 0.541015625 0.51953125 0
9503 0.544921875 0.51953125 0
9504 0.546875 0.517578125 0
9505 0.552734375 0.515625 0
9506 0.5546875 0.513671875 0
9507 0.55078125 0.517578125 0
9508 0.548828125 0.51953125 0
9509 0.552734375 0.51953125 0
9510 0.5546875 0.517578125 0
9511 0.556640625 0.515625 0
9512 0.55859375 0.513671875 0
9513 0.5390625 0.521484375 0
9514 0.537109375 0.5234375 0
9515 0.541015625 0.5234375 0
9516 0.54296875 0.521484375 0
9517 0.53515625 0.525390625 0
9518 0.533203125 0.52734375 0
9519 0.537109375 0.52734375 0
9520 0.5390625 0.525390625 0
9521 0.544921875 0.5234375 0
9522 0.546875 0.521484375 0
9523 0.54296875 0.525390625 0
9524 0.541015625 0.52734375 0
9525 0.544921875 0.52734375 0
9526 0.546875 0.525390625 0
9527 0.548828125 0.5234375 0
9528 0.55078125 0.521484375 0
9529 0.560546875 0.515625 0
9530 0.5625 0.513671875 0
9531 0.55859375 0.517578125 0
9532 0.556640625 0.51953125 0
9533 0.560546875 0.51953125 0
9534 0.5625 0.517578125 0
9535 0.564453125 0.515625 0
9536 0.56640625 0.513671875 0
9537 0.5546875 0.521484375 0
9538 0.552734375 0.5234375 0
9539 0.556640625 0.5234375 0
9540 0.55859375 0.521484375 0
9541 0.55078125 0.525390625 0
9542 0.548828125 0.52734375 0
9543 0.552734375 0.52734375 0
9544 0.5546875 0.525390625 0
9545 0.560546875 0.5234375 0
9546 0.5625 0.521484375 0
9547 0.55859375 0.525390625 0
9548 0.556640625 0.52734375 0
9549 0.560546875 0.52734375 0
9550 0.5625 0.525390625 0
9551 0.564453125 0.51953125 0
9552 0.564453125 0.5234375 0
9553 0.56640625 0.521484375 0
9554 0.56640625 0.517578125 0
9555 0.568359375 0.515625 0
9556 0.5703125 0.513671875 0
9557 0.568359375 0.51953125 0
9558 0.5703125 0.517578125 0
9559 0.572265625 0.515625 0
9560 0.57421875 0.513671875 0
9561 0.591796875 0.46875 0
9562 0.591796875 0.46484375 0
9563 0.59375 0.466796875 0
9564 0.59375 0.470703125 0
9565 0.591796875 0.47265625 0
9566 0.591796875 0.4609375 0
9567 0.59375 0.462890625 0
9568 0.591796875 0.45703125 0
9569 0.59375 0.458984375 0
9570 0.595703125 0.46484375 0
9571 0.595703125 0.4609375 0
9572 0.59765625 0.462890625 0
9573 0.59765625 0.466796875 0
9574 0.595703125 0.46875 0
9575 0.59375 0.474609375 0
9576 0.591796875 0.4765625 0
9577 0.595703125 0.47265625 0
9578 0.59765625 0.470703125 0
9579 0.59765625 0.474609375 0
9580 0.595703125 0.4765625 0
9581 0.59375 0.478515625 0
9582 0.591796875 0.48046875 0
9583 0.591796875 0.453125 0
9584 0.59375 0.455078125 0
9585 0.591796875 0.44921875 0
9586 0.59375 0.451171875 0
9587 0.595703125 0.45703125 0
9588 0.595703125 0.453125 0
9589 0.59765625 0.455078125 0
9590 0.59765625 0.458984375 0
9591 0.591796875 0.4453125 0
9592 0.59375 0.447265625 0
9593 0.591796875 0.44140625 0
9594 0.59375 0.443359375 0
9595 0.595703125 0.44921875 0
9596 0.595703125 0.4453125 0
9597 0.59765625 0.447265625 0
9598 0.59765625 0.451171875 0
9599 0.599609375 0.4609375 0
9600 0.599609375 0.45703125 0
9601 0.599609375 0.46484375 0
9602 0.599609375 0.453125 0
9603 0.599609375 0.44921875 0
9604 0.599609375 0.46875 0
9605 0.599609375 0.47265625 0
9606 0.59375 0.482421875 0
9607 0.591796875 0.484375 0
9608 0.595703125 0.48046875 0
9609 0.59765625 0.478515625 0
9610 0.59765625 0.482421875 0
9611 0.595703125 0.484375 0
9612 0.59375 0.486328125 0
9613 0.591796875 0.48828125 0
9614 0.599609375 0.4765625 0
9615 0.599609375 0.48046875 0
9616 0.599609375 0.484375 0
9617 0.59765625 0.486328125 0
9618 0.599609375 0.48828125 0
9619 0.595703125 0.48828125 0
9620 0.59375 0.490234375 0
9621 0.591796875 0.4921875 0
9622 0.59765625 0.490234375 0
9623 0.595703125 0.4921875 0
9624 0.59375 0.494140625 0
9625 0.591796875 0.49609375 0
9626 0.591796875 0.4375 0
9627 0.59375 0.439453125 0
9628 0.591796875 0.43359375 0
9629 0.59375 0.435546875 0
9630 0.595703125 0.44140625 0
9631 0.595703125 0.4375 0
9632 0.59765625 0.439453125 0
9633 0.59765625 0.443359375 0
9634 0.591796875 0.4296875 0
9635 0.59375 0.431640625 0
9636 0.591796875 0.42578125 0
9637 0.59375 0.427734375 0
9638 0.595703125 0.43359375 0
9639 0.595703125 0.4296875 0
9640 0.59765625 0.431640625 0
9641 0.59765625 0.435546875 0
9642 0.599609375 0.4453125 0
9643 0.599609375 0.44140625 0
9644 0.599609375 0.4375 0
9645 0.599609375 0.43359375 0
9646 0.591796875 0.421875 0
9647 0.59375 0.423828125 0
9648 0.591796875 0.41796875 0
9649 0.59375 0.419921875 0
9650 0.595703125 0.42578125 0
9651 0.595703125 0.421875 0
9652 0.59765625 0.423828125 0
9653 0.59765625 0.427734375 0
9654 0.591796875 0.4140625 0
9655 0.59375 0.416015625 0
9656 0.591796875 0.41015625 0
9657 0.59375 0.412109375 0
9658 0.595703125 0.41796875 0
9659 0.595703125 0.4140625 0
9660 0.59765625 0.416015625 0
9661 0.59765625 0.419921875 0
9662 0.599609375 0.4296875 0
9663 0.599609375 0.42578125 0
9664 0.599609375 0.421875 0
9665 0.599609375 0.41796875 0
9666 0.59375 0.498046875 0
9667 0.591796875 0.5 0
9668 0.595703125 0.49609375 0
9669 0.59765625 0.494140625 0
9670 0.59765625 0.498046875 0
9671 0.595703125 0.5 0
9672 0.58984375 0.501953125 0
9673 0.587890625 0.50390625 0
9674 0.591796875 0.50390625 0
9675 0.59375 0.501953125 0
9676 0.599609375 0.4921875 0
9677 0.599609375 0.49609375 0
9678 0.599609375 0.5 0
9679 0.59765625 0.501953125 0
9680 0.595703125 0.50390625 0
9681 0.599609375 0.50390625 0
9682 0.5859375 0.505859375 0
9683 0.583984375 0.5078125 0
9684 0.587890625 0.5078125 0
9685 0.58984375 0.505859375 0
9686 0.58203125 0.509765625 0
9687 0.580078125 0.51171875 0
9688 0.583984375 0.51171875 0
9689 0.5859375 0.509765625 0
9690 0.591796875 0.5078125 0
9691 0.59375 0.505859375 0
9692 0.58984375 0.509765625 0
9693 0.587890625 0.51171875 0
9694 0.591796875 0.51171875 0
9695 0.59375 0.509765625 0
9696 0.595703125 0.5078125 0
9697 0.59765625 0.505859375 0
9698 0.578125 0.513671875 0
9699 0.576171875 0.515625 0
9700 0.580078125 0.515625 0
9701 0.58203125 0.513671875 0
9702 0.57421875 0.517578125 0
9703 0.572265625 0.51953125 0
9704 0.576171875 0.51953125 0
9705 0.578125 0.517578125 0
9706 0.583984375 0.515625 0
9707 0.5859375 0.513671875 0
9708 0.58203125 0.517578125 0
9709 0.580078125 0.51953125 0
9710 0.583984375 0.51953125 0
9711 0.5859375 0.517578125 0
9712 0.587890625 0.515625 0
9713 0.58984375 0.513671875 0
9714 0.5703125 0.521484375 0
9715 0.568359375 0.5234375 0
9716 0.572265625 0.5234375 0
9717 0.57421875 0.521484375 0
9718 0.56640625 0.525390625 0
9719 0.564453125 0.52734375 0
9720 0.568359375 0.52734375 0
9721 0.5703125 0.525390625 0
9722 0.576171875 0.5234375 0
9723 0.578125 0.521484375 0
9724 0.57421875 0.525390625 0
9725 0.572265625 0.52734375 0
9726 0.576171875 0.52734375 0
9727 0.578125 0.525390625 0
9728 0.580078125 0.5234375 0
9729 0.58203125 0.521484375 0
9730 0.591796875 0.515625 0
9731 0.59375 0.513671875 0
9732 0.58984375 0.517578125 0
9733 0.587890625 0.51953125 0
9734 0.591796875 0.51953125 0
9735 0.59375 0.517578125 0
9736 0.595703125 0.51171875 0
9737 0.595703125 0.515625 0
9738 0.59765625 0.513671875 0
9739 0.59765625 0.509765625 0
9740 0.5859375 0.521484375 0
9741 0.583984375 0.5234375 0
9742 0.587890625 0.5234375 0
9743 0.58984375 0.521484375 0
9744 0.58203125 0.525390625 0
9745 0.580078125 0.52734375 0
9746 0.583984375 0.52734375 0
9747 0.5859375 0.525390625 0
9748 0.591796875 0.5234375 0
9749 0.59375 0.521484375 0
9750 0.58984375 0.525390625 0
9751 0.587890625 0.52734375 0
9752 0.591796875 0.52734375 0
9753 0.59375 0.525390625 0
9754 0.595703125 0.51953125 0
9755 0.595703125 0.5234375 0
9756 0.59765625 0.521484375 0
9757 0.59765625 0.517578125 0
9758 0.599609375 0.5078125 0
9759 0.599609375 0.51171875 0
9760 0.599609375 0.515625 0
9761 0.599609375 0.51953125 0
9762 0.53125 0.529296875 0
9763 0.529296875 0.53125 0
9764 0.533203125 0.53125 0
9765 0.53515625 0.529296875 0
9766 0.52734375 0.533203125 0
9767 0.525390625 0.53515625 0
9768 0.529296875 0.53515625 0
9769 0.53125 0.533203125 0
9770 0.537109375 0.53125 0
9771 0.5390625 0.529296875 0
9772 0.53515625 0.533203125 0
9773 0.533203125 0.53515625 0
9774 0.537109375 0.53515625 0
9775 0.5390625 0.533203125 0
9776 0.541015625 0.53125 0
9777 0.54296875 0.529296875 0
9778 0.5234375 0.537109375 0
9779 0.521484375 0.5390625 0
9780 0.525390625 0.5390625 0
9781 0.52734375 0.537109375 0
9782 0.51953125 0.541015625 0
9783 0.517578125 0.54296875 0
9784 0.521484375 0.54296875 0
9785 0.5234375 0.541015625 0
9786 0.529296875 0.5390625 0
9787 0.53125 0.537109375 0
9788 0.52734375 0.541015625 0
9789 0.525390625 0.54296875 0
9790 0.529296875 0.54296875 0
9791 0.53125 0.541015625 0
9792 0.533203125 0.5390625 0
9793 0.53515625 0.537109375 0
9794 0.544921875 0.53125 0
9795 0.546875 0.529296875 0
9796 0.54296875 0.533203125 0
9797 0.541015625 0.53515625 0
9798 0.544921875 0.53515625 0
9799 0.546875 0.533203125 0
9800 0.548828125 0.53125 0
9801 0.55078125 0.529296875 0
9802 0.5390625 0.537109375 0
9803 0.537109375 0.5390625 0
9804 0.541015625 0.5390625 0
9805 0.54296875 0.537109375 0
9806 0.53515625 0.541015625 0
9807 0.533203125 0.54296875 0
9808 0.537109375 0.54296875 0
9809 0.5390625 0.541015625 0
9810 0.544921875 0.5390625 0
9811 0.546875 0.537109375 0
9812 0.54296875 0.541015625 0
9813 0.541015625 0.54296875 0
9814 0.544921875 0.54296875 0
9815 0.546875 0.541015625 0
9816 0.548828125 0.53515625 0
9817 0.548828125 0.5390625 0
9818 0.55078125 0.537109375 0
9819 0.55078125 0.533203125 0
9820 0.552734375 0.53125 0
9821 0.5546875 0.529296875 0
9822 0.552734375 0.53515625 0
9823 0.5546875 0.533203125 0
9824 0.556640625 0.53125 0
9825 0.55859375 0.529296875 0
9826 0.515625 0.544921875 0
9827 0.513671875 0.546875 0
9828 0.517578125 0.546875 0
9829 0.51953125 0.544921875 0
9830 0.51171875 0.548828125 0
9831 0.509765625 0.55078125 0
9832 0.513671875 0.55078125 0
9833 0.515625 0.548828125 0
9834 0.521484375 0.546875 0
9835 0.5234375 0.544921875 0
9836 0.51953125 0.548828125 0
9837 0.517578125 0.55078125 0
9838 0.521484375 0.55078125 0
9839 0.5234375 0.548828125 0
9840 0.525390625 0.546875 0
9841 0.52734375 0.544921875 0
9842 0.5078125 0.552734375 0
9843 0.505859375 0.5546875 0
9844 0.509765625 0.5546875 0
9845 0.51171875 0.552734375 0
9846 0.50390625 0.556640625 0
9847 0.501953125 0.55859375 0
9848 0.505859375 0.55859375 0
9849 0.5078125 0.556640625 0
9850 0.513671875 0.5546875 0
9851 0.515625 0.552734375 0
9852 0.51171875 0.556640625 0
9853 0.509765625 0.55859375 0
9854 0.513671875 0.55859375 0
9855 0.515625 0.556640625 0
9856 0.517578125 0.5546875 0
9857 0.51953125 0.552734375 0
9858 0.529296875 0.546875 0
9859 0.53125 0.544921875 0
9860 0.52734375 0.548828125 0
9861 0.525390625 0.55078125 0
9862 0.529296875 0.55078125 0
9863 0.53125 0.548828125 0
9864 0.533203125 0.546875 0
9865 0.53515625 0.544921875 0
9866 0.5234375 0.552734375 0
9867 0.521484375 0.5546875 0
9868 0.525390625 0.5546875 0
9869 0.52734375 0.552734375 0
9870 0.51953125 0.556640625 0
9871 0.517578125 0.55859375 0
9872 0.521484375 0.55859375 0
9873 0.5234375 0.556640625 0
9874 0.529296875 0.5546875 0
9875 0.53125 0.552734375 0
9876 0.52734375 0.556640625 0
9877 0.525390625 0.55859375 0
9878 0.529296875 0.55859375 0
9879 0.53125 0.556640625 0
9880 0.533203125 0.55078125 0
9881 0.533203125 0.5546875 0
9882 0.53515625 0.552734375 0
9883 0.53515625 0.548828125 0
9884 0.537109375 0.546875 0
9885 0.5390625 0.544921875 0
9886 0.537109375 0.55078125 0
9887 0.5390625 0.548828125 0
9888 0.541015625 0.546875 0
9889 0.54296875 0.544921875 0
9890 0.560546875 0.53125 0
9891 0.5625 0.529296875 0
9892 0.55859375 0.533203125 0
9893 0.556640625 0.53515625 0
9894 0.560546875 0.53515625 0
9895 0.5625 0.533203125 0
9896 0.564453125 0.53125 0
9897 0.56640625 0.529296875 0
9898 0.5546875 0.537109375 0
9899 0.552734375 0.5390625 0
9900 0.556640625 0.5390625 0
9901 0.55859375 0.537109375 0
9902 0.55078125 0.541015625 0
9903 0.548828125 0.54296875 0
9904 0.552734375 0.54296875 0
9905 0.5546875 0.541015625 0
9906 0.560546875 0.5390625 0
9907 0.5625 0.537109375 0
9908 0.55859375 0.541015625 0
9909 0.556640625 0.54296875 0
9910 0.560546875 0.54296875 0
9911 0.5625 0.541015625 0
9912 0.564453125 0.53515625 0
9913 0.564453125 0.5390625 0
9914 0.56640625 0.537109375 0
9915 0.56640625 0.533203125 0
9916 0.568359375 0.53125 0
9917 0.5703125 0.529296875 0
9918 0.568359375 0.53515625 0
9919 0.5703125 0.533203125 0
9920 0.572265625 0.53125 0
9921 0.57421875 0.529296875 0
9922 0.546875 0.544921875 0
9923 0.544921875 0.546875 0
9924 0.548828125 0.546875 0
9925 0.55078125 0.544921875 0
9926 0.54296875 0.548828125 0
9927 0.541015625 0.55078125 0
9928 0.544921875 0.55078125 0
9929 0.546875 0.548828125 0
9930 0.552734375 0.546875 0
9931 0.5546875 0.544921875 0
9932 0.55078125 0.548828125 0
9933 0.548828125 0.55078125 0
9934 0.552734375 0.55078125 0
9935 0.5546875 0.548828125 0
9936 0.556640625 0.546875 0
9937 0.55859375 0.544921875 0
9938 0.5390625 0.552734375 0
9939 0.537109375 0.5546875 0
9940 0.541015625 0.5546875 0
9941 0.54296875 0.552734375 0
9942 0.53515625 0.556640625 0
9943 0.533203125 0.55859375 0
9944 0.537109375 0.55859375 0
9945 0.5390625 0.556640625 0
9946 0.544921875 0.5546875 0
9947 0.546875 0.552734375 0
9948 0.54296875 0.556640625 0
9949 0.541015625 0.55859375 0
9950 0.544921875 0.55859375 0
9951 0.546875 0.556640625 0
9952 0.548828125 0.5546875 0
9953 0.55078125 0.552734375 0
9954 0.560546875 0.546875 0
9955 0.5625 0.544921875 0
9956 0.55859375 0.548828125 0
9957 0.556640625 0.55078125 0
9958 0.560546875 0.55078125 0
9959 0.5625 0.548828125 0
9960 0.564453125 0.54296875 0
9961 0.564453125 0.546875 0
9962 0.56640625 0.544921875 0
9963 0.56640625 0.541015625 0
9964 0.5546875 0.552734375 0
9965 0.552734375 0.5546875 0
9966 0.556640625 0.5546875 0
9967 0.55859375 0.552734375 0
9968 0.55078125 0.556640625 0
9969 0.548828125 0.55859375 0
9970 0.552734375 0.55859375 0
9971 0.5546875 0.556640625 0
9972 0.560546875 0.5546875 0
9973 0.5625 0.552734375 0
9974 0.55859375 0.556640625 0
9975 0.556640625 0.55859375 0
9976 0.560546875 0.55859375 0
9977 0.5625 0.556640625 0
9978 0.564453125 0.55078125 0
9979 0.564453125 0.5546875 0
9980 0.56640625 0.552734375 0
9981 0.56640625 0.548828125 0
9982 0.568359375 0.5390625 0
9983 0.568359375 0.54296875 0
9984 0.5703125 0.541015625 0
9985 0.5703125 0.537109375 0
9986 0.568359375 0.546875 0
9987 0.5703125 0.544921875 0
9988 0.568359375 0.55078125 0
9989 0.5703125 0.548828125 0
9990 0.572265625 0.54296875 0
9991 0.572265625 0.546875 0
9992 0.57421875 0.544921875 0
9993 0.57421875 0.541015625 0
9994 0.572265625 0.5390625 0
9995 0.572265625 0.53515625 0
9996 0.57421875 0.537109375 0
9997 0.57421875 0.533203125 0
9998 0.576171875 0.53125 0
9999 0.578125 0.529296875 0
10000 0.576171875 0.53515625 0
10001 0.578125 0.533203125 0
10002 0.580078125 0.53125 0
10003 0.58203125 0.529296875 0
10004 0.576171875 0.5390625 0
10005 0.578125 0.537109375 0
10006 0.576171875 0.54296875 0
10007 0.578125 0.541015625 0
10008 0.580078125 0.53515625 0
10009 0.580078125 0.5390625 0
10010 0.58203125 0.537109375 0
10011 0.58203125 0.533203125 0
10012 0.583984375 0.53125 0
10013 0.5859375 0.529296875 0
10014 0.583984375 0.53515625 0
10015 0.5859375 0.533203125 0
10016 0.587890625 0.53125 0
10017 0.58984375 0.529296875 0
10018 0.591796875 0.40625 0
10019 0.59375 0.408203125 0
10020 0.58984375 0.404296875 0
10021 0.59375 0.404296875 0
10022 0.591796875 0.40234375 0
10023 0.587890625 0.40234375 0
10024 0.595703125 0.41015625 0
10025 0.595703125 0.40625 0
10026 0.59765625 0.408203125 0
10027 0.59765625 0.412109375 0
10028 0.5859375 0.400390625 0
10029 0.58984375 0.400390625 0
10030 0.59375 0.400390625 0
10031 0.595703125 0.40234375 0
10032 0.59765625 0.404296875 0
10033 0.599609375 0.400390625 0
10034 0.59765625 0.400390625 0
10035 0.599609375 0.4140625 0
10036 0.599609375 0.41015625 0
10037 0.599609375 0.40625 0
10038 0.599609375 0.40234375 0
10039 0.40625 0.529296875 0
10040 0.408203125 0.53125 0
10041 0.404296875 0.52734375 0
10042 0.40234375 0.525390625 0
10043 0.40234375 0.529296875 0
10044 0.404296875 0.53125 0
10045 0.41015625 0.533203125 0
10046 0.40625 0.533203125 0
10047 0.408203125 0.53515625 0
10048 0.412109375 0.53515625 0
10049 0.400390625 0.5234375 0
10050 0.400390625 0.52734375 0
10051 0.400390625 0.53125 0
10052 0.40234375 0.533203125 0
10053 0.400390625 0.53515625 0
10054 0.404296875 0.53515625 0
10055 0.4140625 0.537109375 0
10056 0.41015625 0.537109375 0
10057 0.412109375 0.5390625 0
10058 0.416015625 0.5390625 0
10059 0.40625 0.537109375 0
10060 0.408203125 0.5390625 0
10061 0.40234375 0.537109375 0
10062 0.404296875 0.5390625 0
10063 0.41015625 0.541015625 0
10064 0.40625 0.541015625 0
10065 0.408203125 0.54296875 0
10066 0.412109375 0.54296875 0
10067 0.4140625 0.541015625 0
10068 0.41796875 0.541015625 0
10069 0.416015625 0.54296875 0
10070 0.419921875 0.54296875 0
10071 0.421875 0.544921875 0
10072 0.41796875 0.544921875 0
10073 0.419921875 0.546875 0
10074 0.423828125 0.546875 0
10075 0.4140625 0.544921875 0
10076 0.416015625 0.546875 0
10077 0.41015625 0.544921875 0
10078 0.412109375 0.546875 0
10079 0.41796875 0.548828125 0
10080 0.4140625 0.548828125 0
10081 0.416015625 0.55078125 0
10082 0.419921875 0.55078125 0
10083 0.421875 0.548828125 0
10084 0.42578125 0.548828125 0
10085 0.423828125 0.55078125 0
10086 0.427734375 0.55078125 0
10087 0.40625 0.544921875 0
10088 0.408203125 0.546875 0
10089 0.404296875 0.54296875 0
10090 0.40234375 0.541015625 0
10091 0.40234375 0.544921875 0
10092 0.404296875 0.546875 0
10093 0.41015625 0.548828125 0
10094 0.40625 0.548828125 0
10095 0.408203125 0.55078125 0
10096 0.412109375 0.55078125 0
10097 0.400390625 0.5390625 0
10098 0.400390625 0.54296875 0
10099 0.400390625 0.546875 0
10100 0.40234375 0.548828125 0
10101 0.400390625 0.55078125 0
10102 0.404296875 0.55078125 0
10103 0.4140625 0.552734375 0
10104 0.41015625 0.552734375 0
10105 0.412109375 0.5546875 0
10106 0.416015625 0.5546875 0
10107 0.41796875 0.552734375 0
10108 0.40625 0.552734375 0
10109 0.408203125 0.5546875 0
10110 0.40234375 0.552734375 0
10111 0.404296875 0.5546875 0
10112 0.41015625 0.556640625 0
10113 0.40625 0.556640625 0
10114 0.408203125 0.55859375 0
10115 0.412109375 0.55859375 0
10116 0.4140625 0.556640625 0
10117 0.419921875 0.5546875 0
10118 0.421875 0.552734375 0
10119 0.41796875 0.556640625 0
10120 0.416015625 0.55859375 0
10121 0.419921875 0.55859375 0
10122 0.421875 0.556640625 0
10123 0.423828125 0.5546875 0
10124 0.42578125 0.552734375 0
10125 0.4296875 0.552734375 0
10126 0.427734375 0.5546875 0
10127 0.431640625 0.5546875 0
10128 0.42578125 0.556640625 0
10129 0.423828125 0.55859375 0
10130 0.427734375 0.55859375 0
10131 0.4296875 0.556640625 0
10132 0.43359375 0.556640625 0
10133 0.431640625 0.55859375 0
10134 0.435546875 0.55859375 0
10135 0.4375 0.560546875 0
10136 0.43359375 0.560546875 0
10137 0.435546875 0.5625 0
10138 0.44140625 0.560546875 0
10139 0.439453125 0.5625 0
10140 0.4296875 0.560546875 0
10141 0.431640625 0.5625 0
10142 0.42578125 0.560546875 0
10143 0.427734375 0.5625 0
10144 0.43359375 0.564453125 0
10145 0.4296875 0.564453125 0
10146 0.431640625 0.56640625 0
10147 0.4375 0.564453125 0
10148 0.435546875 0.56640625 0
10149 0.4453125 0.560546875 0
10150 0.443359375 0.5625 0
10151 0.44921875 0.560546875 0
10152 0.447265625 0.5625 0
10153 0.44140625 0.564453125 0
10154 0.4453125 0.564453125 0
10155 0.443359375 0.56640625 0
10156 0.439453125 0.56640625 0
10157 0.421875 0.560546875 0
10158 0.423828125 0.5625 0
10159 0.41796875 0.560546875 0
10160 0.419921875 0.5625 0
10161 0.42578125 0.564453125 0
10162 0.421875 0.564453125 0
10163 0.423828125 0.56640625 0
10164 0.427734375 0.56640625 0
10165 0.4140625 0.560546875 0
10166 0.416015625 0.5625 0
10167 0.41015625 0.560546875 0
10168 0.412109375 0.5625 0
10169 0.41796875 0.564453125 0
10170 0.4140625 0.564453125 0
10171 0.416015625 0.56640625 0
10172 0.419921875 0.56640625 0
10173 0.4296875 0.568359375 0
10174 0.42578125 0.568359375 0
10175 0.427734375 0.5703125 0
10176 0.43359375 0.568359375 0
10177 0.431640625 0.5703125 0
10178 0.421875 0.568359375 0
10179 0.423828125 0.5703125 0
10180 0.41796875 0.568359375 0
10181 0.419921875 0.5703125 0
10182 0.42578125 0.572265625 0
10183 0.421875 0.572265625 0
10184 0.423828125 0.57421875 0
10185 0.4296875 0.572265625 0
10186 0.427734375 0.57421875 0
10187 0.4375 0.568359375 0
10188 0.435546875 0.5703125 0
10189 0.44140625 0.568359375 0
10190 0.439453125 0.5703125 0
10191 0.43359375 0.572265625 0
10192 0.4375 0.572265625 0
10193 0.435546875 0.57421875 0
10194 0.431640625 0.57421875 0
10195 0.453125 0.560546875 0
10196 0.451171875 0.5625 0
10197 0.45703125 0.560546875 0
10198 0.455078125 0.5625 0
10199 0.44921875 0.564453125 0
10200 0.453125 0.564453125 0
10201 0.451171875 0.56640625 0
10202 0.447265625 0.56640625 0
10203 0.4609375 0.560546875 0
10204 0.458984375 0.5625 0
10205 0.46484375 0.560546875 0
10206 0.462890625 0.5625 0
10207 0.45703125 0.564453125 0
10208 0.4609375 0.564453125 0
10209 0.458984375 0.56640625 0
10210 0.455078125 0.56640625 0
10211 0.4453125 0.568359375 0
10212 0.44921875 0.568359375 0
10213 0.447265625 0.5703125 0
10214 0.443359375 0.5703125 0
10215 0.453125 0.568359375 0
10216 0.451171875 0.5703125 0
10217 0.45703125 0.568359375 0
10218 0.455078125 0.5703125 0
10219 0.44921875 0.572265625 0
10220 0.453125 0.572265625 0
10221 0.451171875 0.57421875 0
10222 0.447265625 0.57421875 0
10223 0.4453125 0.572265625 0
10224 0.44140625 0.572265625 0
10225 0.443359375 0.57421875 0
10226 0.439453125 0.57421875 0
10227 0.40625 0.560546875 0
10228 0.408203125 0.5625 0
10229 0.404296875 0.55859375 0
10230 0.40234375 0.556640625 0
10231 0.40234375 0.560546875 0
10232 0.404296875 0.5625 0
10233 0.41015625 0.564453125 0
10234 0.40625 0.564453125 0
10235 0.408203125 0.56640625 0
10236 0.412109375 0.56640625 0
10237 0.400390625 0.5546875 0
10238 0.400390625 0.55859375 0
10239 0.400390625 0.5625 0
10240 0.40234375 0.564453125 0
10241 0.400390625 0.56640625 0
10242 0.404296875 0.56640625 0
10243 0.4140625 0.568359375 0
10244 0.41015625 0.568359375 0
10245 0.412109375 0.5703125 0
10246 0.416015625 0.5703125 0
10247 0.40625 0.568359375 0
10248 0.408203125 0.5703125 0
10249 0.40234375 0.568359375 0
10250 0.404296875 0.5703125 0
10251 0.41015625 0.572265625 0
10252 0.40625 0.572265625 0
10253 0.408203125 0.57421875 0
10254 0.412109375 0.57421875 0
10255 0.4140625 0.572265625 0
10256 0.41796875 0.572265625 0
10257 0.416015625 0.57421875 0
10258 0.419921875 0.57421875 0
10259 0.421875 0.576171875 0
10260 0.41796875 0.576171875 0
10261 0.419921875 0.578125 0
10262 0.42578125 0.576171875 0
10263 0.423828125 0.578125 0
10264 0.4140625 0.576171875 0
10265 0.416015625 0.578125 0
10266 0.41015625 0.576171875 0
10267 0.412109375 0.578125 0
10268 0.41796875 0.580078125 0
10269 0.4140625 0.580078125 0
10270 0.416015625 0.58203125 0
10271 0.421875 0.580078125 0
10272 0.419921875 0.58203125 0
10273 0.4296875 0.576171875 0
10274 0.427734375 0.578125 0
10275 0.43359375 0.576171875 0
10276 0.431640625 0.578125 0
10277 0.42578125 0.580078125 0
10278 0.4296875 0.580078125 0
10279 0.427734375 0.58203125 0
10280 0.423828125 0.58203125 0
10281 0.40625 0.576171875 0
10282 0.408203125 0.578125 0
10283 0.404296875 0.57421875 0
10284 0.40234375 0.572265625 0
10285 0.40234375 0.576171875 0
10286 0.404296875 0.578125 0
10287 0.41015625 0.580078125 0
10288 0.40625 0.580078125 0
10289 0.408203125 0.58203125 0
10290 0.412109375 0.58203125 0
10291 0.400390625 0.5703125 0
10292 0.400390625 0.57421875 0
10293 0.400390625 0.578125 0
10294 0.40234375 0.580078125 0
10295 0.400390625 0.58203125 0
10296 0.404296875 0.58203125 0
10297 0.4140625 0.583984375 0
10298 0.41015625 0.583984375 0
10299 0.412109375 0.5859375 0
10300 0.41796875 0.583984375 0
10301 0.416015625 0.5859375 0
10302 0.40625 0.583984375 0
10303 0.408203125 0.5859375 0
10304 0.40234375 0.583984375 0
10305 0.404296875 0.5859375 0
10306 0.41015625 0.587890625 0
10307 0.40625 0.587890625 0
10308 0.408203125 0.58984375 0
10309 0.4140625 0.587890625 0
10310 0.412109375 0.58984375 0
10311 0.421875 0.583984375 0
10312 0.419921875 0.5859375 0
10313 0.42578125 0.583984375 0
10314 0.423828125 0.5859375 0
10315 0.41796875 0.587890625 0
10316 0.421875 0.587890625 0
10317 0.419921875 0.58984375 0
10318 0.416015625 0.58984375 0
10319 0.4375 0.576171875 0
10320 0.435546875 0.578125 0
10321 0.44140625 0.576171875 0
10322 0.439453125 0.578125 0
10323 0.43359375 0.580078125 0
10324 0.4375 0.580078125 0
10325 0.435546875 0.58203125 0
10326 0.431640625 0.58203125 0
10327 0.4453125 0.576171875 0
10328 0.443359375 0.578125 0
10329 0.44921875 0.576171875 0
10330 0.447265625 0.578125 0
10331 0.44140625 0.580078125 0
10332 0.4453125 0.580078125 0
10333 0.443359375 0.58203125 0
10334 0.439453125 0.58203125 0
10335 0.4296875 0.583984375 0
10336 0.43359375 0.583984375 0
10337 0.431640625 0.5859375 0
10338 0.427734375 0.5859375 0
10339 0.4375 0.583984375 0
10340 0.435546875 0.5859375 0
10341 0.44140625 0.583984375 0
10342 0.439453125 0.5859375 0
10343 0.43359375 0.587890625 0
10344 0.4375 0.587890625 0
10345 0.435546875 0.58984375 0
10346 0.431640625 0.58984375 0
10347 0.4296875 0.587890625 0
10348 0.42578125 0.587890625 0
10349 0.427734375 0.58984375 0
10350 0.423828125 0.58984375 0
10351 0.46875 0.560546875 0
10352 0.466796875 0.5625 0
10353 0.47265625 0.560546875 0
10354 0.470703125 0.5625 0
10355 0.46484375 0.564453125 0
10356 0.46875 0.564453125 0
10357 0.466796875 0.56640625 0
10358 0.462890625 0.56640625 0
10359 0.4765625 0.560546875 0
10360 0.474609375 0.5625 0
10361 0.48046875 0.560546875 0
10362 0.478515625 0.5625 0
10363 0.47265625 0.564453125 0
10364 0.4765625 0.564453125 0
10365 0.474609375 0.56640625 0
10366 0.470703125 0.56640625 0
10367 0.4609375 0.568359375 0
10368 0.46484375 0.568359375 0
10369 0.462890625 0.5703125 0
10370 0.458984375 0.5703125 0
10371 0.46875 0.568359375 0
10372 0.466796875 0.5703125 0
10373 0.47265625 0.568359375 0
10374 0.470703125 0.5703125 0
10375 0.46484375 0.572265625 0
10376 0.46875 0.572265625 0
10377 0.466796875 0.57421875 0
10378 0.462890625 0.57421875 0
10379 0.4609375 0.572265625 0
10380 0.45703125 0.572265625 0
10381 0.458984375 0.57421875 0
10382 0.455078125 0.57421875 0
10383 0.484375 0.560546875 0
10384 0.482421875 0.5625 0
10385 0.48828125 0.560546875 0
10386 0.486328125 0.5625 0
10387 0.48046875 0.564453125 0
10388 0.484375 0.564453125 0
10389 0.482421875 0.56640625 0
10390 0.478515625 0.56640625 0
10391 0.4921875 0.560546875 0
10392 0.490234375 0.5625 0
10393 0.49609375 0.560546875 0
10394 0.494140625 0.5625 0
10395 0.48828125 0.564453125 0
10396 0.4921875 0.564453125 0
10397 0.490234375 0.56640625 0
10398 0.486328125 0.56640625 0
10399 0.4765625 0.568359375 0
10400 0.48046875 0.568359375 0
10401 0.478515625 0.5703125 0
10402 0.474609375 0.5703125 0
10403 0.484375 0.568359375 0
10404 0.482421875 0.5703125 0
10405 0.48828125 0.568359375 0
10406 0.486328125 0.5703125 0
10407 0.48046875 0.572265625 0
10408 0.484375 0.572265625 0
10409 0.482421875 0.57421875 0
10410 0.478515625 0.57421875 0
10411 0.4765625 0.572265625 0
10412 0.47265625 0.572265625 0
10413 0.474609375 0.57421875 0
10414 0.470703125 0.57421875 0
10415 0.453125 0.576171875 0
10416 0.45703125 0.576171875 0
10417 0.455078125 0.578125 0
10418 0.451171875 0.578125 0
10419 0.4609375 0.576171875 0
10420 0.458984375 0.578125 0
10421 0.46484375 0.576171875 0
10422 0.462890625 0.578125 0
10423 0.45703125 0.580078125 0
10424 0.4609375 0.580078125 0
10425 0.458984375 0.58203125 0
10426 0.455078125 0.58203125 0
10427 0.453125 0.580078125 0
10428 0.44921875 0.580078125 0
10429 0.451171875 0.58203125 0
10430 0.447265625 0.58203125 0
10431 0.46875 0.576171875 0
10432 0.466796875 0.578125 0
10433 0.47265625 0.576171875 0
10434 0.470703125 0.578125 0
10435 0.46484375 0.580078125 0
10436 0.46875 0.580078125 0
10437 0.466796875 0.58203125 0
10438 0.462890625 0.58203125 0
10439 0.4765625 0.576171875 0
10440 0.474609375 0.578125 0
10441 0.48046875 0.576171875 0
10442 0.478515625 0.578125 0
10443 0.47265625 0.580078125 0
10444 0.4765625 0.580078125 0
10445 0.474609375 0.58203125 0
10446 0.470703125 0.58203125 0
10447 0.4609375 0.583984375 0
10448 0.46484375 0.583984375 0
10449 0.462890625 0.5859375 0
10450 0.458984375 0.5859375 0
10451 0.45703125 0.583984375 0
10452 0.46875 0.583984375 0
10453 0.466796875 0.5859375 0
10454 0.47265625 0.583984375 0
10455 0.470703125 0.5859375 0
10456 0.46484375 0.587890625 0
10457 0.46875 0.587890625 0
10458 0.466796875 0.58984375 0
10459 0.462890625 0.58984375 0
10460 0.4609375 0.587890625 0
10461 0.455078125 0.5859375 0
10462 0.453125 0.583984375 0
10463 0.45703125 0.587890625 0
10464 0.458984375 0.58984375 0
10465 0.455078125 0.58984375 0
10466 0.453125 0.587890625 0
10467 0.451171875 0.5859375 0
10468 0.44921875 0.583984375 0
10469 0.4453125 0.583984375 0
10470 0.447265625 0.5859375 0
10471 0.443359375 0.5859375 0
10472 0.44921875 0.587890625 0
10473 0.451171875 0.58984375 0
10474 0.447265625 0.58984375 0
10475 0.4453125 0.587890625 0
10476 0.44140625 0.587890625 0
10477 0.443359375 0.58984375 0
10478 0.439453125 0.58984375 0
10479 0.40625 0.591796875 0
10480 0.41015625 0.591796875 0
10481 0.408203125 0.59375 0
10482 0.404296875 0.58984375 0
10483 0.40234375 0.587890625 0
10484 0.40234375 0.591796875 0
10485 0.404296875 0.59375 0
10486 0.4140625 0.591796875 0
10487 0.412109375 0.59375 0
10488 0.41796875 0.591796875 0
10489 0.416015625 0.59375 0
10490 0.41015625 0.595703125 0
10491 0.4140625 0.595703125 0
10492 0.412109375 0.59765625 0
10493 0.408203125 0.59765625 0
10494 0.40625 0.595703125 0
10495 0.400390625 0.5859375 0
10496 0.400390625 0.58984375 0
10497 0.400390625 0.59375 0
10498 0.40234375 0.595703125 0
10499 0.400390625 0.599609375 0
10500 0.400390625 0.59765625 0
10501 0.404296875 0.59765625 0
10502 0.421875 0.591796875 0
10503 0.419921875 0.59375 0
10504 0.42578125 0.591796875 0
10505 0.423828125 0.59375 0
10506 0.41796875 0.595703125 0
10507 0.421875 0.595703125 0
10508 0.419921875 0.59765625 0
10509 0.416015625 0.59765625 0
10510 0.4296875 0.591796875 0
10511 0.427734375 0.59375 0
10512 0.43359375 0.591796875 0
10513 0.431640625 0.59375 0
10514 0.42578125 0.595703125 0
10515 0.4296875 0.595703125 0
10516 0.427734375 0.59765625 0
10517 0.423828125 0.59765625 0
10518 0.4140625 0.599609375 0
10519 0.41796875 0.599609375 0
10520 0.41015625 0.599609375 0
10521 0.421875 0.599609375 0
10522 0.42578125 0.599609375 0
10523 0.40625 0.599609375 0
10524 0.40234375 0.599609375 0
10525 0.4375 0.591796875 0
10526 0.435546875 0.59375 0
10527 0.44140625 0.591796875 0
10528 0.439453125 0.59375 0
10529 0.43359375 0.595703125 0
10530 0.4375 0.595703125 0
10531 0.435546875 0.59765625 0
10532 0.431640625 0.59765625 0
10533 0.4453125 0.591796875 0
10534 0.443359375 0.59375 0
10535 0.44921875 0.591796875 0
10536 0.447265625 0.59375 0
10537 0.44140625 0.595703125 0
10538 0.4453125 0.595703125 0
10539 0.443359375 0.59765625 0
10540 0.439453125 0.59765625 0
10541 0.4296875 0.599609375 0
10542 0.43359375 0.599609375 0
10543 0.4375 0.599609375 0
10544 0.44140625 0.599609375 0
10545 0.453125 0.591796875 0
10546 0.451171875 0.59375 0
10547 0.45703125 0.591796875 0
10548 0.455078125 0.59375 0
10549 0.44921875 0.595703125 0
10550 0.453125 0.595703125 0
10551 0.451171875 0.59765625 0
10552 0.447265625 0.59765625 0
10553 0.4609375 0.591796875 0
10554 0.458984375 0.59375 0
10555 0.46484375 0.591796875 0
10556 0.462890625 0.59375 0
10557 0.45703125 0.595703125 0
10558 0.4609375 0.595703125 0
10559 0.458984375 0.59765625 0
10560 0.455078125 0.59765625 0
10561 0.4453125 0.599609375 0
10562 0.44921875 0.599609375 0
10563 0.453125 0.599609375 0
10564 0.45703125 0.599609375 0
10565 0.5 0.560546875 0
10566 0.498046875 0.5625 0
10567 0.501953125 0.5625 0
10568 0.50390625 0.560546875 0
10569 0.49609375 0.564453125 0
10570 0.5 0.564453125 0
10571 0.498046875 0.56640625 0
10572 0.494140625 0.56640625 0
10573 0.505859375 0.5625 0
10574 0.5078125 0.560546875 0
10575 0.50390625 0.564453125 0
10576 0.501953125 0.56640625 0
10577 0.505859375 0.56640625 0
10578 0.5078125 0.564453125 0
10579 0.509765625 0.5625 0
10580 0.51171875 0.560546875 0
10581 0.4921875 0.568359375 0
10582 0.49609375 0.568359375 0
10583 0.494140625 0.5703125 0
10584 0.490234375 0.5703125 0
10585 0.5 0.568359375 0
10586 0.498046875 0.5703125 0
10587 0.501953125 0.5703125 0
10588 0.50390625 0.568359375 0
10589 0.49609375 0.572265625 0
10590 0.5 0.572265625 0
10591 0.498046875 0.57421875 0
10592 0.494140625 0.57421875 0
10593 0.4921875 0.572265625 0
10594 0.48828125 0.572265625 0
10595 0.490234375 0.57421875 0
10596 0.486328125 0.57421875 0
10597 0.513671875 0.5625 0
10598 0.515625 0.560546875 0
10599 0.51171875 0.564453125 0
10600 0.509765625 0.56640625 0
10601 0.513671875 0.56640625 0
10602 0.515625 0.564453125 0
10603 0.517578125 0.5625 0
10604 0.51953125 0.560546875 0
10605 0.5078125 0.568359375 0
10606 0.505859375 0.5703125 0
10607 0.509765625 0.5703125 0
10608 0.51171875 0.568359375 0
10609 0.50390625 0.572265625 0
10610 0.501953125 0.57421875 0
10611 0.505859375 0.57421875 0
10612 0.5078125 0.572265625 0
10613 0.513671875 0.5703125 0
10614 0.515625 0.568359375 0
10615 0.51171875 0.572265625 0
10616 0.509765625 0.57421875 0
10617 0.513671875 0.57421875 0
10618 0.515625 0.572265625 0
10619 0.517578125 0.56640625 0
10620 0.517578125 0.5703125 0
10621 0.51953125 0.568359375 0
10622 0.51953125 0.564453125 0
10623 0.521484375 0.5625 0
10624 0.5234375 0.560546875 0
10625 0.521484375 0.56640625 0
10626 0.5234375 0.564453125 0
10627 0.525390625 0.5625 0
10628 0.52734375 0.560546875 0
10629 0.484375 0.576171875 0
10630 0.48828125 0.576171875 0
10631 0.486328125 0.578125 0
10632 0.482421875 0.578125 0
10633 0.4921875 0.576171875 0
10634 0.490234375 0.578125 0
10635 0.49609375 0.576171875 0
10636 0.494140625 0.578125 0
10637 0.48828125 0.580078125 0
10638 0.4921875 0.580078125 0
10639 0.490234375 0.58203125 0
10640 0.486328125 0.58203125 0
10641 0.484375 0.580078125 0
10642 0.48046875 0.580078125 0
10643 0.482421875 0.58203125 0
10644 0.478515625 0.58203125 0
10645 0.5 0.576171875 0
10646 0.498046875 0.578125 0
10647 0.501953125 0.578125 0
10648 0.50390625 0.576171875 0
10649 0.49609375 0.580078125 0
10650 0.5 0.580078125 0
10651 0.498046875 0.58203125 0
10652 0.494140625 0.58203125 0
10653 0.505859375 0.578125 0
10654 0.5078125 0.576171875 0
10655 0.50390625 0.580078125 0
10656 0.501953125 0.58203125 0
10657 0.505859375 0.58203125 0
10658 0.5078125 0.580078125 0
10659 0.509765625 0.578125 0
10660 0.51171875 0.576171875 0
10661 0.4921875 0.583984375 0
10662 0.49609375 0.583984375 0
10663 0.494140625 0.5859375 0
10664 0.490234375 0.5859375 0
10665 0.48828125 0.583984375 0
10666 0.5 0.583984375 0
10667 0.498046875 0.5859375 0
10668 0.501953125 0.5859375 0
10669 0.50390625 0.583984375 0
10670 0.49609375 0.587890625 0
10671 0.5 0.587890625 0
10672 0.498046875 0.58984375 0
10673 0.494140625 0.58984375 0
10674 0.4921875 0.587890625 0
10675 0.486328125 0.5859375 0
10676 0.484375 0.583984375 0
10677 0.48828125 0.587890625 0
10678 0.490234375 0.58984375 0
10679 0.486328125 0.58984375 0
10680 0.484375 0.587890625 0
10681 0.482421875 0.5859375 0
10682 0.48046875 0.583984375 0
10683 0.4765625 0.583984375 0
10684 0.478515625 0.5859375 0
10685 0.474609375 0.5859375 0
10686 0.48046875 0.587890625 0
10687 0.482421875 0.58984375 0
10688 0.478515625 0.58984375 0
10689 0.4765625 0.587890625 0
10690 0.47265625 0.587890625 0
10691 0.474609375 0.58984375 0
10692 0.470703125 0.58984375 0
10693 0.529296875 0.5625 0
10694 0.53125 0.560546875 0
10695 0.52734375 0.564453125 0
10696 0.525390625 0.56640625 0
10697 0.529296875 0.56640625 0
10698 0.53125 0.564453125 0
10699 0.533203125 0.5625 0
10700 0.53515625 0.560546875 0
10701 0.5234375 0.568359375 0
10702 0.521484375 0.5703125 0
10703 0.525390625 0.5703125 0
10704 0.52734375 0.568359375 0
10705 0.51953125 0.572265625 0
10706 0.517578125 0.57421875 0
10707 0.521484375 0.57421875 0
10708 0.5234375 0.572265625 0
10709 0.529296875 0.5703125 0
10710 0.53125 0.568359375 0
10711 0.52734375 0.572265625 0
10712 0.525390625 0.57421875 0
10713 0.529296875 0.57421875 0
10714 0.53125 0.572265625 0
10715 0.533203125 0.56640625 0
10716 0.533203125 0.5703125 0
10717 0.53515625 0.568359375 0
10718 0.53515625 0.564453125 0
10719 0.537109375 0.5625 0
10720 0.5390625 0.560546875 0
10721 0.537109375 0.56640625 0
10722 0.5390625 0.564453125 0
10723 0.541015625 0.5625 0
10724 0.54296875 0.560546875 0
10725 0.515625 0.576171875 0
10726 0.513671875 0.578125 0
10727 0.517578125 0.578125 0
10728 0.51953125 0.576171875 0
10729 0.51171875 0.580078125 0
10730 0.509765625 0.58203125 0
10731 0.513671875 0.58203125 0
10732 0.515625 0.580078125 0
10733 0.521484375 0.578125 0
10734 0.5234375 0.576171875 0
10735 0.51953125 0.580078125 0
10736 0.517578125 0.58203125 0
10737 0.521484375 0.58203125 0
10738 0.5234375 0.580078125 0
10739 0.525390625 0.578125 0
10740 0.52734375 0.576171875 0
10741 0.5078125 0.583984375 0
10742 0.505859375 0.5859375 0
10743 0.509765625 0.5859375 0
10744 0.51171875 0.583984375 0
10745 0.50390625 0.587890625 0
10746 0.501953125 0.58984375 0
10747 0.505859375 0.58984375 0
10748 0.5078125 0.587890625 0
10749 0.513671875 0.5859375 0
10750 0.515625 0.583984375 0
10751 0.51171875 0.587890625 0
10752 0.509765625 0.58984375 0
10753 0.513671875 0.58984375 0
10754 0.515625 0.587890625 0
10755 0.517578125 0.5859375 0
10756 0.51953125 0.583984375 0
10757 0.529296875 0.578125 0
10758 0.53125 0.576171875 0
10759 0.52734375 0.580078125 0
10760 0.525390625 0.58203125 0
10761 0.529296875 0.58203125 0
10762 0.53125 0.580078125 0
10763 0.533203125 0.57421875 0
10764 0.533203125 0.578125 0
10765 0.53515625 0.576171875 0
10766 0.53515625 0.572265625 0
10767 0.5234375 0.583984375 0
10768 0.521484375 0.5859375 0
10769 0.525390625 0.5859375 0
10770 0.52734375 0.583984375 0
10771 0.51953125 0.587890625 0
10772 0.517578125 0.58984375 0
10773 0.521484375 0.58984375 0
10774 0.5234375 0.587890625 0
10775 0.529296875 0.5859375 0
10776 0.53125 0.583984375 0
10777 0.52734375 0.587890625 0
10778 0.525390625 0.58984375 0
10779 0.529296875 0.58984375 0
10780 0.53125 0.587890625 0
10781 0.533203125 0.58203125 0
10782 0.533203125 0.5859375 0
10783 0.53515625 0.583984375 0
10784 0.53515625 0.580078125 0
10785 0.537109375 0.5703125 0
10786 0.537109375 0.57421875 0
10787 0.5390625 0.572265625 0
10788 0.5390625 0.568359375 0
10789 0.537109375 0.578125 0
10790 0.5390625 0.576171875 0
10791 0.537109375 0.58203125 0
10792 0.5390625 0.580078125 0
10793 0.541015625 0.57421875 0
10794 0.541015625 0.578125 0
10795 0.54296875 0.576171875 0
10796 0.54296875 0.572265625 0
10797 0.541015625 0.5703125 0
10798 0.541015625 0.56640625 0
10799 0.54296875 0.568359375 0
10800 0.54296875 0.564453125 0
10801 0.544921875 0.5625 0
10802 0.546875 0.560546875 0
10803 0.544921875 0.56640625 0
10804 0.546875 0.564453125 0
10805 0.548828125 0.5625 0
10806 0.55078125 0.560546875 0
10807 0.544921875 0.5703125 0
10808 0.546875 0.568359375 0
10809 0.544921875 0.57421875 0
10810 0.546875 0.572265625 0
10811 0.548828125 0.56640625 0
10812 0.548828125 0.5703125 0
10813 0.55078125 0.568359375 0
10814 0.55078125 0.564453125 0
10815 0.552734375 0.5625 0
10816 0.5546875 0.560546875 0
10817 0.552734375 0.56640625 0
10818 0.5546875 0.564453125 0
10819 0.556640625 0.5625 0
10820 0.55859375 0.560546875 0
10821 0.46875 0.591796875 0
10822 0.47265625 0.591796875 0
10823 0.470703125 0.59375 0
10824 0.466796875 0.59375 0
10825 0.4765625 0.591796875 0
10826 0.474609375 0.59375 0
10827 0.48046875 0.591796875 0
10828 0.478515625 0.59375 0
10829 0.47265625 0.595703125 0
10830 0.4765625 0.595703125 0
10831 0.474609375 0.59765625 0
10832 0.470703125 0.59765625 0
10833 0.46875 0.595703125 0
10834 0.46484375 0.595703125 0
10835 0.466796875 0.59765625 0
10836 0.462890625 0.59765625 0
10837 0.484375 0.591796875 0
10838 0.482421875 0.59375 0
10839 0.48828125 0.591796875 0
10840 0.486328125 0.59375 0
10841 0.48046875 0.595703125 0
10842 0.484375 0.595703125 0
10843 0.482421875 0.59765625 0
10844 0.478515625 0.59765625 0
10845 0.4921875 0.591796875 0
10846 0.490234375 0.59375 0
10847 0.49609375 0.591796875 0
10848 0.494140625 0.59375 0
10849 0.48828125 0.595703125 0
10850 0.4921875 0.595703125 0
10851 0.490234375 0.59765625 0
10852 0.486328125 0.59765625 0
10853 0.4765625 0.599609375 0
10854 0.48046875 0.599609375 0
10855 0.47265625 0.599609375 0
10856 0.484375 0.599609375 0
10857 0.48828125 0.599609375 0
10858 0.46875 0.599609375 0
10859 0.46484375 0.599609375 0
10860 0.4609375 0.599609375 0
10861 0.5 0.591796875 0
10862 0.498046875 0.59375 0
10863 0.501953125 0.59375 0
10864 0.50390625 0.591796875 0
10865 0.49609375 0.595703125 0
10866 0.5 0.595703125 0
10867 0.498046875 0.59765625 0
10868 0.494140625 0.59765625 0
10869 0.505859375 0.59375 0
10870 0.5078125 0.591796875 0
10871 0.50390625 0.595703125 0
10872 0.501953125 0.59765625 0
10873 0.505859375 0.59765625 0
10874 0.5078125 0.595703125 0
10875 0.509765625 0.59375 0
10876 0.51171875 0.591796875 0
10877 0.4921875 0.599609375 0
10878 0.49609375 0.599609375 0
10879 0.5 0.599609375 0
10880 0.50390625 0.599609375 0
10881 0.513671875 0.59375 0
10882 0.515625 0.591796875 0
10883 0.51171875 0.595703125 0
10884 0.509765625 0.59765625 0
10885 0.513671875 0.59765625 0
10886 0.515625 0.595703125 0
10887 0.517578125 0.59375 0
10888 0.51953125 0.591796875 0
10889 0.5078125 0.599609375 0
10890 0.51171875 0.599609375 0
10891 0.515625 0.599609375 0
10892 0.517578125 0.59765625 0
10893 0.51953125 0.599609375 0
10894 0.51953125 0.595703125 0
10895 0.521484375 0.59375 0
10896 0.5234375 0.591796875 0
10897 0.521484375 0.59765625 0
10898 0.5234375 0.595703125 0
10899 0.525390625 0.59375 0
10900 0.52734375 0.591796875 0
10901 0.59375 0.529296875 0
10902 0.591796875 0.53125 0
10903 0.595703125 0.52734375 0
10904 0.59765625 0.529296875 0
10905 0.595703125 0.53125 0
10906 0.59765625 0.525390625 0
10907 0.58984375 0.533203125 0
10908 0.587890625 0.53515625 0
10909 0.59375 0.533203125 0
10910 0.591796875 0.53515625 0
10911 0.599609375 0.5234375 0
10912 0.599609375 0.52734375 0
10913 0.599609375 0.53125 0
10914 0.59765625 0.533203125 0
10915 0.599609375 0.53515625 0
10916 0.595703125 0.53515625 0
10917 0.5859375 0.537109375 0
10918 0.583984375 0.5390625 0
10919 0.58984375 0.537109375 0
10920 0.587890625 0.5390625 0
10921 0.58203125 0.541015625 0
10922 0.580078125 0.54296875 0
10923 0.5859375 0.541015625 0
10924 0.583984375 0.54296875 0
10925 0.59375 0.537109375 0
10926 0.591796875 0.5390625 0
10927 0.59765625 0.537109375 0
10928 0.595703125 0.5390625 0
10929 0.58984375 0.541015625 0
10930 0.59375 0.541015625 0
10931 0.591796875 0.54296875 0
10932 0.587890625 0.54296875 0
10933 0.578125 0.544921875 0
10934 0.576171875 0.546875 0
10935 0.58203125 0.544921875 0
10936 0.580078125 0.546875 0
10937 0.57421875 0.548828125 0
10938 0.572265625 0.55078125 0
10939 0.578125 0.548828125 0
10940 0.576171875 0.55078125 0
10941 0.5859375 0.544921875 0
10942 0.583984375 0.546875 0
10943 0.58984375 0.544921875 0
10944 0.587890625 0.546875 0
10945 0.58203125 0.548828125 0
10946 0.5859375 0.548828125 0
10947 0.583984375 0.55078125 0
10948 0.580078125 0.55078125 0
10949 0.5703125 0.552734375 0
10950 0.568359375 0.5546875 0
10951 0.57421875 0.552734375 0
10952 0.572265625 0.5546875 0
10953 0.56640625 0.556640625 0
10954 0.564453125 0.55859375 0
10955 0.5703125 0.556640625 0
10956 0.568359375 0.55859375 0
10957 0.578125 0.552734375 0
10958 0.576171875 0.5546875 0
10959 0.58203125 0.552734375 0
10960 0.580078125 0.5546875 0
10961 0.57421875 0.556640625 0
10962 0.578125 0.556640625 0
10963 0.576171875 0.55859375 0
10964 0.572265625 0.55859375 0
10965 0.59375 0.544921875 0
10966 0.591796875 0.546875 0
10967 0.595703125 0.54296875 0
10968 0.59765625 0.541015625 0
10969 0.59765625 0.544921875 0
10970 0.595703125 0.546875 0
10971 0.58984375 0.548828125 0
10972 0.59375 0.548828125 0
10973 0.591796875 0.55078125 0
10974 0.587890625 0.55078125 0
10975 0.599609375 0.5390625 0
10976 0.599609375 0.54296875 0
10977 0.599609375 0.546875 0
10978 0.59765625 0.548828125 0
10979 0.599609375 0.55078125 0
10980 0.595703125 0.55078125 0
10981 0.5859375 0.552734375 0
10982 0.58984375 0.552734375 0
10983 0.587890625 0.5546875 0
10984 0.583984375 0.5546875 0
10985 0.59375 0.552734375 0
10986 0.591796875 0.5546875 0
10987 0.59765625 0.552734375 0
10988 0.595703125 0.5546875 0
10989 0.58984375 0.556640625 0
10990 0.59375 0.556640625 0
10991 0.591796875 0.55859375 0
10992 0.587890625 0.55859375 0
10993 0.5859375 0.556640625 0
10994 0.58203125 0.556640625 0
10995 0.583984375 0.55859375 0
10996 0.580078125 0.55859375 0
10997 0.5625 0.560546875 0
10998 0.560546875 0.5625 0
10999 0.56640625 0.560546875 0
11000 0.564453125 0.5625 0
11001 0.55859375 0.564453125 0
11002 0.556640625 0.56640625 0
11003 0.5625 0.564453125 0
11004 0.560546875 0.56640625 0
11005 0.5703125 0.560546875 0
11006 0.568359375 0.5625 0
11007 0.57421875 0.560546875 0
11008 0.572265625 0.5625 0
11009 0.56640625 0.564453125 0
11010 0.5703125 0.564453125 0
11011 0.568359375 0.56640625 0
11012 0.564453125 0.56640625 0
11013 0.5546875 0.568359375 0
11014 0.552734375 0.5703125 0
11015 0.55859375 0.568359375 0
11016 0.556640625 0.5703125 0
11017 0.55078125 0.572265625 0
11018 0.548828125 0.57421875 0
11019 0.5546875 0.572265625 0
11020 0.552734375 0.57421875 0
11021 0.5625 0.568359375 0
11022 0.560546875 0.5703125 0
11023 0.56640625 0.568359375 0
11024 0.564453125 0.5703125 0
11025 0.55859375 0.572265625 0
11026 0.5625 0.572265625 0
11027 0.560546875 0.57421875 0
11028 0.556640625 0.57421875 0
11029 0.578125 0.560546875 0
11030 0.576171875 0.5625 0
11031 0.58203125 0.560546875 0
11032 0.580078125 0.5625 0
11033 0.57421875 0.564453125 0
11034 0.578125 0.564453125 0
11035 0.576171875 0.56640625 0
11036 0.572265625 0.56640625 0
11037 0.5859375 0.560546875 0
11038 0.583984375 0.5625 0
11039 0.58984375 0.560546875 0
11040 0.587890625 0.5625 0
11041 0.58203125 0.564453125 0
11042 0.5859375 0.564453125 0
11043 0.583984375 0.56640625 0
11044 0.580078125 0.56640625 0
11045 0.5703125 0.568359375 0
11046 0.57421875 0.568359375 0
11047 0.572265625 0.5703125 0
11048 0.568359375 0.5703125 0
11049 0.578125 0.568359375 0
11050 0.576171875 0.5703125 0
11051 0.58203125 0.568359375 0
11052 0.580078125 0.5703125 0
11053 0.57421875 0.572265625 0
11054 0.578125 0.572265625 0
11055 0.576171875 0.57421875 0
11056 0.572265625 0.57421875 0
11057 0.5703125 0.572265625 0
11058 0.56640625 0.572265625 0
11059 0.568359375 0.57421875 0
11060 0.564453125 0.57421875 0
11061 0.546875 0.576171875 0
11062 0.544921875 0.578125 0
11063 0.55078125 0.576171875 0
11064 0.548828125 0.578125 0
11065 0.54296875 0.580078125 0
11066 0.541015625 0.58203125 0
11067 0.546875 0.580078125 0
11068 0.544921875 0.58203125 0
11069 0.5546875 0.576171875 0
11070 0.552734375 0.578125 0
11071 0.55859375 0.576171875 0
11072 0.556640625 0.578125 0
11073 0.55078125 0.580078125 0
11074 0.5546875 0.580078125 0
11075 0.552734375 0.58203125 0
11076 0.548828125 0.58203125 0
11077 0.5390625 0.583984375 0
11078 0.537109375 0.5859375 0
11079 0.54296875 0.583984375 0
11080 0.541015625 0.5859375 0
11081 0.53515625 0.587890625 0
11082 0.533203125 0.58984375 0
11083 0.5390625 0.587890625 0
11084 0.537109375 0.58984375 0
11085 0.546875 0.583984375 0
11086 0.544921875 0.5859375 0
11087 0.55078125 0.583984375 0
11088 0.548828125 0.5859375 0
11089 0.54296875 0.587890625 0
11090 0.546875 0.587890625 0
11091 0.544921875 0.58984375 0
11092 0.541015625 0.58984375 0
11093 0.5625 0.576171875 0
11094 0.560546875 0.578125 0
11095 0.56640625 0.576171875 0
11096 0.564453125 0.578125 0
11097 0.55859375 0.580078125 0
11098 0.5625 0.580078125 0
11099 0.560546875 0.58203125 0
11100 0.556640625 0.58203125 0
11101 0.5703125 0.576171875 0
11102 0.568359375 0.578125 0
11103 0.57421875 0.576171875 0
11104 0.572265625 0.578125 0
11105 0.56640625 0.580078125 0
11106 0.5703125 0.580078125 0
11107 0.568359375 0.58203125 0
11108 0.564453125 0.58203125 0
11109 0.5546875 0.583984375 0
11110 0.55859375 0.583984375 0
11111 0.556640625 0.5859375 0
11112 0.552734375 0.5859375 0
11113 0.5625 0.583984375 0
11114 0.560546875 0.5859375 0
11115 0.56640625 0.583984375 0
11116 0.564453125 0.5859375 0
11117 0.55859375 0.587890625 0
11118 0.5625 0.587890625 0
11119 0.560546875 0.58984375 0
11120 0.556640625 0.58984375 0
11121 0.5546875 0.587890625 0
11122 0.55078125 0.587890625 0
11123 0.552734375 0.58984375 0
11124 0.548828125 0.58984375 0
11125 0.59375 0.560546875 0
11126 0.591796875 0.5625 0
11127 0.595703125 0.55859375 0
11128 0.59765625 0.556640625 0
11129 0.59765625 0.560546875 0
11130 0.595703125 0.5625 0
11131 0.58984375 0.564453125 0
11132 0.59375 0.564453125 0
11133 0.591796875 0.56640625 0
11134 0.587890625 0.56640625 0
11135 0.599609375 0.5546875 0
11136 0.599609375 0.55859375 0
11137 0.599609375 0.5625 0
11138 0.59765625 0.564453125 0
11139 0.599609375 0.56640625 0
11140 0.595703125 0.56640625 0
11141 0.5859375 0.568359375 0
11142 0.58984375 0.568359375 0
11143 0.587890625 0.5703125 0
11144 0.583984375 0.5703125 0
11145 0.59375 0.568359375 0
11146 0.591796875 0.5703125 0
11147 0.59765625 0.568359375 0
11148 0.595703125 0.5703125 0
11149 0.58984375 0.572265625 0
11150 0.59375 0.572265625 0
11151 0.591796875 0.57421875 0
11152 0.587890625 0.57421875 0
11153 0.5859375 0.572265625 0
11154 0.58203125 0.572265625 0
11155 0.583984375 0.57421875 0
11156 0.580078125 0.57421875 0
11157 0.578125 0.576171875 0
11158 0.58203125 0.576171875 0
11159 0.580078125 0.578125 0
11160 0.576171875 0.578125 0
11161 0.5859375 0.576171875 0
11162 0.583984375 0.578125 0
11163 0.58984375 0.576171875 0
11164 0.587890625 0.578125 0
11165 0.58203125 0.580078125 0
11166 0.5859375 0.580078125 0
11167 0.583984375 0.58203125 0
11168 0.580078125 0.58203125 0
11169 0.578125 0.580078125 0
11170 0.57421875 0.580078125 0
11171 0.576171875 0.58203125 0
11172 0.572265625 0.58203125 0
11173 0.59375 0.576171875 0
11174 0.591796875 0.578125 0
11175 0.595703125 0.57421875 0
11176 0.59765625 0.572265625 0
11177 0.59765625 0.576171875 0
11178 0.595703125 0.578125 0
11179 0.58984375 0.580078125 0
11180 0.59375 0.580078125 0
11181 0.591796875 0.58203125 0
11182 0.587890625 0.58203125 0
11183 0.599609375 0.5703125 0
11184 0.599609375 0.57421875 0
11185 0.599609375 0.578125 0
11186 0.59765625 0.580078125 0
11187 0.599609375 0.58203125 0
11188 0.595703125 0.58203125 0
11189 0.5859375 0.583984375 0
11190 0.58984375 0.583984375 0
11191 0.587890625 0.5859375 0
11192 0.583984375 0.5859375 0
11193 0.58203125 0.583984375 0
11194 0.59375 0.583984375 0
11195 0.591796875 0.5859375 0
11196 0.59765625 0.583984375 0
11197 0.595703125 0.5859375 0
11198 0.58984375 0.587890625 0
11199 0.59375 0.587890625 0
11200 0.591796875 0.58984375 0
11201 0.587890625 0.58984375 0
11202 0.5859375 0.587890625 0
11203 0.580078125 0.5859375 0
11204 0.578125 0.583984375 0
11205 0.58203125 0.587890625 0
11206 0.583984375 0.58984375 0
11207 0.580078125 0.58984375 0
11208 0.578125 0.587890625 0
11209 0.576171875 0.5859375 0
11210 0.57421875 0.583984375 0
11211 0.5703125 0.583984375 0
11212 0.572265625 0.5859375 0
11213 0.568359375 0.5859375 0
11214 0.57421875 0.587890625 0
11215 0.576171875 0.58984375 0
11216 0.572265625 0.58984375 0
11217 0.5703125 0.587890625 0
11218 0.56640625 0.587890625 0
11219 0.568359375 0.58984375 0
11220 0.564453125 0.58984375 0
11221 0.53125 0.591796875 0
11222 0.529296875 0.59375 0
11223 0.53515625 0.591796875 0
11224 0.533203125 0.59375 0
11225 0.52734375 0.595703125 0
11226 0.525390625 0.59765625 0
11227 0.53125 0.595703125 0
11228 0.529296875 0.59765625 0
11229 0.5390625 0.591796875 0
11230 0.537109375 0.59375 0
11231 0.54296875 0.591796875 0
11232 0.541015625 0.59375 0
11233 0.53515625 0.595703125 0
11234 0.5390625 0.595703125 0
11235 0.537109375 0.59765625 0
11236 0.533203125 0.59765625 0
11237 0.5234375 0.599609375 0
11238 0.52734375 0.599609375 0
11239 0.53125 0.599609375 0
11240 0.53515625 0.599609375 0
11241 0.546875 0.591796875 0
11242 0.544921875 0.59375 0
11243 0.55078125 0.591796875 0
11244 0.548828125 0.59375 0
11245 0.54296875 0.595703125 0
11246 0.546875 0.595703125 0
11247 0.544921875 0.59765625 0
11248 0.541015625 0.59765625 0
11249 0.5546875 0.591796875 0
11250 0.552734375 0.59375 0
11251 0.55859375 0.591796875 0
11252 0.556640625 0.59375 0
11253 0.55078125 0.595703125 0
11254 0.5546875 0.595703125 0
11255 0.552734375 0.59765625 0
11256 0.548828125 0.59765625 0
11257 0.5390625 0.599609375 0
11258 0.54296875 0.599609375 0
11259 0.546875 0.599609375 0
11260 0.55078125 0.599609375 0
11261 0.5625 0.591796875 0
11262 0.560546875 0.59375 0
11263 0.56640625 0.591796875 0
11264 0.564453125 0.59375 0
11265 0.55859375 0.595703125 0
11266 0.5625 0.595703125 0
11267 0.560546875 0.59765625 0
11268 0.556640625 0.59765625 0
11269 0.5703125 0.591796875 0
11270 0.568359375 0.59375 0
11271 0.57421875 0.591796875 0
11272 0.572265625 0.59375 0
11273 0.56640625 0.595703125 0
11274 0.5703125 0.595703125 0
11275 0.568359375 0.59765625 0
11276 0.564453125 0.59765625 0
11277 0.5546875 0.599609375 0
11278 0.55859375 0.599609375 0
11279 0.5625 0.599609375 0
11280 0.56640625 0.599609375 0
11281 0.578125 0.591796875 0
11282 0.576171875 0.59375 0
11283 0.58203125 0.591796875 0
11284 0.580078125 0.59375 0
11285 0.57421875 0.595703125 0
11286 0.578125 0.595703125 0
11287 0.576171875 0.59765625 0
11288 0.572265625 0.59765625 0
11289 0.5859375 0.591796875 0
11290 0.583984375 0.59375 0
11291 0.58984375 0.591796875 0
11292 0.587890625 0.59375 0
11293 0.58203125 0.595703125 0
11294 0.5859375 0.595703125 0
11295 0.583984375 0.59765625 0
11296 0.580078125 0.59765625 0
11297 0.5703125 0.599609375 0
11298 0.57421875 0.599609375 0
11299 0.578125 0.599609375 0
11300 0.58203125 0.599609375 0
11301 0.59375 0.591796875 0
11302 0.591796875 0.59375 0
11303 0.595703125 0.58984375 0
11304 0.59765625 0.587890625 0
11305 0.59765625 0.591796875 0
11306 0.595703125 0.59375 0
11307 0.58984375 0.595703125 0
11308 0.59375 0.595703125 0
11309 0.591796875 0.59765625 0
11310 0.587890625 0.59765625 0
11311 0.599609375 0.5859375 0
11312 0.599609375 0.58984375 0
11313 0.599609375 0.59375 0
11314 0.59765625 0.595703125 0
11315 0.599609375 0.599609375 0
11316 0.599609375 0.59765625 0
11317 0.595703125 0.59765625 0
11318 0.5859375 0.599609375 0
11319 0.58984375 0.599609375 0
11320 0.59375 0.599609375 0
11321 0.59765625 0.599609375 0
$EndNodes
$Elements
22608
1 2 2 0 0 1 2 3
2 2 2 0 0 2 3 4
3 2 2 0 0 3 4 5
4 2 2 0 0 2 4 6
5 2 2 0 0 4 5 7
6 2 2 0 0 4 6 8
7 2 2 0 0 5 7 9
8 2 2 0 0 4 7 8
9 2 2 0 0 6 8 10
10 2 2 0 0 7 9 11
11 2 2 0 0 7 8 12
12 2 2 0 0 8 10 13
13 2 2 0 0 9 11 14
14 2 2 0 0 7 11 12
15 2 2 0 0 8 12 13
16 2 2 0 0 10 13 15
17 2 2 0 0 11 14 16
18 2 2 0 0 11 12 17
19 2 2 0 0 12 13 18
20 2 2 0 0 13 15 19
21 2 2 0 0 14 16 20
22 2 2 0 0 11 16 17
23 2 2 0 0 13 18 19
24 2 2 0 0 15 19 21
25 2 2 0 0 16 20 22
26 2 2 0 0 16 17 23
27 2 2 0 0 18 19 25
28 2 2 0 0 19 21 26
29 2 2 0 0 20 22 27
30 2 2 0 0 16 22 23
31 2 2 0 0 19 25 26
32 2 2 0 0 21 26 28
33 2 2 0 0 22 27 29
34 2 2 0 0 22 23 30
35 2 2 0 0 25 26 33
36 2 2 0 0 26 28 34
37 2 2 0 0 27 29 35
38 2 2 0 0 22 29 30
39 2 2 0 0 26 33 34
40 2 2 0 0 28 34 36
41 2 2 0 0 29 35 37
42 2 2 0 0 29 30 38
43 2 2 0 0 33 34 42
44 2 2 0 0 34 36 43
45 2 2 0 0 35 37 44
46 2 2 0 0 29 37 38
47 2 2 0 0 34 42 43
48 2 2 0 0 36 43 45
49 2 2 0 0 37 44 46
50 2 2 0 0 37 38 47
51 2 2 0 0 42 43 52
52 2 2 0 0 43 45 53
53 2 2 0 0 37 46 47
54 2 2 0 0 38 47 48
55 2 2 0 0 42 51 52
56 2 2 0 0 43 52 53
57 2 2 0 0 46 47 54
58 2 2 0 0 47 48 55
59 2 2 0 0 51 52 59
60 2 2 0 0 52 53 60
61 2 2 0 0 47 54 55
62 2 2 0 0 48 55 56
63 2 2 0 0 51 58 59
64 2 2 0 0 52 59 60
65 2 2 0 0 54 55 61
66 2 2 0 0 55 56 62
67 2 2 0 0 58 59 65
68 2 2 0 0 59 60 66
69 2 2 0 0 55 61 62
70 2 2 0 0 56 62 63
71 2 2 0 0 58 64 65
72 2 2 0 0 59 65 66
73 2 2 0 0 61 62 67
74 2 2 0 0 62 63 68
75 2 2 0 0 64 65 70
76 2 2 0 0 65 66 71
77 2 2 0 0 62 67 68
78 2 2 0 0 63 68 69
79 2 2 0 0 64 69 70
80 2 2 0 0 65 70 71
81 2 2 0 0 67 68 72
82 2 2 0 0 68 69 73
83 2 2 0 0 69 70 74
84 2 2 0 0 70 71 75
85 2 2 0 0 68 72 73
86 2 2 0 0 69 73 74
87 2 2 0 0 70 74 75
88 2 2 0 0 72 73 76
89 2 2 0 0 73 74 77
90 2 2 0 0 74 75 78
91 2 2 0 0 73 76 77
92 2 2 0 0 74 77 78
93 2 2 0 0 76 77 79
94 2 2 0 0 77 78 80
95 2 2 0 0 77 79 80
96 2 2 0 0 79 80 81
97 2 2 0 0 23 91 17
98 2 2 0 0 30 95 23
99 2 2 0 0 98 25 18
100 2 2 0 0 101 33 25
101 2 2 0 0 48 105 56
102 2 2 0 0 56 109 63
103 2 2 0 0 112 51 58
104 2 2 0 0 115 58 64
105 2 2 0 0 190 23 91
106 2 2 0 0 190 23 95
107 2 2 0 0 91 191 190
108 2 2 0 0 25 216 98
109 2 2 0 0 25 216 101
110 2 2 0 0 217 98 216
111 2 2 0 0 95 224 190
112 2 2 0 0 17 229 12
113 2 2 0 0 229 18 12
114 2 2 0 0 230 17 91
115 2 2 0 0 230 17 229
116 2 2 0 0 91 231 230
117 2 2 0 0 18 235 98
118 2 2 0 0 18 235 229
119 2 2 0 0 236 98 235
120 2 2 0 0 250 56 105
121 2 2 0 0 250 56 109
122 2 2 0 0 105 251 250
123 2 2 0 0 38 262 30
124 2 2 0 0 38 262 48
125 2 2 0 0 263 30 95
126 2 2 0 0 263 30 262
127 2 2 0 0 95 264 263
128 2 2 0 0 268 48 105
129 2 2 0 0 268 48 262
130 2 2 0 0 105 269 268
131 2 2 0 0 273 101 216
132 2 2 0 0 284 42 33
133 2 2 0 0 284 42 51
134 2 2 0 0 33 285 101
135 2 2 0 0 33 285 284
136 2 2 0 0 286 101 285
137 2 2 0 0 51 291 112
138 2 2 0 0 51 291 284
139 2 2 0 0 292 112 291
140 2 2 0 0 58 302 112
141 2 2 0 0 58 302 115
142 2 2 0 0 303 112 302
143 2 2 0 0 109 309 250
144 2 2 0 0 320 115 302
145 2 2 0 0 63 327 69
146 2 2 0 0 327 64 69
147 2 2 0 0 328 63 109
148 2 2 0 0 328 63 327
149 2 2 0 0 109 329 328
150 2 2 0 0 64 333 115
151 2 2 0 0 64 333 327
152 2 2 0 0 334 115 333
153 2 2 0 0 91 3468 191
154 2 2 0 0 3468 91 231
155 2 2 0 0 191 3469 192
156 2 2 0 0 92 3469 3468
157 2 2 0 0 3469 191 3468
158 2 2 0 0 92 3470 3469
159 2 2 0 0 3470 192 3469
160 2 2 0 0 3471 192 361
161 2 2 0 0 192 3471 3470
162 2 2 0 0 3471 193 3470
163 2 2 0 0 361 3472 3471
164 2 2 0 0 3472 193 3471
165 2 2 0 0 3473 361 993
166 2 2 0 0 361 3473 3472
167 2 2 0 0 3473 362 3472
168 2 2 0 0 993 3474 3473
169 2 2 0 0 3474 362 3473
170 2 2 0 0 3475 362 3474
171 2 2 0 0 193 3476 995
172 2 2 0 0 362 3476 3472
173 2 2 0 0 3476 193 3472
174 2 2 0 0 362 3477 3476
175 2 2 0 0 3477 995 3476
176 2 2 0 0 362 3478 3477
177 2 2 0 0 993 3479 3474
178 2 2 0 0 3480 190 191
179 2 2 0 0 3480 190 224
180 2 2 0 0 3481 191 192
181 2 2 0 0 191 3481 3480
182 2 2 0 0 3481 31 3480
183 2 2 0 0 192 3482 3481
184 2 2 0 0 3482 31 3481
185 2 2 0 0 192 3483 361
186 2 2 0 0 196 3483 3482
187 2 2 0 0 3483 192 3482
188 2 2 0 0 196 3484 3483
189 2 2 0 0 3484 361 3483
190 2 2 0 0 361 3485 993
191 2 2 0 0 368 3485 3484
192 2 2 0 0 3485 361 3484
193 2 2 0 0 368 3486 3485
194 2 2 0 0 3486 993 3485
195 2 2 0 0 3487 993 3486
196 2 2 0 0 3488 995 3477
197 2 2 0 0 92 3489 363
198 2 2 0 0 193 3489 3470
199 2 2 0 0 3489 92 3470
200 2 2 0 0 193 3490 3489
201 2 2 0 0 3490 363 3489
202 2 2 0 0 3491 193 995
203 2 2 0 0 193 3491 3490
204 2 2 0 0 3491 364 3490
205 2 2 0 0 995 3492 3491
206 2 2 0 0 3492 364 3491
207 2 2 0 0 995 3493 3492
208 2 2 0 0 368 3502 3486
209 2 2 0 0 196 3503 1000
210 2 2 0 0 196 3503 3484
211 2 2 0 0 3503 368 3484
212 2 2 0 0 368 3504 3503
213 2 2 0 0 3504 1000 3503
214 2 2 0 0 368 3505 3504
215 2 2 0 0 3506 1000 3504
216 2 2 0 0 31 3507 369
217 2 2 0 0 31 3507 3482
218 2 2 0 0 3507 196 3482
219 2 2 0 0 196 3508 3507
220 2 2 0 0 3508 369 3507
221 2 2 0 0 3509 196 1000
222 2 2 0 0 196 3509 3508
223 2 2 0 0 3509 370 3508
224 2 2 0 0 1000 3510 3509
225 2 2 0 0 3510 370 3509
226 2 2 0 0 1000 3511 3510
227 2 2 0 0 3521 364 3492
228 2 2 0 0 363 3522 1005
229 2 2 0 0 364 3522 3490
230 2 2 0 0 3522 363 3490
231 2 2 0 0 364 3523 3522
232 2 2 0 0 3523 1005 3522
233 2 2 0 0 364 3524 3523
234 2 2 0 0 3525 1005 3523
235 2 2 0 0 3526 231 232
236 2 2 0 0 231 3526 3468
237 2 2 0 0 3526 92 3468
238 2 2 0 0 232 3527 3526
239 2 2 0 0 3527 92 3526
240 2 2 0 0 3528 92 363
241 2 2 0 0 92 3528 3527
242 2 2 0 0 3528 233 3527
243 2 2 0 0 363 3529 3528
244 2 2 0 0 3529 233 3528
245 2 2 0 0 3530 363 1005
246 2 2 0 0 363 3530 3529
247 2 2 0 0 3530 427 3529
248 2 2 0 0 1005 3531 3530
249 2 2 0 0 3531 427 3530
250 2 2 0 0 1005 3532 3531
251 2 2 0 0 3555 427 3531
252 2 2 0 0 233 3556 1013
253 2 2 0 0 427 3556 3529
254 2 2 0 0 3556 233 3529
255 2 2 0 0 427 3557 3556
256 2 2 0 0 3557 1013 3556
257 2 2 0 0 427 3558 3557
258 2 2 0 0 3559 1013 3557
259 2 2 0 0 232 3560 429
260 2 2 0 0 233 3560 3527
261 2 2 0 0 3560 232 3527
262 2 2 0 0 233 3561 3560
263 2 2 0 0 3561 429 3560
264 2 2 0 0 3562 233 1013
265 2 2 0 0 233 3562 3561
266 2 2 0 0 3562 430 3561
267 2 2 0 0 1013 3563 3562
268 2 2 0 0 3563 430 3562
269 2 2 0 0 1013 3564 3563
270 2 2 0 0 3587 370 3510
271 2 2 0 0 369 3588 1021
272 2 2 0 0 370 3588 3508
273 2 2 0 0 3588 369 3508
274 2 2 0 0 370 3589 3588
275 2 2 0 0 3589 1021 3588
276 2 2 0 0 370 3590 3589
277 2 2 0 0 3591 1021 3589
278 2 2 0 0 224 3593 225
279 2 2 0 0 224 3593 3480
280 2 2 0 0 3593 31 3480
281 2 2 0 0 31 3594 3593
282 2 2 0 0 3594 225 3593
283 2 2 0 0 31 3595 369
284 2 2 0 0 226 3595 3594
285 2 2 0 0 3595 31 3594
286 2 2 0 0 226 3596 3595
287 2 2 0 0 3596 369 3595
288 2 2 0 0 369 3597 1021
289 2 2 0 0 423 3597 3596
290 2 2 0 0 3597 369 3596
291 2 2 0 0 423 3598 3597
292 2 2 0 0 3598 1021 3597
293 2 2 0 0 3599 1021 3598
294 2 2 0 0 3638 226 1032
295 2 2 0 0 226 3638 3596
296 2 2 0 0 3638 423 3596
297 2 2 0 0 1032 3639 3638
298 2 2 0 0 3639 423 3638
299 2 2 0 0 3640 423 3639
300 2 2 0 0 423 3641 3598
301 2 2 0 0 1032 3642 3639
302 2 2 0 0 3643 225 421
303 2 2 0 0 225 3643 3594
304 2 2 0 0 3643 226 3594
305 2 2 0 0 421 3644 3643
306 2 2 0 0 3644 226 3643
307 2 2 0 0 226 3645 1032
308 2 2 0 0 422 3645 3644
309 2 2 0 0 3645 226 3644
310 2 2 0 0 422 3646 3645
311 2 2 0 0 3646 1032 3645
312 2 2 0 0 3647 1032 3646
313 2 2 0 0 216 4330 217
314 2 2 0 0 216 4330 273
315 2 2 0 0 217 4331 218
316 2 2 0 0 32 4331 4330
317 2 2 0 0 4331 217 4330
318 2 2 0 0 32 4332 4331
319 2 2 0 0 4332 218 4331
320 2 2 0 0 4333 218 413
321 2 2 0 0 218 4333 4332
322 2 2 0 0 4333 219 4332
323 2 2 0 0 413 4334 4333
324 2 2 0 0 4334 219 4333
325 2 2 0 0 4335 219 1195
326 2 2 0 0 414 4335 4334
327 2 2 0 0 4335 219 4334
328 2 2 0 0 1195 4336 4335
329 2 2 0 0 4336 414 4335
330 2 2 0 0 4337 414 4336
331 2 2 0 0 4338 413 1197
332 2 2 0 0 413 4338 4334
333 2 2 0 0 4338 414 4334
334 2 2 0 0 1197 4339 4338
335 2 2 0 0 4339 414 4338
336 2 2 0 0 4340 414 4339
337 2 2 0 0 1195 4341 4336
338 2 2 0 0 4342 32 411
339 2 2 0 0 219 4342 4332
340 2 2 0 0 4342 32 4332
341 2 2 0 0 411 4343 4342
342 2 2 0 0 4343 219 4342
343 2 2 0 0 219 4344 1195
344 2 2 0 0 412 4344 4343
345 2 2 0 0 4344 219 4343
346 2 2 0 0 412 4345 4344
347 2 2 0 0 4345 1195 4344
348 2 2 0 0 4346 1195 4345
349 2 2 0 0 1197 4347 4339
350 2 2 0 0 4348 98 217
351 2 2 0 0 98 4348 236
352 2 2 0 0 4349 217 218
353 2 2 0 0 217 4349 4348
354 2 2 0 0 4349 99 4348
355 2 2 0 0 218 4350 4349
356 2 2 0 0 4350 99 4349
357 2 2 0 0 218 4351 413
358 2 2 0 0 222 4351 4350
359 2 2 0 0 4351 218 4350
360 2 2 0 0 222 4352 4351
361 2 2 0 0 4352 413 4351
362 2 2 0 0 413 4353 1197
363 2 2 0 0 419 4353 4352
364 2 2 0 0 4353 413 4352
365 2 2 0 0 419 4354 4353
366 2 2 0 0 4354 1197 4353
367 2 2 0 0 4355 1197 4354
368 2 2 0 0 4364 222 1201
369 2 2 0 0 222 4364 4352
370 2 2 0 0 4364 419 4352
371 2 2 0 0 1201 4365 4364
372 2 2 0 0 4365 419 4364
373 2 2 0 0 4366 419 4365
374 2 2 0 0 419 4367 4354
375 2 2 0 0 1201 4368 4365
376 2 2 0 0 4369 99 417
377 2 2 0 0 99 4369 4350
378 2 2 0 0 4369 222 4350
379 2 2 0 0 417 4370 4369
380 2 2 0 0 4370 222 4369
381 2 2 0 0 222 4371 1201
382 2 2 0 0 418 4371 4370
383 2 2 0 0 4371 222 4370
384 2 2 0 0 418 4372 4371
385 2 2 0 0 4372 1201 4371
386 2 2 0 0 4373 1201 4372
387 2 2 0 0 4382 411 1206
388 2 2 0 0 411 4382 4343
389 2 2 0 0 4382 412 4343
390 2 2 0 0 1206 4383 4382
391 2 2 0 0 4383 412 4382
392 2 2 0 0 4384 412 4383
393 2 2 0 0 412 4385 4345
394 2 2 0 0 1206 4386 4383
395 2 2 0 0 4387 273 274
396 2 2 0 0 32 4387 4330
397 2 2 0 0 4387 273 4330
398 2 2 0 0 274 4388 4387
399 2 2 0 0 4388 32 4387
400 2 2 0 0 4389 32 411
401 2 2 0 0 32 4389 4388
402 2 2 0 0 4389 275 4388
403 2 2 0 0 411 4390 4389
404 2 2 0 0 4390 275 4389
405 2 2 0 0 4391 411 1206
406 2 2 0 0 411 4391 4390
407 2 2 0 0 4391 482 4390
408 2 2 0 0 1206 4392 4391
409 2 2 0 0 4392 482 4391
410 2 2 0 0 1206 4393 4392
411 2 2 0 0 4398 482 4392
412 2 2 0 0 275 4399 1211
413 2 2 0 0 482 4399 4390
414 2 2 0 0 4399 275 4390
415 2 2 0 0 482 4400 4399
416 2 2 0 0 4400 1211 4399
417 2 2 0 0 482 4401 4400
418 2 2 0 0 4402 1211 4400
419 2 2 0 0 274 4403 483
420 2 2 0 0 275 4403 4388
421 2 2 0 0 4403 274 4388
422 2 2 0 0 275 4404 4403
423 2 2 0 0 4404 483 4403
424 2 2 0 0 4405 275 1211
425 2 2 0 0 275 4405 4404
426 2 2 0 0 4405 484 4404
427 2 2 0 0 1211 4406 4405
428 2 2 0 0 4406 484 4405
429 2 2 0 0 1211 4407 4406
430 2 2 0 0 4420 417 1216
431 2 2 0 0 417 4420 4370
432 2 2 0 0 4420 418 4370
433 2 2 0 0 1216 4421 4420
434 2 2 0 0 4421 418 4420
435 2 2 0 0 4422 418 4421
436 2 2 0 0 418 4423 4372
437 2 2 0 0 1216 4424 4421
438 2 2 0 0 236 4425 237
439 2 2 0 0 99 4425 4348
440 2 2 0 0 4425 236 4348
441 2 2 0 0 99 4426 4425
442 2 2 0 0 4426 237 4425
443 2 2 0 0 99 4427 417
444 2 2 0 0 238 4427 4426
445 2 2 0 0 4427 99 4426
446 2 2 0 0 238 4428 4427
447 2 2 0 0 4428 417 4427
448 2 2 0 0 417 4429 1216
449 2 2 0 0 433 4429 4428
450 2 2 0 0 4429 417 4428
451 2 2 0 0 433 4430 4429
452 2 2 0 0 4430 1216 4429
453 2 2 0 0 4431 1216 4430
454 2 2 0 0 4440 238 1221
455 2 2 0 0 238 4440 4428
456 2 2 0 0 4440 433 4428
457 2 2 0 0 1221 4441 4440
458 2 2 0 0 4441 433 4440
459 2 2 0 0 4442 433 4441
460 2 2 0 0 433 4443 4430
461 2 2 0 0 1221 4444 4441
462 2 2 0 0 4445 237 431
463 2 2 0 0 237 4445 4426
464 2 2 0 0 4445 238 4426
465 2 2 0 0 431 4446 4445
466 2 2 0 0 4446 238 4445
467 2 2 0 0 238 4447 1221
468 2 2 0 0 432 4447 4446
469 2 2 0 0 4447 238 4446
470 2 2 0 0 432 4448 4447
471 2 2 0 0 4448 1221 4447
472 2 2 0 0 4449 1221 4448
473 2 2 0 0 4455 421 1225
474 2 2 0 0 421 4455 3644
475 2 2 0 0 4455 422 3644
476 2 2 0 0 1225 4456 4455
477 2 2 0 0 4456 422 4455
478 2 2 0 0 4457 422 4456
479 2 2 0 0 422 4458 3646
480 2 2 0 0 1225 4459 4456
481 2 2 0 0 4461 95 224
482 2 2 0 0 95 4461 264
483 2 2 0 0 4462 224 225
484 2 2 0 0 224 4462 4461
485 2 2 0 0 4462 96 4461
486 2 2 0 0 225 4463 4462
487 2 2 0 0 4463 96 4462
488 2 2 0 0 225 4464 421
489 2 2 0 0 244 4464 4463
490 2 2 0 0 4464 225 4463
491 2 2 0 0 244 4465 4464
492 2 2 0 0 4465 421 4464
493 2 2 0 0 421 4466 1225
494 2 2 0 0 445 4466 4465
495 2 2 0 0 4466 421 4465
496 2 2 0 0 445 4467 4466
497 2 2 0 0 4467 1225 4466
498 2 2 0 0 4468 1225 4467
499 2 2 0 0 4507 244 1237
500 2 2 0 0 244 4507 4465
501 2 2 0 0 4507 445 4465
502 2 2 0 0 1237 4508 4507
503 2 2 0 0 4508 445 4507
504 2 2 0 0 4509 445 4508
505 2 2 0 0 445 4510 4467
506 2 2 0 0 1237 4511 4508
507 2 2 0 0 4512 96 443
508 2 2 0 0 96 4512 4463
509 2 2 0 0 4512 244 4463
510 2 2 0 0 443 4513 4512
511 2 2 0 0 4513 244 4512
512 2 2 0 0 244 4514 1237
513 2 2 0 0 444 4514 4513
514 2 2 0 0 4514 244 4513
515 2 2 0 0 444 4515 4514
516 2 2 0 0 4515 1237 4514
517 2 2 0 0 4516 1237 4515
518 2 2 0 0 4522 430 3563
519 2 2 0 0 429 4523 1243
520 2 2 0 0 430 4523 3561
521 2 2 0 0 4523 429 3561
522 2 2 0 0 430 4524 4523
523 2 2 0 0 4524 1243 4523
524 2 2 0 0 430 4525 4524
525 2 2 0 0 4526 1243 4524
526 2 2 0 0 229 4527 230
527 2 2 0 0 4527 229 235
528 2 2 0 0 4528 230 231
529 2 2 0 0 24 4528 4527
530 2 2 0 0 4528 230 4527
531 2 2 0 0 231 4529 232
532 2 2 0 0 231 4529 4528
533 2 2 0 0 4529 24 4528
534 2 2 0 0 24 4530 428
535 2 2 0 0 24 4530 4529
536 2 2 0 0 4530 232 4529
537 2 2 0 0 4531 232 429
538 2 2 0 0 232 4531 4530
539 2 2 0 0 4531 428 4530
540 2 2 0 0 428 4532 1242
541 2 2 0 0 429 4532 4531
542 2 2 0 0 4532 428 4531
543 2 2 0 0 4533 429 1243
544 2 2 0 0 429 4533 4532
545 2 2 0 0 4533 1242 4532
546 2 2 0 0 1243 4534 4533
547 2 2 0 0 4534 1242 4533
548 2 2 0 0 1243 4535 4534
549 2 2 0 0 4537 431 1245
550 2 2 0 0 431 4537 4446
551 2 2 0 0 4537 432 4446
552 2 2 0 0 1245 4538 4537
553 2 2 0 0 4538 432 4537
554 2 2 0 0 4539 432 4538
555 2 2 0 0 432 4540 4448
556 2 2 0 0 1245 4541 4538
557 2 2 0 0 235 4542 236
558 2 2 0 0 235 4542 4527
559 2 2 0 0 4542 24 4527
560 2 2 0 0 4543 236 237
561 2 2 0 0 24 4543 4542
562 2 2 0 0 4543 236 4542
563 2 2 0 0 4544 24 428
564 2 2 0 0 237 4544 4543
565 2 2 0 0 4544 24 4543
566 2 2 0 0 237 4545 431
567 2 2 0 0 428 4545 4544
568 2 2 0 0 4545 237 4544
569 2 2 0 0 4546 428 1242
570 2 2 0 0 428 4546 4545
571 2 2 0 0 4546 431 4545
572 2 2 0 0 431 4547 1245
573 2 2 0 0 1242 4547 4546
574 2 2 0 0 4547 431 4546
575 2 2 0 0 1242 4548 4547
576 2 2 0 0 4548 1245 4547
577 2 2 0 0 4549 1245 4548
578 2 2 0 0 4684 443 1279
579 2 2 0 0 443 4684 4513
580 2 2 0 0 4684 444 4513
581 2 2 0 0 1279 4685 4684
582 2 2 0 0 4685 444 4684
583 2 2 0 0 4686 444 4685
584 2 2 0 0 444 4687 4515
585 2 2 0 0 1279 4688 4685
586 2 2 0 0 264 4689 265
587 2 2 0 0 96 4689 4461
588 2 2 0 0 4689 264 4461
589 2 2 0 0 96 4690 4689
590 2 2 0 0 4690 265 4689
591 2 2 0 0 96 4691 443
592 2 2 0 0 266 4691 4690
593 2 2 0 0 4691 96 4690
594 2 2 0 0 266 4692 4691
595 2 2 0 0 4692 443 4691
596 2 2 0 0 443 4693 1279
597 2 2 0 0 477 4693 4692
598 2 2 0 0 4693 443 4692
599 2 2 0 0 477 4694 4693
600 2 2 0 0 4694 1279 4693
601 2 2 0 0 4695 1279 4694
602 2 2 0 0 4726 266 1289
603 2 2 0 0 266 4726 4692
604 2 2 0 0 4726 477 4692
605 2 2 0 0 1289 4727 4726
606 2 2 0 0 4727 477 4726
607 2 2 0 0 4728 477 4727
608 2 2 0 0 477 4729 4694
609 2 2 0 0 1289 4730 4727
610 2 2 0 0 4731 265 475
611 2 2 0 0 265 4731 4690
612 2 2 0 0 4731 266 4690
613 2 2 0 0 475 4732 4731
614 2 2 0 0 4732 266 4731
615 2 2 0 0 266 4733 1289
616 2 2 0 0 476 4733 4732
617 2 2 0 0 4733 266 4732
618 2 2 0 0 476 4734 4733
619 2 2 0 0 4734 1289 4733
620 2 2 0 0 4735 1289 4734
621 2 2 0 0 4846 105 251
622 2 2 0 0 105 4846 269
623 2 2 0 0 4847 251 252
624 2 2 0 0 251 4847 4846
625 2 2 0 0 4847 106 4846
626 2 2 0 0 252 4848 4847
627 2 2 0 0 4848 106 4847
628 2 2 0 0 252 4849 457
629 2 2 0 0 253 4849 4848
630 2 2 0 0 4849 252 4848
631 2 2 0 0 253 4850 4849
632 2 2 0 0 4850 457 4849
633 2 2 0 0 4851 253 1318
634 2 2 0 0 253 4851 4850
635 2 2 0 0 4851 458 4850
636 2 2 0 0 1318 4852 4851
637 2 2 0 0 4852 458 4851
638 2 2 0 0 4853 458 4852
639 2 2 0 0 457 4854 1320
640 2 2 0 0 458 4854 4850
641 2 2 0 0 4854 457 4850
642 2 2 0 0 458 4855 4854
643 2 2 0 0 4855 1320 4854
644 2 2 0 0 458 4856 4855
645 2 2 0 0 1318 4857 4852
646 2 2 0 0 4858 106 455
647 2 2 0 0 106 4858 4848
648 2 2 0 0 4858 253 4848
649 2 2 0 0 455 4859 4858
650 2 2 0 0 4859 253 4858
651 2 2 0 0 253 4860 1318
652 2 2 0 0 456 4860 4859
653 2 2 0 0 4860 253 4859
654 2 2 0 0 456 4861 4860
655 2 2 0 0 4861 1318 4860
656 2 2 0 0 4862 1318 4861
657 2 2 0 0 4863 1320 4855
658 2 2 0 0 4864 250 251
659 2 2 0 0 4864 250 309
660 2 2 0 0 251 4865 252
661 2 2 0 0 251 4865 4864
662 2 2 0 0 4865 49 4864
663 2 2 0 0 49 4866 4865
664 2 2 0 0 4866 252 4865
665 2 2 0 0 4867 252 457
666 2 2 0 0 252 4867 4866
667 2 2 0 0 4867 255 4866
668 2 2 0 0 457 4868 4867
669 2 2 0 0 4868 255 4867
670 2 2 0 0 4869 457 1320
671 2 2 0 0 457 4869 4868
672 2 2 0 0 4869 460 4868
673 2 2 0 0 1320 4870 4869
674 2 2 0 0 4870 460 4869
675 2 2 0 0 1320 4871 4870
676 2 2 0 0 4876 460 4870
677 2 2 0 0 255 4877 1324
678 2 2 0 0 460 4877 4868
679 2 2 0 0 4877 255 4868
680 2 2 0 0 460 4878 4877
681 2 2 0 0 4878 1324 4877
682 2 2 0 0 460 4879 4878
683 2 2 0 0 4880 1324 4878
684 2 2 0 0 49 4881 461
685 2 2 0 0 255 4881 4866
686 2 2 0 0 4881 49 4866
687 2 2 0 0 255 4882 4881
688 2 2 0 0 4882 461 4881
689 2 2 0 0 4883 255 1324
690 2 2 0 0 255 4883 4882
691 2 2 0 0 4883 462 4882
692 2 2 0 0 1324 4884 4883
693 2 2 0 0 4884 462 4883
694 2 2 0 0 1324 4885 4884
695 2 2 0 0 4898 455 1329
696 2 2 0 0 455 4898 4859
697 2 2 0 0 4898 456 4859
698 2 2 0 0 1329 4899 4898
699 2 2 0 0 4899 456 4898
700 2 2 0 0 4900 456 4899
701 2 2 0 0 456 4901 4861
702 2 2 0 0 1329 4902 4899
703 2 2 0 0 269 4903 270
704 2 2 0 0 106 4903 4846
705 2 2 0 0 4903 269 4846
706 2 2 0 0 106 4904 4903
707 2 2 0 0 4904 270 4903
708 2 2 0 0 106 4905 455
709 2 2 0 0 271 4905 4904
710 2 2 0 0 4905 106 4904
711 2 2 0 0 271 4906 4905
712 2 2 0 0 4906 455 4905
713 2 2 0 0 455 4907 1329
714 2 2 0 0 480 4907 4906
715 2 2 0 0 4907 455 4906
716 2 2 0 0 480 4908 4907
717 2 2 0 0 4908 1329 4907
718 2 2 0 0 4909 1329 4908
719 2 2 0 0 4918 271 1334
720 2 2 0 0 271 4918 4906
721 2 2 0 0 4918 480 4906
722 2 2 0 0 1334 4919 4918
723 2 2 0 0 4919 480 4918
724 2 2 0 0 4920 480 4919
725 2 2 0 0 480 4921 4908
726 2 2 0 0 1334 4922 4919
727 2 2 0 0 4923 270 478
728 2 2 0 0 270 4923 4904
729 2 2 0 0 4923 271 4904
730 2 2 0 0 478 4924 4923
731 2 2 0 0 4924 271 4923
732 2 2 0 0 271 4925 1334
733 2 2 0 0 479 4925 4924
734 2 2 0 0 4925 271 4924
735 2 2 0 0 479 4926 4925
736 2 2 0 0 4926 1334 4925
737 2 2 0 0 4927 1334 4926
738 2 2 0 0 4933 462 4884
739 2 2 0 0 461 4934 1339
740 2 2 0 0 462 4934 4882
741 2 2 0 0 4934 461 4882
742 2 2 0 0 462 4935 4934
743 2 2 0 0 4935 1339 4934
744 2 2 0 0 462 4936 4935
745 2 2 0 0 4937 1339 4935
746 2 2 0 0 4939 309 310
747 2 2 0 0 309 4939 4864
748 2 2 0 0 4939 49 4864
749 2 2 0 0 310 4940 4939
750 2 2 0 0 4940 49 4939
751 2 2 0 0 49 4941 461
752 2 2 0 0 49 4941 4940
753 2 2 0 0 4941 311 4940
754 2 2 0 0 311 4942 4941
755 2 2 0 0 4942 461 4941
756 2 2 0 0 461 4943 1339
757 2 2 0 0 531 4943 4942
758 2 2 0 0 4943 461 4942
759 2 2 0 0 531 4944 4943
760 2 2 0 0 4944 1339 4943
761 2 2 0 0 4945 1339 4944
762 2 2 0 0 4984 311 1350
763 2 2 0 0 311 4984 4942
764 2 2 0 0 4984 531 4942
765 2 2 0 0 1350 4985 4984
766 2 2 0 0 4985 531 4984
767 2 2 0 0 4986 531 4985
768 2 2 0 0 531 4987 4944
769 2 2 0 0 1350 4988 4985
770 2 2 0 0 310 4989 529
771 2 2 0 0 311 4989 4940
772 2 2 0 0 4989 310 4940
773 2 2 0 0 311 4990 4989
774 2 2 0 0 4990 529 4989
775 2 2 0 0 311 4991 1350
776 2 2 0 0 311 4991 4990
777 2 2 0 0 4991 530 4990
778 2 2 0 0 530 4992 4991
779 2 2 0 0 4992 1350 4991
780 2 2 0 0 4993 1350 4992
781 2 2 0 0 5127 475 1387
782 2 2 0 0 475 5127 4732
783 2 2 0 0 5127 476 4732
784 2 2 0 0 1387 5128 5127
785 2 2 0 0 5128 476 5127
786 2 2 0 0 5129 476 5128
787 2 2 0 0 476 5130 4734
788 2 2 0 0 1387 5131 5128
789 2 2 0 0 262 5133 263
790 2 2 0 0 262 5133 268
791 2 2 0 0 5134 263 264
792 2 2 0 0 39 5134 5133
793 2 2 0 0 5134 263 5133
794 2 2 0 0 5135 264 265
795 2 2 0 0 264 5135 5134
796 2 2 0 0 5135 39 5134
797 2 2 0 0 5136 39 474
798 2 2 0 0 265 5136 5135
799 2 2 0 0 5136 39 5135
800 2 2 0 0 265 5137 475
801 2 2 0 0 474 5137 5136
802 2 2 0 0 5137 265 5136
803 2 2 0 0 5138 474 1386
804 2 2 0 0 474 5138 5137
805 2 2 0 0 5138 475 5137
806 2 2 0 0 475 5139 1387
807 2 2 0 0 1386 5139 5138
808 2 2 0 0 5139 475 5138
809 2 2 0 0 1386 5140 5139
810 2 2 0 0 5140 1387 5139
811 2 2 0 0 5141 1387 5140
812 2 2 0 0 5142 478 1390
813 2 2 0 0 478 5142 4924
814 2 2 0 0 5142 479 4924
815 2 2 0 0 1390 5143 5142
816 2 2 0 0 5143 479 5142
817 2 2 0 0 5144 479 5143
818 2 2 0 0 479 5145 4926
819 2 2 0 0 1390 5146 5143
820 2 2 0 0 5147 268 269
821 2 2 0 0 39 5147 5133
822 2 2 0 0 5147 268 5133
823 2 2 0 0 5148 269 270
824 2 2 0 0 269 5148 5147
825 2 2 0 0 5148 39 5147
826 2 2 0 0 5149 39 474
827 2 2 0 0 270 5149 5148
828 2 2 0 0 5149 39 5148
829 2 2 0 0 270 5150 478
830 2 2 0 0 474 5150 5149
831 2 2 0 0 5150 270 5149
832 2 2 0 0 5151 474 1386
833 2 2 0 0 474 5151 5150
834 2 2 0 0 5151 478 5150
835 2 2 0 0 478 5152 1390
836 2 2 0 0 1386 5152 5151
837 2 2 0 0 5152 478 5151
838 2 2 0 0 1386 5153 5152
839 2 2 0 0 5153 1390 5152
840 2 2 0 0 5154 1390 5153
841 2 2 0 0 5160 484 4406
842 2 2 0 0 483 5161 1395
843 2 2 0 0 484 5161 4404
844 2 2 0 0 5161 483 4404
845 2 2 0 0 484 5162 5161
846 2 2 0 0 5162 1395 5161
847 2 2 0 0 484 5163 5162
848 2 2 0 0 5164 1395 5162
849 2 2 0 0 101 5165 273
850 2 2 0 0 5165 101 286
851 2 2 0 0 273 5166 274
852 2 2 0 0 102 5166 5165
853 2 2 0 0 5166 273 5165
854 2 2 0 0 102 5167 5166
855 2 2 0 0 5167 274 5166
856 2 2 0 0 5168 274 483
857 2 2 0 0 274 5168 5167
858 2 2 0 0 5168 279 5167
859 2 2 0 0 483 5169 5168
860 2 2 0 0 5169 279 5168
861 2 2 0 0 5170 483 1395
862 2 2 0 0 483 5170 5169
863 2 2 0 0 5170 490 5169
864 2 2 0 0 1395 5171 5170
865 2 2 0 0 5171 490 5170
866 2 2 0 0 1395 5172 5171
867 2 2 0 0 5195 490 5171
868 2 2 0 0 279 5196 1403
869 2 2 0 0 490 5196 5169
870 2 2 0 0 5196 279 5169
871 2 2 0 0 490 5197 5196
872 2 2 0 0 5197 1403 5196
873 2 2 0 0 490 5198 5197
874 2 2 0 0 5199 1403 5197
875 2 2 0 0 102 5200 491
876 2 2 0 0 279 5200 5167
877 2 2 0 0 5200 102 5167
878 2 2 0 0 279 5201 5200
879 2 2 0 0 5201 491 5200
880 2 2 0 0 5202 279 1403
881 2 2 0 0 279 5202 5201
882 2 2 0 0 5202 492 5201
883 2 2 0 0 1403 5203 5202
884 2 2 0 0 5203 492 5202
885 2 2 0 0 1403 5204 5203
886 2 2 0 0 5271 492 5203
887 2 2 0 0 491 5272 1421
888 2 2 0 0 492 5272 5201
889 2 2 0 0 5272 491 5201
890 2 2 0 0 492 5273 5272
891 2 2 0 0 5273 1421 5272
892 2 2 0 0 492 5274 5273
893 2 2 0 0 5275 1421 5273
894 2 2 0 0 5276 286 287
895 2 2 0 0 286 5276 5165
896 2 2 0 0 5276 102 5165
897 2 2 0 0 287 5277 5276
898 2 2 0 0 5277 102 5276
899 2 2 0 0 5278 102 491
900 2 2 0 0 102 5278 5277
901 2 2 0 0 5278 288 5277
902 2 2 0 0 491 5279 5278
903 2 2 0 0 5279 288 5278
904 2 2 0 0 5280 491 1421
905 2 2 0 0 491 5280 5279
906 2 2 0 0 5280 500 5279
907 2 2 0 0 1421 5281 5280
908 2 2 0 0 5281 500 5280
909 2 2 0 0 1421 5282 5281
910 2 2 0 0 5307 500 5281
911 2 2 0 0 288 5308 1429
912 2 2 0 0 500 5308 5279
913 2 2 0 0 5308 288 5279
914 2 2 0 0 500 5309 5308
915 2 2 0 0 5309 1429 5308
916 2 2 0 0 500 5310 5309
917 2 2 0 0 5311 1429 5309
918 2 2 0 0 287 5312 502
919 2 2 0 0 288 5312 5277
920 2 2 0 0 5312 287 5277
921 2 2 0 0 288 5313 5312
922 2 2 0 0 5313 502 5312
923 2 2 0 0 5314 288 1429
924 2 2 0 0 288 5314 5313
925 2 2 0 0 5314 503 5313
926 2 2 0 0 1429 5315 5314
927 2 2 0 0 5315 503 5314
928 2 2 0 0 1429 5316 5315
929 2 2 0 0 5415 503 5315
930 2 2 0 0 502 5416 1456
931 2 2 0 0 503 5416 5313
932 2 2 0 0 5416 502 5313
933 2 2 0 0 503 5417 5416
934 2 2 0 0 5417 1456 5416
935 2 2 0 0 503 5418 5417
936 2 2 0 0 5419 1456 5417
937 2 2 0 0 5420 284 285
938 2 2 0 0 5420 284 291
939 2 2 0 0 285 5421 286
940 2 2 0 0 285 5421 5420
941 2 2 0 0 5421 41 5420
942 2 2 0 0 286 5422 287
943 2 2 0 0 41 5422 5421
944 2 2 0 0 5422 286 5421
945 2 2 0 0 41 5423 501
946 2 2 0 0 41 5423 5422
947 2 2 0 0 5423 287 5422
948 2 2 0 0 5424 287 502
949 2 2 0 0 287 5424 5423
950 2 2 0 0 5424 501 5423
951 2 2 0 0 501 5425 1455
952 2 2 0 0 502 5425 5424
953 2 2 0 0 5425 501 5424
954 2 2 0 0 5426 502 1456
955 2 2 0 0 502 5426 5425
956 2 2 0 0 5426 1455 5425
957 2 2 0 0 1456 5427 5426
958 2 2 0 0 5427 1455 5426
959 2 2 0 0 1456 5428 5427
960 2 2 0 0 5438 112 292
961 2 2 0 0 112 5438 303
962 2 2 0 0 5439 292 293
963 2 2 0 0 292 5439 5438
964 2 2 0 0 5439 113 5438
965 2 2 0 0 293 5440 5439
966 2 2 0 0 5440 113 5439
967 2 2 0 0 293 5441 508
968 2 2 0 0 294 5441 5440
969 2 2 0 0 5441 293 5440
970 2 2 0 0 294 5442 5441
971 2 2 0 0 5442 508 5441
972 2 2 0 0 5443 294 1460
973 2 2 0 0 294 5443 5442
974 2 2 0 0 5443 509 5442
975 2 2 0 0 1460 5444 5443
976 2 2 0 0 5444 509 5443
977 2 2 0 0 5445 509 5444
978 2 2 0 0 508 5446 1462
979 2 2 0 0 509 5446 5442
980 2 2 0 0 5446 508 5442
981 2 2 0 0 509 5447 5446
982 2 2 0 0 5447 1462 5446
983 2 2 0 0 509 5448 5447
984 2 2 0 0 1460 5449 5444
985 2 2 0 0 5450 113 506
986 2 2 0 0 113 5450 5440
987 2 2 0 0 5450 294 5440
988 2 2 0 0 506 5451 5450
989 2 2 0 0 5451 294 5450
990 2 2 0 0 294 5452 1460
991 2 2 0 0 507 5452 5451
992 2 2 0 0 5452 294 5451
993 2 2 0 0 507 5453 5452
994 2 2 0 0 5453 1460 5452
995 2 2 0 0 5454 1460 5453
996 2 2 0 0 5455 1462 5447
997 2 2 0 0 291 5456 292
998 2 2 0 0 291 5456 5420
999 2 2 0 0 5456 41 5420
1000 2 2 0 0 292 5457 293
1001 2 2 0 0 41 5457 5456
1002 2 2 0 0 5457 292 5456
1003 2 2 0 0 41 5458 501
1004 2 2 0 0 41 5458 5457
1005 2 2 0 0 5458 293 5457
1006 2 2 0 0 5459 293 508
1007 2 2 0 0 293 5459 5458
1008 2 2 0 0 5459 501 5458
1009 2 2 0 0 501 5460 1455
1010 2 2 0 0 508 5460 5459
1011 2 2 0 0 5460 501 5459
1012 2 2 0 0 5461 508 1462
1013 2 2 0 0 508 5461 5460
1014 2 2 0 0 5461 1455 5460
1015 2 2 0 0 1462 5462 5461
1016 2 2 0 0 5462 1455 5461
1017 2 2 0 0 1462 5463 5462
1018 2 2 0 0 5472 506 1466
1019 2 2 0 0 506 5472 5451
1020 2 2 0 0 5472 507 5451
1021 2 2 0 0 1466 5473 5472
1022 2 2 0 0 5473 507 5472
1023 2 2 0 0 5474 507 5473
1024 2 2 0 0 507 5475 5453
1025 2 2 0 0 1466 5476 5473
1026 2 2 0 0 303 5477 304
1027 2 2 0 0 113 5477 5438
1028 2 2 0 0 5477 303 5438
1029 2 2 0 0 113 5478 5477
1030 2 2 0 0 5478 304 5477
1031 2 2 0 0 113 5479 506
1032 2 2 0 0 307 5479 5478
1033 2 2 0 0 5479 113 5478
1034 2 2 0 0 307 5480 5479
1035 2 2 0 0 5480 506 5479
1036 2 2 0 0 506 5481 1466
1037 2 2 0 0 527 5481 5480
1038 2 2 0 0 5481 506 5480
1039 2 2 0 0 527 5482 5481
1040 2 2 0 0 5482 1466 5481
1041 2 2 0 0 5483 1466 5482
1042 2 2 0 0 5492 307 1471
1043 2 2 0 0 307 5492 5480
1044 2 2 0 0 5492 527 5480
1045 2 2 0 0 1471 5493 5492
1046 2 2 0 0 5493 527 5492
1047 2 2 0 0 5494 527 5493
1048 2 2 0 0 527 5495 5482
1049 2 2 0 0 1471 5496 5493
1050 2 2 0 0 5497 304 524
1051 2 2 0 0 304 5497 5478
1052 2 2 0 0 5497 307 5478
1053 2 2 0 0 524 5498 5497
1054 2 2 0 0 5498 307 5497
1055 2 2 0 0 307 5499 1471
1056 2 2 0 0 526 5499 5498
1057 2 2 0 0 5499 307 5498
1058 2 2 0 0 526 5500 5499
1059 2 2 0 0 5500 1471 5499
1060 2 2 0 0 5501 1471 5500
1061 2 2 0 0 302 5646 303
1062 2 2 0 0 302 5646 320
1063 2 2 0 0 5647 303 304
1064 2 2 0 0 50 5647 5646
1065 2 2 0 0 5647 303 5646
1066 2 2 0 0 304 5648 5647
1067 2 2 0 0 5648 50 5647
1068 2 2 0 0 304 5649 524
1069 2 2 0 0 305 5649 5648
1070 2 2 0 0 5649 304 5648
1071 2 2 0 0 305 5650 5649
1072 2 2 0 0 5650 524 5649
1073 2 2 0 0 5651 305 1510
1074 2 2 0 0 305 5651 5650
1075 2 2 0 0 5651 525 5650
1076 2 2 0 0 1510 5652 5651
1077 2 2 0 0 5652 525 5651
1078 2 2 0 0 5653 525 5652
1079 2 2 0 0 524 5654 1512
1080 2 2 0 0 525 5654 5650
1081 2 2 0 0 5654 524 5650
1082 2 2 0 0 525 5655 5654
1083 2 2 0 0 5655 1512 5654
1084 2 2 0 0 525 5656 5655
1085 2 2 0 0 1510 5657 5652
1086 2 2 0 0 5658 50 522
1087 2 2 0 0 50 5658 5648
1088 2 2 0 0 5658 305 5648
1089 2 2 0 0 522 5659 5658
1090 2 2 0 0 5659 305 5658
1091 2 2 0 0 305 5660 1510
1092 2 2 0 0 523 5660 5659
1093 2 2 0 0 5660 305 5659
1094 2 2 0 0 523 5661 5660
1095 2 2 0 0 5661 1510 5660
1096 2 2 0 0 5662 1510 5661
1097 2 2 0 0 5663 1512 5655
1098 2 2 0 0 5664 524 1512
1099 2 2 0 0 524 5664 5498
1100 2 2 0 0 5664 526 5498
1101 2 2 0 0 1512 5665 5664
1102 2 2 0 0 5665 526 5664
1103 2 2 0 0 1512 5666 5665
1104 2 2 0 0 5667 526 5665
1105 2 2 0 0 526 5668 5500
1106 2 2 0 0 5677 522 1518
1107 2 2 0 0 522 5677 5659
1108 2 2 0 0 5677 523 5659
1109 2 2 0 0 1518 5678 5677
1110 2 2 0 0 5678 523 5677
1111 2 2 0 0 5679 523 5678
1112 2 2 0 0 523 5680 5661
1113 2 2 0 0 1518 5681 5678
1114 2 2 0 0 320 5682 321
1115 2 2 0 0 50 5682 5646
1116 2 2 0 0 5682 320 5646
1117 2 2 0 0 50 5683 5682
1118 2 2 0 0 5683 321 5682
1119 2 2 0 0 5684 50 522
1120 2 2 0 0 322 5684 5683
1121 2 2 0 0 5684 50 5683
1122 2 2 0 0 522 5685 5684
1123 2 2 0 0 5685 322 5684
1124 2 2 0 0 5686 522 1518
1125 2 2 0 0 522 5686 5685
1126 2 2 0 0 5686 546 5685
1127 2 2 0 0 1518 5687 5686
1128 2 2 0 0 5687 546 5686
1129 2 2 0 0 1518 5688 5687
1130 2 2 0 0 5693 546 5687
1131 2 2 0 0 322 5694 1523
1132 2 2 0 0 546 5694 5685
1133 2 2 0 0 5694 322 5685
1134 2 2 0 0 546 5695 5694
1135 2 2 0 0 5695 1523 5694
1136 2 2 0 0 546 5696 5695
1137 2 2 0 0 5697 1523 5695
1138 2 2 0 0 5698 321 547
1139 2 2 0 0 321 5698 5683
1140 2 2 0 0 5698 322 5683
1141 2 2 0 0 547 5699 5698
1142 2 2 0 0 5699 322 5698
1143 2 2 0 0 5700 322 1523
1144 2 2 0 0 548 5700 5699
1145 2 2 0 0 5700 322 5699
1146 2 2 0 0 1523 5701 5700
1147 2 2 0 0 5701 548 5700
1148 2 2 0 0 1523 5702 5701
1149 2 2 0 0 529 5712 1527
1150 2 2 0 0 530 5712 4990
1151 2 2 0 0 5712 529 4990
1152 2 2 0 0 530 5713 5712
1153 2 2 0 0 5713 1527 5712
1154 2 2 0 0 530 5714 5713
1155 2 2 0 0 530 5715 4992
1156 2 2 0 0 5716 1527 5713
1157 2 2 0 0 109 5717 309
1158 2 2 0 0 5717 109 329
1159 2 2 0 0 309 5718 310
1160 2 2 0 0 110 5718 5717
1161 2 2 0 0 5718 309 5717
1162 2 2 0 0 110 5719 5718
1163 2 2 0 0 5719 310 5718
1164 2 2 0 0 5720 310 529
1165 2 2 0 0 310 5720 5719
1166 2 2 0 0 5720 316 5719
1167 2 2 0 0 529 5721 5720
1168 2 2 0 0 5721 316 5720
1169 2 2 0 0 5722 529 1527
1170 2 2 0 0 529 5722 5721
1171 2 2 0 0 5722 539 5721
1172 2 2 0 0 1527 5723 5722
1173 2 2 0 0 5723 539 5722
1174 2 2 0 0 1527 5724 5723
1175 2 2 0 0 5755 539 5723
1176 2 2 0 0 316 5756 1538
1177 2 2 0 0 539 5756 5721
1178 2 2 0 0 5756 316 5721
1179 2 2 0 0 539 5757 5756
1180 2 2 0 0 5757 1538 5756
1181 2 2 0 0 539 5758 5757
1182 2 2 0 0 5759 1538 5757
1183 2 2 0 0 110 5760 540
1184 2 2 0 0 316 5760 5719
1185 2 2 0 0 5760 110 5719
1186 2 2 0 0 316 5761 5760
1187 2 2 0 0 5761 540 5760
1188 2 2 0 0 5762 316 1538
1189 2 2 0 0 316 5762 5761
1190 2 2 0 0 5762 541 5761
1191 2 2 0 0 1538 5763 5762
1192 2 2 0 0 5763 541 5762
1193 2 2 0 0 1538 5764 5763
1194 2 2 0 0 5843 541 5763
1195 2 2 0 0 540 5844 1560
1196 2 2 0 0 541 5844 5761
1197 2 2 0 0 5844 540 5761
1198 2 2 0 0 541 5845 5844
1199 2 2 0 0 5845 1560 5844
1200 2 2 0 0 541 5846 5845
1201 2 2 0 0 5847 1560 5845
1202 2 2 0 0 5848 329 330
1203 2 2 0 0 329 5848 5717
1204 2 2 0 0 5848 110 5717
1205 2 2 0 0 330 5849 5848
1206 2 2 0 0 5849 110 5848
1207 2 2 0 0 5850 110 540
1208 2 2 0 0 110 5850 5849
1209 2 2 0 0 5850 331 5849
1210 2 2 0 0 540 5851 5850
1211 2 2 0 0 5851 331 5850
1212 2 2 0 0 5852 540 1560
1213 2 2 0 0 540 5852 5851
1214 2 2 0 0 5852 555 5851
1215 2 2 0 0 1560 5853 5852
1216 2 2 0 0 5853 555 5852
1217 2 2 0 0 1560 5854 5853
1218 2 2 0 0 5877 555 5853
1219 2 2 0 0 331 5878 1568
1220 2 2 0 0 555 5878 5851
1221 2 2 0 0 5878 331 5851
1222 2 2 0 0 555 5879 5878
1223 2 2 0 0 5879 1568 5878
1224 2 2 0 0 555 5880 5879
1225 2 2 0 0 5881 1568 5879
1226 2 2 0 0 330 5882 557
1227 2 2 0 0 331 5882 5849
1228 2 2 0 0 5882 330 5849
1229 2 2 0 0 331 5883 5882
1230 2 2 0 0 5883 557 5882
1231 2 2 0 0 5884 331 1568
1232 2 2 0 0 331 5884 5883
1233 2 2 0 0 5884 558 5883
1234 2 2 0 0 1568 5885 5884
1235 2 2 0 0 5885 558 5884
1236 2 2 0 0 1568 5886 5885
1237 2 2 0 0 5912 548 5701
1238 2 2 0 0 5913 547 1577
1239 2 2 0 0 547 5913 5699
1240 2 2 0 0 5913 548 5699
1241 2 2 0 0 1577 5914 5913
1242 2 2 0 0 5914 548 5913
1243 2 2 0 0 5915 548 5914
1244 2 2 0 0 1577 5916 5914
1245 2 2 0 0 5917 115 320
1246 2 2 0 0 115 5917 334
1247 2 2 0 0 5918 320 321
1248 2 2 0 0 320 5918 5917
1249 2 2 0 0 5918 116 5917
1250 2 2 0 0 321 5919 5918
1251 2 2 0 0 5919 116 5918
1252 2 2 0 0 321 5920 547
1253 2 2 0 0 325 5920 5919
1254 2 2 0 0 5920 321 5919
1255 2 2 0 0 325 5921 5920
1256 2 2 0 0 5921 547 5920
1257 2 2 0 0 547 5922 1577
1258 2 2 0 0 553 5922 5921
1259 2 2 0 0 5922 547 5921
1260 2 2 0 0 553 5923 5922
1261 2 2 0 0 5923 1577 5922
1262 2 2 0 0 5924 1577 5923
1263 2 2 0 0 5933 325 1581
1264 2 2 0 0 325 5933 5921
1265 2 2 0 0 5933 553 5921
1266 2 2 0 0 1581 5934 5933
1267 2 2 0 0 5934 553 5933
1268 2 2 0 0 5935 553 5934
1269 2 2 0 0 553 5936 5923
1270 2 2 0 0 1581 5937 5934
1271 2 2 0 0 5938 116 551
1272 2 2 0 0 116 5938 5919
1273 2 2 0 0 5938 325 5919
1274 2 2 0 0 551 5939 5938
1275 2 2 0 0 5939 325 5938
1276 2 2 0 0 325 5940 1581
1277 2 2 0 0 552 5940 5939
1278 2 2 0 0 5940 325 5939
1279 2 2 0 0 552 5941 5940
1280 2 2 0 0 5941 1581 5940
1281 2 2 0 0 5942 1581 5941
1282 2 2 0 0 5951 551 1586
1283 2 2 0 0 551 5951 5939
1284 2 2 0 0 5951 552 5939
1285 2 2 0 0 1586 5952 5951
1286 2 2 0 0 5952 552 5951
1287 2 2 0 0 5953 552 5952
1288 2 2 0 0 552 5954 5941
1289 2 2 0 0 1586 5955 5952
1290 2 2 0 0 334 5956 335
1291 2 2 0 0 116 5956 5917
1292 2 2 0 0 5956 334 5917
1293 2 2 0 0 116 5957 5956
1294 2 2 0 0 5957 335 5956
1295 2 2 0 0 116 5958 551
1296 2 2 0 0 336 5958 5957
1297 2 2 0 0 5958 116 5957
1298 2 2 0 0 336 5959 5958
1299 2 2 0 0 5959 551 5958
1300 2 2 0 0 551 5960 1586
1301 2 2 0 0 561 5960 5959
1302 2 2 0 0 5960 551 5959
1303 2 2 0 0 561 5961 5960
1304 2 2 0 0 5961 1586 5960
1305 2 2 0 0 5962 1586 5961
1306 2 2 0 0 5971 336 1591
1307 2 2 0 0 336 5971 5959
1308 2 2 0 0 5971 561 5959
1309 2 2 0 0 1591 5972 5971
1310 2 2 0 0 5972 561 5971
1311 2 2 0 0 5973 561 5972
1312 2 2 0 0 561 5974 5961
1313 2 2 0 0 1591 5975 5972
1314 2 2 0 0 5976 335 559
1315 2 2 0 0 335 5976 5957
1316 2 2 0 0 5976 336 5957
1317 2 2 0 0 559 5977 5976
1318 2 2 0 0 5977 336 5976
1319 2 2 0 0 336 5978 1591
1320 2 2 0 0 560 5978 5977
1321 2 2 0 0 5978 336 5977
1322 2 2 0 0 560 5979 5978
1323 2 2 0 0 5979 1591 5978
1324 2 2 0 0 5980 1591 5979
1325 2 2 0 0 5986 558 5885
1326 2 2 0 0 557 5987 1597
1327 2 2 0 0 558 5987 5883
1328 2 2 0 0 5987 557 5883
1329 2 2 0 0 558 5988 5987
1330 2 2 0 0 5988 1597 5987
1331 2 2 0 0 558 5989 5988
1332 2 2 0 0 5990 1597 5988
1333 2 2 0 0 327 5991 328
1334 2 2 0 0 5991 327 333
1335 2 2 0 0 5992 328 329
1336 2 2 0 0 57 5992 5991
1337 2 2 0 0 5992 328 5991
1338 2 2 0 0 329 5993 330
1339 2 2 0 0 329 5993 5992
1340 2 2 0 0 5993 57 5992
1341 2 2 0 0 57 5994 556
1342 2 2 0 0 57 5994 5993
1343 2 2 0 0 5994 330 5993
1344 2 2 0 0 5995 330 557
1345 2 2 0 0 330 5995 5994
1346 2 2 0 0 5995 556 5994
1347 2 2 0 0 556 5996 1596
1348 2 2 0 0 557 5996 5995
1349 2 2 0 0 5996 556 5995
1350 2 2 0 0 5997 557 1597
1351 2 2 0 0 557 5997 5996
1352 2 2 0 0 5997 1596 5996
1353 2 2 0 0 1597 5998 5997
1354 2 2 0 0 5998 1596 5997
1355 2 2 0 0 1597 5999 5998
1356 2 2 0 0 6001 559 1599
1357 2 2 0 0 559 6001 5977
1358 2 2 0 0 6001 560 5977
1359 2 2 0 0 1599 6002 6001
1360 2 2 0 0 6002 560 6001
1361 2 2 0 0 6003 560 6002
1362 2 2 0 0 560 6004 5979
1363 2 2 0 0 1599 6005 6002
1364 2 2 0 0 333 6006 334
1365 2 2 0 0 333 6006 5991
1366 2 2 0 0 6006 57 5991
1367 2 2 0 0 6007 334 335
1368 2 2 0 0 57 6007 6006
1369 2 2 0 0 6007 334 6006
1370 2 2 0 0 6008 57 556
1371 2 2 0 0 335 6008 6007
1372 2 2 0 0 6008 57 6007
1373 2 2 0 0 335 6009 559
1374 2 2 0 0 556 6009 6008
1375 2 2 0 0 6009 335 6008
1376 2 2 0 0 6010 556 1596
1377 2 2 0 0 556 6010 6009
1378 2 2 0 0 6010 559 6009
1379 2 2 0 0 559 6011 1599
1380 2 2 0 0 1596 6011 6010
1381 2 2 0 0 6011 559 6010
1382 2 2 0 0 1596 6012 6011
1383 2 2 0 0 6012 1599 6011
1384 2 2 0 0 6013 1599 6012
1385 2 2 0 0 1602 6014 2906
1386 2 2 0 0 6014 874 2906
1387 2 2 0 0 874 6014 2907
1388 2 2 0 0 6014 1602 2907
1389 2 2 0 0 562 6015 2906
1390 2 2 0 0 6015 1602 2906
1391 2 2 0 0 1602 6015 2909
1392 2 2 0 0 6015 562 2909
1393 2 2 0 0 1603 6016 2906
1394 2 2 0 0 6016 562 2906
1395 2 2 0 0 562 6016 2911
1396 2 2 0 0 6016 1603 2911
1397 2 2 0 0 874 6017 2906
1398 2 2 0 0 6017 1603 2906
1399 2 2 0 0 1603 6017 2910
1400 2 2 0 0 6017 874 2910
1401 2 2 0 0 1602 6018 2907
1402 2 2 0 0 6018 338 2907
1403 2 2 0 0 338 6018 2908
1404 2 2 0 0 6018 1602 2908
1405 2 2 0 0 1605 6019 2907
1406 2 2 0 0 6019 874 2907
1407 2 2 0 0 874 6019 2913
1408 2 2 0 0 6019 1605 2913
1409 2 2 0 0 338 6020 2907
1410 2 2 0 0 6020 1605 2907
1411 2 2 0 0 1605 6020 2917
1412 2 2 0 0 6020 338 2917
1413 2 2 0 0 1602 6021 2908
1414 2 2 0 0 6021 875 2908
1415 2 2 0 0 875 6021 2909
1416 2 2 0 0 6021 1602 2909
1417 2 2 0 0 1607 6022 2908
1418 2 2 0 0 6022 338 2908
1419 2 2 0 0 338 6022 2922
1420 2 2 0 0 6022 1607 2922
1421 2 2 0 0 875 6023 2908
1422 2 2 0 0 6023 1607 2908
1423 2 2 0 0 1607 6023 2921
1424 2 2 0 0 6023 875 2921
1425 2 2 0 0 1606 6024 2909
1426 2 2 0 0 6024 875 2909
1427 2 2 0 0 875 6024 2918
1428 2 2 0 0 6024 1606 2918
1429 2 2 0 0 562 6025 2909
1430 2 2 0 0 6025 1606 2909
1431 2 2 0 0 1606 6025 2920
1432 2 2 0 0 6025 562 2920
1433 2 2 0 0 182 6026 2910
1434 2 2 0 0 6026 1603 2910
1435 2 2 0 0 1603 6026 2912
1436 2 2 0 0 6026 182 2912
1437 2 2 0 0 1604 6027 2910
1438 2 2 0 0 6027 182 2910
1439 2 2 0 0 182 6027 2914
1440 2 2 0 0 6027 1604 2914
1441 2 2 0 0 874 6028 2910
1442 2 2 0 0 6028 1604 2910
1443 2 2 0 0 1604 6028 2913
1444 2 2 0 0 6028 874 2913
1445 2 2 0 0 1603 6029 2911
1446 2 2 0 0 6029 877 2911
1447 2 2 0 0 877 6029 2912
1448 2 2 0 0 6029 1603 2912
1449 2 2 0 0 1609 6030 2911
1450 2 2 0 0 6030 562 2911
1451 2 2 0 0 562 6030 2920
1452 2 2 0 0 6030 1609 2920
1453 2 2 0 0 877 6031 2911
1454 2 2 0 0 6031 1609 2911
1455 2 2 0 0 1609 6031 2927
1456 2 2 0 0 6031 877 2927
1457 2 2 0 0 1613 6032 2912
1458 2 2 0 0 6032 877 2912
1459 2 2 0 0 877 6032 2933
1460 2 2 0 0 6032 1613 2933
1461 2 2 0 0 182 6033 2912
1462 2 2 0 0 6033 1613 2912
1463 2 2 0 0 1613 6033 2937
1464 2 2 0 0 6033 182 2937
1465 2 2 0 0 563 6034 2913
1466 2 2 0 0 6034 1604 2913
1467 2 2 0 0 1604 6034 2915
1468 2 2 0 0 6034 563 2915
1469 2 2 0 0 1605 6035 2913
1470 2 2 0 0 6035 563 2913
1471 2 2 0 0 563 6035 2916
1472 2 2 0 0 6035 1605 2916
1473 2 2 0 0 1604 6036 2914
1474 2 2 0 0 6036 879 2914
1475 2 2 0 0 879 6036 2915
1476 2 2 0 0 6036 1604 2915
1477 2 2 0 0 1618 6037 2914
1478 2 2 0 0 6037 182 2914
1479 2 2 0 0 182 6037 2937
1480 2 2 0 0 6037 1618 2937
1481 2 2 0 0 879 6038 2914
1482 2 2 0 0 6038 1618 2914
1483 2 2 0 0 1618 6038 2947
1484 2 2 0 0 6038 879 2947
1485 2 2 0 0 1617 6039 2915
1486 2 2 0 0 6039 879 2915
1487 2 2 0 0 879 6039 2945
1488 2 2 0 0 6039 1617 2945
1489 2 2 0 0 563 6040 2915
1490 2 2 0 0 6040 1617 2915
1491 2 2 0 0 1617 6040 2939
1492 2 2 0 0 6040 563 2939
1493 2 2 0 0 1605 6041 2916
1494 2 2 0 0 6041 878 2916
1495 2 2 0 0 878 6041 2917
1496 2 2 0 0 6041 1605 2917
1497 2 2 0 0 1614 6042 2916
1498 2 2 0 0 6042 563 2916
1499 2 2 0 0 563 6042 2939
1500 2 2 0 0 6042 1614 2939
1501 2 2 0 0 878 6043 2916
1502 2 2 0 0 6043 1614 2916
1503 2 2 0 0 1614 6043 2938
1504 2 2 0 0 6043 878 2938
1505 2 2 0 0 1616 6044 2917
1506 2 2 0 0 6044 878 2917
1507 2 2 0 0 878 6044 2941
1508 2 2 0 0 6044 1616 2941
1509 2 2 0 0 338 6045 2917
1510 2 2 0 0 6045 1616 2917
1511 2 2 0 0 1616 6045 2922
1512 2 2 0 0 6045 338 2922
1513 2 2 0 0 1606 6046 2918
1514 2 2 0 0 6046 146 2918
1515 2 2 0 0 146 6046 2919
1516 2 2 0 0 6046 1606 2919
1517 2 2 0 0 1608 6047 2918
1518 2 2 0 0 6047 875 2918
1519 2 2 0 0 875 6047 2921
1520 2 2 0 0 6047 1608 2921
1521 2 2 0 0 146 6048 2918
1522 2 2 0 0 6048 1608 2918
1523 2 2 0 0 1608 6048 2925
1524 2 2 0 0 6048 146 2925
1525 2 2 0 0 1606 6049 2919
1526 2 2 0 0 6049 876 2919
1527 2 2 0 0 876 6049 2920
1528 2 2 0 0 6049 1606 2920
1529 2 2 0 0 1610 6050 2919
1530 2 2 0 0 6050 146 2919
1531 2 2 0 0 146 6050 2929
1532 2 2 0 0 6050 1610 2929
1533 2 2 0 0 876 6051 2919
1534 2 2 0 0 6051 1610 2919
1535 2 2 0 0 1610 6051 2928
1536 2 2 0 0 6051 876 2928
1537 2 2 0 0 1609 6052 2920
1538 2 2 0 0 6052 876 2920
1539 2 2 0 0 876 6052 2926
1540 2 2 0 0 6052 1609 2926
1541 2 2 0 0 565 6053 2921
1542 2 2 0 0 6053 1607 2921
1543 2 2 0 0 1607 6053 2923
1544 2 2 0 0 6053 565 2923
1545 2 2 0 0 1608 6054 2921
1546 2 2 0 0 6054 565 2921
1547 2 2 0 0 565 6054 2924
1548 2 2 0 0 6054 1608 2924
1549 2 2 0 0 1607 6055 2922
1550 2 2 0 0 6055 881 2922
1551 2 2 0 0 881 6055 2923
1552 2 2 0 0 6055 1607 2923
1553 2 2 0 0 881 6056 2922
1554 2 2 0 0 6056 1616 2922
1555 2 2 0 0 1616 6056 2944
1556 2 2 0 0 6056 881 2944
1557 2 2 0 0 1623 6057 2923
1558 2 2 0 0 6057 881 2923
1559 2 2 0 0 881 6057 2956
1560 2 2 0 0 6057 1623 2956
1561 2 2 0 0 565 6058 2923
1562 2 2 0 0 6058 1623 2923
1563 2 2 0 0 1623 6058 2960
1564 2 2 0 0 6058 565 2960
1565 2 2 0 0 1608 6059 2924
1566 2 2 0 0 6059 885 2924
1567 2 2 0 0 885 6059 2925
1568 2 2 0 0 6059 1608 2925
1569 2 2 0 0 1629 6060 2924
1570 2 2 0 0 6060 565 2924
1571 2 2 0 0 565 6060 2960
1572 2 2 0 0 6060 1629 2960
1573 2 2 0 0 885 6061 2924
1574 2 2 0 0 6061 1629 2924
1575 2 2 0 0 1629 6061 2973
1576 2 2 0 0 6061 885 2973
1577 2 2 0 0 1633 6062 2925
1578 2 2 0 0 6062 885 2925
1579 2 2 0 0 885 6062 2978
1580 2 2 0 0 6062 1633 2978
1581 2 2 0 0 146 6063 2925
1582 2 2 0 0 6063 1633 2925
1583 2 2 0 0 1633 6063 2929
1584 2 2 0 0 6063 146 2929
1585 2 2 0 0 1609 6064 2926
1586 2 2 0 0 6064 339 2926
1587 2 2 0 0 339 6064 2927
1588 2 2 0 0 6064 1609 2927
1589 2 2 0 0 1611 6065 2926
1590 2 2 0 0 6065 876 2926
1591 2 2 0 0 876 6065 2928
1592 2 2 0 0 6065 1611 2928
1593 2 2 0 0 339 6066 2926
1594 2 2 0 0 6066 1611 2926
1595 2 2 0 0 1611 6066 2932
1596 2 2 0 0 6066 339 2932
1597 2 2 0 0 1612 6067 2927
1598 2 2 0 0 6067 339 2927
1599 2 2 0 0 339 6067 2934
1600 2 2 0 0 6067 1612 2934
1601 2 2 0 0 877 6068 2927
1602 2 2 0 0 6068 1612 2927
1603 2 2 0 0 1612 6068 2933
1604 2 2 0 0 6068 877 2933
1605 2 2 0 0 567 6069 2928
1606 2 2 0 0 6069 1610 2928
1607 2 2 0 0 1610 6069 2930
1608 2 2 0 0 6069 567 2930
1609 2 2 0 0 1611 6070 2928
1610 2 2 0 0 6070 567 2928
1611 2 2 0 0 567 6070 2931
1612 2 2 0 0 6070 1611 2931
1613 2 2 0 0 1610 6071 2929
1614 2 2 0 0 6071 890 2929
1615 2 2 0 0 890 6071 2930
1616 2 2 0 0 6071 1610 2930
1617 2 2 0 0 890 6072 2929
1618 2 2 0 0 6072 1633 2929
1619 2 2 0 0 1633 6072 2981
1620 2 2 0 0 6072 890 2981
1621 2 2 0 0 1643 6073 2930
1622 2 2 0 0 6073 890 2930
1623 2 2 0 0 890 6073 3003
1624 2 2 0 0 6073 1643 3003
1625 2 2 0 0 567 6074 2930
1626 2 2 0 0 6074 1643 2930
1627 2 2 0 0 1643 6074 2999
1628 2 2 0 0 6074 567 2999
1629 2 2 0 0 1611 6075 2931
1630 2 2 0 0 6075 889 2931
1631 2 2 0 0 889 6075 2932
1632 2 2 0 0 6075 1611 2932
1633 2 2 0 0 1641 6076 2931
1634 2 2 0 0 6076 567 2931
1635 2 2 0 0 567 6076 2999
1636 2 2 0 0 6076 1641 2999
1637 2 2 0 0 889 6077 2931
1638 2 2 0 0 6077 1641 2931
1639 2 2 0 0 1641 6077 2998
1640 2 2 0 0 6077 889 2998
1641 2 2 0 0 1635 6078 2932
1642 2 2 0 0 6078 889 2932
1643 2 2 0 0 889 6078 2986
1644 2 2 0 0 6078 1635 2986
1645 2 2 0 0 339 6079 2932
1646 2 2 0 0 6079 1635 2932
1647 2 2 0 0 1635 6079 2934
1648 2 2 0 0 6079 339 2934
1649 2 2 0 0 566 6080 2933
1650 2 2 0 0 6080 1612 2933
1651 2 2 0 0 1612 6080 2935
1652 2 2 0 0 6080 566 2935
1653 2 2 0 0 1613 6081 2933
1654 2 2 0 0 6081 566 2933
1655 2 2 0 0 566 6081 2936
1656 2 2 0 0 6081 1613 2936
1657 2 2 0 0 1612 6082 2934
1658 2 2 0 0 6082 886 2934
1659 2 2 0 0 886 6082 2935
1660 2 2 0 0 6082 1612 2935
1661 2 2 0 0 886 6083 2934
1662 2 2 0 0 6083 1635 2934
1663 2 2 0 0 1635 6083 2985
1664 2 2 0 0 6083 886 2985
1665 2 2 0 0 1634 6084 2935
1666 2 2 0 0 6084 886 2935
1667 2 2 0 0 886 6084 2982
1668 2 2 0 0 6084 1634 2982
1669 2 2 0 0 566 6085 2935
1670 2 2 0 0 6085 1634 2935
1671 2 2 0 0 1634 6085 2984
1672 2 2 0 0 6085 566 2984
1673 2 2 0 0 1613 6086 2936
1674 2 2 0 0 6086 888 2936
1675 2 2 0 0 888 6086 2937
1676 2 2 0 0 6086 1613 2937
1677 2 2 0 0 1637 6087 2936
1678 2 2 0 0 6087 566 2936
1679 2 2 0 0 566 6087 2984
1680 2 2 0 0 6087 1637 2984
1681 2 2 0 0 888 6088 2936
1682 2 2 0 0 6088 1637 2936
1683 2 2 0 0 1637 6088 2990
1684 2 2 0 0 6088 888 2990
1685 2 2 0 0 1618 6089 2937
1686 2 2 0 0 6089 888 2937
1687 2 2 0 0 888 6089 2948
1688 2 2 0 0 6089 1618 2948
1689 2 2 0 0 118 6090 2938
1690 2 2 0 0 6090 1614 2938
1691 2 2 0 0 1614 6090 2940
1692 2 2 0 0 6090 118 2940
1693 2 2 0 0 1615 6091 2938
1694 2 2 0 0 6091 118 2938
1695 2 2 0 0 118 6091 2942
1696 2 2 0 0 6091 1615 2942
1697 2 2 0 0 878 6092 2938
1698 2 2 0 0 6092 1615 2938
1699 2 2 0 0 1615 6092 2941
1700 2 2 0 0 6092 878 2941
1701 2 2 0 0 1614 6093 2939
1702 2 2 0 0 6093 880 2939
1703 2 2 0 0 880 6093 2940
1704 2 2 0 0 6093 1614 2940
1705 2 2 0 0 880 6094 2939
1706 2 2 0 0 6094 1617 2939
1707 2 2 0 0 1617 6094 2946
1708 2 2 0 0 6094 880 2946
1709 2 2 0 0 1621 6095 2940
1710 2 2 0 0 6095 880 2940
1711 2 2 0 0 880 6095 2951
1712 2 2 0 0 6095 1621 2951
1713 2 2 0 0 118 6096 2940
1714 2 2 0 0 6096 1621 2940
1715 2 2 0 0 1621 6096 2955
1716 2 2 0 0 6096 118 2955
1717 2 2 0 0 564 6097 2941
1718 2 2 0 0 6097 1615 2941
1719 2 2 0 0 1615 6097 2943
1720 2 2 0 0 6097 564 2943
1721 2 2 0 0 1616 6098 2941
1722 2 2 0 0 6098 564 2941
1723 2 2 0 0 564 6098 2944
1724 2 2 0 0 6098 1616 2944
1725 2 2 0 0 1615 6099 2942
1726 2 2 0 0 6099 882 2942
1727 2 2 0 0 882 6099 2943
1728 2 2 0 0 6099 1615 2943
1729 2 2 0 0 1625 6100 2942
1730 2 2 0 0 6100 118 2942
1731 2 2 0 0 118 6100 2955
1732 2 2 0 0 6100 1625 2955
1733 2 2 0 0 882 6101 2942
1734 2 2 0 0 6101 1625 2942
1735 2 2 0 0 1625 6101 2963
1736 2 2 0 0 6101 882 2963
1737 2 2 0 0 1624 6102 2943
1738 2 2 0 0 6102 882 2943
1739 2 2 0 0 882 6102 2961
1740 2 2 0 0 6102 1624 2961
1741 2 2 0 0 564 6103 2943
1742 2 2 0 0 6103 1624 2943
1743 2 2 0 0 1624 6103 2957
1744 2 2 0 0 6103 564 2957
1745 2 2 0 0 1622 6104 2944
1746 2 2 0 0 6104 564 2944
1747 2 2 0 0 564 6104 2957
1748 2 2 0 0 6104 1622 2957
1749 2 2 0 0 881 6105 2944
1750 2 2 0 0 6105 1622 2944
1751 2 2 0 0 1622 6105 2956
1752 2 2 0 0 6105 881 2956
1753 2 2 0 0 1617 6106 2945
1754 2 2 0 0 6106 341 2945
1755 2 2 0 0 341 6106 2946
1756 2 2 0 0 6106 1617 2946
1757 2 2 0 0 1619 6107 2945
1758 2 2 0 0 6107 879 2945
1759 2 2 0 0 879 6107 2947
1760 2 2 0 0 6107 1619 2947
1761 2 2 0 0 341 6108 2945
1762 2 2 0 0 6108 1619 2945
1763 2 2 0 0 1619 6108 2950
1764 2 2 0 0 6108 341 2950
1765 2 2 0 0 1620 6109 2946
1766 2 2 0 0 6109 341 2946
1767 2 2 0 0 341 6109 2952
1768 2 2 0 0 6109 1620 2952
1769 2 2 0 0 880 6110 2946
1770 2 2 0 0 6110 1620 2946
1771 2 2 0 0 1620 6110 2951
1772 2 2 0 0 6110 880 2951
1773 2 2 0 0 569 6111 2947
1774 2 2 0 0 6111 1618 2947
1775 2 2 0 0 1618 6111 2948
1776 2 2 0 0 6111 569 2948
1777 2 2 0 0 1619 6112 2947
1778 2 2 0 0 6112 569 2947
1779 2 2 0 0 569 6112 2949
1780 2 2 0 0 6112 1619 2949
1781 2 2 0 0 1640 6113 2948
1782 2 2 0 0 6113 888 2948
1783 2 2 0 0 888 6113 2990
1784 2 2 0 0 6113 1640 2990
1785 2 2 0 0 569 6114 2948
1786 2 2 0 0 6114 1640 2948
1787 2 2 0 0 1640 6114 2997
1788 2 2 0 0 6114 569 2997
1789 2 2 0 0 1619 6115 2949
1790 2 2 0 0 6115 895 2949
1791 2 2 0 0 895 6115 2950
1792 2 2 0 0 6115 1619 2950
1793 2 2 0 0 1652 6116 2949
1794 2 2 0 0 6116 569 2949
1795 2 2 0 0 569 6116 2997
1796 2 2 0 0 6116 1652 2997
1797 2 2 0 0 895 6117 2949
1798 2 2 0 0 6117 1652 2949
1799 2 2 0 0 1652 6117 3023
1800 2 2 0 0 6117 895 3023
1801 2 2 0 0 1656 6118 2950
1802 2 2 0 0 6118 895 2950
1803 2 2 0 0 895 6118 3028
1804 2 2 0 0 6118 1656 3028
1805 2 2 0 0 341 6119 2950
1806 2 2 0 0 6119 1656 2950
1807 2 2 0 0 1656 6119 2952
1808 2 2 0 0 6119 341 2952
1809 2 2 0 0 573 6120 2951
1810 2 2 0 0 6120 1620 2951
1811 2 2 0 0 1620 6120 2953
1812 2 2 0 0 6120 573 2953
1813 2 2 0 0 1621 6121 2951
1814 2 2 0 0 6121 573 2951
1815 2 2 0 0 573 6121 2954
1816 2 2 0 0 6121 1621 2954
1817 2 2 0 0 1620 6122 2952
1818 2 2 0 0 6122 901 2952
1819 2 2 0 0 901 6122 2953
1820 2 2 0 0 6122 1620 2953
1821 2 2 0 0 901 6123 2952
1822 2 2 0 0 6123 1656 2952
1823 2 2 0 0 1656 6123 3031
1824 2 2 0 0 6123 901 3031
1825 2 2 0 0 1669 6124 2953
1826 2 2 0 0 6124 901 2953
1827 2 2 0 0 901 6124 3056
1828 2 2 0 0 6124 1669 3056
1829 2 2 0 0 573 6125 2953
1830 2 2 0 0 6125 1669 2953
1831 2 2 0 0 1669 6125 3060
1832 2 2 0 0 6125 573 3060
1833 2 2 0 0 1621 6126 2954
1834 2 2 0 0 6126 905 2954
1835 2 2 0 0 905 6126 2955
1836 2 2 0 0 6126 1621 2955
1837 2 2 0 0 1674 6127 2954
1838 2 2 0 0 6127 573 2954
1839 2 2 0 0 573 6127 3060
1840 2 2 0 0 6127 1674 3060
1841 2 2 0 0 905 6128 2954
1842 2 2 0 0 6128 1674 2954
1843 2 2 0 0 1674 6128 3071
1844 2 2 0 0 6128 905 3071
1845 2 2 0 0 1625 6129 2955
1846 2 2 0 0 6129 905 2955
1847 2 2 0 0 905 6129 2964
1848 2 2 0 0 6129 1625 2964
1849 2 2 0 0 183 6130 2956
1850 2 2 0 0 6130 1622 2956
1851 2 2 0 0 1622 6130 2958
1852 2 2 0 0 6130 183 2958
1853 2 2 0 0 1623 6131 2956
1854 2 2 0 0 6131 183 2956
1855 2 2 0 0 183 6131 2959
1856 2 2 0 0 6131 1623 2959
1857 2 2 0 0 1622 6132 2957
1858 2 2 0 0 6132 883 2957
1859 2 2 0 0 883 6132 2958
1860 2 2 0 0 6132 1622 2958
1861 2 2 0 0 883 6133 2957
1862 2 2 0 0 6133 1624 2957
1863 2 2 0 0 1624 6133 2962
1864 2 2 0 0 6133 883 2962
1865 2 2 0 0 1628 6134 2958
1866 2 2 0 0 6134 883 2958
1867 2 2 0 0 883 6134 2967
1868 2 2 0 0 6134 1628 2967
1869 2 2 0 0 183 6135 2958
1870 2 2 0 0 6135 1628 2958
1871 2 2 0 0 1628 6135 2971
1872 2 2 0 0 6135 183 2971
1873 2 2 0 0 1623 6136 2959
1874 2 2 0 0 6136 884 2959
1875 2 2 0 0 884 6136 2960
1876 2 2 0 0 6136 1623 2960
1877 2 2 0 0 1630 6137 2959
1878 2 2 0 0 6137 183 2959
1879 2 2 0 0 183 6137 2971
1880 2 2 0 0 6137 1630 2971
1881 2 2 0 0 884 6138 2959
1882 2 2 0 0 6138 1630 2959
1883 2 2 0 0 1630 6138 2974
1884 2 2 0 0 6138 884 2974
1885 2 2 0 0 1629 6139 2960
1886 2 2 0 0 6139 884 2960
1887 2 2 0 0 884 6139 2972
1888 2 2 0 0 6139 1629 2972
1889 2 2 0 0 1624 6140 2961
1890 2 2 0 0 6140 343 2961
1891 2 2 0 0 343 6140 2962
1892 2 2 0 0 6140 1624 2962
1893 2 2 0 0 1626 6141 2961
1894 2 2 0 0 6141 882 2961
1895 2 2 0 0 882 6141 2963
1896 2 2 0 0 6141 1626 2963
1897 2 2 0 0 343 6142 2961
1898 2 2 0 0 6142 1626 2961
1899 2 2 0 0 1626 6142 2966
1900 2 2 0 0 6142 343 2966
1901 2 2 0 0 1627 6143 2962
1902 2 2 0 0 6143 343 2962
1903 2 2 0 0 343 6143 2968
1904 2 2 0 0 6143 1627 2968
1905 2 2 0 0 883 6144 2962
1906 2 2 0 0 6144 1627 2962
1907 2 2 0 0 1627 6144 2967
1908 2 2 0 0 6144 883 2967
1909 2 2 0 0 578 6145 2963
1910 2 2 0 0 6145 1625 2963
1911 2 2 0 0 1625 6145 2964
1912 2 2 0 0 6145 578 2964
1913 2 2 0 0 1626 6146 2963
1914 2 2 0 0 6146 578 2963
1915 2 2 0 0 578 6146 2965
1916 2 2 0 0 6146 1626 2965
1917 2 2 0 0 1677 6147 2964
1918 2 2 0 0 6147 905 2964
1919 2 2 0 0 905 6147 3071
1920 2 2 0 0 6147 1677 3071
1921 2 2 0 0 578 6148 2964
1922 2 2 0 0 6148 1677 2964
1923 2 2 0 0 1677 6148 3077
1924 2 2 0 0 6148 578 3077
1925 2 2 0 0 1626 6149 2965
1926 2 2 0 0 6149 915 2965
1927 2 2 0 0 915 6149 2966
1928 2 2 0 0 6149 1626 2966
1929 2 2 0 0 1699 6150 2965
1930 2 2 0 0 6150 578 2965
1931 2 2 0 0 578 6150 3077
1932 2 2 0 0 6150 1699 3077
1933 2 2 0 0 915 6151 2965
1934 2 2 0 0 6151 1699 2965
1935 2 2 0 0 1699 6151 3122
1936 2 2 0 0 6151 915 3122
1937 2 2 0 0 1695 6152 2966
1938 2 2 0 0 6152 915 2966
1939 2 2 0 0 915 6152 3115
1940 2 2 0 0 6152 1695 3115
1941 2 2 0 0 343 6153 2966
1942 2 2 0 0 6153 1695 2966
1943 2 2 0 0 1695 6153 2968
1944 2 2 0 0 6153 343 2968
1945 2 2 0 0 577 6154 2967
1946 2 2 0 0 6154 1627 2967
1947 2 2 0 0 1627 6154 2969
1948 2 2 0 0 6154 577 2969
1949 2 2 0 0 1628 6155 2967
1950 2 2 0 0 6155 577 2967
1951 2 2 0 0 577 6155 2970
1952 2 2 0 0 6155 1628 2970
1953 2 2 0 0 1627 6156 2968
1954 2 2 0 0 6156 913 2968
1955 2 2 0 0 913 6156 2969
1956 2 2 0 0 6156 1627 2969
1957 2 2 0 0 913 6157 2968
1958 2 2 0 0 6157 1695 2968
1959 2 2 0 0 1695 6157 3114
1960 2 2 0 0 6157 913 3114
1961 2 2 0 0 1694 6158 2969
1962 2 2 0 0 6158 913 2969
1963 2 2 0 0 913 6158 3112
1964 2 2 0 0 6158 1694 3112
1965 2 2 0 0 577 6159 2969
1966 2 2 0 0 6159 1694 2969
1967 2 2 0 0 1694 6159 3087
1968 2 2 0 0 6159 577 3087
1969 2 2 0 0 1628 6160 2970
1970 2 2 0 0 6160 907 2970
1971 2 2 0 0 907 6160 2971
1972 2 2 0 0 6160 1628 2971
1973 2 2 0 0 1682 6161 2970
1974 2 2 0 0 6161 577 2970
1975 2 2 0 0 577 6161 3087
1976 2 2 0 0 6161 1682 3087
1977 2 2 0 0 907 6162 2970
1978 2 2 0 0 6162 1682 2970
1979 2 2 0 0 1682 6162 3085
1980 2 2 0 0 6162 907 3085
1981 2 2 0 0 1630 6163 2971
1982 2 2 0 0 6163 907 2971
1983 2 2 0 0 907 6163 2975
1984 2 2 0 0 6163 1630 2975
1985 2 2 0 0 1629 6164 2972
1986 2 2 0 0 6164 342 2972
1987 2 2 0 0 342 6164 2973
1988 2 2 0 0 6164 1629 2973
1989 2 2 0 0 1631 6165 2972
1990 2 2 0 0 6165 884 2972
1991 2 2 0 0 884 6165 2974
1992 2 2 0 0 6165 1631 2974
1993 2 2 0 0 342 6166 2972
1994 2 2 0 0 6166 1631 2972
1995 2 2 0 0 1631 6166 2977
1996 2 2 0 0 6166 342 2977
1997 2 2 0 0 1632 6167 2973
1998 2 2 0 0 6167 342 2973
1999 2 2 0 0 342 6167 2979
2000 2 2 0 0 6167 1632 2979
2001 2 2 0 0 885 6168 2973
2002 2 2 0 0 6168 1632 2973
2003 2 2 0 0 1632 6168 2978
2004 2 2 0 0 6168 885 2978
2005 2 2 0 0 574 6169 2974
2006 2 2 0 0 6169 1630 2974
2007 2 2 0 0 1630 6169 2975
2008 2 2 0 0 6169 574 2975
2009 2 2 0 0 1631 6170 2974
2010 2 2 0 0 6170 574 2974
2011 2 2 0 0 574 6170 2976
2012 2 2 0 0 6170 1631 2976
2013 2 2 0 0 1681 6171 2975
2014 2 2 0 0 6171 907 2975
2015 2 2 0 0 907 6171 3085
2016 2 2 0 0 6171 1681 3085
2017 2 2 0 0 574 6172 2975
2018 2 2 0 0 6172 1681 2975
2019 2 2 0 0 1681 6172 3079
2020 2 2 0 0 6172 574 3079
2021 2 2 0 0 1631 6173 2976
2022 2 2 0 0 6173 906 2976
2023 2 2 0 0 906 6173 2977
2024 2 2 0 0 6173 1631 2977
2025 2 2 0 0 1678 6174 2976
2026 2 2 0 0 6174 574 2976
2027 2 2 0 0 574 6174 3079
2028 2 2 0 0 6174 1678 3079
2029 2 2 0 0 906 6175 2976
2030 2 2 0 0 6175 1678 2976
2031 2 2 0 0 1678 6175 3078
2032 2 2 0 0 6175 906 3078
2033 2 2 0 0 1680 6176 2977
2034 2 2 0 0 6176 906 2977
2035 2 2 0 0 906 6176 3081
2036 2 2 0 0 6176 1680 3081
2037 2 2 0 0 342 6177 2977
2038 2 2 0 0 6177 1680 2977
2039 2 2 0 0 1680 6177 2979
2040 2 2 0 0 6177 342 2979
2041 2 2 0 0 576 6178 2978
2042 2 2 0 0 6178 1632 2978
2043 2 2 0 0 1632 6178 2980
2044 2 2 0 0 6178 576 2980
2045 2 2 0 0 1633 6179 2978
2046 2 2 0 0 6179 576 2978
2047 2 2 0 0 576 6179 2981
2048 2 2 0 0 6179 1633 2981
2049 2 2 0 0 1632 6180 2979
2050 2 2 0 0 6180 909 2979
2051 2 2 0 0 909 6180 2980
2052 2 2 0 0 6180 1632 2980
2053 2 2 0 0 909 6181 2979
2054 2 2 0 0 6181 1680 2979
2055 2 2 0 0 1680 6181 3084
2056 2 2 0 0 6181 909 3084
2057 2 2 0 0 1686 6182 2980
2058 2 2 0 0 6182 909 2980
2059 2 2 0 0 909 6182 3094
2060 2 2 0 0 6182 1686 3094
2061 2 2 0 0 576 6183 2980
2062 2 2 0 0 6183 1686 2980
2063 2 2 0 0 1686 6183 3005
2064 2 2 0 0 6183 576 3005
2065 2 2 0 0 1644 6184 2981
2066 2 2 0 0 6184 576 2981
2067 2 2 0 0 576 6184 3005
2068 2 2 0 0 6184 1644 3005
2069 2 2 0 0 890 6185 2981
2070 2 2 0 0 6185 1644 2981
2071 2 2 0 0 1644 6185 3003
2072 2 2 0 0 6185 890 3003
2073 2 2 0 0 1634 6186 2982
2074 2 2 0 0 6186 90 2982
2075 2 2 0 0 90 6186 2983
2076 2 2 0 0 6186 1634 2983
2077 2 2 0 0 1636 6187 2982
2078 2 2 0 0 6187 886 2982
2079 2 2 0 0 886 6187 2985
2080 2 2 0 0 6187 1636 2985
2081 2 2 0 0 90 6188 2982
2082 2 2 0 0 6188 1636 2982
2083 2 2 0 0 1636 6188 2988
2084 2 2 0 0 6188 90 2988
2085 2 2 0 0 1634 6189 2983
2086 2 2 0 0 6189 887 2983
2087 2 2 0 0 887 6189 2984
2088 2 2 0 0 6189 1634 2984
2089 2 2 0 0 1638 6190 2983
2090 2 2 0 0 6190 90 2983
2091 2 2 0 0 90 6190 2992
2092 2 2 0 0 6190 1638 2992
2093 2 2 0 0 887 6191 2983
2094 2 2 0 0 6191 1638 2983
2095 2 2 0 0 1638 6191 2991
2096 2 2 0 0 6191 887 2991
2097 2 2 0 0 1637 6192 2984
2098 2 2 0 0 6192 887 2984
2099 2 2 0 0 887 6192 2989
2100 2 2 0 0 6192 1637 2989
2101 2 2 0 0 568 6193 2985
2102 2 2 0 0 6193 1635 2985
2103 2 2 0 0 1635 6193 2986
2104 2 2 0 0 6193 568 2986
2105 2 2 0 0 1636 6194 2985
2106 2 2 0 0 6194 568 2985
2107 2 2 0 0 568 6194 2987
2108 2 2 0 0 6194 1636 2987
2109 2 2 0 0 1642 6195 2986
2110 2 2 0 0 6195 889 2986
2111 2 2 0 0 889 6195 2998
2112 2 2 0 0 6195 1642 2998
2113 2 2 0 0 568 6196 2986
2114 2 2 0 0 6196 1642 2986
2115 2 2 0 0 1642 6196 3002
2116 2 2 0 0 6196 568 3002
2117 2 2 0 0 1636 6197 2987
2118 2 2 0 0 6197 893 2987
2119 2 2 0 0 893 6197 2988
2120 2 2 0 0 6197 1636 2988
2121 2 2 0 0 1647 6198 2987
2122 2 2 0 0 6198 568 2987
2123 2 2 0 0 568 6198 3002
2124 2 2 0 0 6198 1647 3002
2125 2 2 0 0 893 6199 2987
2126 2 2 0 0 6199 1647 2987
2127 2 2 0 0 1647 6199 3013
2128 2 2 0 0 6199 893 3013
2129 2 2 0 0 1651 6200 2988
2130 2 2 0 0 6200 893 2988
2131 2 2 0 0 893 6200 3018
2132 2 2 0 0 6200 1651 3018
2133 2 2 0 0 90 6201 2988
2134 2 2 0 0 6201 1651 2988
2135 2 2 0 0 1651 6201 2992
2136 2 2 0 0 6201 90 2992
2137 2 2 0 0 1637 6202 2989
2138 2 2 0 0 6202 340 2989
2139 2 2 0 0 340 6202 2990
2140 2 2 0 0 6202 1637 2990
2141 2 2 0 0 1639 6203 2989
2142 2 2 0 0 6203 887 2989
2143 2 2 0 0 887 6203 2991
2144 2 2 0 0 6203 1639 2991
2145 2 2 0 0 340 6204 2989
2146 2 2 0 0 6204 1639 2989
2147 2 2 0 0 1639 6204 2995
2148 2 2 0 0 6204 340 2995
2149 2 2 0 0 1640 6205 2990
2150 2 2 0 0 6205 340 2990
2151 2 2 0 0 340 6205 2996
2152 2 2 0 0 6205 1640 2996
2153 2 2 0 0 570 6206 2991
2154 2 2 0 0 6206 1638 2991
2155 2 2 0 0 1638 6206 2993
2156 2 2 0 0 6206 570 2993
2157 2 2 0 0 1639 6207 2991
2158 2 2 0 0 6207 570 2991
2159 2 2 0 0 570 6207 2994
2160 2 2 0 0 6207 1639 2994
2161 2 2 0 0 1638 6208 2992
2162 2 2 0 0 6208 897 2992
2163 2 2 0 0 897 6208 2993
2164 2 2 0 0 6208 1638 2993
2165 2 2 0 0 897 6209 2992
2166 2 2 0 0 6209 1651 2992
2167 2 2 0 0 1651 6209 3021
2168 2 2 0 0 6209 897 3021
2169 2 2 0 0 1659 6210 2993
2170 2 2 0 0 6210 897 2993
2171 2 2 0 0 897 6210 3037
2172 2 2 0 0 6210 1659 3037
2173 2 2 0 0 570 6211 2993
2174 2 2 0 0 6211 1659 2993
2175 2 2 0 0 1659 6211 3033
2176 2 2 0 0 6211 570 3033
2177 2 2 0 0 1639 6212 2994
2178 2 2 0 0 6212 896 2994
2179 2 2 0 0 896 6212 2995
2180 2 2 0 0 6212 1639 2995
2181 2 2 0 0 1657 6213 2994
2182 2 2 0 0 6213 570 2994
2183 2 2 0 0 570 6213 3033
2184 2 2 0 0 6213 1657 3033
2185 2 2 0 0 896 6214 2994
2186 2 2 0 0 6214 1657 2994
2187 2 2 0 0 1657 6214 3032
2188 2 2 0 0 6214 896 3032
2189 2 2 0 0 1653 6215 2995
2190 2 2 0 0 6215 896 2995
2191 2 2 0 0 896 6215 3025
2192 2 2 0 0 6215 1653 3025
2193 2 2 0 0 340 6216 2995
2194 2 2 0 0 6216 1653 2995
2195 2 2 0 0 1653 6216 2996
2196 2 2 0 0 6216 340 2996
2197 2 2 0 0 1640 6217 2996
2198 2 2 0 0 6217 894 2996
2199 2 2 0 0 894 6217 2997
2200 2 2 0 0 6217 1640 2997
2201 2 2 0 0 894 6218 2996
2202 2 2 0 0 6218 1653 2996
2203 2 2 0 0 1653 6218 3024
2204 2 2 0 0 6218 894 3024
2205 2 2 0 0 1652 6219 2997
2206 2 2 0 0 6219 894 2997
2207 2 2 0 0 894 6219 3022
2208 2 2 0 0 6219 1652 3022
2209 2 2 0 0 185 6220 2998
2210 2 2 0 0 6220 1641 2998
2211 2 2 0 0 1641 6220 3000
2212 2 2 0 0 6220 185 3000
2213 2 2 0 0 1642 6221 2998
2214 2 2 0 0 6221 185 2998
2215 2 2 0 0 185 6221 3001
2216 2 2 0 0 6221 1642 3001
2217 2 2 0 0 1641 6222 2999
2218 2 2 0 0 6222 891 2999
2219 2 2 0 0 891 6222 3000
2220 2 2 0 0 6222 1641 3000
2221 2 2 0 0 891 6223 2999
2222 2 2 0 0 6223 1643 2999
2223 2 2 0 0 1643 6223 3004
2224 2 2 0 0 6223 891 3004
2225 2 2 0 0 1646 6224 3000
2226 2 2 0 0 6224 891 3000
2227 2 2 0 0 891 6224 3007
2228 2 2 0 0 6224 1646 3007
2229 2 2 0 0 185 6225 3000
2230 2 2 0 0 6225 1646 3000
2231 2 2 0 0 1646 6225 3011
2232 2 2 0 0 6225 185 3011
2233 2 2 0 0 1642 6226 3001
2234 2 2 0 0 6226 892 3001
2235 2 2 0 0 892 6226 3002
2236 2 2 0 0 6226 1642 3002
2237 2 2 0 0 1648 6227 3001
2238 2 2 0 0 6227 185 3001
2239 2 2 0 0 185 6227 3011
2240 2 2 0 0 6227 1648 3011
2241 2 2 0 0 892 6228 3001
2242 2 2 0 0 6228 1648 3001
2243 2 2 0 0 1648 6228 3014
2244 2 2 0 0 6228 892 3014
2245 2 2 0 0 1647 6229 3002
2246 2 2 0 0 6229 892 3002
2247 2 2 0 0 892 6229 3012
2248 2 2 0 0 6229 1647 3012
2249 2 2 0 0 1643 6230 3003
2250 2 2 0 0 6230 345 3003
2251 2 2 0 0 345 6230 3004
2252 2 2 0 0 6230 1643 3004
2253 2 2 0 0 345 6231 3003
2254 2 2 0 0 6231 1644 3003
2255 2 2 0 0 1644 6231 3006
2256 2 2 0 0 6231 345 3006
2257 2 2 0 0 1645 6232 3004
2258 2 2 0 0 6232 345 3004
2259 2 2 0 0 345 6232 3008
2260 2 2 0 0 6232 1645 3008
2261 2 2 0 0 891 6233 3004
2262 2 2 0 0 6233 1645 3004
2263 2 2 0 0 1645 6233 3007
2264 2 2 0 0 6233 891 3007
2265 2 2 0 0 1644 6234 3005
2266 2 2 0 0 6234 912 3005
2267 2 2 0 0 912 6234 3006
2268 2 2 0 0 6234 1644 3006
2269 2 2 0 0 912 6235 3005
2270 2 2 0 0 6235 1686 3005
2271 2 2 0 0 1686 6235 3097
2272 2 2 0 0 6235 912 3097
2273 2 2 0 0 1693 6236 3006
2274 2 2 0 0 6236 912 3006
2275 2 2 0 0 912 6236 3109
2276 2 2 0 0 6236 1693 3109
2277 2 2 0 0 345 6237 3006
2278 2 2 0 0 6237 1693 3006
2279 2 2 0 0 1693 6237 3008
2280 2 2 0 0 6237 345 3008
2281 2 2 0 0 583 6238 3007
2282 2 2 0 0 6238 1645 3007
2283 2 2 0 0 1645 6238 3009
2284 2 2 0 0 6238 583 3009
2285 2 2 0 0 1646 6239 3007
2286 2 2 0 0 6239 583 3007
2287 2 2 0 0 583 6239 3010
2288 2 2 0 0 6239 1646 3010
2289 2 2 0 0 1645 6240 3008
2290 2 2 0 0 6240 924 3008
2291 2 2 0 0 924 6240 3009
2292 2 2 0 0 6240 1645 3009
2293 2 2 0 0 924 6241 3008
2294 2 2 0 0 6241 1693 3008
2295 2 2 0 0 1693 6241 3111
2296 2 2 0 0 6241 924 3111
2297 2 2 0 0 1719 6242 3009
2298 2 2 0 0 6242 924 3009
2299 2 2 0 0 924 6242 3162
2300 2 2 0 0 6242 1719 3162
2301 2 2 0 0 583 6243 3009
2302 2 2 0 0 6243 1719 3009
2303 2 2 0 0 1719 6243 3166
2304 2 2 0 0 6243 583 3166
2305 2 2 0 0 1646 6244 3010
2306 2 2 0 0 6244 928 3010
2307 2 2 0 0 928 6244 3011
2308 2 2 0 0 6244 1646 3011
2309 2 2 0 0 1724 6245 3010
2310 2 2 0 0 6245 583 3010
2311 2 2 0 0 583 6245 3166
2312 2 2 0 0 6245 1724 3166
2313 2 2 0 0 928 6246 3010
2314 2 2 0 0 6246 1724 3010
2315 2 2 0 0 1724 6246 3177
2316 2 2 0 0 6246 928 3177
2317 2 2 0 0 1648 6247 3011
2318 2 2 0 0 6247 928 3011
2319 2 2 0 0 928 6247 3015
2320 2 2 0 0 6247 1648 3015
2321 2 2 0 0 1647 6248 3012
2322 2 2 0 0 6248 349 3012
2323 2 2 0 0 349 6248 3013
2324 2 2 0 0 6248 1647 3013
2325 2 2 0 0 1649 6249 3012
2326 2 2 0 0 6249 892 3012
2327 2 2 0 0 892 6249 3014
2328 2 2 0 0 6249 1649 3014
2329 2 2 0 0 349 6250 3012
2330 2 2 0 0 6250 1649 3012
2331 2 2 0 0 1649 6250 3017
2332 2 2 0 0 6250 349 3017
2333 2 2 0 0 1650 6251 3013
2334 2 2 0 0 6251 349 3013
2335 2 2 0 0 349 6251 3019
2336 2 2 0 0 6251 1650 3019
2337 2 2 0 0 893 6252 3013
2338 2 2 0 0 6252 1650 3013
2339 2 2 0 0 1650 6252 3018
2340 2 2 0 0 6252 893 3018
2341 2 2 0 0 589 6253 3014
2342 2 2 0 0 6253 1648 3014
2343 2 2 0 0 1648 6253 3015
2344 2 2 0 0 6253 589 3015
2345 2 2 0 0 1649 6254 3014
2346 2 2 0 0 6254 589 3014
2347 2 2 0 0 589 6254 3016
2348 2 2 0 0 6254 1649 3016
2349 2 2 0 0 1727 6255 3015
2350 2 2 0 0 6255 928 3015
2351 2 2 0 0 928 6255 3177
2352 2 2 0 0 6255 1727 3177
2353 2 2 0 0 589 6256 3015
2354 2 2 0 0 6256 1727 3015
2355 2 2 0 0 1727 6256 3183
2356 2 2 0 0 6256 589 3183
2357 2 2 0 0 1649 6257 3016
2358 2 2 0 0 6257 941 3016
2359 2 2 0 0 941 6257 3017
2360 2 2 0 0 6257 1649 3017
2361 2 2 0 0 1752 6258 3016
2362 2 2 0 0 6258 589 3016
2363 2 2 0 0 589 6258 3183
2364 2 2 0 0 6258 1752 3183
2365 2 2 0 0 941 6259 3016
2366 2 2 0 0 6259 1752 3016
2367 2 2 0 0 1752 6259 3235
2368 2 2 0 0 6259 941 3235
2369 2 2 0 0 1756 6260 3017
2370 2 2 0 0 6260 941 3017
2371 2 2 0 0 941 6260 3240
2372 2 2 0 0 6260 1756 3240
2373 2 2 0 0 349 6261 3017
2374 2 2 0 0 6261 1756 3017
2375 2 2 0 0 1756 6261 3019
2376 2 2 0 0 6261 349 3019
2377 2 2 0 0 593 6262 3018
2378 2 2 0 0 6262 1650 3018
2379 2 2 0 0 1650 6262 3020
2380 2 2 0 0 6262 593 3020
2381 2 2 0 0 1651 6263 3018
2382 2 2 0 0 6263 593 3018
2383 2 2 0 0 593 6263 3021
2384 2 2 0 0 6263 1651 3021
2385 2 2 0 0 1650 6264 3019
2386 2 2 0 0 6264 946 3019
2387 2 2 0 0 946 6264 3020
2388 2 2 0 0 6264 1650 3020
2389 2 2 0 0 946 6265 3019
2390 2 2 0 0 6265 1756 3019
2391 2 2 0 0 1756 6265 3243
2392 2 2 0 0 6265 946 3243
2393 2 2 0 0 1767 6266 3020
2394 2 2 0 0 6266 946 3020
2395 2 2 0 0 946 6266 3262
2396 2 2 0 0 6266 1767 3262
2397 2 2 0 0 593 6267 3020
2398 2 2 0 0 6267 1767 3020
2399 2 2 0 0 1767 6267 3039
2400 2 2 0 0 6267 593 3039
2401 2 2 0 0 1660 6268 3021
2402 2 2 0 0 6268 593 3021
2403 2 2 0 0 593 6268 3039
2404 2 2 0 0 6268 1660 3039
2405 2 2 0 0 897 6269 3021
2406 2 2 0 0 6269 1660 3021
2407 2 2 0 0 1660 6269 3037
2408 2 2 0 0 6269 897 3037
2409 2 2 0 0 1652 6270 3022
2410 2 2 0 0 6270 147 3022
2411 2 2 0 0 147 6270 3023
2412 2 2 0 0 6270 1652 3023
2413 2 2 0 0 1654 6271 3022
2414 2 2 0 0 6271 894 3022
2415 2 2 0 0 894 6271 3024
2416 2 2 0 0 6271 1654 3024
2417 2 2 0 0 147 6272 3022
2418 2 2 0 0 6272 1654 3022
2419 2 2 0 0 1654 6272 3027
2420 2 2 0 0 6272 147 3027
2421 2 2 0 0 1655 6273 3023
2422 2 2 0 0 6273 147 3023
2423 2 2 0 0 147 6273 3029
2424 2 2 0 0 6273 1655 3029
2425 2 2 0 0 895 6274 3023
2426 2 2 0 0 6274 1655 3023
2427 2 2 0 0 1655 6274 3028
2428 2 2 0 0 6274 895 3028
2429 2 2 0 0 571 6275 3024
2430 2 2 0 0 6275 1653 3024
2431 2 2 0 0 1653 6275 3025
2432 2 2 0 0 6275 571 3025
2433 2 2 0 0 1654 6276 3024
2434 2 2 0 0 6276 571 3024
2435 2 2 0 0 571 6276 3026
2436 2 2 0 0 6276 1654 3026
2437 2 2 0 0 1658 6277 3025
2438 2 2 0 0 6277 896 3025
2439 2 2 0 0 896 6277 3032
2440 2 2 0 0 6277 1658 3032
2441 2 2 0 0 571 6278 3025
2442 2 2 0 0 6278 1658 3025
2443 2 2 0 0 1658 6278 3036
2444 2 2 0 0 6278 571 3036
2445 2 2 0 0 1654 6279 3026
2446 2 2 0 0 6279 900 3026
2447 2 2 0 0 900 6279 3027
2448 2 2 0 0 6279 1654 3027
2449 2 2 0 0 1663 6280 3026
2450 2 2 0 0 6280 571 3026
2451 2 2 0 0 571 6280 3036
2452 2 2 0 0 6280 1663 3036
2453 2 2 0 0 900 6281 3026
2454 2 2 0 0 6281 1663 3026
2455 2 2 0 0 1663 6281 3047
2456 2 2 0 0 6281 900 3047
2457 2 2 0 0 1667 6282 3027
2458 2 2 0 0 6282 900 3027
2459 2 2 0 0 900 6282 3052
2460 2 2 0 0 6282 1667 3052
2461 2 2 0 0 147 6283 3027
2462 2 2 0 0 6283 1667 3027
2463 2 2 0 0 1667 6283 3029
2464 2 2 0 0 6283 147 3029
2465 2 2 0 0 572 6284 3028
2466 2 2 0 0 6284 1655 3028
2467 2 2 0 0 1655 6284 3030
2468 2 2 0 0 6284 572 3030
2469 2 2 0 0 1656 6285 3028
2470 2 2 0 0 6285 572 3028
2471 2 2 0 0 572 6285 3031
2472 2 2 0 0 6285 1656 3031
2473 2 2 0 0 1655 6286 3029
2474 2 2 0 0 6286 902 3029
2475 2 2 0 0 902 6286 3030
2476 2 2 0 0 6286 1655 3030
2477 2 2 0 0 902 6287 3029
2478 2 2 0 0 6287 1667 3029
2479 2 2 0 0 1667 6287 3055
2480 2 2 0 0 6287 902 3055
2481 2 2 0 0 1670 6288 3030
2482 2 2 0 0 6288 902 3030
2483 2 2 0 0 902 6288 3061
2484 2 2 0 0 6288 1670 3061
2485 2 2 0 0 572 6289 3030
2486 2 2 0 0 6289 1670 3030
2487 2 2 0 0 1670 6289 3057
2488 2 2 0 0 6289 572 3057
2489 2 2 0 0 1668 6290 3031
2490 2 2 0 0 6290 572 3031
2491 2 2 0 0 572 6290 3057
2492 2 2 0 0 6290 1668 3057
2493 2 2 0 0 901 6291 3031
2494 2 2 0 0 6291 1668 3031
2495 2 2 0 0 1668 6291 3056
2496 2 2 0 0 6291 901 3056
2497 2 2 0 0 187 6292 3032
2498 2 2 0 0 6292 1657 3032
2499 2 2 0 0 1657 6292 3034
2500 2 2 0 0 6292 187 3034
2501 2 2 0 0 1658 6293 3032
2502 2 2 0 0 6293 187 3032
2503 2 2 0 0 187 6293 3035
2504 2 2 0 0 6293 1658 3035
2505 2 2 0 0 1657 6294 3033
2506 2 2 0 0 6294 898 3033
2507 2 2 0 0 898 6294 3034
2508 2 2 0 0 6294 1657 3034
2509 2 2 0 0 898 6295 3033
2510 2 2 0 0 6295 1659 3033
2511 2 2 0 0 1659 6295 3038
2512 2 2 0 0 6295 898 3038
2513 2 2 0 0 1662 6296 3034
2514 2 2 0 0 6296 898 3034
2515 2 2 0 0 898 6296 3041
2516 2 2 0 0 6296 1662 3041
2517 2 2 0 0 187 6297 3034
2518 2 2 0 0 6297 1662 3034
2519 2 2 0 0 1662 6297 3045
2520 2 2 0 0 6297 187 3045
2521 2 2 0 0 1658 6298 3035
2522 2 2 0 0 6298 899 3035
2523 2 2 0 0 899 6298 3036
2524 2 2 0 0 6298 1658 3036
2525 2 2 0 0 1664 6299 3035
2526 2 2 0 0 6299 187 3035
2527 2 2 0 0 187 6299 3045
2528 2 2 0 0 6299 1664 3045
2529 2 2 0 0 899 6300 3035
2530 2 2 0 0 6300 1664 3035
2531 2 2 0 0 1664 6300 3048
2532 2 2 0 0 6300 899 3048
2533 2 2 0 0 1663 6301 3036
2534 2 2 0 0 6301 899 3036
2535 2 2 0 0 899 6301 3046
2536 2 2 0 0 6301 1663 3046
2537 2 2 0 0 1659 6302 3037
2538 2 2 0 0 6302 354 3037
2539 2 2 0 0 354 6302 3038
2540 2 2 0 0 6302 1659 3038
2541 2 2 0 0 354 6303 3037
2542 2 2 0 0 6303 1660 3037
2543 2 2 0 0 1660 6303 3040
2544 2 2 0 0 6303 354 3040
2545 2 2 0 0 1661 6304 3038
2546 2 2 0 0 6304 354 3038
2547 2 2 0 0 354 6304 3042
2548 2 2 0 0 6304 1661 3042
2549 2 2 0 0 898 6305 3038
2550 2 2 0 0 6305 1661 3038
2551 2 2 0 0 1661 6305 3041
2552 2 2 0 0 6305 898 3041
2553 2 2 0 0 1660 6306 3039
2554 2 2 0 0 6306 949 3039
2555 2 2 0 0 949 6306 3040
2556 2 2 0 0 6306 1660 3040
2557 2 2 0 0 949 6307 3039
2558 2 2 0 0 6307 1767 3039
2559 2 2 0 0 1767 6307 3265
2560 2 2 0 0 6307 949 3265
2561 2 2 0 0 1773 6308 3040
2562 2 2 0 0 6308 949 3040
2563 2 2 0 0 949 6308 3275
2564 2 2 0 0 6308 1773 3275
2565 2 2 0 0 354 6309 3040
2566 2 2 0 0 6309 1773 3040
2567 2 2 0 0 1773 6309 3042
2568 2 2 0 0 6309 354 3042
2569 2 2 0 0 603 6310 3041
2570 2 2 0 0 6310 1661 3041
2571 2 2 0 0 1661 6310 3043
2572 2 2 0 0 6310 603 3043
2573 2 2 0 0 1662 6311 3041
2574 2 2 0 0 6311 603 3041
2575 2 2 0 0 603 6311 3044
2576 2 2 0 0 6311 1662 3044
2577 2 2 0 0 1661 6312 3042
2578 2 2 0 0 6312 971 3042
2579 2 2 0 0 971 6312 3043
2580 2 2 0 0 6312 1661 3043
2581 2 2 0 0 971 6313 3042
2582 2 2 0 0 6313 1773 3042
2583 2 2 0 0 1773 6313 3277
2584 2 2 0 0 6313 971 3277
2585 2 2 0 0 1818 6314 3043
2586 2 2 0 0 6314 971 3043
2587 2 2 0 0 971 6314 3372
2588 2 2 0 0 6314 1818 3372
2589 2 2 0 0 603 6315 3043
2590 2 2 0 0 6315 1818 3043
2591 2 2 0 0 1818 6315 3357
2592 2 2 0 0 6315 603 3357
2593 2 2 0 0 1662 6316 3044
2594 2 2 0 0 6316 967 3044
2595 2 2 0 0 967 6316 3045
2596 2 2 0 0 6316 1662 3045
2597 2 2 0 0 1811 6317 3044
2598 2 2 0 0 6317 603 3044
2599 2 2 0 0 603 6317 3357
2600 2 2 0 0 6317 1811 3357
2601 2 2 0 0 967 6318 3044
2602 2 2 0 0 6318 1811 3044
2603 2 2 0 0 1811 6318 3355
2604 2 2 0 0 6318 967 3355
2605 2 2 0 0 1664 6319 3045
2606 2 2 0 0 6319 967 3045
2607 2 2 0 0 967 6319 3049
2608 2 2 0 0 6319 1664 3049
2609 2 2 0 0 1663 6320 3046
2610 2 2 0 0 6320 353 3046
2611 2 2 0 0 353 6320 3047
2612 2 2 0 0 6320 1663 3047
2613 2 2 0 0 1665 6321 3046
2614 2 2 0 0 6321 899 3046
2615 2 2 0 0 899 6321 3048
2616 2 2 0 0 6321 1665 3048
2617 2 2 0 0 353 6322 3046
2618 2 2 0 0 6322 1665 3046
2619 2 2 0 0 1665 6322 3051
2620 2 2 0 0 6322 353 3051
2621 2 2 0 0 1666 6323 3047
2622 2 2 0 0 6323 353 3047
2623 2 2 0 0 353 6323 3053
2624 2 2 0 0 6323 1666 3053
2625 2 2 0 0 900 6324 3047
2626 2 2 0 0 6324 1666 3047
2627 2 2 0 0 1666 6324 3052
2628 2 2 0 0 6324 900 3052
2629 2 2 0 0 601 6325 3048
2630 2 2 0 0 6325 1664 3048
2631 2 2 0 0 1664 6325 3049
2632 2 2 0 0 6325 601 3049
2633 2 2 0 0 1665 6326 3048
2634 2 2 0 0 6326 601 3048
2635 2 2 0 0 601 6326 3050
2636 2 2 0 0 6326 1665 3050
2637 2 2 0 0 1810 6327 3049
2638 2 2 0 0 6327 967 3049
2639 2 2 0 0 967 6327 3355
2640 2 2 0 0 6327 1810 3355
2641 2 2 0 0 601 6328 3049
2642 2 2 0 0 6328 1810 3049
2643 2 2 0 0 1810 6328 3351
2644 2 2 0 0 6328 601 3351
2645 2 2 0 0 1665 6329 3050
2646 2 2 0 0 6329 966 3050
2647 2 2 0 0 966 6329 3051
2648 2 2 0 0 6329 1665 3051
2649 2 2 0 0 1808 6330 3050
2650 2 2 0 0 6330 601 3050
2651 2 2 0 0 601 6330 3351
2652 2 2 0 0 6330 1808 3351
2653 2 2 0 0 966 6331 3050
2654 2 2 0 0 6331 1808 3050
2655 2 2 0 0 1808 6331 3350
2656 2 2 0 0 6331 966 3350
2657 2 2 0 0 1783 6332 3051
2658 2 2 0 0 6332 966 3051
2659 2 2 0 0 966 6332 3299
2660 2 2 0 0 6332 1783 3299
2661 2 2 0 0 353 6333 3051
2662 2 2 0 0 6333 1783 3051
2663 2 2 0 0 1783 6333 3053
2664 2 2 0 0 6333 353 3053
2665 2 2 0 0 595 6334 3052
2666 2 2 0 0 6334 1666 3052
2667 2 2 0 0 1666 6334 3054
2668 2 2 0 0 6334 595 3054
2669 2 2 0 0 1667 6335 3052
2670 2 2 0 0 6335 595 3052
2671 2 2 0 0 595 6335 3055
2672 2 2 0 0 6335 1667 3055
2673 2 2 0 0 1666 6336 3053
2674 2 2 0 0 6336 954 3053
2675 2 2 0 0 954 6336 3054
2676 2 2 0 0 6336 1666 3054
2677 2 2 0 0 954 6337 3053
2678 2 2 0 0 6337 1783 3053
2679 2 2 0 0 1783 6337 3298
2680 2 2 0 0 6337 954 3298
2681 2 2 0 0 1781 6338 3054
2682 2 2 0 0 6338 954 3054
2683 2 2 0 0 954 6338 3295
2684 2 2 0 0 6338 1781 3295
2685 2 2 0 0 595 6339 3054
2686 2 2 0 0 6339 1781 3054
2687 2 2 0 0 1781 6339 3063
2688 2 2 0 0 6339 595 3063
2689 2 2 0 0 1671 6340 3055
2690 2 2 0 0 6340 595 3055
2691 2 2 0 0 595 6340 3063
2692 2 2 0 0 6340 1671 3063
2693 2 2 0 0 902 6341 3055
2694 2 2 0 0 6341 1671 3055
2695 2 2 0 0 1671 6341 3061
2696 2 2 0 0 6341 902 3061
2697 2 2 0 0 186 6342 3056
2698 2 2 0 0 6342 1668 3056
2699 2 2 0 0 1668 6342 3058
2700 2 2 0 0 6342 186 3058
2701 2 2 0 0 1669 6343 3056
2702 2 2 0 0 6343 186 3056
2703 2 2 0 0 186 6343 3059
2704 2 2 0 0 6343 1669 3059
2705 2 2 0 0 1668 6344 3057
2706 2 2 0 0 6344 903 3057
2707 2 2 0 0 903 6344 3058
2708 2 2 0 0 6344 1668 3058
2709 2 2 0 0 903 6345 3057
2710 2 2 0 0 6345 1670 3057
2711 2 2 0 0 1670 6345 3062
2712 2 2 0 0 6345 903 3062
2713 2 2 0 0 1673 6346 3058
2714 2 2 0 0 6346 903 3058
2715 2 2 0 0 903 6346 3065
2716 2 2 0 0 6346 1673 3065
2717 2 2 0 0 186 6347 3058
2718 2 2 0 0 6347 1673 3058
2719 2 2 0 0 1673 6347 3069
2720 2 2 0 0 6347 186 3069
2721 2 2 0 0 1669 6348 3059
2722 2 2 0 0 6348 904 3059
2723 2 2 0 0 904 6348 3060
2724 2 2 0 0 6348 1669 3060
2725 2 2 0 0 1675 6349 3059
2726 2 2 0 0 6349 186 3059
2727 2 2 0 0 186 6349 3069
2728 2 2 0 0 6349 1675 3069
2729 2 2 0 0 904 6350 3059
2730 2 2 0 0 6350 1675 3059
2731 2 2 0 0 1675 6350 3072
2732 2 2 0 0 6350 904 3072
2733 2 2 0 0 1674 6351 3060
2734 2 2 0 0 6351 904 3060
2735 2 2 0 0 904 6351 3070
2736 2 2 0 0 6351 1674 3070
2737 2 2 0 0 1670 6352 3061
2738 2 2 0 0 6352 350 3061
2739 2 2 0 0 350 6352 3062
2740 2 2 0 0 6352 1670 3062
2741 2 2 0 0 350 6353 3061
2742 2 2 0 0 6353 1671 3061
2743 2 2 0 0 1671 6353 3064
2744 2 2 0 0 6353 350 3064
2745 2 2 0 0 1672 6354 3062
2746 2 2 0 0 6354 350 3062
2747 2 2 0 0 350 6354 3066
2748 2 2 0 0 6354 1672 3066
2749 2 2 0 0 903 6355 3062
2750 2 2 0 0 6355 1672 3062
2751 2 2 0 0 1672 6355 3065
2752 2 2 0 0 6355 903 3065
2753 2 2 0 0 1671 6356 3063
2754 2 2 0 0 6356 953 3063
2755 2 2 0 0 953 6356 3064
2756 2 2 0 0 6356 1671 3064
2757 2 2 0 0 953 6357 3063
2758 2 2 0 0 6357 1781 3063
2759 2 2 0 0 1781 6357 3294
2760 2 2 0 0 6357 953 3294
2761 2 2 0 0 1775 6358 3064
2762 2 2 0 0 6358 953 3064
2763 2 2 0 0 953 6358 3282
2764 2 2 0 0 6358 1775 3282
2765 2 2 0 0 350 6359 3064
2766 2 2 0 0 6359 1775 3064
2767 2 2 0 0 1775 6359 3066
2768 2 2 0 0 6359 350 3066
2769 2 2 0 0 594 6360 3065
2770 2 2 0 0 6360 1672 3065
2771 2 2 0 0 1672 6360 3067
2772 2 2 0 0 6360 594 3067
2773 2 2 0 0 1673 6361 3065
2774 2 2 0 0 6361 594 3065
2775 2 2 0 0 594 6361 3068
2776 2 2 0 0 6361 1673 3068
2777 2 2 0 0 1672 6362 3066
2778 2 2 0 0 6362 950 3066
2779 2 2 0 0 950 6362 3067
2780 2 2 0 0 6362 1672 3067
2781 2 2 0 0 950 6363 3066
2782 2 2 0 0 6363 1775 3066
2783 2 2 0 0 1775 6363 3281
2784 2 2 0 0 6363 950 3281
2785 2 2 0 0 1774 6364 3067
2786 2 2 0 0 6364 950 3067
2787 2 2 0 0 950 6364 3278
2788 2 2 0 0 6364 1774 3278
2789 2 2 0 0 594 6365 3067
2790 2 2 0 0 6365 1774 3067
2791 2 2 0 0 1774 6365 3280
2792 2 2 0 0 6365 594 3280
2793 2 2 0 0 1673 6366 3068
2794 2 2 0 0 6366 952 3068
2795 2 2 0 0 952 6366 3069
2796 2 2 0 0 6366 1673 3069
2797 2 2 0 0 1777 6367 3068
2798 2 2 0 0 6367 594 3068
2799 2 2 0 0 594 6367 3280
2800 2 2 0 0 6367 1777 3280
2801 2 2 0 0 952 6368 3068
2802 2 2 0 0 6368 1777 3068
2803 2 2 0 0 1777 6368 3286
2804 2 2 0 0 6368 952 3286
2805 2 2 0 0 1675 6369 3069
2806 2 2 0 0 6369 952 3069
2807 2 2 0 0 952 6369 3073
2808 2 2 0 0 6369 1675 3073
2809 2 2 0 0 1674 6370 3070
2810 2 2 0 0 6370 352 3070
2811 2 2 0 0 352 6370 3071
2812 2 2 0 0 6370 1674 3071
2813 2 2 0 0 1676 6371 3070
2814 2 2 0 0 6371 904 3070
2815 2 2 0 0 904 6371 3072
2816 2 2 0 0 6371 1676 3072
2817 2 2 0 0 352 6372 3070
2818 2 2 0 0 6372 1676 3070
2819 2 2 0 0 1676 6372 3075
2820 2 2 0 0 6372 352 3075
2821 2 2 0 0 1677 6373 3071
2822 2 2 0 0 6373 352 3071
2823 2 2 0 0 352 6373 3076
2824 2 2 0 0 6373 1677 3076
2825 2 2 0 0 597 6374 3072
2826 2 2 0 0 6374 1675 3072
2827 2 2 0 0 1675 6374 3073
2828 2 2 0 0 6374 597 3073
2829 2 2 0 0 1676 6375 3072
2830 2 2 0 0 6375 597 3072
2831 2 2 0 0 597 6375 3074
2832 2 2 0 0 6375 1676 3074
2833 2 2 0 0 1780 6376 3073
2834 2 2 0 0 6376 952 3073
2835 2 2 0 0 952 6376 3286
2836 2 2 0 0 6376 1780 3286
2837 2 2 0 0 597 6377 3073
2838 2 2 0 0 6377 1780 3073
2839 2 2 0 0 1780 6377 3293
2840 2 2 0 0 6377 597 3293
2841 2 2 0 0 1676 6378 3074
2842 2 2 0 0 6378 958 3074
2843 2 2 0 0 958 6378 3075
2844 2 2 0 0 6378 1676 3075
2845 2 2 0 0 1790 6379 3074
2846 2 2 0 0 6379 597 3074
2847 2 2 0 0 597 6379 3293
2848 2 2 0 0 6379 1790 3293
2849 2 2 0 0 958 6380 3074
2850 2 2 0 0 6380 1790 3074
2851 2 2 0 0 1790 6380 3313
2852 2 2 0 0 6380 958 3313
2853 2 2 0 0 1701 6381 3075
2854 2 2 0 0 6381 958 3075
2855 2 2 0 0 958 6381 3127
2856 2 2 0 0 6381 1701 3127
2857 2 2 0 0 352 6382 3075
2858 2 2 0 0 6382 1701 3075
2859 2 2 0 0 1701 6382 3076
2860 2 2 0 0 6382 352 3076
2861 2 2 0 0 1677 6383 3076
2862 2 2 0 0 6383 916 3076
2863 2 2 0 0 916 6383 3077
2864 2 2 0 0 6383 1677 3077
2865 2 2 0 0 916 6384 3076
2866 2 2 0 0 6384 1701 3076
2867 2 2 0 0 1701 6384 3126
2868 2 2 0 0 6384 916 3126
2869 2 2 0 0 1699 6385 3077
2870 2 2 0 0 6385 916 3077
2871 2 2 0 0 916 6385 3123
2872 2 2 0 0 6385 1699 3123
2873 2 2 0 0 86 6386 3078
2874 2 2 0 0 6386 1678 3078
2875 2 2 0 0 1678 6386 3080
2876 2 2 0 0 6386 86 3080
2877 2 2 0 0 1679 6387 3078
2878 2 2 0 0 6387 86 3078
2879 2 2 0 0 1679 6387 3083
2880 2 2 0 0 6387 86 3083
2881 2 2 0 0 906 6388 3078
2882 2 2 0 0 6388 1679 3078
2883 2 2 0 0 1679 6388 3081
2884 2 2 0 0 6388 906 3081
2885 2 2 0 0 1678 6389 3079
2886 2 2 0 0 6389 908 3079
2887 2 2 0 0 908 6389 3080
2888 2 2 0 0 6389 1678 3080
2889 2 2 0 0 908 6390 3079
2890 2 2 0 0 6390 1681 3079
2891 2 2 0 0 1681 6390 3086
2892 2 2 0 0 6390 908 3086
2893 2 2 0 0 1684 6391 3080
2894 2 2 0 0 6391 908 3080
2895 2 2 0 0 908 6391 3089
2896 2 2 0 0 6391 1684 3089
2897 2 2 0 0 86 6392 3080
2898 2 2 0 0 6392 1684 3080
2899 2 2 0 0 86 6392 3092
2900 2 2 0 0 6392 1684 3092
2901 2 2 0 0 575 6393 3081
2902 2 2 0 0 6393 1679 3081
2903 2 2 0 0 575 6393 3082
2904 2 2 0 0 6393 1679 3082
2905 2 2 0 0 1680 6394 3081
2906 2 2 0 0 6394 575 3081
2907 2 2 0 0 575 6394 3084
2908 2 2 0 0 6394 1680 3084
2909 2 2 0 0 1679 6395 3082
2910 2 2 0 0 6395 911 3082
2911 2 2 0 0 911 6395 3083
2912 2 2 0 0 6395 1679 3083
2913 2 2 0 0 1687 6396 3082
2914 2 2 0 0 6396 575 3082
2915 2 2 0 0 575 6396 3096
2916 2 2 0 0 6396 1687 3096
2917 2 2 0 0 911 6397 3082
2918 2 2 0 0 6397 1687 3082
2919 2 2 0 0 1687 6397 3099
2920 2 2 0 0 6397 911 3099
2921 2 2 0 0 1691 6398 3083
2922 2 2 0 0 6398 911 3083
2923 2 2 0 0 911 6398 3105
2924 2 2 0 0 6398 1691 3105
2925 2 2 0 0 86 6399 3083
2926 2 2 0 0 6399 1691 3083
2927 2 2 0 0 1691 6399 3092
2928 2 2 0 0 6399 86 3092
2929 2 2 0 0 1685 6400 3084
2930 2 2 0 0 6400 575 3084
2931 2 2 0 0 1685 6400 3096
2932 2 2 0 0 6400 575 3096
2933 2 2 0 0 909 6401 3084
2934 2 2 0 0 6401 1685 3084
2935 2 2 0 0 1685 6401 3094
2936 2 2 0 0 6401 909 3094
2937 2 2 0 0 1681 6402 3085
2938 2 2 0 0 6402 344 3085
2939 2 2 0 0 344 6402 3086
2940 2 2 0 0 6402 1681 3086
2941 2 2 0 0 344 6403 3085
2942 2 2 0 0 6403 1682 3085
2943 2 2 0 0 1682 6403 3088
2944 2 2 0 0 6403 344 3088
2945 2 2 0 0 1683 6404 3086
2946 2 2 0 0 6404 344 3086
2947 2 2 0 0 344 6404 3090
2948 2 2 0 0 6404 1683 3090
2949 2 2 0 0 908 6405 3086
2950 2 2 0 0 6405 1683 3086
2951 2 2 0 0 1683 6405 3089
2952 2 2 0 0 6405 908 3089
2953 2 2 0 0 1682 6406 3087
2954 2 2 0 0 6406 914 3087
2955 2 2 0 0 914 6406 3088
2956 2 2 0 0 6406 1682 3088
2957 2 2 0 0 914 6407 3087
2958 2 2 0 0 6407 1694 3087
2959 2 2 0 0 1694 6407 3113
2960 2 2 0 0 6407 914 3113
2961 2 2 0 0 1698 6408 3088
2962 2 2 0 0 6408 914 3088
2963 2 2 0 0 914 6408 3118
2964 2 2 0 0 6408 1698 3118
2965 2 2 0 0 344 6409 3088
2966 2 2 0 0 6409 1698 3088
2967 2 2 0 0 1698 6409 3090
2968 2 2 0 0 6409 344 3090
2969 2 2 0 0 581 6410 3089
2970 2 2 0 0 6410 1683 3089
2971 2 2 0 0 1683 6410 3091
2972 2 2 0 0 6410 581 3091
2973 2 2 0 0 1684 6411 3089
2974 2 2 0 0 6411 581 3089
2975 2 2 0 0 1684 6411 3093
2976 2 2 0 0 6411 581 3093
2977 2 2 0 0 1683 6412 3090
2978 2 2 0 0 6412 919 3090
2979 2 2 0 0 919 6412 3091
2980 2 2 0 0 6412 1683 3091
2981 2 2 0 0 919 6413 3090
2982 2 2 0 0 6413 1698 3090
2983 2 2 0 0 1698 6413 3121
2984 2 2 0 0 6413 919 3121
2985 2 2 0 0 1709 6414 3091
2986 2 2 0 0 6414 919 3091
2987 2 2 0 0 919 6414 3140
2988 2 2 0 0 6414 1709 3140
2989 2 2 0 0 581 6415 3091
2990 2 2 0 0 6415 1709 3091
2991 2 2 0 0 581 6415 3143
2992 2 2 0 0 6415 1709 3143
2993 2 2 0 0 1684 6416 3092
2994 2 2 0 0 6416 922 3092
2995 2 2 0 0 922 6416 3093
2996 2 2 0 0 6416 1684 3093
2997 2 2 0 0 922 6417 3092
2998 2 2 0 0 6417 1691 3092
2999 2 2 0 0 1691 6417 3108
3000 2 2 0 0 6417 922 3108
3001 2 2 0 0 1714 6418 3093
3002 2 2 0 0 6418 922 3093
3003 2 2 0 0 922 6418 3154
3004 2 2 0 0 6418 1714 3154
3005 2 2 0 0 581 6419 3093
3006 2 2 0 0 6419 1714 3093
3007 2 2 0 0 1714 6419 3143
3008 2 2 0 0 6419 581 3143
3009 2 2 0 0 184 6420 3094
3010 2 2 0 0 6420 1685 3094
3011 2 2 0 0 184 6420 3095
3012 2 2 0 0 6420 1685 3095
3013 2 2 0 0 1686 6421 3094
3014 2 2 0 0 6421 184 3094
3015 2 2 0 0 184 6421 3097
3016 2 2 0 0 6421 1686 3097
3017 2 2 0 0 1685 6422 3095
3018 2 2 0 0 6422 910 3095
3019 2 2 0 0 910 6422 3096
3020 2 2 0 0 6422 1685 3096
3021 2 2 0 0 1688 6423 3095
3022 2 2 0 0 6423 184 3095
3023 2 2 0 0 184 6423 3101
3024 2 2 0 0 6423 1688 3101
3025 2 2 0 0 910 6424 3095
3026 2 2 0 0 6424 1688 3095
3027 2 2 0 0 1688 6424 3100
3028 2 2 0 0 6424 910 3100
3029 2 2 0 0 1687 6425 3096
3030 2 2 0 0 6425 910 3096
3031 2 2 0 0 910 6425 3098
3032 2 2 0 0 6425 1687 3098
3033 2 2 0 0 1692 6426 3097
3034 2 2 0 0 6426 184 3097
3035 2 2 0 0 1692 6426 3101
3036 2 2 0 0 6426 184 3101
3037 2 2 0 0 912 6427 3097
3038 2 2 0 0 6427 1692 3097
3039 2 2 0 0 1692 6427 3109
3040 2 2 0 0 6427 912 3109
3041 2 2 0 0 1687 6428 3098
3042 2 2 0 0 6428 347 3098
3043 2 2 0 0 347 6428 3099
3044 2 2 0 0 6428 1687 3099
3045 2 2 0 0 1689 6429 3098
3046 2 2 0 0 6429 910 3098
3047 2 2 0 0 910 6429 3100
3048 2 2 0 0 6429 1689 3100
3049 2 2 0 0 347 6430 3098
3050 2 2 0 0 6430 1689 3098
3051 2 2 0 0 1689 6430 3104
3052 2 2 0 0 6430 347 3104
3053 2 2 0 0 1690 6431 3099
3054 2 2 0 0 6431 347 3099
3055 2 2 0 0 347 6431 3106
3056 2 2 0 0 6431 1690 3106
3057 2 2 0 0 911 6432 3099
3058 2 2 0 0 6432 1690 3099
3059 2 2 0 0 1690 6432 3105
3060 2 2 0 0 6432 911 3105
3061 2 2 0 0 584 6433 3100
3062 2 2 0 0 6433 1688 3100
3063 2 2 0 0 1688 6433 3102
3064 2 2 0 0 6433 584 3102
3065 2 2 0 0 1689 6434 3100
3066 2 2 0 0 6434 584 3100
3067 2 2 0 0 584 6434 3103
3068 2 2 0 0 6434 1689 3103
3069 2 2 0 0 1688 6435 3101
3070 2 2 0 0 6435 926 3101
3071 2 2 0 0 926 6435 3102
3072 2 2 0 0 6435 1688 3102
3073 2 2 0 0 926 6436 3101
3074 2 2 0 0 6436 1692 3101
3075 2 2 0 0 1692 6436 3110
3076 2 2 0 0 6436 926 3110
3077 2 2 0 0 1723 6437 3102
3078 2 2 0 0 6437 926 3102
3079 2 2 0 0 926 6437 3168
3080 2 2 0 0 6437 1723 3168
3081 2 2 0 0 584 6438 3102
3082 2 2 0 0 6438 1723 3102
3083 2 2 0 0 1723 6438 3175
3084 2 2 0 0 6438 584 3175
3085 2 2 0 0 1689 6439 3103
3086 2 2 0 0 6439 930 3103
3087 2 2 0 0 930 6439 3104
3088 2 2 0 0 6439 1689 3104
3089 2 2 0 0 1728 6440 3103
3090 2 2 0 0 6440 584 3103
3091 2 2 0 0 584 6440 3175
3092 2 2 0 0 6440 1728 3175
3093 2 2 0 0 930 6441 3103
3094 2 2 0 0 6441 1728 3103
3095 2 2 0 0 1728 6441 3185
3096 2 2 0 0 6441 930 3185
3097 2 2 0 0 1732 6442 3104
3098 2 2 0 0 6442 930 3104
3099 2 2 0 0 930 6442 3190
3100 2 2 0 0 6442 1732 3190
3101 2 2 0 0 347 6443 3104
3102 2 2 0 0 6443 1732 3104
3103 2 2 0 0 1732 6443 3106
3104 2 2 0 0 6443 347 3106
3105 2 2 0 0 588 6444 3105
3106 2 2 0 0 6444 1690 3105
3107 2 2 0 0 1690 6444 3107
3108 2 2 0 0 6444 588 3107
3109 2 2 0 0 1691 6445 3105
3110 2 2 0 0 6445 588 3105
3111 2 2 0 0 588 6445 3108
3112 2 2 0 0 6445 1691 3108
3113 2 2 0 0 1690 6446 3106
3114 2 2 0 0 6446 936 3106
3115 2 2 0 0 936 6446 3107
3116 2 2 0 0 6446 1690 3107
3117 2 2 0 0 936 6447 3106
3118 2 2 0 0 6447 1732 3106
3119 2 2 0 0 1732 6447 3193
3120 2 2 0 0 6447 936 3193
3121 2 2 0 0 1745 6448 3107
3122 2 2 0 0 6448 936 3107
3123 2 2 0 0 936 6448 3218
3124 2 2 0 0 6448 1745 3218
3125 2 2 0 0 588 6449 3107
3126 2 2 0 0 6449 1745 3107
3127 2 2 0 0 1745 6449 3156
3128 2 2 0 0 6449 588 3156
3129 2 2 0 0 1715 6450 3108
3130 2 2 0 0 6450 588 3108
3131 2 2 0 0 588 6450 3156
3132 2 2 0 0 6450 1715 3156
3133 2 2 0 0 922 6451 3108
3134 2 2 0 0 6451 1715 3108
3135 2 2 0 0 1715 6451 3154
3136 2 2 0 0 6451 922 3154
3137 2 2 0 0 582 6452 3109
3138 2 2 0 0 6452 1692 3109
3139 2 2 0 0 582 6452 3110
3140 2 2 0 0 6452 1692 3110
3141 2 2 0 0 1693 6453 3109
3142 2 2 0 0 6453 582 3109
3143 2 2 0 0 582 6453 3111
3144 2 2 0 0 6453 1693 3111
3145 2 2 0 0 1720 6454 3110
3146 2 2 0 0 6454 582 3110
3147 2 2 0 0 582 6454 3164
3148 2 2 0 0 6454 1720 3164
3149 2 2 0 0 926 6455 3110
3150 2 2 0 0 6455 1720 3110
3151 2 2 0 0 1720 6455 3168
3152 2 2 0 0 6455 926 3168
3153 2 2 0 0 1718 6456 3111
3154 2 2 0 0 6456 582 3111
3155 2 2 0 0 1718 6456 3164
3156 2 2 0 0 6456 582 3164
3157 2 2 0 0 924 6457 3111
3158 2 2 0 0 6457 1718 3111
3159 2 2 0 0 1718 6457 3162
3160 2 2 0 0 6457 924 3162
3161 2 2 0 0 1694 6458 3112
3162 2 2 0 0 6458 149 3112
3163 2 2 0 0 149 6458 3113
3164 2 2 0 0 6458 1694 3113
3165 2 2 0 0 1696 6459 3112
3166 2 2 0 0 6459 913 3112
3167 2 2 0 0 913 6459 3114
3168 2 2 0 0 6459 1696 3114
3169 2 2 0 0 149 6460 3112
3170 2 2 0 0 6460 1696 3112
3171 2 2 0 0 1696 6460 3117
3172 2 2 0 0 6460 149 3117
3173 2 2 0 0 1697 6461 3113
3174 2 2 0 0 6461 149 3113
3175 2 2 0 0 149 6461 3119
3176 2 2 0 0 6461 1697 3119
3177 2 2 0 0 914 6462 3113
3178 2 2 0 0 6462 1697 3113
3179 2 2 0 0 1697 6462 3118
3180 2 2 0 0 6462 914 3118
3181 2 2 0 0 579 6463 3114
3182 2 2 0 0 6463 1695 3114
3183 2 2 0 0 1695 6463 3115
3184 2 2 0 0 6463 579 3115
3185 2 2 0 0 1696 6464 3114
3186 2 2 0 0 6464 579 3114
3187 2 2 0 0 579 6464 3116
3188 2 2 0 0 6464 1696 3116
3189 2 2 0 0 1700 6465 3115
3190 2 2 0 0 6465 915 3115
3191 2 2 0 0 915 6465 3122
3192 2 2 0 0 6465 1700 3122
3193 2 2 0 0 579 6466 3115
3194 2 2 0 0 6466 1700 3115
3195 2 2 0 0 1700 6466 3125
3196 2 2 0 0 6466 579 3125
3197 2 2 0 0 1696 6467 3116
3198 2 2 0 0 6467 918 3116
3199 2 2 0 0 918 6467 3117
3200 2 2 0 0 6467 1696 3117
3201 2 2 0 0 1703 6468 3116
3202 2 2 0 0 6468 579 3116
3203 2 2 0 0 579 6468 3125
3204 2 2 0 0 6468 1703 3125
3205 2 2 0 0 918 6469 3116
3206 2 2 0 0 6469 1703 3116
3207 2 2 0 0 1703 6469 3131
3208 2 2 0 0 6469 918 3131
3209 2 2 0 0 1707 6470 3117
3210 2 2 0 0 6470 918 3117
3211 2 2 0 0 918 6470 3136
3212 2 2 0 0 6470 1707 3136
3213 2 2 0 0 149 6471 3117
3214 2 2 0 0 6471 1707 3117
3215 2 2 0 0 1707 6471 3119
3216 2 2 0 0 6471 149 3119
3217 2 2 0 0 580 6472 3118
3218 2 2 0 0 6472 1697 3118
3219 2 2 0 0 1697 6472 3120
3220 2 2 0 0 6472 580 3120
3221 2 2 0 0 1698 6473 3118
3222 2 2 0 0 6473 580 3118
3223 2 2 0 0 580 6473 3121
3224 2 2 0 0 6473 1698 3121
3225 2 2 0 0 1697 6474 3119
3226 2 2 0 0 6474 920 3119
3227 2 2 0 0 920 6474 3120
3228 2 2 0 0 6474 1697 3120
3229 2 2 0 0 920 6475 3119
3230 2 2 0 0 6475 1707 3119
3231 2 2 0 0 1707 6475 3139
3232 2 2 0 0 6475 920 3139
3233 2 2 0 0 1710 6476 3120
3234 2 2 0 0 6476 920 3120
3235 2 2 0 0 920 6476 3145
3236 2 2 0 0 6476 1710 3145
3237 2 2 0 0 580 6477 3120
3238 2 2 0 0 6477 1710 3120
3239 2 2 0 0 1710 6477 3141
3240 2 2 0 0 6477 580 3141
3241 2 2 0 0 1708 6478 3121
3242 2 2 0 0 6478 580 3121
3243 2 2 0 0 580 6478 3141
3244 2 2 0 0 6478 1708 3141
3245 2 2 0 0 919 6479 3121
3246 2 2 0 0 6479 1708 3121
3247 2 2 0 0 1708 6479 3140
3248 2 2 0 0 6479 919 3140
3249 2 2 0 0 189 6480 3122
3250 2 2 0 0 6480 1699 3122
3251 2 2 0 0 1699 6480 3123
3252 2 2 0 0 6480 189 3123
3253 2 2 0 0 1700 6481 3122
3254 2 2 0 0 6481 189 3122
3255 2 2 0 0 189 6481 3124
3256 2 2 0 0 6481 1700 3124
3257 2 2 0 0 1702 6482 3123
3258 2 2 0 0 6482 916 3123
3259 2 2 0 0 916 6482 3126
3260 2 2 0 0 6482 1702 3126
3261 2 2 0 0 189 6483 3123
3262 2 2 0 0 6483 1702 3123
3263 2 2 0 0 1702 6483 3129
3264 2 2 0 0 6483 189 3129
3265 2 2 0 0 1700 6484 3124
3266 2 2 0 0 6484 917 3124
3267 2 2 0 0 917 6484 3125
3268 2 2 0 0 6484 1700 3125
3269 2 2 0 0 1704 6485 3124
3270 2 2 0 0 6485 189 3124
3271 2 2 0 0 189 6485 3129
3272 2 2 0 0 6485 1704 3129
3273 2 2 0 0 917 6486 3124
3274 2 2 0 0 6486 1704 3124
3275 2 2 0 0 1704 6486 3132
3276 2 2 0 0 6486 917 3132
3277 2 2 0 0 1703 6487 3125
3278 2 2 0 0 6487 917 3125
3279 2 2 0 0 917 6487 3130
3280 2 2 0 0 6487 1703 3130
3281 2 2 0 0 600 6488 3126
3282 2 2 0 0 6488 1701 3126
3283 2 2 0 0 1701 6488 3127
3284 2 2 0 0 6488 600 3127
3285 2 2 0 0 1702 6489 3126
3286 2 2 0 0 6489 600 3126
3287 2 2 0 0 600 6489 3128
3288 2 2 0 0 6489 1702 3128
3289 2 2 0 0 1793 6490 3127
3290 2 2 0 0 6490 958 3127
3291 2 2 0 0 958 6490 3313
3292 2 2 0 0 6490 1793 3313
3293 2 2 0 0 600 6491 3127
3294 2 2 0 0 6491 1793 3127
3295 2 2 0 0 1793 6491 3319
3296 2 2 0 0 6491 600 3319
3297 2 2 0 0 1702 6492 3128
3298 2 2 0 0 6492 965 3128
3299 2 2 0 0 965 6492 3129
3300 2 2 0 0 6492 1702 3129
3301 2 2 0 0 1805 6493 3128
3302 2 2 0 0 6493 600 3128
3303 2 2 0 0 600 6493 3319
3304 2 2 0 0 6493 1805 3319
3305 2 2 0 0 965 6494 3128
3306 2 2 0 0 6494 1805 3128
3307 2 2 0 0 1805 6494 3345
3308 2 2 0 0 6494 965 3345
3309 2 2 0 0 1704 6495 3129
3310 2 2 0 0 6495 965 3129
3311 2 2 0 0 965 6495 3133
3312 2 2 0 0 6495 1704 3133
3313 2 2 0 0 1703 6496 3130
3314 2 2 0 0 6496 359 3130
3315 2 2 0 0 359 6496 3131
3316 2 2 0 0 6496 1703 3131
3317 2 2 0 0 1705 6497 3130
3318 2 2 0 0 6497 917 3130
3319 2 2 0 0 917 6497 3132
3320 2 2 0 0 6497 1705 3132
3321 2 2 0 0 359 6498 3130
3322 2 2 0 0 6498 1705 3130
3323 2 2 0 0 1705 6498 3135
3324 2 2 0 0 6498 359 3135
3325 2 2 0 0 1706 6499 3131
3326 2 2 0 0 6499 359 3131
3327 2 2 0 0 359 6499 3137
3328 2 2 0 0 6499 1706 3137
3329 2 2 0 0 918 6500 3131
3330 2 2 0 0 6500 1706 3131
3331 2 2 0 0 1706 6500 3136
3332 2 2 0 0 6500 918 3136
3333 2 2 0 0 612 6501 3132
3334 2 2 0 0 6501 1704 3132
3335 2 2 0 0 1704 6501 3133
3336 2 2 0 0 6501 612 3133
3337 2 2 0 0 1705 6502 3132
3338 2 2 0 0 6502 612 3132
3339 2 2 0 0 612 6502 3134
3340 2 2 0 0 6502 1705 3134
3341 2 2 0 0 1807 6503 3133
3342 2 2 0 0 6503 965 3133
3343 2 2 0 0 965 6503 3345
3344 2 2 0 0 6503 1807 3345
3345 2 2 0 0 612 6504 3133
3346 2 2 0 0 6504 1807 3133
3347 2 2 0 0 1807 6504 3349
3348 2 2 0 0 6504 612 3349
3349 2 2 0 0 1705 6505 3134
3350 2 2 0 0 6505 991 3134
3351 2 2 0 0 991 6505 3135
3352 2 2 0 0 6505 1705 3135
3353 2 2 0 0 1858 6506 3134
3354 2 2 0 0 6506 612 3134
3355 2 2 0 0 612 6506 3349
3356 2 2 0 0 6506 1858 3349
3357 2 2 0 0 991 6507 3134
3358 2 2 0 0 6507 1858 3134
3359 2 2 0 0 1858 6507 3455
3360 2 2 0 0 6507 991 3455
3361 2 2 0 0 1862 6508 3135
3362 2 2 0 0 6508 991 3135
3363 2 2 0 0 991 6508 3460
3364 2 2 0 0 6508 1862 3460
3365 2 2 0 0 359 6509 3135
3366 2 2 0 0 6509 1862 3135
3367 2 2 0 0 1862 6509 3137
3368 2 2 0 0 6509 359 3137
3369 2 2 0 0 616 6510 3136
3370 2 2 0 0 6510 1706 3136
3371 2 2 0 0 1706 6510 3138
3372 2 2 0 0 6510 616 3138
3373 2 2 0 0 1707 6511 3136
3374 2 2 0 0 6511 616 3136
3375 2 2 0 0 616 6511 3139
3376 2 2 0 0 6511 1707 3139
3377 2 2 0 0 1706 6512 3137
3378 2 2 0 0 6512 998 3137
3379 2 2 0 0 998 6512 3138
3380 2 2 0 0 6512 1706 3138
3381 2 2 0 0 998 6513 3137
3382 2 2 0 0 6513 1862 3137
3383 2 2 0 0 1862 6513 3463
3384 2 2 0 0 6513 998 3463
3385 2 2 0 0 1871 6514 3138
3386 2 2 0 0 6514 998 3138
3387 2 2 0 0 998 6514 3498
3388 2 2 0 0 6514 1871 3498
3389 2 2 0 0 616 6515 3138
3390 2 2 0 0 6515 1871 3138
3391 2 2 0 0 1871 6515 3147
3392 2 2 0 0 6515 616 3147
3393 2 2 0 0 1711 6516 3139
3394 2 2 0 0 6516 616 3139
3395 2 2 0 0 616 6516 3147
3396 2 2 0 0 6516 1711 3147
3397 2 2 0 0 920 6517 3139
3398 2 2 0 0 6517 1711 3139
3399 2 2 0 0 1711 6517 3145
3400 2 2 0 0 6517 920 3145
3401 2 2 0 0 198 6518 3140
3402 2 2 0 0 6518 1708 3140
3403 2 2 0 0 1708 6518 3142
3404 2 2 0 0 6518 198 3142
3405 2 2 0 0 1709 6519 3140
3406 2 2 0 0 6519 198 3140
3407 2 2 0 0 1709 6519 3144
3408 2 2 0 0 6519 198 3144
3409 2 2 0 0 1708 6520 3141
3410 2 2 0 0 6520 921 3141
3411 2 2 0 0 921 6520 3142
3412 2 2 0 0 6520 1708 3142
3413 2 2 0 0 921 6521 3141
3414 2 2 0 0 6521 1710 3141
3415 2 2 0 0 1710 6521 3146
3416 2 2 0 0 6521 921 3146
3417 2 2 0 0 1713 6522 3142
3418 2 2 0 0 6522 921 3142
3419 2 2 0 0 921 6522 3149
3420 2 2 0 0 6522 1713 3149
3421 2 2 0 0 198 6523 3142
3422 2 2 0 0 6523 1713 3142
3423 2 2 0 0 198 6523 3152
3424 2 2 0 0 6523 1713 3152
3425 2 2 0 0 1709 6524 3143
3426 2 2 0 0 6524 923 3143
3427 2 2 0 0 923 6524 3144
3428 2 2 0 0 6524 1709 3144
3429 2 2 0 0 923 6525 3143
3430 2 2 0 0 6525 1714 3143
3431 2 2 0 0 1714 6525 3155
3432 2 2 0 0 6525 923 3155
3433 2 2 0 0 1717 6526 3144
3434 2 2 0 0 6526 923 3144
3435 2 2 0 0 923 6526 3158
3436 2 2 0 0 6526 1717 3158
3437 2 2 0 0 198 6527 3144
3438 2 2 0 0 6527 1717 3144
3439 2 2 0 0 1717 6527 3152
3440 2 2 0 0 6527 198 3152
3441 2 2 0 0 1710 6528 3145
3442 2 2 0 0 6528 367 3145
3443 2 2 0 0 367 6528 3146
3444 2 2 0 0 6528 1710 3146
3445 2 2 0 0 367 6529 3145
3446 2 2 0 0 6529 1711 3145
3447 2 2 0 0 1711 6529 3148
3448 2 2 0 0 6529 367 3148
3449 2 2 0 0 1712 6530 3146
3450 2 2 0 0 6530 367 3146
3451 2 2 0 0 367 6530 3150
3452 2 2 0 0 6530 1712 3150
3453 2 2 0 0 921 6531 3146
3454 2 2 0 0 6531 1712 3146
3455 2 2 0 0 1712 6531 3149
3456 2 2 0 0 6531 921 3149
3457 2 2 0 0 1711 6532 3147
3458 2 2 0 0 6532 1002 3147
3459 2 2 0 0 1002 6532 3148
3460 2 2 0 0 6532 1711 3148
3461 2 2 0 0 1002 6533 3147
3462 2 2 0 0 6533 1871 3147
3463 2 2 0 0 1871 6533 3501
3464 2 2 0 0 6533 1002 3501
3465 2 2 0 0 1875 6534 3148
3466 2 2 0 0 6534 1002 3148
3467 2 2 0 0 1002 6534 3513
3468 2 2 0 0 6534 1875 3513
3469 2 2 0 0 367 6535 3148
3470 2 2 0 0 6535 1875 3148
3471 2 2 0 0 1875 6535 3150
3472 2 2 0 0 6535 367 3150
3473 2 2 0 0 624 6536 3149
3474 2 2 0 0 6536 1712 3149
3475 2 2 0 0 1712 6536 3151
3476 2 2 0 0 6536 624 3151
3477 2 2 0 0 1713 6537 3149
3478 2 2 0 0 6537 624 3149
3479 2 2 0 0 1713 6537 3153
3480 2 2 0 0 6537 624 3153
3481 2 2 0 0 1712 6538 3150
3482 2 2 0 0 6538 1019 3150
3483 2 2 0 0 1019 6538 3151
3484 2 2 0 0 6538 1712 3151
3485 2 2 0 0 1019 6539 3150
3486 2 2 0 0 6539 1875 3150
3487 2 2 0 0 1875 6539 3515
3488 2 2 0 0 6539 1019 3515
3489 2 2 0 0 1901 6540 3151
3490 2 2 0 0 6540 1019 3151
3491 2 2 0 0 1019 6540 3582
3492 2 2 0 0 6540 1901 3582
3493 2 2 0 0 624 6541 3151
3494 2 2 0 0 6541 1901 3151
3495 2 2 0 0 624 6541 3585
3496 2 2 0 0 6541 1901 3585
3497 2 2 0 0 1713 6542 3152
3498 2 2 0 0 6542 1023 3152
3499 2 2 0 0 1023 6542 3153
3500 2 2 0 0 6542 1713 3153
3501 2 2 0 0 1023 6543 3152
3502 2 2 0 0 6543 1717 3152
3503 2 2 0 0 1717 6543 3161
3504 2 2 0 0 6543 1023 3161
3505 2 2 0 0 1904 6544 3153
3506 2 2 0 0 6544 1023 3153
3507 2 2 0 0 1023 6544 3600
3508 2 2 0 0 6544 1904 3600
3509 2 2 0 0 624 6545 3153
3510 2 2 0 0 6545 1904 3153
3511 2 2 0 0 1904 6545 3585
3512 2 2 0 0 6545 624 3585
3513 2 2 0 0 1714 6546 3154
3514 2 2 0 0 6546 371 3154
3515 2 2 0 0 371 6546 3155
3516 2 2 0 0 6546 1714 3155
3517 2 2 0 0 371 6547 3154
3518 2 2 0 0 6547 1715 3154
3519 2 2 0 0 1715 6547 3157
3520 2 2 0 0 6547 371 3157
3521 2 2 0 0 1716 6548 3155
3522 2 2 0 0 6548 371 3155
3523 2 2 0 0 371 6548 3159
3524 2 2 0 0 6548 1716 3159
3525 2 2 0 0 923 6549 3155
3526 2 2 0 0 6549 1716 3155
3527 2 2 0 0 1716 6549 3158
3528 2 2 0 0 6549 923 3158
3529 2 2 0 0 1715 6550 3156
3530 2 2 0 0 6550 939 3156
3531 2 2 0 0 939 6550 3157
3532 2 2 0 0 6550 1715 3157
3533 2 2 0 0 939 6551 3156
3534 2 2 0 0 6551 1745 3156
3535 2 2 0 0 1745 6551 3221
3536 2 2 0 0 6551 939 3221
3537 2 2 0 0 1751 6552 3157
3538 2 2 0 0 6552 939 3157
3539 2 2 0 0 939 6552 3231
3540 2 2 0 0 6552 1751 3231
3541 2 2 0 0 371 6553 3157
3542 2 2 0 0 6553 1751 3157
3543 2 2 0 0 1751 6553 3159
3544 2 2 0 0 6553 371 3159
3545 2 2 0 0 625 6554 3158
3546 2 2 0 0 6554 1716 3158
3547 2 2 0 0 1716 6554 3160
3548 2 2 0 0 6554 625 3160
3549 2 2 0 0 1717 6555 3158
3550 2 2 0 0 6555 625 3158
3551 2 2 0 0 625 6555 3161
3552 2 2 0 0 6555 1717 3161
3553 2 2 0 0 1716 6556 3159
3554 2 2 0 0 6556 1025 3159
3555 2 2 0 0 1025 6556 3160
3556 2 2 0 0 6556 1716 3160
3557 2 2 0 0 1025 6557 3159
3558 2 2 0 0 6557 1751 3159
3559 2 2 0 0 1751 6557 3233
3560 2 2 0 0 6557 1025 3233
3561 2 2 0 0 1908 6558 3160
3562 2 2 0 0 6558 1025 3160
3563 2 2 0 0 1025 6558 3608
3564 2 2 0 0 6558 1908 3608
3565 2 2 0 0 625 6559 3160
3566 2 2 0 0 6559 1908 3160
3567 2 2 0 0 1908 6559 3602
3568 2 2 0 0 6559 625 3602
3569 2 2 0 0 1905 6560 3161
3570 2 2 0 0 6560 625 3161
3571 2 2 0 0 625 6560 3602
3572 2 2 0 0 6560 1905 3602
3573 2 2 0 0 1023 6561 3161
3574 2 2 0 0 6561 1905 3161
3575 2 2 0 0 1905 6561 3600
3576 2 2 0 0 6561 1023 3600
3577 2 2 0 0 119 6562 3162
3578 2 2 0 0 6562 1718 3162
3579 2 2 0 0 119 6562 3163
3580 2 2 0 0 6562 1718 3163
3581 2 2 0 0 1719 6563 3162
3582 2 2 0 0 6563 119 3162
3583 2 2 0 0 119 6563 3165
3584 2 2 0 0 6563 1719 3165
3585 2 2 0 0 1718 6564 3163
3586 2 2 0 0 6564 925 3163
3587 2 2 0 0 925 6564 3164
3588 2 2 0 0 6564 1718 3164
3589 2 2 0 0 1721 6565 3163
3590 2 2 0 0 6565 119 3163
3591 2 2 0 0 119 6565 3170
3592 2 2 0 0 6565 1721 3170
3593 2 2 0 0 925 6566 3163
3594 2 2 0 0 6566 1721 3163
3595 2 2 0 0 1721 6566 3169
3596 2 2 0 0 6566 925 3169
3597 2 2 0 0 1720 6567 3164
3598 2 2 0 0 6567 925 3164
3599 2 2 0 0 925 6567 3167
3600 2 2 0 0 6567 1720 3167
3601 2 2 0 0 1719 6568 3165
3602 2 2 0 0 6568 927 3165
3603 2 2 0 0 927 6568 3166
3604 2 2 0 0 6568 1719 3166
3605 2 2 0 0 1725 6569 3165
3606 2 2 0 0 6569 119 3165
3607 2 2 0 0 1725 6569 3170
3608 2 2 0 0 6569 119 3170
3609 2 2 0 0 927 6570 3165
3610 2 2 0 0 6570 1725 3165
3611 2 2 0 0 1725 6570 3178
3612 2 2 0 0 6570 927 3178
3613 2 2 0 0 1724 6571 3166
3614 2 2 0 0 6571 927 3166
3615 2 2 0 0 927 6571 3176
3616 2 2 0 0 6571 1724 3176
3617 2 2 0 0 1720 6572 3167
3618 2 2 0 0 6572 346 3167
3619 2 2 0 0 346 6572 3168
3620 2 2 0 0 6572 1720 3168
3621 2 2 0 0 1722 6573 3167
3622 2 2 0 0 6573 925 3167
3623 2 2 0 0 925 6573 3169
3624 2 2 0 0 6573 1722 3169
3625 2 2 0 0 346 6574 3167
3626 2 2 0 0 6574 1722 3167
3627 2 2 0 0 1722 6574 3173
3628 2 2 0 0 6574 346 3173
3629 2 2 0 0 1723 6575 3168
3630 2 2 0 0 6575 346 3168
3631 2 2 0 0 346 6575 3174
3632 2 2 0 0 6575 1723 3174
3633 2 2 0 0 585 6576 3169
3634 2 2 0 0 6576 1721 3169
3635 2 2 0 0 1721 6576 3171
3636 2 2 0 0 6576 585 3171
3637 2 2 0 0 1722 6577 3169
3638 2 2 0 0 6577 585 3169
3639 2 2 0 0 585 6577 3172
3640 2 2 0 0 6577 1722 3172
3641 2 2 0 0 1721 6578 3170
3642 2 2 0 0 6578 932 3170
3643 2 2 0 0 932 6578 3171
3644 2 2 0 0 6578 1721 3171
3645 2 2 0 0 932 6579 3170
3646 2 2 0 0 6579 1725 3170
3647 2 2 0 0 1725 6579 3179
3648 2 2 0 0 6579 932 3179
3649 2 2 0 0 1735 6580 3171
3650 2 2 0 0 6580 932 3171
3651 2 2 0 0 932 6580 3199
3652 2 2 0 0 6580 1735 3199
3653 2 2 0 0 585 6581 3171
3654 2 2 0 0 6581 1735 3171
3655 2 2 0 0 1735 6581 3195
3656 2 2 0 0 6581 585 3195
3657 2 2 0 0 1722 6582 3172
3658 2 2 0 0 6582 931 3172
3659 2 2 0 0 931 6582 3173
3660 2 2 0 0 6582 1722 3173
3661 2 2 0 0 1733 6583 3172
3662 2 2 0 0 6583 585 3172
3663 2 2 0 0 585 6583 3195
3664 2 2 0 0 6583 1733 3195
3665 2 2 0 0 931 6584 3172
3666 2 2 0 0 6584 1733 3172
3667 2 2 0 0 1733 6584 3194
3668 2 2 0 0 6584 931 3194
3669 2 2 0 0 1729 6585 3173
3670 2 2 0 0 6585 931 3173
3671 2 2 0 0 931 6585 3187
3672 2 2 0 0 6585 1729 3187
3673 2 2 0 0 346 6586 3173
3674 2 2 0 0 6586 1729 3173
3675 2 2 0 0 1729 6586 3174
3676 2 2 0 0 6586 346 3174
3677 2 2 0 0 1723 6587 3174
3678 2 2 0 0 6587 929 3174
3679 2 2 0 0 929 6587 3175
3680 2 2 0 0 6587 1723 3175
3681 2 2 0 0 929 6588 3174
3682 2 2 0 0 6588 1729 3174
3683 2 2 0 0 1729 6588 3186
3684 2 2 0 0 6588 929 3186
3685 2 2 0 0 1728 6589 3175
3686 2 2 0 0 6589 929 3175
3687 2 2 0 0 929 6589 3184
3688 2 2 0 0 6589 1728 3184
3689 2 2 0 0 1724 6590 3176
3690 2 2 0 0 6590 348 3176
3691 2 2 0 0 348 6590 3177
3692 2 2 0 0 6590 1724 3177
3693 2 2 0 0 1726 6591 3176
3694 2 2 0 0 6591 927 3176
3695 2 2 0 0 927 6591 3178
3696 2 2 0 0 6591 1726 3178
3697 2 2 0 0 348 6592 3176
3698 2 2 0 0 6592 1726 3176
3699 2 2 0 0 1726 6592 3181
3700 2 2 0 0 6592 348 3181
3701 2 2 0 0 1727 6593 3177
3702 2 2 0 0 6593 348 3177
3703 2 2 0 0 348 6593 3182
3704 2 2 0 0 6593 1727 3182
3705 2 2 0 0 590 6594 3178
3706 2 2 0 0 6594 1725 3178
3707 2 2 0 0 590 6594 3179
3708 2 2 0 0 6594 1725 3179
3709 2 2 0 0 1726 6595 3178
3710 2 2 0 0 6595 590 3178
3711 2 2 0 0 590 6595 3180
3712 2 2 0 0 6595 1726 3180
3713 2 2 0 0 1736 6596 3179
3714 2 2 0 0 6596 590 3179
3715 2 2 0 0 590 6596 3201
3716 2 2 0 0 6596 1736 3201
3717 2 2 0 0 932 6597 3179
3718 2 2 0 0 6597 1736 3179
3719 2 2 0 0 1736 6597 3199
3720 2 2 0 0 6597 932 3199
3721 2 2 0 0 1726 6598 3180
3722 2 2 0 0 6598 942 3180
3723 2 2 0 0 942 6598 3181
3724 2 2 0 0 6598 1726 3181
3725 2 2 0 0 1757 6599 3180
3726 2 2 0 0 6599 590 3180
3727 2 2 0 0 1757 6599 3201
3728 2 2 0 0 6599 590 3201
3729 2 2 0 0 942 6600 3180
3730 2 2 0 0 6600 1757 3180
3731 2 2 0 0 1757 6600 3244
3732 2 2 0 0 6600 942 3244
3733 2 2 0 0 1753 6601 3181
3734 2 2 0 0 6601 942 3181
3735 2 2 0 0 942 6601 3237
3736 2 2 0 0 6601 1753 3237
3737 2 2 0 0 348 6602 3181
3738 2 2 0 0 6602 1753 3181
3739 2 2 0 0 1753 6602 3182
3740 2 2 0 0 6602 348 3182
3741 2 2 0 0 1727 6603 3182
3742 2 2 0 0 6603 940 3182
3743 2 2 0 0 940 6603 3183
3744 2 2 0 0 6603 1727 3183
3745 2 2 0 0 940 6604 3182
3746 2 2 0 0 6604 1753 3182
3747 2 2 0 0 1753 6604 3236
3748 2 2 0 0 6604 940 3236
3749 2 2 0 0 1752 6605 3183
3750 2 2 0 0 6605 940 3183
3751 2 2 0 0 940 6605 3234
3752 2 2 0 0 6605 1752 3234
3753 2 2 0 0 1728 6606 3184
3754 2 2 0 0 6606 152 3184
3755 2 2 0 0 152 6606 3185
3756 2 2 0 0 6606 1728 3185
3757 2 2 0 0 1730 6607 3184
3758 2 2 0 0 6607 929 3184
3759 2 2 0 0 929 6607 3186
3760 2 2 0 0 6607 1730 3186
3761 2 2 0 0 152 6608 3184
3762 2 2 0 0 6608 1730 3184
3763 2 2 0 0 1730 6608 3189
3764 2 2 0 0 6608 152 3189
3765 2 2 0 0 1731 6609 3185
3766 2 2 0 0 6609 152 3185
3767 2 2 0 0 152 6609 3191
3768 2 2 0 0 6609 1731 3191
3769 2 2 0 0 930 6610 3185
3770 2 2 0 0 6610 1731 3185
3771 2 2 0 0 1731 6610 3190
3772 2 2 0 0 6610 930 3190
3773 2 2 0 0 586 6611 3186
3774 2 2 0 0 6611 1729 3186
3775 2 2 0 0 1729 6611 3187
3776 2 2 0 0 6611 586 3187
3777 2 2 0 0 1730 6612 3186
3778 2 2 0 0 6612 586 3186
3779 2 2 0 0 586 6612 3188
3780 2 2 0 0 6612 1730 3188
3781 2 2 0 0 1734 6613 3187
3782 2 2 0 0 6613 931 3187
3783 2 2 0 0 931 6613 3194
3784 2 2 0 0 6613 1734 3194
3785 2 2 0 0 586 6614 3187
3786 2 2 0 0 6614 1734 3187
3787 2 2 0 0 1734 6614 3198
3788 2 2 0 0 6614 586 3198
3789 2 2 0 0 1730 6615 3188
3790 2 2 0 0 6615 935 3188
3791 2 2 0 0 935 6615 3189
3792 2 2 0 0 6615 1730 3189
3793 2 2 0 0 1739 6616 3188
3794 2 2 0 0 6616 586 3188
3795 2 2 0 0 586 6616 3198
3796 2 2 0 0 6616 1739 3198
3797 2 2 0 0 935 6617 3188
3798 2 2 0 0 6617 1739 3188
3799 2 2 0 0 1739 6617 3209
3800 2 2 0 0 6617 935 3209
3801 2 2 0 0 1743 6618 3189
3802 2 2 0 0 6618 935 3189
3803 2 2 0 0 935 6618 3214
3804 2 2 0 0 6618 1743 3214
3805 2 2 0 0 152 6619 3189
3806 2 2 0 0 6619 1743 3189
3807 2 2 0 0 1743 6619 3191
3808 2 2 0 0 6619 152 3191
3809 2 2 0 0 587 6620 3190
3810 2 2 0 0 6620 1731 3190
3811 2 2 0 0 1731 6620 3192
3812 2 2 0 0 6620 587 3192
3813 2 2 0 0 1732 6621 3190
3814 2 2 0 0 6621 587 3190
3815 2 2 0 0 587 6621 3193
3816 2 2 0 0 6621 1732 3193
3817 2 2 0 0 1731 6622 3191
3818 2 2 0 0 6622 937 3191
3819 2 2 0 0 937 6622 3192
3820 2 2 0 0 6622 1731 3192
3821 2 2 0 0 937 6623 3191
3822 2 2 0 0 6623 1743 3191
3823 2 2 0 0 1743 6623 3217
3824 2 2 0 0 6623 937 3217
3825 2 2 0 0 1746 6624 3192
3826 2 2 0 0 6624 937 3192
3827 2 2 0 0 937 6624 3222
3828 2 2 0 0 6624 1746 3222
3829 2 2 0 0 587 6625 3192
3830 2 2 0 0 6625 1746 3192
3831 2 2 0 0 1746 6625 3219
3832 2 2 0 0 6625 587 3219
3833 2 2 0 0 1744 6626 3193
3834 2 2 0 0 6626 587 3193
3835 2 2 0 0 587 6626 3219
3836 2 2 0 0 6626 1744 3219
3837 2 2 0 0 936 6627 3193
3838 2 2 0 0 6627 1744 3193
3839 2 2 0 0 1744 6627 3218
3840 2 2 0 0 6627 936 3218
3841 2 2 0 0 202 6628 3194
3842 2 2 0 0 6628 1733 3194
3843 2 2 0 0 1733 6628 3196
3844 2 2 0 0 6628 202 3196
3845 2 2 0 0 1734 6629 3194
3846 2 2 0 0 6629 202 3194
3847 2 2 0 0 202 6629 3197
3848 2 2 0 0 6629 1734 3197
3849 2 2 0 0 1733 6630 3195
3850 2 2 0 0 6630 933 3195
3851 2 2 0 0 933 6630 3196
3852 2 2 0 0 6630 1733 3196
3853 2 2 0 0 933 6631 3195
3854 2 2 0 0 6631 1735 3195
3855 2 2 0 0 1735 6631 3200
3856 2 2 0 0 6631 933 3200
3857 2 2 0 0 1738 6632 3196
3858 2 2 0 0 6632 933 3196
3859 2 2 0 0 933 6632 3203
3860 2 2 0 0 6632 1738 3203
3861 2 2 0 0 202 6633 3196
3862 2 2 0 0 6633 1738 3196
3863 2 2 0 0 1738 6633 3207
3864 2 2 0 0 6633 202 3207
3865 2 2 0 0 1734 6634 3197
3866 2 2 0 0 6634 934 3197
3867 2 2 0 0 934 6634 3198
3868 2 2 0 0 6634 1734 3198
3869 2 2 0 0 1740 6635 3197
3870 2 2 0 0 6635 202 3197
3871 2 2 0 0 202 6635 3207
3872 2 2 0 0 6635 1740 3207
3873 2 2 0 0 934 6636 3197
3874 2 2 0 0 6636 1740 3197
3875 2 2 0 0 1740 6636 3210
3876 2 2 0 0 6636 934 3210
3877 2 2 0 0 1739 6637 3198
3878 2 2 0 0 6637 934 3198
3879 2 2 0 0 934 6637 3208
3880 2 2 0 0 6637 1739 3208
3881 2 2 0 0 1735 6638 3199
3882 2 2 0 0 6638 375 3199
3883 2 2 0 0 375 6638 3200
3884 2 2 0 0 6638 1735 3200
3885 2 2 0 0 375 6639 3199
3886 2 2 0 0 6639 1736 3199
3887 2 2 0 0 1736 6639 3202
3888 2 2 0 0 6639 375 3202
3889 2 2 0 0 1737 6640 3200
3890 2 2 0 0 6640 375 3200
3891 2 2 0 0 375 6640 3204
3892 2 2 0 0 6640 1737 3204
3893 2 2 0 0 933 6641 3200
3894 2 2 0 0 6641 1737 3200
3895 2 2 0 0 1737 6641 3203
3896 2 2 0 0 6641 933 3203
3897 2 2 0 0 1736 6642 3201
3898 2 2 0 0 6642 943 3201
3899 2 2 0 0 943 6642 3202
3900 2 2 0 0 6642 1736 3202
3901 2 2 0 0 943 6643 3201
3902 2 2 0 0 6643 1757 3201
3903 2 2 0 0 1757 6643 3245
3904 2 2 0 0 6643 943 3245
3905 2 2 0 0 1760 6644 3202
3906 2 2 0 0 6644 943 3202
3907 2 2 0 0 943 6644 3248
3908 2 2 0 0 6644 1760 3248
3909 2 2 0 0 375 6645 3202
3910 2 2 0 0 6645 1760 3202
3911 2 2 0 0 1760 6645 3204
3912 2 2 0 0 6645 375 3204
3913 2 2 0 0 635 6646 3203
3914 2 2 0 0 6646 1737 3203
3915 2 2 0 0 1737 6646 3205
3916 2 2 0 0 6646 635 3205
3917 2 2 0 0 1738 6647 3203
3918 2 2 0 0 6647 635 3203
3919 2 2 0 0 635 6647 3206
3920 2 2 0 0 6647 1738 3206
3921 2 2 0 0 1737 6648 3204
3922 2 2 0 0 6648 1043 3204
3923 2 2 0 0 1043 6648 3205
3924 2 2 0 0 6648 1737 3205
3925 2 2 0 0 1043 6649 3204
3926 2 2 0 0 6649 1760 3204
3927 2 2 0 0 1760 6649 3251
3928 2 2 0 0 6649 1043 3251
3929 2 2 0 0 1943 6650 3205
3930 2 2 0 0 6650 1043 3205
3931 2 2 0 0 1043 6650 3683
3932 2 2 0 0 6650 1943 3683
3933 2 2 0 0 635 6651 3205
3934 2 2 0 0 6651 1943 3205
3935 2 2 0 0 1943 6651 3689
3936 2 2 0 0 6651 635 3689
3937 2 2 0 0 1738 6652 3206
3938 2 2 0 0 6652 1050 3206
3939 2 2 0 0 1050 6652 3207
3940 2 2 0 0 6652 1738 3207
3941 2 2 0 0 1955 6653 3206
3942 2 2 0 0 6653 635 3206
3943 2 2 0 0 635 6653 3689
3944 2 2 0 0 6653 1955 3689
3945 2 2 0 0 1050 6654 3206
3946 2 2 0 0 6654 1955 3206
3947 2 2 0 0 1955 6654 3715
3948 2 2 0 0 6654 1050 3715
3949 2 2 0 0 1740 6655 3207
3950 2 2 0 0 6655 1050 3207
3951 2 2 0 0 1050 6655 3211
3952 2 2 0 0 6655 1740 3211
3953 2 2 0 0 1739 6656 3208
3954 2 2 0 0 6656 381 3208
3955 2 2 0 0 381 6656 3209
3956 2 2 0 0 6656 1739 3209
3957 2 2 0 0 1741 6657 3208
3958 2 2 0 0 6657 934 3208
3959 2 2 0 0 934 6657 3210
3960 2 2 0 0 6657 1741 3210
3961 2 2 0 0 381 6658 3208
3962 2 2 0 0 6658 1741 3208
3963 2 2 0 0 1741 6658 3213
3964 2 2 0 0 6658 381 3213
3965 2 2 0 0 1742 6659 3209
3966 2 2 0 0 6659 381 3209
3967 2 2 0 0 381 6659 3215
3968 2 2 0 0 6659 1742 3215
3969 2 2 0 0 935 6660 3209
3970 2 2 0 0 6660 1742 3209
3971 2 2 0 0 1742 6660 3214
3972 2 2 0 0 6660 935 3214
3973 2 2 0 0 645 6661 3210
3974 2 2 0 0 6661 1740 3210
3975 2 2 0 0 1740 6661 3211
3976 2 2 0 0 6661 645 3211
3977 2 2 0 0 1741 6662 3210
3978 2 2 0 0 6662 645 3210
3979 2 2 0 0 645 6662 3212
3980 2 2 0 0 6662 1741 3212
3981 2 2 0 0 1957 6663 3211
3982 2 2 0 0 6663 1050 3211
3983 2 2 0 0 1050 6663 3715
3984 2 2 0 0 6663 1957 3715
3985 2 2 0 0 645 6664 3211
3986 2 2 0 0 6664 1957 3211
3987 2 2 0 0 1957 6664 3719
3988 2 2 0 0 6664 645 3719
3989 2 2 0 0 1741 6665 3212
3990 2 2 0 0 6665 1070 3212
3991 2 2 0 0 1070 6665 3213
3992 2 2 0 0 6665 1741 3213
3993 2 2 0 0 1996 6666 3212
3994 2 2 0 0 6666 645 3212
3995 2 2 0 0 645 6666 3719
3996 2 2 0 0 6666 1996 3719
3997 2 2 0 0 1070 6667 3212
3998 2 2 0 0 6667 1996 3212
3999 2 2 0 0 1996 6667 3797
4000 2 2 0 0 6667 1070 3797
4001 2 2 0 0 2000 6668 3213
4002 2 2 0 0 6668 1070 3213
4003 2 2 0 0 1070 6668 3802
4004 2 2 0 0 6668 2000 3802
4005 2 2 0 0 381 6669 3213
4006 2 2 0 0 6669 2000 3213
4007 2 2 0 0 2000 6669 3215
4008 2 2 0 0 6669 381 3215
4009 2 2 0 0 649 6670 3214
4010 2 2 0 0 6670 1742 3214
4011 2 2 0 0 1742 6670 3216
4012 2 2 0 0 6670 649 3216
4013 2 2 0 0 1743 6671 3214
4014 2 2 0 0 6671 649 3214
4015 2 2 0 0 649 6671 3217
4016 2 2 0 0 6671 1743 3217
4017 2 2 0 0 1742 6672 3215
4018 2 2 0 0 6672 1075 3215
4019 2 2 0 0 1075 6672 3216
4020 2 2 0 0 6672 1742 3216
4021 2 2 0 0 1075 6673 3215
4022 2 2 0 0 6673 2000 3215
4023 2 2 0 0 2000 6673 3805
4024 2 2 0 0 6673 1075 3805
4025 2 2 0 0 2011 6674 3216
4026 2 2 0 0 6674 1075 3216
4027 2 2 0 0 1075 6674 3824
4028 2 2 0 0 6674 2011 3824
4029 2 2 0 0 649 6675 3216
4030 2 2 0 0 6675 2011 3216
4031 2 2 0 0 2011 6675 3224
4032 2 2 0 0 6675 649 3224
4033 2 2 0 0 1747 6676 3217
4034 2 2 0 0 6676 649 3217
4035 2 2 0 0 649 6676 3224
4036 2 2 0 0 6676 1747 3224
4037 2 2 0 0 937 6677 3217
4038 2 2 0 0 6677 1747 3217
4039 2 2 0 0 1747 6677 3222
4040 2 2 0 0 6677 937 3222
4041 2 2 0 0 206 6678 3218
4042 2 2 0 0 6678 1744 3218
4043 2 2 0 0 1744 6678 3220
4044 2 2 0 0 6678 206 3220
4045 2 2 0 0 1745 6679 3218
4046 2 2 0 0 6679 206 3218
4047 2 2 0 0 206 6679 3221
4048 2 2 0 0 6679 1745 3221
4049 2 2 0 0 1744 6680 3219
4050 2 2 0 0 6680 938 3219
4051 2 2 0 0 938 6680 3220
4052 2 2 0 0 6680 1744 3220
4053 2 2 0 0 938 6681 3219
4054 2 2 0 0 6681 1746 3219
4055 2 2 0 0 1746 6681 3223
4056 2 2 0 0 6681 938 3223
4057 2 2 0 0 1749 6682 3220
4058 2 2 0 0 6682 938 3220
4059 2 2 0 0 938 6682 3226
4060 2 2 0 0 6682 1749 3226
4061 2 2 0 0 206 6683 3220
4062 2 2 0 0 6683 1749 3220
4063 2 2 0 0 1749 6683 3230
4064 2 2 0 0 6683 206 3230
4065 2 2 0 0 1750 6684 3221
4066 2 2 0 0 6684 206 3221
4067 2 2 0 0 206 6684 3230
4068 2 2 0 0 6684 1750 3230
4069 2 2 0 0 939 6685 3221
4070 2 2 0 0 6685 1750 3221
4071 2 2 0 0 1750 6685 3231
4072 2 2 0 0 6685 939 3231
4073 2 2 0 0 1746 6686 3222
4074 2 2 0 0 6686 387 3222
4075 2 2 0 0 387 6686 3223
4076 2 2 0 0 6686 1746 3223
4077 2 2 0 0 387 6687 3222
4078 2 2 0 0 6687 1747 3222
4079 2 2 0 0 1747 6687 3225
4080 2 2 0 0 6687 387 3225
4081 2 2 0 0 1748 6688 3223
4082 2 2 0 0 6688 387 3223
4083 2 2 0 0 387 6688 3227
4084 2 2 0 0 6688 1748 3227
4085 2 2 0 0 938 6689 3223
4086 2 2 0 0 6689 1748 3223
4087 2 2 0 0 1748 6689 3226
4088 2 2 0 0 6689 938 3226
4089 2 2 0 0 1747 6690 3224
4090 2 2 0 0 6690 1078 3224
4091 2 2 0 0 1078 6690 3225
4092 2 2 0 0 6690 1747 3225
4093 2 2 0 0 1078 6691 3224
4094 2 2 0 0 6691 2011 3224
4095 2 2 0 0 2011 6691 3827
4096 2 2 0 0 6691 1078 3827
4097 2 2 0 0 2017 6692 3225
4098 2 2 0 0 6692 1078 3225
4099 2 2 0 0 1078 6692 3837
4100 2 2 0 0 6692 2017 3837
4101 2 2 0 0 387 6693 3225
4102 2 2 0 0 6693 2017 3225
4103 2 2 0 0 2017 6693 3227
4104 2 2 0 0 6693 387 3227
4105 2 2 0 0 662 6694 3226
4106 2 2 0 0 6694 1748 3226
4107 2 2 0 0 1748 6694 3228
4108 2 2 0 0 6694 662 3228
4109 2 2 0 0 1749 6695 3226
4110 2 2 0 0 6695 662 3226
4111 2 2 0 0 662 6695 3229
4112 2 2 0 0 6695 1749 3229
4113 2 2 0 0 1748 6696 3227
4114 2 2 0 0 6696 1103 3227
4115 2 2 0 0 1103 6696 3228
4116 2 2 0 0 6696 1748 3228
4117 2 2 0 0 1103 6697 3227
4118 2 2 0 0 6697 2017 3227
4119 2 2 0 0 2017 6697 3839
4120 2 2 0 0 6697 1103 3839
4121 2 2 0 0 2069 6698 3228
4122 2 2 0 0 6698 1103 3228
4123 2 2 0 0 1103 6698 3944
4124 2 2 0 0 6698 2069 3944
4125 2 2 0 0 662 6699 3228
4126 2 2 0 0 6699 2069 3228
4127 2 2 0 0 2069 6699 3618
4128 2 2 0 0 6699 662 3618
4129 2 2 0 0 1749 6700 3229
4130 2 2 0 0 6700 1027 3229
4131 2 2 0 0 1027 6700 3230
4132 2 2 0 0 6700 1749 3230
4133 2 2 0 0 1913 6701 3229
4134 2 2 0 0 6701 662 3229
4135 2 2 0 0 662 6701 3618
4136 2 2 0 0 6701 1913 3618
4137 2 2 0 0 1027 6702 3229
4138 2 2 0 0 6702 1913 3229
4139 2 2 0 0 1913 6702 3616
4140 2 2 0 0 6702 1027 3616
4141 2 2 0 0 1750 6703 3230
4142 2 2 0 0 6703 1027 3230
4143 2 2 0 0 1027 6703 3232
4144 2 2 0 0 6703 1750 3232
4145 2 2 0 0 626 6704 3231
4146 2 2 0 0 6704 1750 3231
4147 2 2 0 0 1750 6704 3232
4148 2 2 0 0 6704 626 3232
4149 2 2 0 0 1751 6705 3231
4150 2 2 0 0 6705 626 3231
4151 2 2 0 0 626 6705 3233
4152 2 2 0 0 6705 1751 3233
4153 2 2 0 0 1912 6706 3232
4154 2 2 0 0 6706 1027 3232
4155 2 2 0 0 1027 6706 3616
4156 2 2 0 0 6706 1912 3616
4157 2 2 0 0 626 6707 3232
4158 2 2 0 0 6707 1912 3232
4159 2 2 0 0 1912 6707 3610
4160 2 2 0 0 6707 626 3610
4161 2 2 0 0 1909 6708 3233
4162 2 2 0 0 6708 626 3233
4163 2 2 0 0 626 6708 3610
4164 2 2 0 0 6708 1909 3610
4165 2 2 0 0 1025 6709 3233
4166 2 2 0 0 6709 1909 3233
4167 2 2 0 0 1909 6709 3608
4168 2 2 0 0 6709 1025 3608
4169 2 2 0 0 1752 6710 3234
4170 2 2 0 0 6710 150 3234
4171 2 2 0 0 150 6710 3235
4172 2 2 0 0 6710 1752 3235
4173 2 2 0 0 1754 6711 3234
4174 2 2 0 0 6711 940 3234
4175 2 2 0 0 940 6711 3236
4176 2 2 0 0 6711 1754 3236
4177 2 2 0 0 150 6712 3234
4178 2 2 0 0 6712 1754 3234
4179 2 2 0 0 1754 6712 3239
4180 2 2 0 0 6712 150 3239
4181 2 2 0 0 1755 6713 3235
4182 2 2 0 0 6713 150 3235
4183 2 2 0 0 150 6713 3241
4184 2 2 0 0 6713 1755 3241
4185 2 2 0 0 941 6714 3235
4186 2 2 0 0 6714 1755 3235
4187 2 2 0 0 1755 6714 3240
4188 2 2 0 0 6714 941 3240
4189 2 2 0 0 591 6715 3236
4190 2 2 0 0 6715 1753 3236
4191 2 2 0 0 1753 6715 3237
4192 2 2 0 0 6715 591 3237
4193 2 2 0 0 1754 6716 3236
4194 2 2 0 0 6716 591 3236
4195 2 2 0 0 591 6716 3238
4196 2 2 0 0 6716 1754 3238
4197 2 2 0 0 1758 6717 3237
4198 2 2 0 0 6717 942 3237
4199 2 2 0 0 942 6717 3244
4200 2 2 0 0 6717 1758 3244
4201 2 2 0 0 591 6718 3237
4202 2 2 0 0 6718 1758 3237
4203 2 2 0 0 1758 6718 3247
4204 2 2 0 0 6718 591 3247
4205 2 2 0 0 1754 6719 3238
4206 2 2 0 0 6719 945 3238
4207 2 2 0 0 945 6719 3239
4208 2 2 0 0 6719 1754 3239
4209 2 2 0 0 1761 6720 3238
4210 2 2 0 0 6720 591 3238
4211 2 2 0 0 591 6720 3247
4212 2 2 0 0 6720 1761 3247
4213 2 2 0 0 945 6721 3238
4214 2 2 0 0 6721 1761 3238
4215 2 2 0 0 1761 6721 3253
4216 2 2 0 0 6721 945 3253
4217 2 2 0 0 1765 6722 3239
4218 2 2 0 0 6722 945 3239
4219 2 2 0 0 945 6722 3258
4220 2 2 0 0 6722 1765 3258
4221 2 2 0 0 150 6723 3239
4222 2 2 0 0 6723 1765 3239
4223 2 2 0 0 1765 6723 3241
4224 2 2 0 0 6723 150 3241
4225 2 2 0 0 592 6724 3240
4226 2 2 0 0 6724 1755 3240
4227 2 2 0 0 1755 6724 3242
4228 2 2 0 0 6724 592 3242
4229 2 2 0 0 1756 6725 3240
4230 2 2 0 0 6725 592 3240
4231 2 2 0 0 592 6725 3243
4232 2 2 0 0 6725 1756 3243
4233 2 2 0 0 1755 6726 3241
4234 2 2 0 0 6726 947 3241
4235 2 2 0 0 947 6726 3242
4236 2 2 0 0 6726 1755 3242
4237 2 2 0 0 947 6727 3241
4238 2 2 0 0 6727 1765 3241
4239 2 2 0 0 1765 6727 3261
4240 2 2 0 0 6727 947 3261
4241 2 2 0 0 1768 6728 3242
4242 2 2 0 0 6728 947 3242
4243 2 2 0 0 947 6728 3266
4244 2 2 0 0 6728 1768 3266
4245 2 2 0 0 592 6729 3242
4246 2 2 0 0 6729 1768 3242
4247 2 2 0 0 1768 6729 3263
4248 2 2 0 0 6729 592 3263
4249 2 2 0 0 1766 6730 3243
4250 2 2 0 0 6730 592 3243
4251 2 2 0 0 592 6730 3263
4252 2 2 0 0 6730 1766 3263
4253 2 2 0 0 946 6731 3243
4254 2 2 0 0 6731 1766 3243
4255 2 2 0 0 1766 6731 3262
4256 2 2 0 0 6731 946 3262
4257 2 2 0 0 199 6732 3244
4258 2 2 0 0 6732 1757 3244
4259 2 2 0 0 199 6732 3245
4260 2 2 0 0 6732 1757 3245
4261 2 2 0 0 1758 6733 3244
4262 2 2 0 0 6733 199 3244
4263 2 2 0 0 199 6733 3246
4264 2 2 0 0 6733 1758 3246
4265 2 2 0 0 1759 6734 3245
4266 2 2 0 0 6734 199 3245
4267 2 2 0 0 199 6734 3249
4268 2 2 0 0 6734 1759 3249
4269 2 2 0 0 943 6735 3245
4270 2 2 0 0 6735 1759 3245
4271 2 2 0 0 1759 6735 3248
4272 2 2 0 0 6735 943 3248
4273 2 2 0 0 1758 6736 3246
4274 2 2 0 0 6736 944 3246
4275 2 2 0 0 944 6736 3247
4276 2 2 0 0 6736 1758 3247
4277 2 2 0 0 1762 6737 3246
4278 2 2 0 0 6737 199 3246
4279 2 2 0 0 1762 6737 3249
4280 2 2 0 0 6737 199 3249
4281 2 2 0 0 944 6738 3246
4282 2 2 0 0 6738 1762 3246
4283 2 2 0 0 1762 6738 3254
4284 2 2 0 0 6738 944 3254
4285 2 2 0 0 1761 6739 3247
4286 2 2 0 0 6739 944 3247
4287 2 2 0 0 944 6739 3252
4288 2 2 0 0 6739 1761 3252
4289 2 2 0 0 632 6740 3248
4290 2 2 0 0 6740 1759 3248
4291 2 2 0 0 1759 6740 3250
4292 2 2 0 0 6740 632 3250
4293 2 2 0 0 1760 6741 3248
4294 2 2 0 0 6741 632 3248
4295 2 2 0 0 632 6741 3251
4296 2 2 0 0 6741 1760 3251
4297 2 2 0 0 1759 6742 3249
4298 2 2 0 0 6742 1037 3249
4299 2 2 0 0 1037 6742 3250
4300 2 2 0 0 6742 1759 3250
4301 2 2 0 0 1037 6743 3249
4302 2 2 0 0 6743 1762 3249
4303 2 2 0 0 1762 6743 3255
4304 2 2 0 0 6743 1037 3255
4305 2 2 0 0 1930 6744 3250
4306 2 2 0 0 6744 1037 3250
4307 2 2 0 0 1037 6744 3656
4308 2 2 0 0 6744 1930 3656
4309 2 2 0 0 632 6745 3250
4310 2 2 0 0 6745 1930 3250
4311 2 2 0 0 1930 6745 3663
4312 2 2 0 0 6745 632 3663
4313 2 2 0 0 1940 6746 3251
4314 2 2 0 0 6746 632 3251
4315 2 2 0 0 632 6746 3663
4316 2 2 0 0 6746 1940 3663
4317 2 2 0 0 1043 6747 3251
4318 2 2 0 0 6747 1940 3251
4319 2 2 0 0 1940 6747 3683
4320 2 2 0 0 6747 1043 3683
4321 2 2 0 0 1761 6748 3252
4322 2 2 0 0 6748 373 3252
4323 2 2 0 0 373 6748 3253
4324 2 2 0 0 6748 1761 3253
4325 2 2 0 0 1763 6749 3252
4326 2 2 0 0 6749 944 3252
4327 2 2 0 0 944 6749 3254
4328 2 2 0 0 6749 1763 3254
4329 2 2 0 0 373 6750 3252
4330 2 2 0 0 6750 1763 3252
4331 2 2 0 0 1763 6750 3257
4332 2 2 0 0 6750 373 3257
4333 2 2 0 0 1764 6751 3253
4334 2 2 0 0 6751 373 3253
4335 2 2 0 0 373 6751 3259
4336 2 2 0 0 6751 1764 3259
4337 2 2 0 0 945 6752 3253
4338 2 2 0 0 6752 1764 3253
4339 2 2 0 0 1764 6752 3258
4340 2 2 0 0 6752 945 3258
4341 2 2 0 0 629 6753 3254
4342 2 2 0 0 6753 1762 3254
4343 2 2 0 0 629 6753 3255
4344 2 2 0 0 6753 1762 3255
4345 2 2 0 0 1763 6754 3254
4346 2 2 0 0 6754 629 3254
4347 2 2 0 0 629 6754 3256
4348 2 2 0 0 6754 1763 3256
4349 2 2 0 0 1927 6755 3255
4350 2 2 0 0 6755 629 3255
4351 2 2 0 0 629 6755 3650
4352 2 2 0 0 6755 1927 3650
4353 2 2 0 0 1037 6756 3255
4354 2 2 0 0 6756 1927 3255
4355 2 2 0 0 1927 6756 3656
4356 2 2 0 0 6756 1037 3656
4357 2 2 0 0 1763 6757 3256
4358 2 2 0 0 6757 1035 3256
4359 2 2 0 0 1035 6757 3257
4360 2 2 0 0 6757 1763 3257
4361 2 2 0 0 1924 6758 3256
4362 2 2 0 0 6758 629 3256
4363 2 2 0 0 1924 6758 3650
4364 2 2 0 0 6758 629 3650
4365 2 2 0 0 1035 6759 3256
4366 2 2 0 0 6759 1924 3256
4367 2 2 0 0 1924 6759 3648
4368 2 2 0 0 6759 1035 3648
4369 2 2 0 0 1926 6760 3257
4370 2 2 0 0 6760 1035 3257
4371 2 2 0 0 1035 6760 3651
4372 2 2 0 0 6760 1926 3651
4373 2 2 0 0 373 6761 3257
4374 2 2 0 0 6761 1926 3257
4375 2 2 0 0 1926 6761 3259
4376 2 2 0 0 6761 373 3259
4377 2 2 0 0 631 6762 3258
4378 2 2 0 0 6762 1764 3258
4379 2 2 0 0 1764 6762 3260
4380 2 2 0 0 6762 631 3260
4381 2 2 0 0 1765 6763 3258
4382 2 2 0 0 6763 631 3258
4383 2 2 0 0 631 6763 3261
4384 2 2 0 0 6763 1765 3261
4385 2 2 0 0 1764 6764 3259
4386 2 2 0 0 6764 1038 3259
4387 2 2 0 0 1038 6764 3260
4388 2 2 0 0 6764 1764 3260
4389 2 2 0 0 1038 6765 3259
4390 2 2 0 0 6765 1926 3259
4391 2 2 0 0 1926 6765 3654
4392 2 2 0 0 6765 1038 3654
4393 2 2 0 0 1932 6766 3260
4394 2 2 0 0 6766 1038 3260
4395 2 2 0 0 1038 6766 3664
4396 2 2 0 0 6766 1932 3664
4397 2 2 0 0 631 6767 3260
4398 2 2 0 0 6767 1932 3260
4399 2 2 0 0 1932 6767 3268
4400 2 2 0 0 6767 631 3268
4401 2 2 0 0 1769 6768 3261
4402 2 2 0 0 6768 631 3261
4403 2 2 0 0 631 6768 3268
4404 2 2 0 0 6768 1769 3268
4405 2 2 0 0 947 6769 3261
4406 2 2 0 0 6769 1769 3261
4407 2 2 0 0 1769 6769 3266
4408 2 2 0 0 6769 947 3266
4409 2 2 0 0 201 6770 3262
4410 2 2 0 0 6770 1766 3262
4411 2 2 0 0 1766 6770 3264
4412 2 2 0 0 6770 201 3264
4413 2 2 0 0 1767 6771 3262
4414 2 2 0 0 6771 201 3262
4415 2 2 0 0 201 6771 3265
4416 2 2 0 0 6771 1767 3265
4417 2 2 0 0 1766 6772 3263
4418 2 2 0 0 6772 948 3263
4419 2 2 0 0 948 6772 3264
4420 2 2 0 0 6772 1766 3264
4421 2 2 0 0 948 6773 3263
4422 2 2 0 0 6773 1768 3263
4423 2 2 0 0 1768 6773 3267
4424 2 2 0 0 6773 948 3267
4425 2 2 0 0 1771 6774 3264
4426 2 2 0 0 6774 948 3264
4427 2 2 0 0 948 6774 3270
4428 2 2 0 0 6774 1771 3270
4429 2 2 0 0 201 6775 3264
4430 2 2 0 0 6775 1771 3264
4431 2 2 0 0 1771 6775 3274
4432 2 2 0 0 6775 201 3274
4433 2 2 0 0 1772 6776 3265
4434 2 2 0 0 6776 201 3265
4435 2 2 0 0 201 6776 3274
4436 2 2 0 0 6776 1772 3274
4437 2 2 0 0 949 6777 3265
4438 2 2 0 0 6777 1772 3265
4439 2 2 0 0 1772 6777 3275
4440 2 2 0 0 6777 949 3275
4441 2 2 0 0 1768 6778 3266
4442 2 2 0 0 6778 376 3266
4443 2 2 0 0 376 6778 3267
4444 2 2 0 0 6778 1768 3267
4445 2 2 0 0 376 6779 3266
4446 2 2 0 0 6779 1769 3266
4447 2 2 0 0 1769 6779 3269
4448 2 2 0 0 6779 376 3269
4449 2 2 0 0 1770 6780 3267
4450 2 2 0 0 6780 376 3267
4451 2 2 0 0 376 6780 3271
4452 2 2 0 0 6780 1770 3271
4453 2 2 0 0 948 6781 3267
4454 2 2 0 0 6781 1770 3267
4455 2 2 0 0 1770 6781 3270
4456 2 2 0 0 6781 948 3270
4457 2 2 0 0 1769 6782 3268
4458 2 2 0 0 6782 1041 3268
4459 2 2 0 0 1041 6782 3269
4460 2 2 0 0 6782 1769 3269
4461 2 2 0 0 1041 6783 3268
4462 2 2 0 0 6783 1932 3268
4463 2 2 0 0 1932 6783 3667
4464 2 2 0 0 6783 1041 3667
4465 2 2 0 0 1939 6784 3269
4466 2 2 0 0 6784 1041 3269
4467 2 2 0 0 1041 6784 3679
4468 2 2 0 0 6784 1939 3679
4469 2 2 0 0 376 6785 3269
4470 2 2 0 0 6785 1939 3269
4471 2 2 0 0 1939 6785 3271
4472 2 2 0 0 6785 376 3271
4473 2 2 0 0 637 6786 3270
4474 2 2 0 0 6786 1770 3270
4475 2 2 0 0 1770 6786 3272
4476 2 2 0 0 6786 637 3272
4477 2 2 0 0 1771 6787 3270
4478 2 2 0 0 6787 637 3270
4479 2 2 0 0 637 6787 3273
4480 2 2 0 0 6787 1771 3273
4481 2 2 0 0 1770 6788 3271
4482 2 2 0 0 6788 1051 3271
4483 2 2 0 0 1051 6788 3272
4484 2 2 0 0 6788 1770 3272
4485 2 2 0 0 1051 6789 3271
4486 2 2 0 0 6789 1939 3271
4487 2 2 0 0 1939 6789 3681
4488 2 2 0 0 6789 1051 3681
4489 2 2 0 0 1959 6790 3272
4490 2 2 0 0 6790 1051 3272
4491 2 2 0 0 1051 6790 3720
4492 2 2 0 0 6790 1959 3720
4493 2 2 0 0 637 6791 3272
4494 2 2 0 0 6791 1959 3272
4495 2 2 0 0 1959 6791 3382
4496 2 2 0 0 6791 637 3382
4497 2 2 0 0 1771 6792 3273
4498 2 2 0 0 6792 973 3273
4499 2 2 0 0 973 6792 3274
4500 2 2 0 0 6792 1771 3274
4501 2 2 0 0 1823 6793 3273
4502 2 2 0 0 6793 637 3273
4503 2 2 0 0 637 6793 3382
4504 2 2 0 0 6793 1823 3382
4505 2 2 0 0 973 6794 3273
4506 2 2 0 0 6794 1823 3273
4507 2 2 0 0 1823 6794 3380
4508 2 2 0 0 6794 973 3380
4509 2 2 0 0 1772 6795 3274
4510 2 2 0 0 6795 973 3274
4511 2 2 0 0 973 6795 3276
4512 2 2 0 0 6795 1772 3276
4513 2 2 0 0 604 6796 3275
4514 2 2 0 0 6796 1772 3275
4515 2 2 0 0 1772 6796 3276
4516 2 2 0 0 6796 604 3276
4517 2 2 0 0 1773 6797 3275
4518 2 2 0 0 6797 604 3275
4519 2 2 0 0 604 6797 3277
4520 2 2 0 0 6797 1773 3277
4521 2 2 0 0 1822 6798 3276
4522 2 2 0 0 6798 973 3276
4523 2 2 0 0 973 6798 3380
4524 2 2 0 0 6798 1822 3380
4525 2 2 0 0 604 6799 3276
4526 2 2 0 0 6799 1822 3276
4527 2 2 0 0 1822 6799 3374
4528 2 2 0 0 6799 604 3374
4529 2 2 0 0 1819 6800 3277
4530 2 2 0 0 6800 604 3277
4531 2 2 0 0 604 6800 3374
4532 2 2 0 0 6800 1819 3374
4533 2 2 0 0 971 6801 3277
4534 2 2 0 0 6801 1819 3277
4535 2 2 0 0 1819 6801 3372
4536 2 2 0 0 6801 971 3372
4537 2 2 0 0 1774 6802 3278
4538 2 2 0 0 6802 82 3278
4539 2 2 0 0 82 6802 3279
4540 2 2 0 0 6802 1774 3279
4541 2 2 0 0 1776 6803 3278
4542 2 2 0 0 6803 950 3278
4543 2 2 0 0 950 6803 3281
4544 2 2 0 0 6803 1776 3281
4545 2 2 0 0 82 6804 3278
4546 2 2 0 0 6804 1776 3278
4547 2 2 0 0 1776 6804 3284
4548 2 2 0 0 6804 82 3284
4549 2 2 0 0 1774 6805 3279
4550 2 2 0 0 6805 951 3279
4551 2 2 0 0 951 6805 3280
4552 2 2 0 0 6805 1774 3280
4553 2 2 0 0 1779 6806 3279
4554 2 2 0 0 6806 951 3279
4555 2 2 0 0 951 6806 3287
4556 2 2 0 0 6806 1779 3287
4557 2 2 0 0 82 6807 3279
4558 2 2 0 0 6807 1779 3279
4559 2 2 0 0 1779 6807 3291
4560 2 2 0 0 6807 82 3291
4561 2 2 0 0 1777 6808 3280
4562 2 2 0 0 6808 951 3280
4563 2 2 0 0 951 6808 3285
4564 2 2 0 0 6808 1777 3285
4565 2 2 0 0 596 6809 3281
4566 2 2 0 0 6809 1775 3281
4567 2 2 0 0 1775 6809 3282
4568 2 2 0 0 6809 596 3282
4569 2 2 0 0 1776 6810 3281
4570 2 2 0 0 6810 596 3281
4571 2 2 0 0 596 6810 3283
4572 2 2 0 0 6810 1776 3283
4573 2 2 0 0 1782 6811 3282
4574 2 2 0 0 6811 953 3282
4575 2 2 0 0 953 6811 3294
4576 2 2 0 0 6811 1782 3294
4577 2 2 0 0 596 6812 3282
4578 2 2 0 0 6812 1782 3282
4579 2 2 0 0 1782 6812 3297
4580 2 2 0 0 6812 596 3297
4581 2 2 0 0 1776 6813 3283
4582 2 2 0 0 6813 956 3283
4583 2 2 0 0 956 6813 3284
4584 2 2 0 0 6813 1776 3284
4585 2 2 0 0 1785 6814 3283
4586 2 2 0 0 6814 596 3283
4587 2 2 0 0 596 6814 3297
4588 2 2 0 0 6814 1785 3297
4589 2 2 0 0 956 6815 3283
4590 2 2 0 0 6815 1785 3283
4591 2 2 0 0 1785 6815 3303
4592 2 2 0 0 6815 956 3303
4593 2 2 0 0 1788 6816 3284
4594 2 2 0 0 6816 82 3284
4595 2 2 0 0 82 6816 3291
4596 2 2 0 0 6816 1788 3291
4597 2 2 0 0 956 6817 3284
4598 2 2 0 0 6817 1788 3284
4599 2 2 0 0 1788 6817 3308
4600 2 2 0 0 6817 956 3308
4601 2 2 0 0 1777 6818 3285
4602 2 2 0 0 6818 351 3285
4603 2 2 0 0 351 6818 3286
4604 2 2 0 0 6818 1777 3286
4605 2 2 0 0 1778 6819 3285
4606 2 2 0 0 6819 351 3285
4607 2 2 0 0 351 6819 3288
4608 2 2 0 0 6819 1778 3288
4609 2 2 0 0 951 6820 3285
4610 2 2 0 0 6820 1778 3285
4611 2 2 0 0 1778 6820 3287
4612 2 2 0 0 6820 951 3287
4613 2 2 0 0 1780 6821 3286
4614 2 2 0 0 6821 351 3286
4615 2 2 0 0 351 6821 3292
4616 2 2 0 0 6821 1780 3292
4617 2 2 0 0 599 6822 3287
4618 2 2 0 0 6822 1778 3287
4619 2 2 0 0 1778 6822 3289
4620 2 2 0 0 6822 599 3289
4621 2 2 0 0 1779 6823 3287
4622 2 2 0 0 6823 599 3287
4623 2 2 0 0 599 6823 3290
4624 2 2 0 0 6823 1779 3290
4625 2 2 0 0 1778 6824 3288
4626 2 2 0 0 6824 959 3288
4627 2 2 0 0 959 6824 3289
4628 2 2 0 0 6824 1778 3289
4629 2 2 0 0 1792 6825 3288
4630 2 2 0 0 6825 351 3288
4631 2 2 0 0 351 6825 3292
4632 2 2 0 0 6825 1792 3292
4633 2 2 0 0 959 6826 3288
4634 2 2 0 0 6826 1792 3288
4635 2 2 0 0 1792 6826 3317
4636 2 2 0 0 6826 959 3317
4637 2 2 0 0 1795 6827 3289
4638 2 2 0 0 6827 959 3289
4639 2 2 0 0 959 6827 3320
4640 2 2 0 0 6827 1795 3320
4641 2 2 0 0 599 6828 3289
4642 2 2 0 0 6828 1795 3289
4643 2 2 0 0 1795 6828 3324
4644 2 2 0 0 6828 599 3324
4645 2 2 0 0 1779 6829 3290
4646 2 2 0 0 6829 963 3290
4647 2 2 0 0 963 6829 3291
4648 2 2 0 0 6829 1779 3291
4649 2 2 0 0 1801 6830 3290
4650 2 2 0 0 6830 599 3290
4651 2 2 0 0 599 6830 3324
4652 2 2 0 0 6830 1801 3324
4653 2 2 0 0 963 6831 3290
4654 2 2 0 0 6831 1801 3290
4655 2 2 0 0 1801 6831 3337
4656 2 2 0 0 6831 963 3337
4657 2 2 0 0 1788 6832 3291
4658 2 2 0 0 6832 963 3291
4659 2 2 0 0 963 6832 3309
4660 2 2 0 0 6832 1788 3309
4661 2 2 0 0 1780 6833 3292
4662 2 2 0 0 6833 957 3292
4663 2 2 0 0 957 6833 3293
4664 2 2 0 0 6833 1780 3293
4665 2 2 0 0 1792 6834 3292
4666 2 2 0 0 6834 957 3292
4667 2 2 0 0 957 6834 3314
4668 2 2 0 0 6834 1792 3314
4669 2 2 0 0 1790 6835 3293
4670 2 2 0 0 6835 957 3293
4671 2 2 0 0 957 6835 3312
4672 2 2 0 0 6835 1790 3312
4673 2 2 0 0 188 6836 3294
4674 2 2 0 0 6836 1781 3294
4675 2 2 0 0 1781 6836 3295
4676 2 2 0 0 6836 188 3295
4677 2 2 0 0 1782 6837 3294
4678 2 2 0 0 6837 188 3294
4679 2 2 0 0 188 6837 3296
4680 2 2 0 0 6837 1782 3296
4681 2 2 0 0 1784 6838 3295
4682 2 2 0 0 6838 954 3295
4683 2 2 0 0 954 6838 3298
4684 2 2 0 0 6838 1784 3298
4685 2 2 0 0 188 6839 3295
4686 2 2 0 0 6839 1784 3295
4687 2 2 0 0 1784 6839 3301
4688 2 2 0 0 6839 188 3301
4689 2 2 0 0 1782 6840 3296
4690 2 2 0 0 6840 955 3296
4691 2 2 0 0 955 6840 3297
4692 2 2 0 0 6840 1782 3297
4693 2 2 0 0 1786 6841 3296
4694 2 2 0 0 6841 188 3296
4695 2 2 0 0 188 6841 3301
4696 2 2 0 0 6841 1786 3301
4697 2 2 0 0 955 6842 3296
4698 2 2 0 0 6842 1786 3296
4699 2 2 0 0 1786 6842 3304
4700 2 2 0 0 6842 955 3304
4701 2 2 0 0 1785 6843 3297
4702 2 2 0 0 6843 955 3297
4703 2 2 0 0 955 6843 3302
4704 2 2 0 0 6843 1785 3302
4705 2 2 0 0 602 6844 3298
4706 2 2 0 0 6844 1783 3298
4707 2 2 0 0 1783 6844 3299
4708 2 2 0 0 6844 602 3299
4709 2 2 0 0 1784 6845 3298
4710 2 2 0 0 6845 602 3298
4711 2 2 0 0 602 6845 3300
4712 2 2 0 0 6845 1784 3300
4713 2 2 0 0 1809 6846 3299
4714 2 2 0 0 6846 966 3299
4715 2 2 0 0 966 6846 3350
4716 2 2 0 0 6846 1809 3350
4717 2 2 0 0 602 6847 3299
4718 2 2 0 0 6847 1809 3299
4719 2 2 0 0 1809 6847 3354
4720 2 2 0 0 6847 602 3354
4721 2 2 0 0 1784 6848 3300
4722 2 2 0 0 6848 970 3300
4723 2 2 0 0 970 6848 3301
4724 2 2 0 0 6848 1784 3301
4725 2 2 0 0 1814 6849 3300
4726 2 2 0 0 6849 602 3300
4727 2 2 0 0 602 6849 3354
4728 2 2 0 0 6849 1814 3354
4729 2 2 0 0 970 6850 3300
4730 2 2 0 0 6850 1814 3300
4731 2 2 0 0 1814 6850 3365
4732 2 2 0 0 6850 970 3365
4733 2 2 0 0 1786 6851 3301
4734 2 2 0 0 6851 970 3301
4735 2 2 0 0 970 6851 3305
4736 2 2 0 0 6851 1786 3305
4737 2 2 0 0 1785 6852 3302
4738 2 2 0 0 6852 357 3302
4739 2 2 0 0 357 6852 3303
4740 2 2 0 0 6852 1785 3303
4741 2 2 0 0 1787 6853 3302
4742 2 2 0 0 6853 955 3302
4743 2 2 0 0 955 6853 3304
4744 2 2 0 0 6853 1787 3304
4745 2 2 0 0 357 6854 3302
4746 2 2 0 0 6854 1787 3302
4747 2 2 0 0 1787 6854 3307
4748 2 2 0 0 6854 357 3307
4749 2 2 0 0 1789 6855 3303
4750 2 2 0 0 6855 956 3303
4751 2 2 0 0 956 6855 3308
4752 2 2 0 0 6855 1789 3308
4753 2 2 0 0 357 6856 3303
4754 2 2 0 0 6856 1789 3303
4755 2 2 0 0 1789 6856 3311
4756 2 2 0 0 6856 357 3311
4757 2 2 0 0 607 6857 3304
4758 2 2 0 0 6857 1786 3304
4759 2 2 0 0 1786 6857 3305
4760 2 2 0 0 6857 607 3305
4761 2 2 0 0 1787 6858 3304
4762 2 2 0 0 6858 607 3304
4763 2 2 0 0 607 6858 3306
4764 2 2 0 0 6858 1787 3306
4765 2 2 0 0 1817 6859 3305
4766 2 2 0 0 6859 970 3305
4767 2 2 0 0 970 6859 3365
4768 2 2 0 0 6859 1817 3365
4769 2 2 0 0 607 6860 3305
4770 2 2 0 0 6860 1817 3305
4771 2 2 0 0 1817 6860 3371
4772 2 2 0 0 6860 607 3371
4773 2 2 0 0 1787 6861 3306
4774 2 2 0 0 6861 981 3306
4775 2 2 0 0 981 6861 3307
4776 2 2 0 0 6861 1787 3307
4777 2 2 0 0 1836 6862 3306
4778 2 2 0 0 6862 607 3306
4779 2 2 0 0 607 6862 3371
4780 2 2 0 0 6862 1836 3371
4781 2 2 0 0 981 6863 3306
4782 2 2 0 0 6863 1836 3306
4783 2 2 0 0 1836 6863 3411
4784 2 2 0 0 6863 981 3411
4785 2 2 0 0 1839 6864 3307
4786 2 2 0 0 6864 357 3307
4787 2 2 0 0 357 6864 3311
4788 2 2 0 0 6864 1839 3311
4789 2 2 0 0 981 6865 3307
4790 2 2 0 0 6865 1839 3307
4791 2 2 0 0 1839 6865 3416
4792 2 2 0 0 6865 981 3416
4793 2 2 0 0 610 6866 3308
4794 2 2 0 0 6866 1788 3308
4795 2 2 0 0 1788 6866 3309
4796 2 2 0 0 6866 610 3309
4797 2 2 0 0 1789 6867 3308
4798 2 2 0 0 6867 610 3308
4799 2 2 0 0 610 6867 3310
4800 2 2 0 0 6867 1789 3310
4801 2 2 0 0 1804 6868 3309
4802 2 2 0 0 6868 963 3309
4803 2 2 0 0 963 6868 3337
4804 2 2 0 0 6868 1804 3337
4805 2 2 0 0 610 6869 3309
4806 2 2 0 0 6869 1804 3309
4807 2 2 0 0 1804 6869 3343
4808 2 2 0 0 6869 610 3343
4809 2 2 0 0 1789 6870 3310
4810 2 2 0 0 6870 986 3310
4811 2 2 0 0 986 6870 3311
4812 2 2 0 0 6870 1789 3311
4813 2 2 0 0 1850 6871 3310
4814 2 2 0 0 6871 610 3310
4815 2 2 0 0 610 6871 3343
4816 2 2 0 0 6871 1850 3343
4817 2 2 0 0 986 6872 3310
4818 2 2 0 0 6872 1850 3310
4819 2 2 0 0 1850 6872 3438
4820 2 2 0 0 6872 986 3438
4821 2 2 0 0 1839 6873 3311
4822 2 2 0 0 6873 986 3311
4823 2 2 0 0 986 6873 3417
4824 2 2 0 0 6873 1839 3417
4825 2 2 0 0 1790 6874 3312
4826 2 2 0 0 6874 148 3312
4827 2 2 0 0 148 6874 3313
4828 2 2 0 0 6874 1790 3313
4829 2 2 0 0 1791 6875 3312
4830 2 2 0 0 6875 148 3312
4831 2 2 0 0 148 6875 3315
4832 2 2 0 0 6875 1791 3315
4833 2 2 0 0 957 6876 3312
4834 2 2 0 0 6876 1791 3312
4835 2 2 0 0 1791 6876 3314
4836 2 2 0 0 6876 957 3314
4837 2 2 0 0 1793 6877 3313
4838 2 2 0 0 6877 148 3313
4839 2 2 0 0 148 6877 3318
4840 2 2 0 0 6877 1793 3318
4841 2 2 0 0 598 6878 3314
4842 2 2 0 0 6878 1791 3314
4843 2 2 0 0 1791 6878 3316
4844 2 2 0 0 6878 598 3316
4845 2 2 0 0 1792 6879 3314
4846 2 2 0 0 6879 598 3314
4847 2 2 0 0 598 6879 3317
4848 2 2 0 0 6879 1792 3317
4849 2 2 0 0 1791 6880 3315
4850 2 2 0 0 6880 960 3315
4851 2 2 0 0 960 6880 3316
4852 2 2 0 0 6880 1791 3316
4853 2 2 0 0 1797 6881 3315
4854 2 2 0 0 6881 148 3315
4855 2 2 0 0 148 6881 3318
4856 2 2 0 0 6881 1797 3318
4857 2 2 0 0 960 6882 3315
4858 2 2 0 0 6882 1797 3315
4859 2 2 0 0 1797 6882 3327
4860 2 2 0 0 6882 960 3327
4861 2 2 0 0 1796 6883 3316
4862 2 2 0 0 6883 960 3316
4863 2 2 0 0 960 6883 3325
4864 2 2 0 0 6883 1796 3325
4865 2 2 0 0 598 6884 3316
4866 2 2 0 0 6884 1796 3316
4867 2 2 0 0 1796 6884 3321
4868 2 2 0 0 6884 598 3321
4869 2 2 0 0 1794 6885 3317
4870 2 2 0 0 6885 598 3317
4871 2 2 0 0 598 6885 3321
4872 2 2 0 0 6885 1794 3321
4873 2 2 0 0 959 6886 3317
4874 2 2 0 0 6886 1794 3317
4875 2 2 0 0 1794 6886 3320
4876 2 2 0 0 6886 959 3320
4877 2 2 0 0 1793 6887 3318
4878 2 2 0 0 6887 964 3318
4879 2 2 0 0 964 6887 3319
4880 2 2 0 0 6887 1793 3319
4881 2 2 0 0 1797 6888 3318
4882 2 2 0 0 6888 964 3318
4883 2 2 0 0 964 6888 3328
4884 2 2 0 0 6888 1797 3328
4885 2 2 0 0 1805 6889 3319
4886 2 2 0 0 6889 964 3319
4887 2 2 0 0 964 6889 3344
4888 2 2 0 0 6889 1805 3344
4889 2 2 0 0 195 6890 3320
4890 2 2 0 0 6890 1794 3320
4891 2 2 0 0 1794 6890 3322
4892 2 2 0 0 6890 195 3322
4893 2 2 0 0 1795 6891 3320
4894 2 2 0 0 6891 195 3320
4895 2 2 0 0 195 6891 3323
4896 2 2 0 0 6891 1795 3323
4897 2 2 0 0 1794 6892 3321
4898 2 2 0 0 6892 961 3321
4899 2 2 0 0 961 6892 3322
4900 2 2 0 0 6892 1794 3322
4901 2 2 0 0 961 6893 3321
4902 2 2 0 0 6893 1796 3321
4903 2 2 0 0 1796 6893 3326
4904 2 2 0 0 6893 961 3326
4905 2 2 0 0 1800 6894 3322
4906 2 2 0 0 6894 961 3322
4907 2 2 0 0 961 6894 3331
4908 2 2 0 0 6894 1800 3331
4909 2 2 0 0 195 6895 3322
4910 2 2 0 0 6895 1800 3322
4911 2 2 0 0 1800 6895 3335
4912 2 2 0 0 6895 195 3335
4913 2 2 0 0 1795 6896 3323
4914 2 2 0 0 6896 962 3323
4915 2 2 0 0 962 6896 3324
4916 2 2 0 0 6896 1795 3324
4917 2 2 0 0 1802 6897 3323
4918 2 2 0 0 6897 195 3323
4919 2 2 0 0 195 6897 3335
4920 2 2 0 0 6897 1802 3335
4921 2 2 0 0 962 6898 3323
4922 2 2 0 0 6898 1802 3323
4923 2 2 0 0 1802 6898 3338
4924 2 2 0 0 6898 962 3338
4925 2 2 0 0 1801 6899 3324
4926 2 2 0 0 6899 962 3324
4927 2 2 0 0 962 6899 3336
4928 2 2 0 0 6899 1801 3336
4929 2 2 0 0 1796 6900 3325
4930 2 2 0 0 6900 360 3325
4931 2 2 0 0 360 6900 3326
4932 2 2 0 0 6900 1796 3326
4933 2 2 0 0 1798 6901 3325
4934 2 2 0 0 6901 960 3325
4935 2 2 0 0 960 6901 3327
4936 2 2 0 0 6901 1798 3327
4937 2 2 0 0 360 6902 3325
4938 2 2 0 0 6902 1798 3325
4939 2 2 0 0 1798 6902 3330
4940 2 2 0 0 6902 360 3330
4941 2 2 0 0 1799 6903 3326
4942 2 2 0 0 6903 360 3326
4943 2 2 0 0 360 6903 3332
4944 2 2 0 0 6903 1799 3332
4945 2 2 0 0 961 6904 3326
4946 2 2 0 0 6904 1799 3326
4947 2 2 0 0 1799 6904 3331
4948 2 2 0 0 6904 961 3331
4949 2 2 0 0 614 6905 3327
4950 2 2 0 0 6905 1797 3327
4951 2 2 0 0 1797 6905 3328
4952 2 2 0 0 6905 614 3328
4953 2 2 0 0 1798 6906 3327
4954 2 2 0 0 6906 614 3327
4955 2 2 0 0 614 6906 3329
4956 2 2 0 0 6906 1798 3329
4957 2 2 0 0 1806 6907 3328
4958 2 2 0 0 6907 964 3328
4959 2 2 0 0 964 6907 3344
4960 2 2 0 0 6907 1806 3344
4961 2 2 0 0 614 6908 3328
4962 2 2 0 0 6908 1806 3328
4963 2 2 0 0 1806 6908 3347
4964 2 2 0 0 6908 614 3347
4965 2 2 0 0 1798 6909 3329
4966 2 2 0 0 6909 997 3329
4967 2 2 0 0 997 6909 3330
4968 2 2 0 0 6909 1798 3330
4969 2 2 0 0 1864 6910 3329
4970 2 2 0 0 6910 614 3329
4971 2 2 0 0 614 6910 3347
4972 2 2 0 0 6910 1864 3347
4973 2 2 0 0 997 6911 3329
4974 2 2 0 0 6911 1864 3329
4975 2 2 0 0 1864 6911 3467
4976 2 2 0 0 6911 997 3467
4977 2 2 0 0 1869 6912 3330
4978 2 2 0 0 6912 997 3330
4979 2 2 0 0 997 6912 3495
4980 2 2 0 0 6912 1869 3495
4981 2 2 0 0 360 6913 3330
4982 2 2 0 0 6913 1869 3330
4983 2 2 0 0 1869 6913 3332
4984 2 2 0 0 6913 360 3332
4985 2 2 0 0 618 6914 3331
4986 2 2 0 0 6914 1799 3331
4987 2 2 0 0 1799 6914 3333
4988 2 2 0 0 6914 618 3333
4989 2 2 0 0 1800 6915 3331
4990 2 2 0 0 6915 618 3331
4991 2 2 0 0 618 6915 3334
4992 2 2 0 0 6915 1800 3334
4993 2 2 0 0 1799 6916 3332
4994 2 2 0 0 6916 1003 3332
4995 2 2 0 0 1003 6916 3333
4996 2 2 0 0 6916 1799 3333
4997 2 2 0 0 1003 6917 3332
4998 2 2 0 0 6917 1869 3332
4999 2 2 0 0 1869 6917 3497
5000 2 2 0 0 6917 1003 3497
5001 2 2 0 0 1877 6918 3333
5002 2 2 0 0 6918 1003 3333
5003 2 2 0 0 1003 6918 3516
5004 2 2 0 0 6918 1877 3516
5005 2 2 0 0 618 6919 3333
5006 2 2 0 0 6919 1877 3333
5007 2 2 0 0 1877 6919 3520
5008 2 2 0 0 6919 618 3520
5009 2 2 0 0 1800 6920 3334
5010 2 2 0 0 6920 1008 3334
5011 2 2 0 0 1008 6920 3335
5012 2 2 0 0 6920 1800 3335
5013 2 2 0 0 1880 6921 3334
5014 2 2 0 0 6921 618 3334
5015 2 2 0 0 618 6921 3520
5016 2 2 0 0 6921 1880 3520
5017 2 2 0 0 1008 6922 3334
5018 2 2 0 0 6922 1880 3334
5019 2 2 0 0 1880 6922 3535
5020 2 2 0 0 6922 1008 3535
5021 2 2 0 0 1802 6923 3335
5022 2 2 0 0 6923 1008 3335
5023 2 2 0 0 1008 6923 3339
5024 2 2 0 0 6923 1802 3339
5025 2 2 0 0 1801 6924 3336
5026 2 2 0 0 6924 366 3336
5027 2 2 0 0 366 6924 3337
5028 2 2 0 0 6924 1801 3337
5029 2 2 0 0 1803 6925 3336
5030 2 2 0 0 6925 962 3336
5031 2 2 0 0 962 6925 3338
5032 2 2 0 0 6925 1803 3338
5033 2 2 0 0 366 6926 3336
5034 2 2 0 0 6926 1803 3336
5035 2 2 0 0 1803 6926 3341
5036 2 2 0 0 6926 366 3341
5037 2 2 0 0 1804 6927 3337
5038 2 2 0 0 6927 366 3337
5039 2 2 0 0 366 6927 3342
5040 2 2 0 0 6927 1804 3342
5041 2 2 0 0 619 6928 3338
5042 2 2 0 0 6928 1802 3338
5043 2 2 0 0 1802 6928 3339
5044 2 2 0 0 6928 619 3339
5045 2 2 0 0 1803 6929 3338
5046 2 2 0 0 6929 619 3338
5047 2 2 0 0 619 6929 3340
5048 2 2 0 0 6929 1803 3340
5049 2 2 0 0 1883 6930 3339
5050 2 2 0 0 6930 1008 3339
5051 2 2 0 0 1008 6930 3535
5052 2 2 0 0 6930 1883 3535
5053 2 2 0 0 619 6931 3339
5054 2 2 0 0 6931 1883 3339
5055 2 2 0 0 1883 6931 3541
5056 2 2 0 0 6931 619 3541
5057 2 2 0 0 1803 6932 3340
5058 2 2 0 0 6932 1010 3340
5059 2 2 0 0 1010 6932 3341
5060 2 2 0 0 6932 1803 3341
5061 2 2 0 0 1884 6933 3340
5062 2 2 0 0 6933 619 3340
5063 2 2 0 0 619 6933 3541
5064 2 2 0 0 6933 1884 3541
5065 2 2 0 0 1010 6934 3340
5066 2 2 0 0 6934 1884 3340
5067 2 2 0 0 1884 6934 3543
5068 2 2 0 0 6934 1010 3543
5069 2 2 0 0 1852 6935 3341
5070 2 2 0 0 6935 1010 3341
5071 2 2 0 0 1010 6935 3443
5072 2 2 0 0 6935 1852 3443
5073 2 2 0 0 366 6936 3341
5074 2 2 0 0 6936 1852 3341
5075 2 2 0 0 1852 6936 3342
5076 2 2 0 0 6936 366 3342
5077 2 2 0 0 1804 6937 3342
5078 2 2 0 0 6937 987 3342
5079 2 2 0 0 987 6937 3343
5080 2 2 0 0 6937 1804 3343
5081 2 2 0 0 987 6938 3342
5082 2 2 0 0 6938 1852 3342
5083 2 2 0 0 1852 6938 3442
5084 2 2 0 0 6938 987 3442
5085 2 2 0 0 1850 6939 3343
5086 2 2 0 0 6939 987 3343
5087 2 2 0 0 987 6939 3439
5088 2 2 0 0 6939 1850 3439
5089 2 2 0 0 1805 6940 3344
5090 2 2 0 0 6940 358 3344
5091 2 2 0 0 358 6940 3345
5092 2 2 0 0 6940 1805 3345
5093 2 2 0 0 1806 6941 3344
5094 2 2 0 0 6941 358 3344
5095 2 2 0 0 358 6941 3346
5096 2 2 0 0 6941 1806 3346
5097 2 2 0 0 1807 6942 3345
5098 2 2 0 0 6942 358 3345
5099 2 2 0 0 358 6942 3348
5100 2 2 0 0 6942 1807 3348
5101 2 2 0 0 1806 6943 3346
5102 2 2 0 0 6943 992 3346
5103 2 2 0 0 992 6943 3347
5104 2 2 0 0 6943 1806 3347
5105 2 2 0 0 1860 6944 3346
5106 2 2 0 0 6944 358 3346
5107 2 2 0 0 358 6944 3348
5108 2 2 0 0 6944 1860 3348
5109 2 2 0 0 992 6945 3346
5110 2 2 0 0 6945 1860 3346
5111 2 2 0 0 1860 6945 3459
5112 2 2 0 0 6945 992 3459
5113 2 2 0 0 1864 6946 3347
5114 2 2 0 0 6946 992 3347
5115 2 2 0 0 992 6946 3464
5116 2 2 0 0 6946 1864 3464
5117 2 2 0 0 1807 6947 3348
5118 2 2 0 0 6947 990 3348
5119 2 2 0 0 990 6947 3349
5120 2 2 0 0 6947 1807 3349
5121 2 2 0 0 1860 6948 3348
5122 2 2 0 0 6948 990 3348
5123 2 2 0 0 990 6948 3456
5124 2 2 0 0 6948 1860 3456
5125 2 2 0 0 1858 6949 3349
5126 2 2 0 0 6949 990 3349
5127 2 2 0 0 990 6949 3454
5128 2 2 0 0 6949 1858 3454
5129 2 2 0 0 121 6950 3350
5130 2 2 0 0 6950 1808 3350
5131 2 2 0 0 1808 6950 3352
5132 2 2 0 0 6950 121 3352
5133 2 2 0 0 1809 6951 3350
5134 2 2 0 0 6951 121 3350
5135 2 2 0 0 121 6951 3353
5136 2 2 0 0 6951 1809 3353
5137 2 2 0 0 1808 6952 3351
5138 2 2 0 0 6952 968 3351
5139 2 2 0 0 968 6952 3352
5140 2 2 0 0 6952 1808 3352
5141 2 2 0 0 968 6953 3351
5142 2 2 0 0 6953 1810 3351
5143 2 2 0 0 1810 6953 3356
5144 2 2 0 0 6953 968 3356
5145 2 2 0 0 1813 6954 3352
5146 2 2 0 0 6954 968 3352
5147 2 2 0 0 968 6954 3359
5148 2 2 0 0 6954 1813 3359
5149 2 2 0 0 121 6955 3352
5150 2 2 0 0 6955 1813 3352
5151 2 2 0 0 1813 6955 3363
5152 2 2 0 0 6955 121 3363
5153 2 2 0 0 1809 6956 3353
5154 2 2 0 0 6956 969 3353
5155 2 2 0 0 969 6956 3354
5156 2 2 0 0 6956 1809 3354
5157 2 2 0 0 1815 6957 3353
5158 2 2 0 0 6957 121 3353
5159 2 2 0 0 121 6957 3363
5160 2 2 0 0 6957 1815 3363
5161 2 2 0 0 969 6958 3353
5162 2 2 0 0 6958 1815 3353
5163 2 2 0 0 1815 6958 3366
5164 2 2 0 0 6958 969 3366
5165 2 2 0 0 1814 6959 3354
5166 2 2 0 0 6959 969 3354
5167 2 2 0 0 969 6959 3364
5168 2 2 0 0 6959 1814 3364
5169 2 2 0 0 1810 6960 3355
5170 2 2 0 0 6960 355 3355
5171 2 2 0 0 355 6960 3356
5172 2 2 0 0 6960 1810 3356
5173 2 2 0 0 355 6961 3355
5174 2 2 0 0 6961 1811 3355
5175 2 2 0 0 1811 6961 3358
5176 2 2 0 0 6961 355 3358
5177 2 2 0 0 1812 6962 3356
5178 2 2 0 0 6962 355 3356
5179 2 2 0 0 355 6962 3360
5180 2 2 0 0 6962 1812 3360
5181 2 2 0 0 968 6963 3356
5182 2 2 0 0 6963 1812 3356
5183 2 2 0 0 1812 6963 3359
5184 2 2 0 0 6963 968 3359
5185 2 2 0 0 1811 6964 3357
5186 2 2 0 0 6964 972 3357
5187 2 2 0 0 972 6964 3358
5188 2 2 0 0 6964 1811 3358
5189 2 2 0 0 972 6965 3357
5190 2 2 0 0 6965 1818 3357
5191 2 2 0 0 1818 6965 3373
5192 2 2 0 0 6965 972 3373
5193 2 2 0 0 1821 6966 3358
5194 2 2 0 0 6966 972 3358
5195 2 2 0 0 972 6966 3376
5196 2 2 0 0 6966 1821 3376
5197 2 2 0 0 355 6967 3358
5198 2 2 0 0 6967 1821 3358
5199 2 2 0 0 1821 6967 3360
5200 2 2 0 0 6967 355 3360
5201 2 2 0 0 606 6968 3359
5202 2 2 0 0 6968 1812 3359
5203 2 2 0 0 1812 6968 3361
5204 2 2 0 0 6968 606 3361
5205 2 2 0 0 1813 6969 3359
5206 2 2 0 0 6969 606 3359
5207 2 2 0 0 606 6969 3362
5208 2 2 0 0 6969 1813 3362
5209 2 2 0 0 1812 6970 3360
5210 2 2 0 0 6970 975 3360
5211 2 2 0 0 975 6970 3361
5212 2 2 0 0 6970 1812 3361
5213 2 2 0 0 975 6971 3360
5214 2 2 0 0 6971 1821 3360
5215 2 2 0 0 1821 6971 3379
5216 2 2 0 0 6971 975 3379
5217 2 2 0 0 1827 6972 3361
5218 2 2 0 0 6972 975 3361
5219 2 2 0 0 975 6972 3388
5220 2 2 0 0 6972 1827 3388
5221 2 2 0 0 606 6973 3361
5222 2 2 0 0 6973 1827 3361
5223 2 2 0 0 1827 6973 3392
5224 2 2 0 0 6973 606 3392
5225 2 2 0 0 1813 6974 3362
5226 2 2 0 0 6974 979 3362
5227 2 2 0 0 979 6974 3363
5228 2 2 0 0 6974 1813 3363
5229 2 2 0 0 1832 6975 3362
5230 2 2 0 0 6975 606 3362
5231 2 2 0 0 606 6975 3392
5232 2 2 0 0 6975 1832 3392
5233 2 2 0 0 979 6976 3362
5234 2 2 0 0 6976 1832 3362
5235 2 2 0 0 1832 6976 3403
5236 2 2 0 0 6976 979 3403
5237 2 2 0 0 1815 6977 3363
5238 2 2 0 0 6977 979 3363
5239 2 2 0 0 979 6977 3367
5240 2 2 0 0 6977 1815 3367
5241 2 2 0 0 1814 6978 3364
5242 2 2 0 0 6978 356 3364
5243 2 2 0 0 356 6978 3365
5244 2 2 0 0 6978 1814 3365
5245 2 2 0 0 1816 6979 3364
5246 2 2 0 0 6979 969 3364
5247 2 2 0 0 969 6979 3366
5248 2 2 0 0 6979 1816 3366
5249 2 2 0 0 356 6980 3364
5250 2 2 0 0 6980 1816 3364
5251 2 2 0 0 1816 6980 3369
5252 2 2 0 0 6980 356 3369
5253 2 2 0 0 1817 6981 3365
5254 2 2 0 0 6981 356 3365
5255 2 2 0 0 356 6981 3370
5256 2 2 0 0 6981 1817 3370
5257 2 2 0 0 608 6982 3366
5258 2 2 0 0 6982 1815 3366
5259 2 2 0 0 1815 6982 3367
5260 2 2 0 0 6982 608 3367
5261 2 2 0 0 1816 6983 3366
5262 2 2 0 0 6983 608 3366
5263 2 2 0 0 608 6983 3368
5264 2 2 0 0 6983 1816 3368
5265 2 2 0 0 1835 6984 3367
5266 2 2 0 0 6984 979 3367
5267 2 2 0 0 979 6984 3403
5268 2 2 0 0 6984 1835 3403
5269 2 2 0 0 608 6985 3367
5270 2 2 0 0 6985 1835 3367
5271 2 2 0 0 1835 6985 3409
5272 2 2 0 0 6985 608 3409
5273 2 2 0 0 1816 6986 3368
5274 2 2 0 0 6986 982 3368
5275 2 2 0 0 982 6986 3369
5276 2 2 0 0 6986 1816 3369
5277 2 2 0 0 1841 6987 3368
5278 2 2 0 0 6987 608 3368
5279 2 2 0 0 608 6987 3409
5280 2 2 0 0 6987 1841 3409
5281 2 2 0 0 982 6988 3368
5282 2 2 0 0 6988 1841 3368
5283 2 2 0 0 1841 6988 3420
5284 2 2 0 0 6988 982 3420
5285 2 2 0 0 1837 6989 3369
5286 2 2 0 0 6989 982 3369
5287 2 2 0 0 982 6989 3413
5288 2 2 0 0 6989 1837 3413
5289 2 2 0 0 356 6990 3369
5290 2 2 0 0 6990 1837 3369
5291 2 2 0 0 1837 6990 3370
5292 2 2 0 0 6990 356 3370
5293 2 2 0 0 1817 6991 3370
5294 2 2 0 0 6991 980 3370
5295 2 2 0 0 980 6991 3371
5296 2 2 0 0 6991 1817 3371
5297 2 2 0 0 980 6992 3370
5298 2 2 0 0 6992 1837 3370
5299 2 2 0 0 1837 6992 3412
5300 2 2 0 0 6992 980 3412
5301 2 2 0 0 1836 6993 3371
5302 2 2 0 0 6993 980 3371
5303 2 2 0 0 980 6993 3410
5304 2 2 0 0 6993 1836 3410
5305 2 2 0 0 1818 6994 3372
5306 2 2 0 0 6994 153 3372
5307 2 2 0 0 153 6994 3373
5308 2 2 0 0 6994 1818 3373
5309 2 2 0 0 153 6995 3372
5310 2 2 0 0 6995 1819 3372
5311 2 2 0 0 1819 6995 3375
5312 2 2 0 0 6995 153 3375
5313 2 2 0 0 1820 6996 3373
5314 2 2 0 0 6996 153 3373
5315 2 2 0 0 153 6996 3377
5316 2 2 0 0 6996 1820 3377
5317 2 2 0 0 972 6997 3373
5318 2 2 0 0 6997 1820 3373
5319 2 2 0 0 1820 6997 3376
5320 2 2 0 0 6997 972 3376
5321 2 2 0 0 1819 6998 3374
5322 2 2 0 0 6998 974 3374
5323 2 2 0 0 974 6998 3375
5324 2 2 0 0 6998 1819 3375
5325 2 2 0 0 974 6999 3374
5326 2 2 0 0 6999 1822 3374
5327 2 2 0 0 1822 6999 3381
5328 2 2 0 0 6999 974 3381
5329 2 2 0 0 1825 7000 3375
5330 2 2 0 0 7000 974 3375
5331 2 2 0 0 974 7000 3384
5332 2 2 0 0 7000 1825 3384
5333 2 2 0 0 153 7001 3375
5334 2 2 0 0 7001 1825 3375
5335 2 2 0 0 1825 7001 3377
5336 2 2 0 0 7001 153 3377
5337 2 2 0 0 605 7002 3376
5338 2 2 0 0 7002 1820 3376
5339 2 2 0 0 1820 7002 3378
5340 2 2 0 0 7002 605 3378
5341 2 2 0 0 1821 7003 3376
5342 2 2 0 0 7003 605 3376
5343 2 2 0 0 605 7003 3379
5344 2 2 0 0 7003 1821 3379
5345 2 2 0 0 1820 7004 3377
5346 2 2 0 0 7004 976 3377
5347 2 2 0 0 976 7004 3378
5348 2 2 0 0 7004 1820 3378
5349 2 2 0 0 976 7005 3377
5350 2 2 0 0 7005 1825 3377
5351 2 2 0 0 1825 7005 3387
5352 2 2 0 0 7005 976 3387
5353 2 2 0 0 1828 7006 3378
5354 2 2 0 0 7006 976 3378
5355 2 2 0 0 976 7006 3393
5356 2 2 0 0 7006 1828 3393
5357 2 2 0 0 605 7007 3378
5358 2 2 0 0 7007 1828 3378
5359 2 2 0 0 1828 7007 3389
5360 2 2 0 0 7007 605 3389
5361 2 2 0 0 1826 7008 3379
5362 2 2 0 0 7008 605 3379
5363 2 2 0 0 605 7008 3389
5364 2 2 0 0 7008 1826 3389
5365 2 2 0 0 975 7009 3379
5366 2 2 0 0 7009 1826 3379
5367 2 2 0 0 1826 7009 3388
5368 2 2 0 0 7009 975 3388
5369 2 2 0 0 1822 7010 3380
5370 2 2 0 0 7010 379 3380
5371 2 2 0 0 379 7010 3381
5372 2 2 0 0 7010 1822 3381
5373 2 2 0 0 379 7011 3380
5374 2 2 0 0 7011 1823 3380
5375 2 2 0 0 1823 7011 3383
5376 2 2 0 0 7011 379 3383
5377 2 2 0 0 1824 7012 3381
5378 2 2 0 0 7012 379 3381
5379 2 2 0 0 379 7012 3385
5380 2 2 0 0 7012 1824 3385
5381 2 2 0 0 974 7013 3381
5382 2 2 0 0 7013 1824 3381
5383 2 2 0 0 1824 7013 3384
5384 2 2 0 0 7013 974 3384
5385 2 2 0 0 1823 7014 3382
5386 2 2 0 0 7014 1054 3382
5387 2 2 0 0 1054 7014 3383
5388 2 2 0 0 7014 1823 3383
5389 2 2 0 0 1054 7015 3382
5390 2 2 0 0 7015 1959 3382
5391 2 2 0 0 1959 7015 3723
5392 2 2 0 0 7015 1054 3723
5393 2 2 0 0 1965 7016 3383
5394 2 2 0 0 7016 1054 3383
5395 2 2 0 0 1054 7016 3733
5396 2 2 0 0 7016 1965 3733
5397 2 2 0 0 379 7017 3383
5398 2 2 0 0 7017 1965 3383
5399 2 2 0 0 1965 7017 3385
5400 2 2 0 0 7017 379 3385
5401 2 2 0 0 644 7018 3384
5402 2 2 0 0 7018 1824 3384
5403 2 2 0 0 1824 7018 3386
5404 2 2 0 0 7018 644 3386
5405 2 2 0 0 1825 7019 3384
5406 2 2 0 0 7019 644 3384
5407 2 2 0 0 644 7019 3387
5408 2 2 0 0 7019 1825 3387
5409 2 2 0 0 1824 7020 3385
5410 2 2 0 0 7020 1066 3385
5411 2 2 0 0 1066 7020 3386
5412 2 2 0 0 7020 1824 3386
5413 2 2 0 0 1066 7021 3385
5414 2 2 0 0 7021 1965 3385
5415 2 2 0 0 1965 7021 3735
5416 2 2 0 0 7021 1066 3735
5417 2 2 0 0 1991 7022 3386
5418 2 2 0 0 7022 1066 3386
5419 2 2 0 0 1066 7022 3786
5420 2 2 0 0 7022 1991 3786
5421 2 2 0 0 644 7023 3386
5422 2 2 0 0 7023 1991 3386
5423 2 2 0 0 1991 7023 3395
5424 2 2 0 0 7023 644 3395
5425 2 2 0 0 1829 7024 3387
5426 2 2 0 0 7024 644 3387
5427 2 2 0 0 644 7024 3395
5428 2 2 0 0 7024 1829 3395
5429 2 2 0 0 976 7025 3387
5430 2 2 0 0 7025 1829 3387
5431 2 2 0 0 1829 7025 3393
5432 2 2 0 0 7025 976 3393
5433 2 2 0 0 208 7026 3388
5434 2 2 0 0 7026 1826 3388
5435 2 2 0 0 1826 7026 3390
5436 2 2 0 0 7026 208 3390
5437 2 2 0 0 1827 7027 3388
5438 2 2 0 0 7027 208 3388
5439 2 2 0 0 208 7027 3391
5440 2 2 0 0 7027 1827 3391
5441 2 2 0 0 1826 7028 3389
5442 2 2 0 0 7028 977 3389
5443 2 2 0 0 977 7028 3390
5444 2 2 0 0 7028 1826 3390
5445 2 2 0 0 977 7029 3389
5446 2 2 0 0 7029 1828 3389
5447 2 2 0 0 1828 7029 3394
5448 2 2 0 0 7029 977 3394
5449 2 2 0 0 1831 7030 3390
5450 2 2 0 0 7030 977 3390
5451 2 2 0 0 977 7030 3397
5452 2 2 0 0 7030 1831 3397
5453 2 2 0 0 208 7031 3390
5454 2 2 0 0 7031 1831 3390
5455 2 2 0 0 1831 7031 3401
5456 2 2 0 0 7031 208 3401
5457 2 2 0 0 1827 7032 3391
5458 2 2 0 0 7032 978 3391
5459 2 2 0 0 978 7032 3392
5460 2 2 0 0 7032 1827 3392
5461 2 2 0 0 1833 7033 3391
5462 2 2 0 0 7033 208 3391
5463 2 2 0 0 208 7033 3401
5464 2 2 0 0 7033 1833 3401
5465 2 2 0 0 978 7034 3391
5466 2 2 0 0 7034 1833 3391
5467 2 2 0 0 1833 7034 3404
5468 2 2 0 0 7034 978 3404
5469 2 2 0 0 1832 7035 3392
5470 2 2 0 0 7035 978 3392
5471 2 2 0 0 978 7035 3402
5472 2 2 0 0 7035 1832 3402
5473 2 2 0 0 1828 7036 3393
5474 2 2 0 0 7036 391 3393
5475 2 2 0 0 391 7036 3394
5476 2 2 0 0 7036 1828 3394
5477 2 2 0 0 391 7037 3393
5478 2 2 0 0 7037 1829 3393
5479 2 2 0 0 1829 7037 3396
5480 2 2 0 0 7037 391 3396
5481 2 2 0 0 1830 7038 3394
5482 2 2 0 0 7038 391 3394
5483 2 2 0 0 391 7038 3398
5484 2 2 0 0 7038 1830 3398
5485 2 2 0 0 977 7039 3394
5486 2 2 0 0 7039 1830 3394
5487 2 2 0 0 1830 7039 3397
5488 2 2 0 0 7039 977 3397
5489 2 2 0 0 1829 7040 3395
5490 2 2 0 0 7040 1068 3395
5491 2 2 0 0 1068 7040 3396
5492 2 2 0 0 7040 1829 3396
5493 2 2 0 0 1068 7041 3395
5494 2 2 0 0 7041 1991 3395
5495 2 2 0 0 1991 7041 3788
5496 2 2 0 0 7041 1068 3788
5497 2 2 0 0 1995 7042 3396
5498 2 2 0 0 7042 1068 3396
5499 2 2 0 0 1068 7042 3793
5500 2 2 0 0 7042 1995 3793
5501 2 2 0 0 391 7043 3396
5502 2 2 0 0 7043 1995 3396
5503 2 2 0 0 1995 7043 3398
5504 2 2 0 0 7043 391 3398
5505 2 2 0 0 670 7044 3397
5506 2 2 0 0 7044 1830 3397
5507 2 2 0 0 1830 7044 3399
5508 2 2 0 0 7044 670 3399
5509 2 2 0 0 1831 7045 3397
5510 2 2 0 0 7045 670 3397
5511 2 2 0 0 670 7045 3400
5512 2 2 0 0 7045 1831 3400
5513 2 2 0 0 1830 7046 3398
5514 2 2 0 0 7046 1119 3398
5515 2 2 0 0 1119 7046 3399
5516 2 2 0 0 7046 1830 3399
5517 2 2 0 0 1119 7047 3398
5518 2 2 0 0 7047 1995 3398
5519 2 2 0 0 1995 7047 3795
5520 2 2 0 0 7047 1119 3795
5521 2 2 0 0 2101 7048 3399
5522 2 2 0 0 7048 1119 3399
5523 2 2 0 0 1119 7048 4008
5524 2 2 0 0 7048 2101 4008
5525 2 2 0 0 670 7049 3399
5526 2 2 0 0 7049 2101 3399
5527 2 2 0 0 2101 7049 4012
5528 2 2 0 0 7049 670 4012
5529 2 2 0 0 1831 7050 3400
5530 2 2 0 0 7050 1123 3400
5531 2 2 0 0 1123 7050 3401
5532 2 2 0 0 7050 1831 3401
5533 2 2 0 0 2106 7051 3400
5534 2 2 0 0 7051 670 3400
5535 2 2 0 0 670 7051 4012
5536 2 2 0 0 7051 2106 4012
5537 2 2 0 0 1123 7052 3400
5538 2 2 0 0 7052 2106 3400
5539 2 2 0 0 2106 7052 4023
5540 2 2 0 0 7052 1123 4023
5541 2 2 0 0 1833 7053 3401
5542 2 2 0 0 7053 1123 3401
5543 2 2 0 0 1123 7053 3405
5544 2 2 0 0 7053 1833 3405
5545 2 2 0 0 1832 7054 3402
5546 2 2 0 0 7054 395 3402
5547 2 2 0 0 395 7054 3403
5548 2 2 0 0 7054 1832 3403
5549 2 2 0 0 1834 7055 3402
5550 2 2 0 0 7055 978 3402
5551 2 2 0 0 978 7055 3404
5552 2 2 0 0 7055 1834 3404
5553 2 2 0 0 395 7056 3402
5554 2 2 0 0 7056 1834 3402
5555 2 2 0 0 1834 7056 3407
5556 2 2 0 0 7056 395 3407
5557 2 2 0 0 1835 7057 3403
5558 2 2 0 0 7057 395 3403
5559 2 2 0 0 395 7057 3408
5560 2 2 0 0 7057 1835 3408
5561 2 2 0 0 675 7058 3404
5562 2 2 0 0 7058 1833 3404
5563 2 2 0 0 1833 7058 3405
5564 2 2 0 0 7058 675 3405
5565 2 2 0 0 1834 7059 3404
5566 2 2 0 0 7059 675 3404
5567 2 2 0 0 675 7059 3406
5568 2 2 0 0 7059 1834 3406
5569 2 2 0 0 2109 7060 3405
5570 2 2 0 0 7060 1123 3405
5571 2 2 0 0 1123 7060 4023
5572 2 2 0 0 7060 2109 4023
5573 2 2 0 0 675 7061 3405
5574 2 2 0 0 7061 2109 3405
5575 2 2 0 0 2109 7061 4029
5576 2 2 0 0 7061 675 4029
5577 2 2 0 0 1834 7062 3406
5578 2 2 0 0 7062 1134 3406
5579 2 2 0 0 1134 7062 3407
5580 2 2 0 0 7062 1834 3407
5581 2 2 0 0 2128 7063 3406
5582 2 2 0 0 7063 675 3406
5583 2 2 0 0 675 7063 4029
5584 2 2 0 0 7063 2128 4029
5585 2 2 0 0 1134 7064 3406
5586 2 2 0 0 7064 2128 3406
5587 2 2 0 0 2128 7064 4069
5588 2 2 0 0 7064 1134 4069
5589 2 2 0 0 1843 7065 3407
5590 2 2 0 0 7065 1134 3407
5591 2 2 0 0 1134 7065 3425
5592 2 2 0 0 7065 1843 3425
5593 2 2 0 0 395 7066 3407
5594 2 2 0 0 7066 1843 3407
5595 2 2 0 0 1843 7066 3408
5596 2 2 0 0 7066 395 3408
5597 2 2 0 0 1835 7067 3408
5598 2 2 0 0 7067 983 3408
5599 2 2 0 0 983 7067 3409
5600 2 2 0 0 7067 1835 3409
5601 2 2 0 0 983 7068 3408
5602 2 2 0 0 7068 1843 3408
5603 2 2 0 0 1843 7068 3424
5604 2 2 0 0 7068 983 3424
5605 2 2 0 0 1841 7069 3409
5606 2 2 0 0 7069 983 3409
5607 2 2 0 0 983 7069 3421
5608 2 2 0 0 7069 1841 3421
5609 2 2 0 0 1836 7070 3410
5610 2 2 0 0 7070 157 3410
5611 2 2 0 0 157 7070 3411
5612 2 2 0 0 7070 1836 3411
5613 2 2 0 0 1838 7071 3410
5614 2 2 0 0 7071 980 3410
5615 2 2 0 0 980 7071 3412
5616 2 2 0 0 7071 1838 3412
5617 2 2 0 0 157 7072 3410
5618 2 2 0 0 7072 1838 3410
5619 2 2 0 0 1838 7072 3415
5620 2 2 0 0 7072 157 3415
5621 2 2 0 0 1840 7073 3411
5622 2 2 0 0 7073 981 3411
5623 2 2 0 0 981 7073 3416
5624 2 2 0 0 7073 1840 3416
5625 2 2 0 0 157 7074 3411
5626 2 2 0 0 7074 1840 3411
5627 2 2 0 0 1840 7074 3419
5628 2 2 0 0 7074 157 3419
5629 2 2 0 0 609 7075 3412
5630 2 2 0 0 7075 1837 3412
5631 2 2 0 0 1837 7075 3413
5632 2 2 0 0 7075 609 3413
5633 2 2 0 0 1838 7076 3412
5634 2 2 0 0 7076 609 3412
5635 2 2 0 0 609 7076 3414
5636 2 2 0 0 7076 1838 3414
5637 2 2 0 0 1842 7077 3413
5638 2 2 0 0 7077 982 3413
5639 2 2 0 0 982 7077 3420
5640 2 2 0 0 7077 1842 3420
5641 2 2 0 0 609 7078 3413
5642 2 2 0 0 7078 1842 3413
5643 2 2 0 0 1842 7078 3423
5644 2 2 0 0 7078 609 3423
5645 2 2 0 0 1838 7079 3414
5646 2 2 0 0 7079 985 3414
5647 2 2 0 0 985 7079 3415
5648 2 2 0 0 7079 1838 3415
5649 2 2 0 0 1845 7080 3414
5650 2 2 0 0 7080 609 3414
5651 2 2 0 0 609 7080 3423
5652 2 2 0 0 7080 1845 3423
5653 2 2 0 0 985 7081 3414
5654 2 2 0 0 7081 1845 3414
5655 2 2 0 0 1845 7081 3429
5656 2 2 0 0 7081 985 3429
5657 2 2 0 0 1848 7082 3415
5658 2 2 0 0 7082 157 3415
5659 2 2 0 0 157 7082 3419
5660 2 2 0 0 7082 1848 3419
5661 2 2 0 0 985 7083 3415
5662 2 2 0 0 7083 1848 3415
5663 2 2 0 0 1848 7083 3434
5664 2 2 0 0 7083 985 3434
5665 2 2 0 0 611 7084 3416
5666 2 2 0 0 7084 1839 3416
5667 2 2 0 0 1839 7084 3417
5668 2 2 0 0 7084 611 3417
5669 2 2 0 0 1840 7085 3416
5670 2 2 0 0 7085 611 3416
5671 2 2 0 0 611 7085 3418
5672 2 2 0 0 7085 1840 3418
5673 2 2 0 0 1851 7086 3417
5674 2 2 0 0 7086 986 3417
5675 2 2 0 0 986 7086 3438
5676 2 2 0 0 7086 1851 3438
5677 2 2 0 0 611 7087 3417
5678 2 2 0 0 7087 1851 3417
5679 2 2 0 0 1851 7087 3441
5680 2 2 0 0 7087 611 3441
5681 2 2 0 0 1840 7088 3418
5682 2 2 0 0 7088 989 3418
5683 2 2 0 0 989 7088 3419
5684 2 2 0 0 7088 1840 3419
5685 2 2 0 0 1854 7089 3418
5686 2 2 0 0 7089 611 3418
5687 2 2 0 0 611 7089 3441
5688 2 2 0 0 7089 1854 3441
5689 2 2 0 0 989 7090 3418
5690 2 2 0 0 7090 1854 3418
5691 2 2 0 0 1854 7090 3447
5692 2 2 0 0 7090 989 3447
5693 2 2 0 0 1848 7091 3419
5694 2 2 0 0 7091 989 3419
5695 2 2 0 0 989 7091 3435
5696 2 2 0 0 7091 1848 3435
5697 2 2 0 0 214 7092 3420
5698 2 2 0 0 7092 1841 3420
5699 2 2 0 0 1841 7092 3421
5700 2 2 0 0 7092 214 3421
5701 2 2 0 0 1842 7093 3420
5702 2 2 0 0 7093 214 3420
5703 2 2 0 0 214 7093 3422
5704 2 2 0 0 7093 1842 3422
5705 2 2 0 0 1844 7094 3421
5706 2 2 0 0 7094 983 3421
5707 2 2 0 0 983 7094 3424
5708 2 2 0 0 7094 1844 3424
5709 2 2 0 0 214 7095 3421
5710 2 2 0 0 7095 1844 3421
5711 2 2 0 0 1844 7095 3427
5712 2 2 0 0 7095 214 3427
5713 2 2 0 0 1842 7096 3422
5714 2 2 0 0 7096 984 3422
5715 2 2 0 0 984 7096 3423
5716 2 2 0 0 7096 1842 3423
5717 2 2 0 0 1846 7097 3422
5718 2 2 0 0 7097 214 3422
5719 2 2 0 0 214 7097 3427
5720 2 2 0 0 7097 1846 3427
5721 2 2 0 0 984 7098 3422
5722 2 2 0 0 7098 1846 3422
5723 2 2 0 0 1846 7098 3430
5724 2 2 0 0 7098 984 3430
5725 2 2 0 0 1845 7099 3423
5726 2 2 0 0 7099 984 3423
5727 2 2 0 0 984 7099 3428
5728 2 2 0 0 7099 1845 3428
5729 2 2 0 0 678 7100 3424
5730 2 2 0 0 7100 1843 3424
5731 2 2 0 0 1843 7100 3425
5732 2 2 0 0 7100 678 3425
5733 2 2 0 0 1844 7101 3424
5734 2 2 0 0 7101 678 3424
5735 2 2 0 0 678 7101 3426
5736 2 2 0 0 7101 1844 3426
5737 2 2 0 0 2131 7102 3425
5738 2 2 0 0 7102 1134 3425
5739 2 2 0 0 1134 7102 4069
5740 2 2 0 0 7102 2131 4069
5741 2 2 0 0 678 7103 3425
5742 2 2 0 0 7103 2131 3425
5743 2 2 0 0 2131 7103 4075
5744 2 2 0 0 7103 678 4075
5745 2 2 0 0 1844 7104 3426
5746 2 2 0 0 7104 1140 3426
5747 2 2 0 0 1140 7104 3427
5748 2 2 0 0 7104 1844 3427
5749 2 2 0 0 2141 7105 3426
5750 2 2 0 0 7105 678 3426
5751 2 2 0 0 678 7105 4075
5752 2 2 0 0 7105 2141 4075
5753 2 2 0 0 1140 7106 3426
5754 2 2 0 0 7106 2141 3426
5755 2 2 0 0 2141 7106 4095
5756 2 2 0 0 7106 1140 4095
5757 2 2 0 0 1846 7107 3427
5758 2 2 0 0 7107 1140 3427
5759 2 2 0 0 1140 7107 3431
5760 2 2 0 0 7107 1846 3431
5761 2 2 0 0 1845 7108 3428
5762 2 2 0 0 7108 408 3428
5763 2 2 0 0 408 7108 3429
5764 2 2 0 0 7108 1845 3429
5765 2 2 0 0 1847 7109 3428
5766 2 2 0 0 7109 984 3428
5767 2 2 0 0 984 7109 3430
5768 2 2 0 0 7109 1847 3430
5769 2 2 0 0 408 7110 3428
5770 2 2 0 0 7110 1847 3428
5771 2 2 0 0 1847 7110 3433
5772 2 2 0 0 7110 408 3433
5773 2 2 0 0 1849 7111 3429
5774 2 2 0 0 7111 985 3429
5775 2 2 0 0 985 7111 3434
5776 2 2 0 0 7111 1849 3434
5777 2 2 0 0 408 7112 3429
5778 2 2 0 0 7112 1849 3429
5779 2 2 0 0 1849 7112 3437
5780 2 2 0 0 7112 408 3437
5781 2 2 0 0 703 7113 3430
5782 2 2 0 0 7113 1846 3430
5783 2 2 0 0 1846 7113 3431
5784 2 2 0 0 7113 703 3431
5785 2 2 0 0 1847 7114 3430
5786 2 2 0 0 7114 703 3430
5787 2 2 0 0 703 7114 3432
5788 2 2 0 0 7114 1847 3432
5789 2 2 0 0 2143 7115 3431
5790 2 2 0 0 7115 1140 3431
5791 2 2 0 0 1140 7115 4095
5792 2 2 0 0 7115 2143 4095
5793 2 2 0 0 703 7116 3431
5794 2 2 0 0 7116 2143 3431
5795 2 2 0 0 2143 7116 4099
5796 2 2 0 0 7116 703 4099
5797 2 2 0 0 1847 7117 3432
5798 2 2 0 0 7117 1192 3432
5799 2 2 0 0 1192 7117 3433
5800 2 2 0 0 7117 1847 3433
5801 2 2 0 0 2248 7118 3432
5802 2 2 0 0 7118 703 3432
5803 2 2 0 0 703 7118 4099
5804 2 2 0 0 7118 2248 4099
5805 2 2 0 0 1192 7119 3432
5806 2 2 0 0 7119 2248 3432
5807 2 2 0 0 2248 7119 4313
5808 2 2 0 0 7119 1192 4313
5809 2 2 0 0 2251 7120 3433
5810 2 2 0 0 7120 408 3433
5811 2 2 0 0 408 7120 3437
5812 2 2 0 0 7120 2251 3437
5813 2 2 0 0 1192 7121 3433
5814 2 2 0 0 7121 2251 3433
5815 2 2 0 0 2251 7121 4318
5816 2 2 0 0 7121 1192 4318
5817 2 2 0 0 706 7122 3434
5818 2 2 0 0 7122 1848 3434
5819 2 2 0 0 1848 7122 3435
5820 2 2 0 0 7122 706 3435
5821 2 2 0 0 1849 7123 3434
5822 2 2 0 0 7123 706 3434
5823 2 2 0 0 706 7123 3436
5824 2 2 0 0 7123 1849 3436
5825 2 2 0 0 1857 7124 3435
5826 2 2 0 0 7124 989 3435
5827 2 2 0 0 989 7124 3447
5828 2 2 0 0 7124 1857 3447
5829 2 2 0 0 706 7125 3435
5830 2 2 0 0 7125 1857 3435
5831 2 2 0 0 1857 7125 3453
5832 2 2 0 0 7125 706 3453
5833 2 2 0 0 1849 7126 3436
5834 2 2 0 0 7126 1199 3436
5835 2 2 0 0 1199 7126 3437
5836 2 2 0 0 7126 1849 3437
5837 2 2 0 0 2260 7127 3436
5838 2 2 0 0 7127 706 3436
5839 2 2 0 0 706 7127 3453
5840 2 2 0 0 7127 2260 3453
5841 2 2 0 0 1199 7128 3436
5842 2 2 0 0 7128 2260 3436
5843 2 2 0 0 2260 7128 4356
5844 2 2 0 0 7128 1199 4356
5845 2 2 0 0 2251 7129 3437
5846 2 2 0 0 7129 1199 3437
5847 2 2 0 0 1199 7129 4319
5848 2 2 0 0 7129 2251 4319
5849 2 2 0 0 221 7130 3438
5850 2 2 0 0 7130 1850 3438
5851 2 2 0 0 1850 7130 3439
5852 2 2 0 0 7130 221 3439
5853 2 2 0 0 1851 7131 3438
5854 2 2 0 0 7131 221 3438
5855 2 2 0 0 221 7131 3440
5856 2 2 0 0 7131 1851 3440
5857 2 2 0 0 1853 7132 3439
5858 2 2 0 0 7132 987 3439
5859 2 2 0 0 987 7132 3442
5860 2 2 0 0 7132 1853 3442
5861 2 2 0 0 221 7133 3439
5862 2 2 0 0 7133 1853 3439
5863 2 2 0 0 1853 7133 3445
5864 2 2 0 0 7133 221 3445
5865 2 2 0 0 1851 7134 3440
5866 2 2 0 0 7134 988 3440
5867 2 2 0 0 988 7134 3441
5868 2 2 0 0 7134 1851 3441
5869 2 2 0 0 1855 7135 3440
5870 2 2 0 0 7135 221 3440
5871 2 2 0 0 221 7135 3445
5872 2 2 0 0 7135 1855 3445
5873 2 2 0 0 988 7136 3440
5874 2 2 0 0 7136 1855 3440
5875 2 2 0 0 1855 7136 3448
5876 2 2 0 0 7136 988 3448
5877 2 2 0 0 1854 7137 3441
5878 2 2 0 0 7137 988 3441
5879 2 2 0 0 988 7137 3446
5880 2 2 0 0 7137 1854 3446
5881 2 2 0 0 622 7138 3442
5882 2 2 0 0 7138 1852 3442
5883 2 2 0 0 1852 7138 3443
5884 2 2 0 0 7138 622 3443
5885 2 2 0 0 1853 7139 3442
5886 2 2 0 0 7139 622 3442
5887 2 2 0 0 622 7139 3444
5888 2 2 0 0 7139 1853 3444
5889 2 2 0 0 1887 7140 3443
5890 2 2 0 0 7140 1010 3443
5891 2 2 0 0 1010 7140 3543
5892 2 2 0 0 7140 1887 3543
5893 2 2 0 0 622 7141 3443
5894 2 2 0 0 7141 1887 3443
5895 2 2 0 0 1887 7141 3549
5896 2 2 0 0 7141 622 3549
5897 2 2 0 0 1853 7142 3444
5898 2 2 0 0 7142 1018 3444
5899 2 2 0 0 1018 7142 3445
5900 2 2 0 0 7142 1853 3445
5901 2 2 0 0 1897 7143 3444
5902 2 2 0 0 7143 622 3444
5903 2 2 0 0 622 7143 3549
5904 2 2 0 0 7143 1897 3549
5905 2 2 0 0 1018 7144 3444
5906 2 2 0 0 7144 1897 3444
5907 2 2 0 0 1897 7144 3577
5908 2 2 0 0 7144 1018 3577
5909 2 2 0 0 1855 7145 3445
5910 2 2 0 0 7145 1018 3445
5911 2 2 0 0 1018 7145 3449
5912 2 2 0 0 7145 1855 3449
5913 2 2 0 0 1854 7146 3446
5914 2 2 0 0 7146 415 3446
5915 2 2 0 0 415 7146 3447
5916 2 2 0 0 7146 1854 3447
5917 2 2 0 0 1856 7147 3446
5918 2 2 0 0 7147 988 3446
5919 2 2 0 0 988 7147 3448
5920 2 2 0 0 7147 1856 3448
5921 2 2 0 0 415 7148 3446
5922 2 2 0 0 7148 1856 3446
5923 2 2 0 0 1856 7148 3451
5924 2 2 0 0 7148 415 3451
5925 2 2 0 0 1857 7149 3447
5926 2 2 0 0 7149 415 3447
5927 2 2 0 0 415 7149 3452
5928 2 2 0 0 7149 1857 3452
5929 2 2 0 0 712 7150 3448
5930 2 2 0 0 7150 1855 3448
5931 2 2 0 0 1855 7150 3449
5932 2 2 0 0 7150 712 3449
5933 2 2 0 0 1856 7151 3448
5934 2 2 0 0 7151 712 3448
5935 2 2 0 0 712 7151 3450
5936 2 2 0 0 7151 1856 3450
5937 2 2 0 0 1899 7152 3449
5938 2 2 0 0 7152 1018 3449
5939 2 2 0 0 1018 7152 3577
5940 2 2 0 0 7152 1899 3577
5941 2 2 0 0 712 7153 3449
5942 2 2 0 0 7153 1899 3449
5943 2 2 0 0 1899 7153 3581
5944 2 2 0 0 7153 712 3581
5945 2 2 0 0 1856 7154 3450
5946 2 2 0 0 7154 1214 3450
5947 2 2 0 0 1214 7154 3451
5948 2 2 0 0 7154 1856 3451
5949 2 2 0 0 2278 7155 3450
5950 2 2 0 0 7155 712 3450
5951 2 2 0 0 712 7155 3581
5952 2 2 0 0 7155 2278 3581
5953 2 2 0 0 1214 7156 3450
5954 2 2 0 0 7156 2278 3450
5955 2 2 0 0 2278 7156 4412
5956 2 2 0 0 7156 1214 4412
5957 2 2 0 0 2262 7157 3451
5958 2 2 0 0 7157 1214 3451
5959 2 2 0 0 1214 7157 4361
5960 2 2 0 0 7157 2262 4361
5961 2 2 0 0 415 7158 3451
5962 2 2 0 0 7158 2262 3451
5963 2 2 0 0 2262 7158 3452
5964 2 2 0 0 7158 415 3452
5965 2 2 0 0 1857 7159 3452
5966 2 2 0 0 7159 1200 3452
5967 2 2 0 0 1200 7159 3453
5968 2 2 0 0 7159 1857 3453
5969 2 2 0 0 1200 7160 3452
5970 2 2 0 0 7160 2262 3452
5971 2 2 0 0 2262 7160 4360
5972 2 2 0 0 7160 1200 4360
5973 2 2 0 0 2260 7161 3453
5974 2 2 0 0 7161 1200 3453
5975 2 2 0 0 1200 7161 4357
5976 2 2 0 0 7161 2260 4357
5977 2 2 0 0 1858 7162 3454
5978 2 2 0 0 7162 93 3454
5979 2 2 0 0 93 7162 3455
5980 2 2 0 0 7162 1858 3455
5981 2 2 0 0 1859 7163 3454
5982 2 2 0 0 7163 93 3454
5983 2 2 0 0 93 7163 3457
5984 2 2 0 0 7163 1859 3457
5985 2 2 0 0 990 7164 3454
5986 2 2 0 0 7164 1859 3454
5987 2 2 0 0 1859 7164 3456
5988 2 2 0 0 7164 990 3456
5989 2 2 0 0 1861 7165 3455
5990 2 2 0 0 7165 93 3455
5991 2 2 0 0 93 7165 3461
5992 2 2 0 0 7165 1861 3461
5993 2 2 0 0 991 7166 3455
5994 2 2 0 0 7166 1861 3455
5995 2 2 0 0 1861 7166 3460
5996 2 2 0 0 7166 991 3460
5997 2 2 0 0 613 7167 3456
5998 2 2 0 0 7167 1859 3456
5999 2 2 0 0 1859 7167 3458
6000 2 2 0 0 7167 613 3458
6001 2 2 0 0 1860 7168 3456
6002 2 2 0 0 7168 613 3456
6003 2 2 0 0 613 7168 3459
6004 2 2 0 0 7168 1860 3459
6005 2 2 0 0 1859 7169 3457
6006 2 2 0 0 7169 994 3457
6007 2 2 0 0 994 7169 3458
6008 2 2 0 0 7169 1859 3458
6009 2 2 0 0 1866 7170 3457
6010 2 2 0 0 7170 93 3457
6011 2 2 0 0 93 7170 3461
6012 2 2 0 0 7170 1866 3461
6013 2 2 0 0 994 7171 3457
6014 2 2 0 0 7171 1866 3457
6015 2 2 0 0 1866 7171 3479
6016 2 2 0 0 7171 994 3479
6017 2 2 0 0 1865 7172 3458
6018 2 2 0 0 7172 994 3458
6019 2 2 0 0 994 7172 3475
6020 2 2 0 0 7172 1865 3475
6021 2 2 0 0 613 7173 3458
6022 2 2 0 0 7173 1865 3458
6023 2 2 0 0 1865 7173 3465
6024 2 2 0 0 7173 613 3465
6025 2 2 0 0 1863 7174 3459
6026 2 2 0 0 7174 613 3459
6027 2 2 0 0 613 7174 3465
6028 2 2 0 0 7174 1863 3465
6029 2 2 0 0 992 7175 3459
6030 2 2 0 0 7175 1863 3459
6031 2 2 0 0 1863 7175 3464
6032 2 2 0 0 7175 992 3464
6033 2 2 0 0 615 7176 3460
6034 2 2 0 0 7176 1861 3460
6035 2 2 0 0 1861 7176 3462
6036 2 2 0 0 7176 615 3462
6037 2 2 0 0 1862 7177 3460
6038 2 2 0 0 7177 615 3460
6039 2 2 0 0 615 7177 3463
6040 2 2 0 0 7177 1862 3463
6041 2 2 0 0 1861 7178 3461
6042 2 2 0 0 7178 999 3461
6043 2 2 0 0 999 7178 3462
6044 2 2 0 0 7178 1861 3462
6045 2 2 0 0 1866 7179 3461
6046 2 2 0 0 7179 999 3461
6047 2 2 0 0 999 7179 3487
6048 2 2 0 0 7179 1866 3487
6049 2 2 0 0 1872 7180 3462
6050 2 2 0 0 7180 999 3462
6051 2 2 0 0 999 7180 3502
6052 2 2 0 0 7180 1872 3502
6053 2 2 0 0 615 7181 3462
6054 2 2 0 0 7181 1872 3462
6055 2 2 0 0 1872 7181 3499
6056 2 2 0 0 7181 615 3499
6057 2 2 0 0 1870 7182 3463
6058 2 2 0 0 7182 615 3463
6059 2 2 0 0 615 7182 3499
6060 2 2 0 0 7182 1870 3499
6061 2 2 0 0 998 7183 3463
6062 2 2 0 0 7183 1870 3463
6063 2 2 0 0 1870 7183 3498
6064 2 2 0 0 7183 998 3498
6065 2 2 0 0 194 7184 3464
6066 2 2 0 0 7184 1863 3464
6067 2 2 0 0 1863 7184 3466
6068 2 2 0 0 7184 194 3466
6069 2 2 0 0 1864 7185 3464
6070 2 2 0 0 7185 194 3464
6071 2 2 0 0 194 7185 3467
6072 2 2 0 0 7185 1864 3467
6073 2 2 0 0 1863 7186 3465
6074 2 2 0 0 7186 996 3465
6075 2 2 0 0 996 7186 3466
6076 2 2 0 0 7186 1863 3466
6077 2 2 0 0 996 7187 3465
6078 2 2 0 0 7187 1865 3465
6079 2 2 0 0 1865 7187 3478
6080 2 2 0 0 7187 996 3478
6081 2 2 0 0 1867 7188 3466
6082 2 2 0 0 7188 996 3466
6083 2 2 0 0 996 7188 3488
6084 2 2 0 0 7188 1867 3488
6085 2 2 0 0 194 7189 3466
6086 2 2 0 0 7189 1867 3466
6087 2 2 0 0 1867 7189 3494
6088 2 2 0 0 7189 194 3494
6089 2 2 0 0 1868 7190 3467
6090 2 2 0 0 7190 194 3467
6091 2 2 0 0 194 7190 3494
6092 2 2 0 0 7190 1868 3494
6093 2 2 0 0 997 7191 3467
6094 2 2 0 0 7191 1868 3467
6095 2 2 0 0 1868 7191 3495
6096 2 2 0 0 7191 997 3495
6097 2 2 0 0 1865 7192 3475
6098 2 2 0 0 7192 362 3475
6099 2 2 0 0 362 7192 3478
6100 2 2 0 0 7192 1865 3478
6101 2 2 0 0 3474 7193 3475
6102 2 2 0 0 7193 994 3475
6103 2 2 0 0 994 7193 3479
6104 2 2 0 0 7193 3474 3479
6105 2 2 0 0 996 7194 3478
6106 2 2 0 0 7194 3477 3478
6107 2 2 0 0 3477 7194 3488
6108 2 2 0 0 7194 996 3488
6109 2 2 0 0 993 7195 3479
6110 2 2 0 0 7195 1866 3479
6111 2 2 0 0 1866 7195 3487
6112 2 2 0 0 7195 993 3487
6113 2 2 0 0 3486 7196 3487
6114 2 2 0 0 7196 999 3487
6115 2 2 0 0 999 7196 3502
6116 2 2 0 0 7196 3486 3502
6117 2 2 0 0 1867 7197 3488
6118 2 2 0 0 7197 995 3488
6119 2 2 0 0 995 7197 3493
6120 2 2 0 0 7197 1867 3493
6121 2 2 0 0 1867 7198 3493
6122 2 2 0 0 7198 1004 3493
6123 2 2 0 0 1004 7198 3494
6124 2 2 0 0 7198 1867 3494
6125 2 2 0 0 1004 7199 3493
6126 2 2 0 0 7199 3492 3493
6127 2 2 0 0 3492 7199 3521
6128 2 2 0 0 7199 1004 3521
6129 2 2 0 0 1868 7200 3494
6130 2 2 0 0 7200 1004 3494
6131 2 2 0 0 1004 7200 3496
6132 2 2 0 0 7200 1868 3496
6133 2 2 0 0 617 7201 3495
6134 2 2 0 0 7201 1868 3495
6135 2 2 0 0 1868 7201 3496
6136 2 2 0 0 7201 617 3496
6137 2 2 0 0 1869 7202 3495
6138 2 2 0 0 7202 617 3495
6139 2 2 0 0 617 7202 3497
6140 2 2 0 0 7202 1869 3497
6141 2 2 0 0 1878 7203 3496
6142 2 2 0 0 7203 1004 3496
6143 2 2 0 0 1004 7203 3521
6144 2 2 0 0 7203 1878 3521
6145 2 2 0 0 617 7204 3496
6146 2 2 0 0 7204 1878 3496
6147 2 2 0 0 1878 7204 3517
6148 2 2 0 0 7204 617 3517
6149 2 2 0 0 1876 7205 3497
6150 2 2 0 0 7205 617 3497
6151 2 2 0 0 617 7205 3517
6152 2 2 0 0 7205 1876 3517
6153 2 2 0 0 1003 7206 3497
6154 2 2 0 0 7206 1876 3497
6155 2 2 0 0 1876 7206 3516
6156 2 2 0 0 7206 1003 3516
6157 2 2 0 0 197 7207 3498
6158 2 2 0 0 7207 1870 3498
6159 2 2 0 0 1870 7207 3500
6160 2 2 0 0 7207 197 3500
6161 2 2 0 0 1871 7208 3498
6162 2 2 0 0 7208 197 3498
6163 2 2 0 0 197 7208 3501
6164 2 2 0 0 7208 1871 3501
6165 2 2 0 0 1870 7209 3499
6166 2 2 0 0 7209 1001 3499
6167 2 2 0 0 1001 7209 3500
6168 2 2 0 0 7209 1870 3500
6169 2 2 0 0 1001 7210 3499
6170 2 2 0 0 7210 1872 3499
6171 2 2 0 0 1872 7210 3505
6172 2 2 0 0 7210 1001 3505
6173 2 2 0 0 1873 7211 3500
6174 2 2 0 0 7211 1001 3500
6175 2 2 0 0 1001 7211 3506
6176 2 2 0 0 7211 1873 3506
6177 2 2 0 0 197 7212 3500
6178 2 2 0 0 7212 1873 3500
6179 2 2 0 0 1873 7212 3512
6180 2 2 0 0 7212 197 3512
6181 2 2 0 0 1874 7213 3501
6182 2 2 0 0 7213 197 3501
6183 2 2 0 0 197 7213 3512
6184 2 2 0 0 7213 1874 3512
6185 2 2 0 0 1002 7214 3501
6186 2 2 0 0 7214 1874 3501
6187 2 2 0 0 1874 7214 3513
6188 2 2 0 0 7214 1002 3513
6189 2 2 0 0 1872 7215 3502
6190 2 2 0 0 7215 368 3502
6191 2 2 0 0 368 7215 3505
6192 2 2 0 0 7215 1872 3505
6193 2 2 0 0 1001 7216 3505
6194 2 2 0 0 7216 3504 3505
6195 2 2 0 0 3504 7216 3506
6196 2 2 0 0 7216 1001 3506
6197 2 2 0 0 1873 7217 3506
6198 2 2 0 0 7217 1000 3506
6199 2 2 0 0 1000 7217 3511
6200 2 2 0 0 7217 1873 3511
6201 2 2 0 0 1873 7218 3511
6202 2 2 0 0 7218 1020 3511
6203 2 2 0 0 1020 7218 3512
6204 2 2 0 0 7218 1873 3512
6205 2 2 0 0 1020 7219 3511
6206 2 2 0 0 7219 3510 3511
6207 2 2 0 0 3510 7219 3587
6208 2 2 0 0 7219 1020 3587
6209 2 2 0 0 1874 7220 3512
6210 2 2 0 0 7220 1020 3512
6211 2 2 0 0 1020 7220 3514
6212 2 2 0 0 7220 1874 3514
6213 2 2 0 0 623 7221 3513
6214 2 2 0 0 7221 1874 3513
6215 2 2 0 0 1874 7221 3514
6216 2 2 0 0 7221 623 3514
6217 2 2 0 0 1875 7222 3513
6218 2 2 0 0 7222 623 3513
6219 2 2 0 0 623 7222 3515
6220 2 2 0 0 7222 1875 3515
6221 2 2 0 0 1902 7223 3514
6222 2 2 0 0 7223 1020 3514
6223 2 2 0 0 1020 7223 3587
6224 2 2 0 0 7223 1902 3587
6225 2 2 0 0 623 7224 3514
6226 2 2 0 0 7224 1902 3514
6227 2 2 0 0 1902 7224 3583
6228 2 2 0 0 7224 623 3583
6229 2 2 0 0 1900 7225 3515
6230 2 2 0 0 7225 623 3515
6231 2 2 0 0 623 7225 3583
6232 2 2 0 0 7225 1900 3583
6233 2 2 0 0 1019 7226 3515
6234 2 2 0 0 7226 1900 3515
6235 2 2 0 0 1900 7226 3582
6236 2 2 0 0 7226 1019 3582
6237 2 2 0 0 124 7227 3516
6238 2 2 0 0 7227 1876 3516
6239 2 2 0 0 1876 7227 3518
6240 2 2 0 0 7227 124 3518
6241 2 2 0 0 1877 7228 3516
6242 2 2 0 0 7228 124 3516
6243 2 2 0 0 124 7228 3519
6244 2 2 0 0 7228 1877 3519
6245 2 2 0 0 1876 7229 3517
6246 2 2 0 0 7229 1006 3517
6247 2 2 0 0 1006 7229 3518
6248 2 2 0 0 7229 1876 3518
6249 2 2 0 0 1006 7230 3517
6250 2 2 0 0 7230 1878 3517
6251 2 2 0 0 1878 7230 3524
6252 2 2 0 0 7230 1006 3524
6253 2 2 0 0 1879 7231 3518
6254 2 2 0 0 7231 1006 3518
6255 2 2 0 0 1006 7231 3525
6256 2 2 0 0 7231 1879 3525
6257 2 2 0 0 124 7232 3518
6258 2 2 0 0 7232 1879 3518
6259 2 2 0 0 1879 7232 3533
6260 2 2 0 0 7232 124 3533
6261 2 2 0 0 1877 7233 3519
6262 2 2 0 0 7233 1007 3519
6263 2 2 0 0 1007 7233 3520
6264 2 2 0 0 7233 1877 3520
6265 2 2 0 0 1881 7234 3519
6266 2 2 0 0 7234 124 3519
6267 2 2 0 0 124 7234 3533
6268 2 2 0 0 7234 1881 3533
6269 2 2 0 0 1007 7235 3519
6270 2 2 0 0 7235 1881 3519
6271 2 2 0 0 1881 7235 3536
6272 2 2 0 0 7235 1007 3536
6273 2 2 0 0 1880 7236 3520
6274 2 2 0 0 7236 1007 3520
6275 2 2 0 0 1007 7236 3534
6276 2 2 0 0 7236 1880 3534
6277 2 2 0 0 1878 7237 3521
6278 2 2 0 0 7237 364 3521
6279 2 2 0 0 364 7237 3524
6280 2 2 0 0 7237 1878 3524
6281 2 2 0 0 1006 7238 3524
6282 2 2 0 0 7238 3523 3524
6283 2 2 0 0 3523 7238 3525
6284 2 2 0 0 7238 1006 3525
6285 2 2 0 0 1879 7239 3525
6286 2 2 0 0 7239 1005 3525
6287 2 2 0 0 1005 7239 3532
6288 2 2 0 0 7239 1879 3532
6289 2 2 0 0 1879 7240 3532
6290 2 2 0 0 7240 1012 3532
6291 2 2 0 0 1012 7240 3533
6292 2 2 0 0 7240 1879 3533
6293 2 2 0 0 1012 7241 3532
6294 2 2 0 0 7241 3531 3532
6295 2 2 0 0 3531 7241 3555
6296 2 2 0 0 7241 1012 3555
6297 2 2 0 0 1881 7242 3533
6298 2 2 0 0 7242 1012 3533
6299 2 2 0 0 1012 7242 3537
6300 2 2 0 0 7242 1881 3537
6301 2 2 0 0 1880 7243 3534
6302 2 2 0 0 7243 365 3534
6303 2 2 0 0 365 7243 3535
6304 2 2 0 0 7243 1880 3535
6305 2 2 0 0 1882 7244 3534
6306 2 2 0 0 7244 1007 3534
6307 2 2 0 0 1007 7244 3536
6308 2 2 0 0 7244 1882 3536
6309 2 2 0 0 365 7245 3534
6310 2 2 0 0 7245 1882 3534
6311 2 2 0 0 1882 7245 3539
6312 2 2 0 0 7245 365 3539
6313 2 2 0 0 1883 7246 3535
6314 2 2 0 0 7246 365 3535
6315 2 2 0 0 365 7246 3540
6316 2 2 0 0 7246 1883 3540
6317 2 2 0 0 620 7247 3536
6318 2 2 0 0 7247 1881 3536
6319 2 2 0 0 1881 7247 3537
6320 2 2 0 0 7247 620 3537
6321 2 2 0 0 1882 7248 3536
6322 2 2 0 0 7248 620 3536
6323 2 2 0 0 620 7248 3538
6324 2 2 0 0 7248 1882 3538
6325 2 2 0 0 1890 7249 3537
6326 2 2 0 0 7249 1012 3537
6327 2 2 0 0 1012 7249 3555
6328 2 2 0 0 7249 1890 3555
6329 2 2 0 0 620 7250 3537
6330 2 2 0 0 7250 1890 3537
6331 2 2 0 0 1890 7250 3551
6332 2 2 0 0 7250 620 3551
6333 2 2 0 0 1882 7251 3538
6334 2 2 0 0 7251 1011 3538
6335 2 2 0 0 1011 7251 3539
6336 2 2 0 0 7251 1882 3539
6337 2 2 0 0 1888 7252 3538
6338 2 2 0 0 7252 620 3538
6339 2 2 0 0 620 7252 3551
6340 2 2 0 0 7252 1888 3551
6341 2 2 0 0 1011 7253 3538
6342 2 2 0 0 7253 1888 3538
6343 2 2 0 0 1888 7253 3550
6344 2 2 0 0 7253 1011 3550
6345 2 2 0 0 1885 7254 3539
6346 2 2 0 0 7254 1011 3539
6347 2 2 0 0 1011 7254 3545
6348 2 2 0 0 7254 1885 3545
6349 2 2 0 0 365 7255 3539
6350 2 2 0 0 7255 1885 3539
6351 2 2 0 0 1885 7255 3540
6352 2 2 0 0 7255 365 3540
6353 2 2 0 0 1883 7256 3540
6354 2 2 0 0 7256 1009 3540
6355 2 2 0 0 1009 7256 3541
6356 2 2 0 0 7256 1883 3541
6357 2 2 0 0 1009 7257 3540
6358 2 2 0 0 7257 1885 3540
6359 2 2 0 0 1885 7257 3544
6360 2 2 0 0 7257 1009 3544
6361 2 2 0 0 1884 7258 3541
6362 2 2 0 0 7258 1009 3541
6363 2 2 0 0 1009 7258 3542
6364 2 2 0 0 7258 1884 3542
6365 2 2 0 0 1884 7259 3542
6366 2 2 0 0 7259 159 3542
6367 2 2 0 0 159 7259 3543
6368 2 2 0 0 7259 1884 3543
6369 2 2 0 0 1886 7260 3542
6370 2 2 0 0 7260 1009 3542
6371 2 2 0 0 1009 7260 3544
6372 2 2 0 0 7260 1886 3544
6373 2 2 0 0 159 7261 3542
6374 2 2 0 0 7261 1886 3542
6375 2 2 0 0 1886 7261 3547
6376 2 2 0 0 7261 159 3547
6377 2 2 0 0 1887 7262 3543
6378 2 2 0 0 7262 159 3543
6379 2 2 0 0 159 7262 3548
6380 2 2 0 0 7262 1887 3548
6381 2 2 0 0 621 7263 3544
6382 2 2 0 0 7263 1885 3544
6383 2 2 0 0 1885 7263 3545
6384 2 2 0 0 7263 621 3545
6385 2 2 0 0 1886 7264 3544
6386 2 2 0 0 7264 621 3544
6387 2 2 0 0 621 7264 3546
6388 2 2 0 0 7264 1886 3546
6389 2 2 0 0 1889 7265 3545
6390 2 2 0 0 7265 1011 3545
6391 2 2 0 0 1011 7265 3550
6392 2 2 0 0 7265 1889 3550
6393 2 2 0 0 621 7266 3545
6394 2 2 0 0 7266 1889 3545
6395 2 2 0 0 1889 7266 3554
6396 2 2 0 0 7266 621 3554
6397 2 2 0 0 1886 7267 3546
6398 2 2 0 0 7267 1016 3546
6399 2 2 0 0 1016 7267 3547
6400 2 2 0 0 7267 1886 3547
6401 2 2 0 0 1892 7268 3546
6402 2 2 0 0 7268 621 3546
6403 2 2 0 0 621 7268 3554
6404 2 2 0 0 7268 1892 3554
6405 2 2 0 0 1016 7269 3546
6406 2 2 0 0 7269 1892 3546
6407 2 2 0 0 1892 7269 3567
6408 2 2 0 0 7269 1016 3567
6409 2 2 0 0 1896 7270 3547
6410 2 2 0 0 7270 1016 3547
6411 2 2 0 0 1016 7270 3572
6412 2 2 0 0 7270 1896 3572
6413 2 2 0 0 159 7271 3547
6414 2 2 0 0 7271 1896 3547
6415 2 2 0 0 1896 7271 3548
6416 2 2 0 0 7271 159 3548
6417 2 2 0 0 1887 7272 3548
6418 2 2 0 0 7272 1017 3548
6419 2 2 0 0 1017 7272 3549
6420 2 2 0 0 7272 1887 3549
6421 2 2 0 0 1017 7273 3548
6422 2 2 0 0 7273 1896 3548
6423 2 2 0 0 1896 7273 3575
6424 2 2 0 0 7273 1017 3575
6425 2 2 0 0 1897 7274 3549
6426 2 2 0 0 7274 1017 3549
6427 2 2 0 0 1017 7274 3576
6428 2 2 0 0 7274 1897 3576
6429 2 2 0 0 234 7275 3550
6430 2 2 0 0 7275 1888 3550
6431 2 2 0 0 1888 7275 3552
6432 2 2 0 0 7275 234 3552
6433 2 2 0 0 1889 7276 3550
6434 2 2 0 0 7276 234 3550
6435 2 2 0 0 234 7276 3553
6436 2 2 0 0 7276 1889 3553
6437 2 2 0 0 1888 7277 3551
6438 2 2 0 0 7277 1014 3551
6439 2 2 0 0 1014 7277 3552
6440 2 2 0 0 7277 1888 3552
6441 2 2 0 0 1014 7278 3551
6442 2 2 0 0 7278 1890 3551
6443 2 2 0 0 1890 7278 3558
6444 2 2 0 0 7278 1014 3558
6445 2 2 0 0 1891 7279 3552
6446 2 2 0 0 7279 1014 3552
6447 2 2 0 0 1014 7279 3559
6448 2 2 0 0 7279 1891 3559
6449 2 2 0 0 234 7280 3552
6450 2 2 0 0 7280 1891 3552
6451 2 2 0 0 1891 7280 3565
6452 2 2 0 0 7280 234 3565
6453 2 2 0 0 1889 7281 3553
6454 2 2 0 0 7281 1015 3553
6455 2 2 0 0 1015 7281 3554
6456 2 2 0 0 7281 1889 3554
6457 2 2 0 0 1893 7282 3553
6458 2 2 0 0 7282 234 3553
6459 2 2 0 0 234 7282 3565
6460 2 2 0 0 7282 1893 3565
6461 2 2 0 0 1015 7283 3553
6462 2 2 0 0 7283 1893 3553
6463 2 2 0 0 1893 7283 3568
6464 2 2 0 0 7283 1015 3568
6465 2 2 0 0 1892 7284 3554
6466 2 2 0 0 7284 1015 3554
6467 2 2 0 0 1015 7284 3566
6468 2 2 0 0 7284 1892 3566
6469 2 2 0 0 1890 7285 3555
6470 2 2 0 0 7285 427 3555
6471 2 2 0 0 427 7285 3558
6472 2 2 0 0 7285 1890 3558
6473 2 2 0 0 1014 7286 3558
6474 2 2 0 0 7286 3557 3558
6475 2 2 0 0 3557 7286 3559
6476 2 2 0 0 7286 1014 3559
6477 2 2 0 0 1891 7287 3559
6478 2 2 0 0 7287 1013 3559
6479 2 2 0 0 1013 7287 3564
6480 2 2 0 0 7287 1891 3564
6481 2 2 0 0 1891 7288 3564
6482 2 2 0 0 7288 1241 3564
6483 2 2 0 0 1241 7288 3565
6484 2 2 0 0 7288 1891 3565
6485 2 2 0 0 1241 7289 3564
6486 2 2 0 0 7289 3563 3564
6487 2 2 0 0 3563 7289 4522
6488 2 2 0 0 7289 1241 4522
6489 2 2 0 0 1893 7290 3565
6490 2 2 0 0 7290 1241 3565
6491 2 2 0 0 1241 7290 3569
6492 2 2 0 0 7290 1893 3569
6493 2 2 0 0 1892 7291 3566
6494 2 2 0 0 7291 426 3566
6495 2 2 0 0 426 7291 3567
6496 2 2 0 0 7291 1892 3567
6497 2 2 0 0 1894 7292 3566
6498 2 2 0 0 7292 1015 3566
6499 2 2 0 0 1015 7292 3568
6500 2 2 0 0 7292 1894 3568
6501 2 2 0 0 426 7293 3566
6502 2 2 0 0 7293 1894 3566
6503 2 2 0 0 1894 7293 3571
6504 2 2 0 0 7293 426 3571
6505 2 2 0 0 1895 7294 3567
6506 2 2 0 0 7294 426 3567
6507 2 2 0 0 426 7294 3573
6508 2 2 0 0 7294 1895 3573
6509 2 2 0 0 1016 7295 3567
6510 2 2 0 0 7295 1895 3567
6511 2 2 0 0 1895 7295 3572
6512 2 2 0 0 7295 1016 3572
6513 2 2 0 0 722 7296 3568
6514 2 2 0 0 7296 1893 3568
6515 2 2 0 0 1893 7296 3569
6516 2 2 0 0 7296 722 3569
6517 2 2 0 0 1894 7297 3568
6518 2 2 0 0 7297 722 3568
6519 2 2 0 0 722 7297 3570
6520 2 2 0 0 7297 1894 3570
6521 2 2 0 0 2316 7298 3569
6522 2 2 0 0 7298 1241 3569
6523 2 2 0 0 1241 7298 4522
6524 2 2 0 0 7298 2316 4522
6525 2 2 0 0 722 7299 3569
6526 2 2 0 0 7299 2316 3569
6527 2 2 0 0 2316 7299 4518
6528 2 2 0 0 7299 722 4518
6529 2 2 0 0 1894 7300 3570
6530 2 2 0 0 7300 1240 3570
6531 2 2 0 0 1240 7300 3571
6532 2 2 0 0 7300 1894 3571
6533 2 2 0 0 2314 7301 3570
6534 2 2 0 0 7301 722 3570
6535 2 2 0 0 722 7301 4518
6536 2 2 0 0 7301 2314 4518
6537 2 2 0 0 1240 7302 3570
6538 2 2 0 0 7302 2314 3570
6539 2 2 0 0 2314 7302 4517
6540 2 2 0 0 7302 1240 4517
6541 2 2 0 0 2286 7303 3571
6542 2 2 0 0 7303 1240 3571
6543 2 2 0 0 1240 7303 4437
6544 2 2 0 0 7303 2286 4437
6545 2 2 0 0 426 7304 3571
6546 2 2 0 0 7304 2286 3571
6547 2 2 0 0 2286 7304 3573
6548 2 2 0 0 7304 426 3573
6549 2 2 0 0 714 7305 3572
6550 2 2 0 0 7305 1895 3572
6551 2 2 0 0 1895 7305 3574
6552 2 2 0 0 7305 714 3574
6553 2 2 0 0 1896 7306 3572
6554 2 2 0 0 7306 714 3572
6555 2 2 0 0 714 7306 3575
6556 2 2 0 0 7306 1896 3575
6557 2 2 0 0 1895 7307 3573
6558 2 2 0 0 7307 1220 3573
6559 2 2 0 0 1220 7307 3574
6560 2 2 0 0 7307 1895 3574
6561 2 2 0 0 1220 7308 3573
6562 2 2 0 0 7308 2286 3573
6563 2 2 0 0 2286 7308 4436
6564 2 2 0 0 7308 1220 4436
6565 2 2 0 0 2284 7309 3574
6566 2 2 0 0 7309 1220 3574
6567 2 2 0 0 1220 7309 4433
6568 2 2 0 0 7309 2284 4433
6569 2 2 0 0 714 7310 3574
6570 2 2 0 0 7310 2284 3574
6571 2 2 0 0 2284 7310 3578
6572 2 2 0 0 7310 714 3578
6573 2 2 0 0 1898 7311 3575
6574 2 2 0 0 7311 714 3575
6575 2 2 0 0 714 7311 3578
6576 2 2 0 0 7311 1898 3578
6577 2 2 0 0 1017 7312 3575
6578 2 2 0 0 7312 1898 3575
6579 2 2 0 0 1898 7312 3576
6580 2 2 0 0 7312 1017 3576
6581 2 2 0 0 1897 7313 3576
6582 2 2 0 0 7313 416 3576
6583 2 2 0 0 416 7313 3577
6584 2 2 0 0 7313 1897 3577
6585 2 2 0 0 416 7314 3576
6586 2 2 0 0 7314 1898 3576
6587 2 2 0 0 1898 7314 3579
6588 2 2 0 0 7314 416 3579
6589 2 2 0 0 1899 7315 3577
6590 2 2 0 0 7315 416 3577
6591 2 2 0 0 416 7315 3580
6592 2 2 0 0 7315 1899 3580
6593 2 2 0 0 1898 7316 3578
6594 2 2 0 0 7316 1219 3578
6595 2 2 0 0 1219 7316 3579
6596 2 2 0 0 7316 1898 3579
6597 2 2 0 0 1219 7317 3578
6598 2 2 0 0 7317 2284 3578
6599 2 2 0 0 2284 7317 4432
6600 2 2 0 0 7317 1219 4432
6601 2 2 0 0 2280 7318 3579
6602 2 2 0 0 7318 1219 3579
6603 2 2 0 0 1219 7318 4417
6604 2 2 0 0 7318 2280 4417
6605 2 2 0 0 416 7319 3579
6606 2 2 0 0 7319 2280 3579
6607 2 2 0 0 2280 7319 3580
6608 2 2 0 0 7319 416 3580
6609 2 2 0 0 1899 7320 3580
6610 2 2 0 0 7320 1215 3580
6611 2 2 0 0 1215 7320 3581
6612 2 2 0 0 7320 1899 3581
6613 2 2 0 0 1215 7321 3580
6614 2 2 0 0 7321 2280 3580
6615 2 2 0 0 2280 7321 4416
6616 2 2 0 0 7321 1215 4416
6617 2 2 0 0 2278 7322 3581
6618 2 2 0 0 7322 1215 3581
6619 2 2 0 0 1215 7322 4413
6620 2 2 0 0 7322 2278 4413
6621 2 2 0 0 122 7323 3582
6622 2 2 0 0 7323 1900 3582
6623 2 2 0 0 1900 7323 3584
6624 2 2 0 0 7323 122 3584
6625 2 2 0 0 1901 7324 3582
6626 2 2 0 0 7324 122 3582
6627 2 2 0 0 1901 7324 3586
6628 2 2 0 0 7324 122 3586
6629 2 2 0 0 1900 7325 3583
6630 2 2 0 0 7325 1022 3583
6631 2 2 0 0 1022 7325 3584
6632 2 2 0 0 7325 1900 3584
6633 2 2 0 0 1022 7326 3583
6634 2 2 0 0 7326 1902 3583
6635 2 2 0 0 1902 7326 3590
6636 2 2 0 0 7326 1022 3590
6637 2 2 0 0 1903 7327 3584
6638 2 2 0 0 7327 1022 3584
6639 2 2 0 0 1022 7327 3591
6640 2 2 0 0 7327 1903 3591
6641 2 2 0 0 122 7328 3584
6642 2 2 0 0 7328 1903 3584
6643 2 2 0 0 122 7328 3592
6644 2 2 0 0 7328 1903 3592
6645 2 2 0 0 1901 7329 3585
6646 2 2 0 0 7329 1024 3585
6647 2 2 0 0 1024 7329 3586
6648 2 2 0 0 7329 1901 3586
6649 2 2 0 0 1024 7330 3585
6650 2 2 0 0 7330 1904 3585
6651 2 2 0 0 1904 7330 3601
6652 2 2 0 0 7330 1024 3601
6653 2 2 0 0 1907 7331 3586
6654 2 2 0 0 7331 1024 3586
6655 2 2 0 0 1024 7331 3604
6656 2 2 0 0 7331 1907 3604
6657 2 2 0 0 122 7332 3586
6658 2 2 0 0 7332 1907 3586
6659 2 2 0 0 1907 7332 3592
6660 2 2 0 0 7332 122 3592
6661 2 2 0 0 1902 7333 3587
6662 2 2 0 0 7333 370 3587
6663 2 2 0 0 370 7333 3590
6664 2 2 0 0 7333 1902 3590
6665 2 2 0 0 1022 7334 3590
6666 2 2 0 0 7334 3589 3590
6667 2 2 0 0 3589 7334 3591
6668 2 2 0 0 7334 1022 3591
6669 2 2 0 0 1903 7335 3591
6670 2 2 0 0 7335 1021 3591
6671 2 2 0 0 1903 7335 3599
6672 2 2 0 0 7335 1021 3599
6673 2 2 0 0 1903 7336 3592
6674 2 2 0 0 7336 1034 3592
6675 2 2 0 0 1034 7336 3599
6676 2 2 0 0 7336 1903 3599
6677 2 2 0 0 1034 7337 3592
6678 2 2 0 0 7337 1907 3592
6679 2 2 0 0 1907 7337 3607
6680 2 2 0 0 7337 1034 3607
6681 2 2 0 0 3598 7338 3599
6682 2 2 0 0 7338 1034 3599
6683 2 2 0 0 1034 7338 3641
6684 2 2 0 0 7338 3598 3641
6685 2 2 0 0 1904 7339 3600
6686 2 2 0 0 7339 372 3600
6687 2 2 0 0 372 7339 3601
6688 2 2 0 0 7339 1904 3601
6689 2 2 0 0 372 7340 3600
6690 2 2 0 0 7340 1905 3600
6691 2 2 0 0 1905 7340 3603
6692 2 2 0 0 7340 372 3603
6693 2 2 0 0 1906 7341 3601
6694 2 2 0 0 7341 372 3601
6695 2 2 0 0 372 7341 3605
6696 2 2 0 0 7341 1906 3605
6697 2 2 0 0 1024 7342 3601
6698 2 2 0 0 7342 1906 3601
6699 2 2 0 0 1906 7342 3604
6700 2 2 0 0 7342 1024 3604
6701 2 2 0 0 1905 7343 3602
6702 2 2 0 0 7343 1026 3602
6703 2 2 0 0 1026 7343 3603
6704 2 2 0 0 7343 1905 3603
6705 2 2 0 0 1026 7344 3602
6706 2 2 0 0 7344 1908 3602
6707 2 2 0 0 1908 7344 3609
6708 2 2 0 0 7344 1026 3609
6709 2 2 0 0 1911 7345 3603
6710 2 2 0 0 7345 1026 3603
6711 2 2 0 0 1026 7345 3612
6712 2 2 0 0 7345 1911 3612
6713 2 2 0 0 372 7346 3603
6714 2 2 0 0 7346 1911 3603
6715 2 2 0 0 1911 7346 3605
6716 2 2 0 0 7346 372 3605
6717 2 2 0 0 628 7347 3604
6718 2 2 0 0 7347 1906 3604
6719 2 2 0 0 1906 7347 3606
6720 2 2 0 0 7347 628 3606
6721 2 2 0 0 1907 7348 3604
6722 2 2 0 0 7348 628 3604
6723 2 2 0 0 628 7348 3607
6724 2 2 0 0 7348 1907 3607
6725 2 2 0 0 1906 7349 3605
6726 2 2 0 0 7349 1029 3605
6727 2 2 0 0 1029 7349 3606
6728 2 2 0 0 7349 1906 3606
6729 2 2 0 0 1029 7350 3605
6730 2 2 0 0 7350 1911 3605
6731 2 2 0 0 1911 7350 3615
6732 2 2 0 0 7350 1029 3615
6733 2 2 0 0 1917 7351 3606
6734 2 2 0 0 7351 1029 3606
6735 2 2 0 0 1029 7351 3624
6736 2 2 0 0 7351 1917 3624
6737 2 2 0 0 628 7352 3606
6738 2 2 0 0 7352 1917 3606
6739 2 2 0 0 1917 7352 3628
6740 2 2 0 0 7352 628 3628
6741 2 2 0 0 1922 7353 3607
6742 2 2 0 0 7353 628 3607
6743 2 2 0 0 628 7353 3628
6744 2 2 0 0 7353 1922 3628
6745 2 2 0 0 1034 7354 3607
6746 2 2 0 0 7354 1922 3607
6747 2 2 0 0 1922 7354 3641
6748 2 2 0 0 7354 1034 3641
6749 2 2 0 0 1908 7355 3608
6750 2 2 0 0 7355 158 3608
6751 2 2 0 0 158 7355 3609
6752 2 2 0 0 7355 1908 3609
6753 2 2 0 0 158 7356 3608
6754 2 2 0 0 7356 1909 3608
6755 2 2 0 0 1909 7356 3611
6756 2 2 0 0 7356 158 3611
6757 2 2 0 0 1910 7357 3609
6758 2 2 0 0 7357 158 3609
6759 2 2 0 0 158 7357 3613
6760 2 2 0 0 7357 1910 3613
6761 2 2 0 0 1026 7358 3609
6762 2 2 0 0 7358 1910 3609
6763 2 2 0 0 1910 7358 3612
6764 2 2 0 0 7358 1026 3612
6765 2 2 0 0 1909 7359 3610
6766 2 2 0 0 7359 1028 3610
6767 2 2 0 0 1028 7359 3611
6768 2 2 0 0 7359 1909 3611
6769 2 2 0 0 1028 7360 3610
6770 2 2 0 0 7360 1912 3610
6771 2 2 0 0 1912 7360 3617
6772 2 2 0 0 7360 1028 3617
6773 2 2 0 0 1915 7361 3611
6774 2 2 0 0 7361 1028 3611
6775 2 2 0 0 1028 7361 3620
6776 2 2 0 0 7361 1915 3620
6777 2 2 0 0 158 7362 3611
6778 2 2 0 0 7362 1915 3611
6779 2 2 0 0 1915 7362 3613
6780 2 2 0 0 7362 158 3613
6781 2 2 0 0 627 7363 3612
6782 2 2 0 0 7363 1910 3612
6783 2 2 0 0 1910 7363 3614
6784 2 2 0 0 7363 627 3614
6785 2 2 0 0 1911 7364 3612
6786 2 2 0 0 7364 627 3612
6787 2 2 0 0 627 7364 3615
6788 2 2 0 0 7364 1911 3615
6789 2 2 0 0 1910 7365 3613
6790 2 2 0 0 7365 1030 3613
6791 2 2 0 0 1030 7365 3614
6792 2 2 0 0 7365 1910 3614
6793 2 2 0 0 1030 7366 3613
6794 2 2 0 0 7366 1915 3613
6795 2 2 0 0 1915 7366 3623
6796 2 2 0 0 7366 1030 3623
6797 2 2 0 0 1918 7367 3614
6798 2 2 0 0 7367 1030 3614
6799 2 2 0 0 1030 7367 3629
6800 2 2 0 0 7367 1918 3629
6801 2 2 0 0 627 7368 3614
6802 2 2 0 0 7368 1918 3614
6803 2 2 0 0 1918 7368 3625
6804 2 2 0 0 7368 627 3625
6805 2 2 0 0 1916 7369 3615
6806 2 2 0 0 7369 627 3615
6807 2 2 0 0 627 7369 3625
6808 2 2 0 0 7369 1916 3625
6809 2 2 0 0 1029 7370 3615
6810 2 2 0 0 7370 1916 3615
6811 2 2 0 0 1916 7370 3624
6812 2 2 0 0 7370 1029 3624
6813 2 2 0 0 1912 7371 3616
6814 2 2 0 0 7371 390 3616
6815 2 2 0 0 390 7371 3617
6816 2 2 0 0 7371 1912 3617
6817 2 2 0 0 390 7372 3616
6818 2 2 0 0 7372 1913 3616
6819 2 2 0 0 1913 7372 3619
6820 2 2 0 0 7372 390 3619
6821 2 2 0 0 1914 7373 3617
6822 2 2 0 0 7373 390 3617
6823 2 2 0 0 390 7373 3621
6824 2 2 0 0 7373 1914 3621
6825 2 2 0 0 1028 7374 3617
6826 2 2 0 0 7374 1914 3617
6827 2 2 0 0 1914 7374 3620
6828 2 2 0 0 7374 1028 3620
6829 2 2 0 0 1913 7375 3618
6830 2 2 0 0 7375 1106 3618
6831 2 2 0 0 1106 7375 3619
6832 2 2 0 0 7375 1913 3619
6833 2 2 0 0 1106 7376 3618
6834 2 2 0 0 7376 2069 3618
6835 2 2 0 0 2069 7376 3947
6836 2 2 0 0 7376 1106 3947
6837 2 2 0 0 2075 7377 3619
6838 2 2 0 0 7377 1106 3619
6839 2 2 0 0 1106 7377 3957
6840 2 2 0 0 7377 2075 3957
6841 2 2 0 0 390 7378 3619
6842 2 2 0 0 7378 2075 3619
6843 2 2 0 0 2075 7378 3621
6844 2 2 0 0 7378 390 3621
6845 2 2 0 0 668 7379 3620
6846 2 2 0 0 7379 1914 3620
6847 2 2 0 0 1914 7379 3622
6848 2 2 0 0 7379 668 3622
6849 2 2 0 0 1915 7380 3620
6850 2 2 0 0 7380 668 3620
6851 2 2 0 0 668 7380 3623
6852 2 2 0 0 7380 1915 3623
6853 2 2 0 0 1914 7381 3621
6854 2 2 0 0 7381 1116 3621
6855 2 2 0 0 1116 7381 3622
6856 2 2 0 0 7381 1914 3622
6857 2 2 0 0 1116 7382 3621
6858 2 2 0 0 7382 2075 3621
6859 2 2 0 0 2075 7382 3959
6860 2 2 0 0 7382 1116 3959
6861 2 2 0 0 2095 7383 3622
6862 2 2 0 0 7383 1116 3622
6863 2 2 0 0 1116 7383 3998
6864 2 2 0 0 7383 2095 3998
6865 2 2 0 0 668 7384 3622
6866 2 2 0 0 7384 2095 3622
6867 2 2 0 0 2095 7384 3631
6868 2 2 0 0 7384 668 3631
6869 2 2 0 0 1919 7385 3623
6870 2 2 0 0 7385 668 3623
6871 2 2 0 0 668 7385 3631
6872 2 2 0 0 7385 1919 3631
6873 2 2 0 0 1030 7386 3623
6874 2 2 0 0 7386 1919 3623
6875 2 2 0 0 1919 7386 3629
6876 2 2 0 0 7386 1030 3629
6877 2 2 0 0 227 7387 3624
6878 2 2 0 0 7387 1916 3624
6879 2 2 0 0 1916 7387 3626
6880 2 2 0 0 7387 227 3626
6881 2 2 0 0 1917 7388 3624
6882 2 2 0 0 7388 227 3624
6883 2 2 0 0 227 7388 3627
6884 2 2 0 0 7388 1917 3627
6885 2 2 0 0 1916 7389 3625
6886 2 2 0 0 7389 1031 3625
6887 2 2 0 0 1031 7389 3626
6888 2 2 0 0 7389 1916 3626
6889 2 2 0 0 1031 7390 3625
6890 2 2 0 0 7390 1918 3625
6891 2 2 0 0 1918 7390 3630
6892 2 2 0 0 7390 1031 3630
6893 2 2 0 0 1921 7391 3626
6894 2 2 0 0 7391 1031 3626
6895 2 2 0 0 1031 7391 3633
6896 2 2 0 0 7391 1921 3633
6897 2 2 0 0 227 7392 3626
6898 2 2 0 0 7392 1921 3626
6899 2 2 0 0 1921 7392 3637
6900 2 2 0 0 7392 227 3637
6901 2 2 0 0 1917 7393 3627
6902 2 2 0 0 7393 1033 3627
6903 2 2 0 0 1033 7393 3628
6904 2 2 0 0 7393 1917 3628
6905 2 2 0 0 1923 7394 3627
6906 2 2 0 0 7394 227 3627
6907 2 2 0 0 227 7394 3637
6908 2 2 0 0 7394 1923 3637
6909 2 2 0 0 1033 7395 3627
6910 2 2 0 0 7395 1923 3627
6911 2 2 0 0 1923 7395 3642
6912 2 2 0 0 7395 1033 3642
6913 2 2 0 0 1922 7396 3628
6914 2 2 0 0 7396 1033 3628
6915 2 2 0 0 1033 7396 3640
6916 2 2 0 0 7396 1922 3640
6917 2 2 0 0 1918 7397 3629
6918 2 2 0 0 7397 420 3629
6919 2 2 0 0 420 7397 3630
6920 2 2 0 0 7397 1918 3630
6921 2 2 0 0 420 7398 3629
6922 2 2 0 0 7398 1919 3629
6923 2 2 0 0 1919 7398 3632
6924 2 2 0 0 7398 420 3632
6925 2 2 0 0 1920 7399 3630
6926 2 2 0 0 7399 420 3630
6927 2 2 0 0 420 7399 3634
6928 2 2 0 0 7399 1920 3634
6929 2 2 0 0 1031 7400 3630
6930 2 2 0 0 7400 1920 3630
6931 2 2 0 0 1920 7400 3633
6932 2 2 0 0 7400 1031 3633
6933 2 2 0 0 1919 7401 3631
6934 2 2 0 0 7401 1118 3631
6935 2 2 0 0 1118 7401 3632
6936 2 2 0 0 7401 1919 3632
6937 2 2 0 0 1118 7402 3631
6938 2 2 0 0 7402 2095 3631
6939 2 2 0 0 2095 7402 4000
6940 2 2 0 0 7402 1118 4000
6941 2 2 0 0 2099 7403 3632
6942 2 2 0 0 7403 1118 3632
6943 2 2 0 0 1118 7403 4005
6944 2 2 0 0 7403 2099 4005
6945 2 2 0 0 420 7404 3632
6946 2 2 0 0 7404 2099 3632
6947 2 2 0 0 2099 7404 3634
6948 2 2 0 0 7404 420 3634
6949 2 2 0 0 716 7405 3633
6950 2 2 0 0 7405 1920 3633
6951 2 2 0 0 1920 7405 3635
6952 2 2 0 0 7405 716 3635
6953 2 2 0 0 1921 7406 3633
6954 2 2 0 0 7406 716 3633
6955 2 2 0 0 716 7406 3636
6956 2 2 0 0 7406 1921 3636
6957 2 2 0 0 1920 7407 3634
6958 2 2 0 0 7407 1224 3634
6959 2 2 0 0 1224 7407 3635
6960 2 2 0 0 7407 1920 3635
6961 2 2 0 0 1224 7408 3634
6962 2 2 0 0 7408 2099 3634
6963 2 2 0 0 2099 7408 4007
6964 2 2 0 0 7408 1224 4007
6965 2 2 0 0 2290 7409 3635
6966 2 2 0 0 7409 1224 3635
6967 2 2 0 0 1224 7409 4450
6968 2 2 0 0 7409 2290 4450
6969 2 2 0 0 716 7410 3635
6970 2 2 0 0 7410 2290 3635
6971 2 2 0 0 2290 7410 4452
6972 2 2 0 0 7410 716 4452
6973 2 2 0 0 1921 7411 3636
6974 2 2 0 0 7411 1227 3636
6975 2 2 0 0 1227 7411 3637
6976 2 2 0 0 7411 1921 3637
6977 2 2 0 0 2292 7412 3636
6978 2 2 0 0 7412 716 3636
6979 2 2 0 0 716 7412 4452
6980 2 2 0 0 7412 2292 4452
6981 2 2 0 0 1227 7413 3636
6982 2 2 0 0 7413 2292 3636
6983 2 2 0 0 2292 7413 4458
6984 2 2 0 0 7413 1227 4458
6985 2 2 0 0 1923 7414 3637
6986 2 2 0 0 7414 1227 3637
6987 2 2 0 0 1227 7414 3647
6988 2 2 0 0 7414 1923 3647
6989 2 2 0 0 1922 7415 3640
6990 2 2 0 0 7415 423 3640
6991 2 2 0 0 423 7415 3641
6992 2 2 0 0 7415 1922 3641
6993 2 2 0 0 3639 7416 3640
6994 2 2 0 0 7416 1033 3640
6995 2 2 0 0 1033 7416 3642
6996 2 2 0 0 7416 3639 3642
6997 2 2 0 0 1032 7417 3642
6998 2 2 0 0 7417 1923 3642
6999 2 2 0 0 1923 7417 3647
7000 2 2 0 0 7417 1032 3647
7001 2 2 0 0 3646 7418 3647
7002 2 2 0 0 7418 1227 3647
7003 2 2 0 0 1227 7418 4458
7004 2 2 0 0 7418 3646 4458
7005 2 2 0 0 40 7419 3648
7006 2 2 0 0 7419 1924 3648
7007 2 2 0 0 40 7419 3649
7008 2 2 0 0 7419 1924 3649
7009 2 2 0 0 1925 7420 3648
7010 2 2 0 0 7420 40 3648
7011 2 2 0 0 1925 7420 3653
7012 2 2 0 0 7420 40 3653
7013 2 2 0 0 1035 7421 3648
7014 2 2 0 0 7421 1925 3648
7015 2 2 0 0 1925 7421 3651
7016 2 2 0 0 7421 1035 3651
7017 2 2 0 0 1924 7422 3649
7018 2 2 0 0 7422 1036 3649
7019 2 2 0 0 1036 7422 3650
7020 2 2 0 0 7422 1924 3650
7021 2 2 0 0 1929 7423 3649
7022 2 2 0 0 7423 1036 3649
7023 2 2 0 0 1036 7423 3657
7024 2 2 0 0 7423 1929 3657
7025 2 2 0 0 40 7424 3649
7026 2 2 0 0 7424 1929 3649
7027 2 2 0 0 40 7424 3660
7028 2 2 0 0 7424 1929 3660
7029 2 2 0 0 1927 7425 3650
7030 2 2 0 0 7425 1036 3650
7031 2 2 0 0 1036 7425 3655
7032 2 2 0 0 7425 1927 3655
7033 2 2 0 0 630 7426 3651
7034 2 2 0 0 7426 1925 3651
7035 2 2 0 0 630 7426 3652
7036 2 2 0 0 7426 1925 3652
7037 2 2 0 0 1926 7427 3651
7038 2 2 0 0 7427 630 3651
7039 2 2 0 0 630 7427 3654
7040 2 2 0 0 7427 1926 3654
7041 2 2 0 0 1925 7428 3652
7042 2 2 0 0 7428 1040 3652
7043 2 2 0 0 1040 7428 3653
7044 2 2 0 0 7428 1925 3653
7045 2 2 0 0 1933 7429 3652
7046 2 2 0 0 7429 630 3652
7047 2 2 0 0 630 7429 3666
7048 2 2 0 0 7429 1933 3666
7049 2 2 0 0 1040 7430 3652
7050 2 2 0 0 7430 1933 3652
7051 2 2 0 0 1933 7430 3669
7052 2 2 0 0 7430 1040 3669
7053 2 2 0 0 1936 7431 3653
7054 2 2 0 0 7431 40 3653
7055 2 2 0 0 1936 7431 3660
7056 2 2 0 0 7431 40 3660
7057 2 2 0 0 1040 7432 3653
7058 2 2 0 0 7432 1936 3653
7059 2 2 0 0 1936 7432 3675
7060 2 2 0 0 7432 1040 3675
7061 2 2 0 0 1931 7433 3654
7062 2 2 0 0 7433 630 3654
7063 2 2 0 0 1931 7433 3666
7064 2 2 0 0 7433 630 3666
7065 2 2 0 0 1038 7434 3654
7066 2 2 0 0 7434 1931 3654
7067 2 2 0 0 1931 7434 3664
7068 2 2 0 0 7434 1038 3664
7069 2 2 0 0 1927 7435 3655
7070 2 2 0 0 7435 374 3655
7071 2 2 0 0 374 7435 3656
7072 2 2 0 0 7435 1927 3656
7073 2 2 0 0 1928 7436 3655
7074 2 2 0 0 7436 374 3655
7075 2 2 0 0 374 7436 3658
7076 2 2 0 0 7436 1928 3658
7077 2 2 0 0 1036 7437 3655
7078 2 2 0 0 7437 1928 3655
7079 2 2 0 0 1928 7437 3657
7080 2 2 0 0 7437 1036 3657
7081 2 2 0 0 1930 7438 3656
7082 2 2 0 0 7438 374 3656
7083 2 2 0 0 374 7438 3662
7084 2 2 0 0 7438 1930 3662
7085 2 2 0 0 634 7439 3657
7086 2 2 0 0 7439 1928 3657
7087 2 2 0 0 1928 7439 3659
7088 2 2 0 0 7439 634 3659
7089 2 2 0 0 1929 7440 3657
7090 2 2 0 0 7440 634 3657
7091 2 2 0 0 1929 7440 3661
7092 2 2 0 0 7440 634 3661
7093 2 2 0 0 1928 7441 3658
7094 2 2 0 0 7441 1044 3658
7095 2 2 0 0 1044 7441 3659
7096 2 2 0 0 7441 1928 3659
7097 2 2 0 0 1942 7442 3658
7098 2 2 0 0 7442 374 3658
7099 2 2 0 0 374 7442 3662
7100 2 2 0 0 7442 1942 3662
7101 2 2 0 0 1044 7443 3658
7102 2 2 0 0 7443 1942 3658
7103 2 2 0 0 1942 7443 3687
7104 2 2 0 0 7443 1044 3687
7105 2 2 0 0 1945 7444 3659
7106 2 2 0 0 7444 1044 3659
7107 2 2 0 0 1044 7444 3690
7108 2 2 0 0 7444 1945 3690
7109 2 2 0 0 634 7445 3659
7110 2 2 0 0 7445 1945 3659
7111 2 2 0 0 634 7445 3693
7112 2 2 0 0 7445 1945 3693
7113 2 2 0 0 1929 7446 3660
7114 2 2 0 0 7446 1047 3660
7115 2 2 0 0 1047 7446 3661
7116 2 2 0 0 7446 1929 3661
7117 2 2 0 0 1047 7447 3660
7118 2 2 0 0 7447 1936 3660
7119 2 2 0 0 1936 7447 3676
7120 2 2 0 0 7447 1047 3676
7121 2 2 0 0 1951 7448 3661
7122 2 2 0 0 7448 1047 3661
7123 2 2 0 0 1047 7448 3706
7124 2 2 0 0 7448 1951 3706
7125 2 2 0 0 634 7449 3661
7126 2 2 0 0 7449 1951 3661
7127 2 2 0 0 1951 7449 3693
7128 2 2 0 0 7449 634 3693
7129 2 2 0 0 1930 7450 3662
7130 2 2 0 0 7450 1042 3662
7131 2 2 0 0 1042 7450 3663
7132 2 2 0 0 7450 1930 3663
7133 2 2 0 0 1942 7451 3662
7134 2 2 0 0 7451 1042 3662
7135 2 2 0 0 1042 7451 3684
7136 2 2 0 0 7451 1942 3684
7137 2 2 0 0 1940 7452 3663
7138 2 2 0 0 7452 1042 3663
7139 2 2 0 0 1042 7452 3682
7140 2 2 0 0 7452 1940 3682
7141 2 2 0 0 200 7453 3664
7142 2 2 0 0 7453 1931 3664
7143 2 2 0 0 200 7453 3665
7144 2 2 0 0 7453 1931 3665
7145 2 2 0 0 1932 7454 3664
7146 2 2 0 0 7454 200 3664
7147 2 2 0 0 200 7454 3667
7148 2 2 0 0 7454 1932 3667
7149 2 2 0 0 1931 7455 3665
7150 2 2 0 0 7455 1039 3665
7151 2 2 0 0 1039 7455 3666
7152 2 2 0 0 7455 1931 3666
7153 2 2 0 0 1934 7456 3665
7154 2 2 0 0 7456 200 3665
7155 2 2 0 0 200 7456 3671
7156 2 2 0 0 7456 1934 3671
7157 2 2 0 0 1039 7457 3665
7158 2 2 0 0 7457 1934 3665
7159 2 2 0 0 1934 7457 3670
7160 2 2 0 0 7457 1039 3670
7161 2 2 0 0 1933 7458 3666
7162 2 2 0 0 7458 1039 3666
7163 2 2 0 0 1039 7458 3668
7164 2 2 0 0 7458 1933 3668
7165 2 2 0 0 1938 7459 3667
7166 2 2 0 0 7459 200 3667
7167 2 2 0 0 1938 7459 3671
7168 2 2 0 0 7459 200 3671
7169 2 2 0 0 1041 7460 3667
7170 2 2 0 0 7460 1938 3667
7171 2 2 0 0 1938 7460 3679
7172 2 2 0 0 7460 1041 3679
7173 2 2 0 0 1933 7461 3668
7174 2 2 0 0 7461 378 3668
7175 2 2 0 0 378 7461 3669
7176 2 2 0 0 7461 1933 3669
7177 2 2 0 0 1935 7462 3668
7178 2 2 0 0 7462 1039 3668
7179 2 2 0 0 1039 7462 3670
7180 2 2 0 0 7462 1935 3670
7181 2 2 0 0 378 7463 3668
7182 2 2 0 0 7463 1935 3668
7183 2 2 0 0 1935 7463 3674
7184 2 2 0 0 7463 378 3674
7185 2 2 0 0 1937 7464 3669
7186 2 2 0 0 7464 1040 3669
7187 2 2 0 0 1040 7464 3675
7188 2 2 0 0 7464 1937 3675
7189 2 2 0 0 378 7465 3669
7190 2 2 0 0 7465 1937 3669
7191 2 2 0 0 1937 7465 3678
7192 2 2 0 0 7465 378 3678
7193 2 2 0 0 638 7466 3670
7194 2 2 0 0 7466 1934 3670
7195 2 2 0 0 1934 7466 3672
7196 2 2 0 0 7466 638 3672
7197 2 2 0 0 1935 7467 3670
7198 2 2 0 0 7467 638 3670
7199 2 2 0 0 638 7467 3673
7200 2 2 0 0 7467 1935 3673
7201 2 2 0 0 1934 7468 3671
7202 2 2 0 0 7468 1053 3671
7203 2 2 0 0 1053 7468 3672
7204 2 2 0 0 7468 1934 3672
7205 2 2 0 0 1053 7469 3671
7206 2 2 0 0 7469 1938 3671
7207 2 2 0 0 1938 7469 3680
7208 2 2 0 0 7469 1053 3680
7209 2 2 0 0 1963 7470 3672
7210 2 2 0 0 7470 1053 3672
7211 2 2 0 0 1053 7470 3725
7212 2 2 0 0 7470 1963 3725
7213 2 2 0 0 638 7471 3672
7214 2 2 0 0 7471 1963 3672
7215 2 2 0 0 1963 7471 3732
7216 2 2 0 0 7471 638 3732
7217 2 2 0 0 1935 7472 3673
7218 2 2 0 0 7472 1056 3673
7219 2 2 0 0 1056 7472 3674
7220 2 2 0 0 7472 1935 3674
7221 2 2 0 0 1966 7473 3673
7222 2 2 0 0 7473 638 3673
7223 2 2 0 0 638 7473 3732
7224 2 2 0 0 7473 1966 3732
7225 2 2 0 0 1056 7474 3673
7226 2 2 0 0 7474 1966 3673
7227 2 2 0 0 1966 7474 3737
7228 2 2 0 0 7474 1056 3737
7229 2 2 0 0 1969 7475 3674
7230 2 2 0 0 7475 378 3674
7231 2 2 0 0 378 7475 3678
7232 2 2 0 0 7475 1969 3678
7233 2 2 0 0 1056 7476 3674
7234 2 2 0 0 7476 1969 3674
7235 2 2 0 0 1969 7476 3742
7236 2 2 0 0 7476 1056 3742
7237 2 2 0 0 641 7477 3675
7238 2 2 0 0 7477 1936 3675
7239 2 2 0 0 641 7477 3676
7240 2 2 0 0 7477 1936 3676
7241 2 2 0 0 1937 7478 3675
7242 2 2 0 0 7478 641 3675
7243 2 2 0 0 641 7478 3677
7244 2 2 0 0 7478 1937 3677
7245 2 2 0 0 1952 7479 3676
7246 2 2 0 0 7479 641 3676
7247 2 2 0 0 641 7479 3708
7248 2 2 0 0 7479 1952 3708
7249 2 2 0 0 1047 7480 3676
7250 2 2 0 0 7480 1952 3676
7251 2 2 0 0 1952 7480 3706
7252 2 2 0 0 7480 1047 3706
7253 2 2 0 0 1937 7481 3677
7254 2 2 0 0 7481 1062 3677
7255 2 2 0 0 1062 7481 3678
7256 2 2 0 0 7481 1937 3678
7257 2 2 0 0 1982 7482 3677
7258 2 2 0 0 7482 641 3677
7259 2 2 0 0 1982 7482 3708
7260 2 2 0 0 7482 641 3708
7261 2 2 0 0 1062 7483 3677
7262 2 2 0 0 7483 1982 3677
7263 2 2 0 0 1982 7483 3770
7264 2 2 0 0 7483 1062 3770
7265 2 2 0 0 1969 7484 3678
7266 2 2 0 0 7484 1062 3678
7267 2 2 0 0 1062 7484 3743
7268 2 2 0 0 7484 1969 3743
7269 2 2 0 0 636 7485 3679
7270 2 2 0 0 7485 1938 3679
7271 2 2 0 0 636 7485 3680
7272 2 2 0 0 7485 1938 3680
7273 2 2 0 0 1939 7486 3679
7274 2 2 0 0 7486 636 3679
7275 2 2 0 0 636 7486 3681
7276 2 2 0 0 7486 1939 3681
7277 2 2 0 0 1960 7487 3680
7278 2 2 0 0 7487 636 3680
7279 2 2 0 0 636 7487 3722
7280 2 2 0 0 7487 1960 3722
7281 2 2 0 0 1053 7488 3680
7282 2 2 0 0 7488 1960 3680
7283 2 2 0 0 1960 7488 3725
7284 2 2 0 0 7488 1053 3725
7285 2 2 0 0 1958 7489 3681
7286 2 2 0 0 7489 636 3681
7287 2 2 0 0 1958 7489 3722
7288 2 2 0 0 7489 636 3722
7289 2 2 0 0 1051 7490 3681
7290 2 2 0 0 7490 1958 3681
7291 2 2 0 0 1958 7490 3720
7292 2 2 0 0 7490 1051 3720
7293 2 2 0 0 1940 7491 3682
7294 2 2 0 0 7491 151 3682
7295 2 2 0 0 151 7491 3683
7296 2 2 0 0 7491 1940 3683
7297 2 2 0 0 1941 7492 3682
7298 2 2 0 0 7492 151 3682
7299 2 2 0 0 151 7492 3685
7300 2 2 0 0 7492 1941 3685
7301 2 2 0 0 1042 7493 3682
7302 2 2 0 0 7493 1941 3682
7303 2 2 0 0 1941 7493 3684
7304 2 2 0 0 7493 1042 3684
7305 2 2 0 0 1943 7494 3683
7306 2 2 0 0 7494 151 3683
7307 2 2 0 0 151 7494 3688
7308 2 2 0 0 7494 1943 3688
7309 2 2 0 0 633 7495 3684
7310 2 2 0 0 7495 1941 3684
7311 2 2 0 0 1941 7495 3686
7312 2 2 0 0 7495 633 3686
7313 2 2 0 0 1942 7496 3684
7314 2 2 0 0 7496 633 3684
7315 2 2 0 0 633 7496 3687
7316 2 2 0 0 7496 1942 3687
7317 2 2 0 0 1941 7497 3685
7318 2 2 0 0 7497 1045 3685
7319 2 2 0 0 1045 7497 3686
7320 2 2 0 0 7497 1941 3686
7321 2 2 0 0 1947 7498 3685
7322 2 2 0 0 7498 151 3685
7323 2 2 0 0 151 7498 3688
7324 2 2 0 0 7498 1947 3688
7325 2 2 0 0 1045 7499 3685
7326 2 2 0 0 7499 1947 3685
7327 2 2 0 0 1947 7499 3697
7328 2 2 0 0 7499 1045 3697
7329 2 2 0 0 1946 7500 3686
7330 2 2 0 0 7500 1045 3686
7331 2 2 0 0 1045 7500 3695
7332 2 2 0 0 7500 1946 3695
7333 2 2 0 0 633 7501 3686
7334 2 2 0 0 7501 1946 3686
7335 2 2 0 0 1946 7501 3691
7336 2 2 0 0 7501 633 3691
7337 2 2 0 0 1944 7502 3687
7338 2 2 0 0 7502 633 3687
7339 2 2 0 0 633 7502 3691
7340 2 2 0 0 7502 1944 3691
7341 2 2 0 0 1044 7503 3687
7342 2 2 0 0 7503 1944 3687
7343 2 2 0 0 1944 7503 3690
7344 2 2 0 0 7503 1044 3690
7345 2 2 0 0 1943 7504 3688
7346 2 2 0 0 7504 1049 3688
7347 2 2 0 0 1049 7504 3689
7348 2 2 0 0 7504 1943 3689
7349 2 2 0 0 1947 7505 3688
7350 2 2 0 0 7505 1049 3688
7351 2 2 0 0 1049 7505 3698
7352 2 2 0 0 7505 1947 3698
7353 2 2 0 0 1955 7506 3689
7354 2 2 0 0 7506 1049 3689
7355 2 2 0 0 1049 7506 3714
7356 2 2 0 0 7506 1955 3714
7357 2 2 0 0 204 7507 3690
7358 2 2 0 0 7507 1944 3690
7359 2 2 0 0 1944 7507 3692
7360 2 2 0 0 7507 204 3692
7361 2 2 0 0 1945 7508 3690
7362 2 2 0 0 7508 204 3690
7363 2 2 0 0 1945 7508 3694
7364 2 2 0 0 7508 204 3694
7365 2 2 0 0 1944 7509 3691
7366 2 2 0 0 7509 1046 3691
7367 2 2 0 0 1046 7509 3692
7368 2 2 0 0 7509 1944 3692
7369 2 2 0 0 1046 7510 3691
7370 2 2 0 0 7510 1946 3691
7371 2 2 0 0 1946 7510 3696
7372 2 2 0 0 7510 1046 3696
7373 2 2 0 0 1950 7511 3692
7374 2 2 0 0 7511 1046 3692
7375 2 2 0 0 1046 7511 3701
7376 2 2 0 0 7511 1950 3701
7377 2 2 0 0 204 7512 3692
7378 2 2 0 0 7512 1950 3692
7379 2 2 0 0 204 7512 3704
7380 2 2 0 0 7512 1950 3704
7381 2 2 0 0 1945 7513 3693
7382 2 2 0 0 7513 1048 3693
7383 2 2 0 0 1048 7513 3694
7384 2 2 0 0 7513 1945 3694
7385 2 2 0 0 1048 7514 3693
7386 2 2 0 0 7514 1951 3693
7387 2 2 0 0 1951 7514 3707
7388 2 2 0 0 7514 1048 3707
7389 2 2 0 0 1954 7515 3694
7390 2 2 0 0 7515 1048 3694
7391 2 2 0 0 1048 7515 3710
7392 2 2 0 0 7515 1954 3710
7393 2 2 0 0 204 7516 3694
7394 2 2 0 0 7516 1954 3694
7395 2 2 0 0 1954 7516 3704
7396 2 2 0 0 7516 204 3704
7397 2 2 0 0 1946 7517 3695
7398 2 2 0 0 7517 382 3695
7399 2 2 0 0 382 7517 3696
7400 2 2 0 0 7517 1946 3696
7401 2 2 0 0 1948 7518 3695
7402 2 2 0 0 7518 1045 3695
7403 2 2 0 0 1045 7518 3697
7404 2 2 0 0 7518 1948 3697
7405 2 2 0 0 382 7519 3695
7406 2 2 0 0 7519 1948 3695
7407 2 2 0 0 1948 7519 3700
7408 2 2 0 0 7519 382 3700
7409 2 2 0 0 1949 7520 3696
7410 2 2 0 0 7520 382 3696
7411 2 2 0 0 382 7520 3702
7412 2 2 0 0 7520 1949 3702
7413 2 2 0 0 1046 7521 3696
7414 2 2 0 0 7521 1949 3696
7415 2 2 0 0 1949 7521 3701
7416 2 2 0 0 7521 1046 3701
7417 2 2 0 0 647 7522 3697
7418 2 2 0 0 7522 1947 3697
7419 2 2 0 0 1947 7522 3698
7420 2 2 0 0 7522 647 3698
7421 2 2 0 0 1948 7523 3697
7422 2 2 0 0 7523 647 3697
7423 2 2 0 0 647 7523 3699
7424 2 2 0 0 7523 1948 3699
7425 2 2 0 0 1956 7524 3698
7426 2 2 0 0 7524 1049 3698
7427 2 2 0 0 1049 7524 3714
7428 2 2 0 0 7524 1956 3714
7429 2 2 0 0 647 7525 3698
7430 2 2 0 0 7525 1956 3698
7431 2 2 0 0 1956 7525 3717
7432 2 2 0 0 7525 647 3717
7433 2 2 0 0 1948 7526 3699
7434 2 2 0 0 7526 1074 3699
7435 2 2 0 0 1074 7526 3700
7436 2 2 0 0 7526 1948 3700
7437 2 2 0 0 2002 7527 3699
7438 2 2 0 0 7527 647 3699
7439 2 2 0 0 647 7527 3717
7440 2 2 0 0 7527 2002 3717
7441 2 2 0 0 1074 7528 3699
7442 2 2 0 0 7528 2002 3699
7443 2 2 0 0 2002 7528 3809
7444 2 2 0 0 7528 1074 3809
7445 2 2 0 0 2009 7529 3700
7446 2 2 0 0 7529 1074 3700
7447 2 2 0 0 1074 7529 3821
7448 2 2 0 0 7529 2009 3821
7449 2 2 0 0 382 7530 3700
7450 2 2 0 0 7530 2009 3700
7451 2 2 0 0 2009 7530 3702
7452 2 2 0 0 7530 382 3702
7453 2 2 0 0 651 7531 3701
7454 2 2 0 0 7531 1949 3701
7455 2 2 0 0 1949 7531 3703
7456 2 2 0 0 7531 651 3703
7457 2 2 0 0 1950 7532 3701
7458 2 2 0 0 7532 651 3701
7459 2 2 0 0 1950 7532 3705
7460 2 2 0 0 7532 651 3705
7461 2 2 0 0 1949 7533 3702
7462 2 2 0 0 7533 1079 3702
7463 2 2 0 0 1079 7533 3703
7464 2 2 0 0 7533 1949 3703
7465 2 2 0 0 1079 7534 3702
7466 2 2 0 0 7534 2009 3702
7467 2 2 0 0 2009 7534 3823
7468 2 2 0 0 7534 1079 3823
7469 2 2 0 0 2019 7535 3703
7470 2 2 0 0 7535 1079 3703
7471 2 2 0 0 1079 7535 3840
7472 2 2 0 0 7535 2019 3840
7473 2 2 0 0 651 7536 3703
7474 2 2 0 0 7536 2019 3703
7475 2 2 0 0 651 7536 3843
7476 2 2 0 0 7536 2019 3843
7477 2 2 0 0 1950 7537 3704
7478 2 2 0 0 7537 1082 3704
7479 2 2 0 0 1082 7537 3705
7480 2 2 0 0 7537 1950 3705
7481 2 2 0 0 1082 7538 3704
7482 2 2 0 0 7538 1954 3704
7483 2 2 0 0 1954 7538 3713
7484 2 2 0 0 7538 1082 3713
7485 2 2 0 0 2024 7539 3705
7486 2 2 0 0 7539 1082 3705
7487 2 2 0 0 1082 7539 3854
7488 2 2 0 0 7539 2024 3854
7489 2 2 0 0 651 7540 3705
7490 2 2 0 0 7540 2024 3705
7491 2 2 0 0 2024 7540 3843
7492 2 2 0 0 7540 651 3843
7493 2 2 0 0 1951 7541 3706
7494 2 2 0 0 7541 385 3706
7495 2 2 0 0 385 7541 3707
7496 2 2 0 0 7541 1951 3707
7497 2 2 0 0 385 7542 3706
7498 2 2 0 0 7542 1952 3706
7499 2 2 0 0 1952 7542 3709
7500 2 2 0 0 7542 385 3709
7501 2 2 0 0 1953 7543 3707
7502 2 2 0 0 7543 385 3707
7503 2 2 0 0 385 7543 3711
7504 2 2 0 0 7543 1953 3711
7505 2 2 0 0 1048 7544 3707
7506 2 2 0 0 7544 1953 3707
7507 2 2 0 0 1953 7544 3710
7508 2 2 0 0 7544 1048 3710
7509 2 2 0 0 1952 7545 3708
7510 2 2 0 0 7545 1063 3708
7511 2 2 0 0 1063 7545 3709
7512 2 2 0 0 7545 1952 3709
7513 2 2 0 0 1063 7546 3708
7514 2 2 0 0 7546 1982 3708
7515 2 2 0 0 1982 7546 3771
7516 2 2 0 0 7546 1063 3771
7517 2 2 0 0 1985 7547 3709
7518 2 2 0 0 7547 1063 3709
7519 2 2 0 0 1063 7547 3774
7520 2 2 0 0 7547 1985 3774
7521 2 2 0 0 385 7548 3709
7522 2 2 0 0 7548 1985 3709
7523 2 2 0 0 1985 7548 3711
7524 2 2 0 0 7548 385 3711
7525 2 2 0 0 657 7549 3710
7526 2 2 0 0 7549 1953 3710
7527 2 2 0 0 1953 7549 3712
7528 2 2 0 0 7549 657 3712
7529 2 2 0 0 1954 7550 3710
7530 2 2 0 0 7550 657 3710
7531 2 2 0 0 657 7550 3713
7532 2 2 0 0 7550 1954 3713
7533 2 2 0 0 1953 7551 3711
7534 2 2 0 0 7551 1095 3711
7535 2 2 0 0 1095 7551 3712
7536 2 2 0 0 7551 1953 3712
7537 2 2 0 0 1095 7552 3711
7538 2 2 0 0 7552 1985 3711
7539 2 2 0 0 1985 7552 3777
7540 2 2 0 0 7552 1095 3777
7541 2 2 0 0 2052 7553 3712
7542 2 2 0 0 7553 1095 3712
7543 2 2 0 0 1095 7553 3912
7544 2 2 0 0 7553 2052 3912
7545 2 2 0 0 657 7554 3712
7546 2 2 0 0 7554 2052 3712
7547 2 2 0 0 2052 7554 3856
7548 2 2 0 0 7554 657 3856
7549 2 2 0 0 2025 7555 3713
7550 2 2 0 0 7555 657 3713
7551 2 2 0 0 657 7555 3856
7552 2 2 0 0 7555 2025 3856
7553 2 2 0 0 1082 7556 3713
7554 2 2 0 0 7556 2025 3713
7555 2 2 0 0 2025 7556 3854
7556 2 2 0 0 7556 1082 3854
7557 2 2 0 0 1955 7557 3714
7558 2 2 0 0 7557 380 3714
7559 2 2 0 0 380 7557 3715
7560 2 2 0 0 7557 1955 3715
7561 2 2 0 0 1956 7558 3714
7562 2 2 0 0 7558 380 3714
7563 2 2 0 0 380 7558 3716
7564 2 2 0 0 7558 1956 3716
7565 2 2 0 0 1957 7559 3715
7566 2 2 0 0 7559 380 3715
7567 2 2 0 0 380 7559 3718
7568 2 2 0 0 7559 1957 3718
7569 2 2 0 0 1956 7560 3716
7570 2 2 0 0 7560 1071 3716
7571 2 2 0 0 1071 7560 3717
7572 2 2 0 0 7560 1956 3717
7573 2 2 0 0 1998 7561 3716
7574 2 2 0 0 7561 380 3716
7575 2 2 0 0 380 7561 3718
7576 2 2 0 0 7561 1998 3718
7577 2 2 0 0 1071 7562 3716
7578 2 2 0 0 7562 1998 3716
7579 2 2 0 0 1998 7562 3801
7580 2 2 0 0 7562 1071 3801
7581 2 2 0 0 2002 7563 3717
7582 2 2 0 0 7563 1071 3717
7583 2 2 0 0 1071 7563 3806
7584 2 2 0 0 7563 2002 3806
7585 2 2 0 0 1957 7564 3718
7586 2 2 0 0 7564 1069 3718
7587 2 2 0 0 1069 7564 3719
7588 2 2 0 0 7564 1957 3719
7589 2 2 0 0 1998 7565 3718
7590 2 2 0 0 7565 1069 3718
7591 2 2 0 0 1069 7565 3798
7592 2 2 0 0 7565 1998 3798
7593 2 2 0 0 1996 7566 3719
7594 2 2 0 0 7566 1069 3719
7595 2 2 0 0 1069 7566 3796
7596 2 2 0 0 7566 1996 3796
7597 2 2 0 0 120 7567 3720
7598 2 2 0 0 7567 1958 3720
7599 2 2 0 0 120 7567 3721
7600 2 2 0 0 7567 1958 3721
7601 2 2 0 0 1959 7568 3720
7602 2 2 0 0 7568 120 3720
7603 2 2 0 0 120 7568 3723
7604 2 2 0 0 7568 1959 3723
7605 2 2 0 0 1958 7569 3721
7606 2 2 0 0 7569 1052 3721
7607 2 2 0 0 1052 7569 3722
7608 2 2 0 0 7569 1958 3722
7609 2 2 0 0 1961 7570 3721
7610 2 2 0 0 7570 120 3721
7611 2 2 0 0 120 7570 3727
7612 2 2 0 0 7570 1961 3727
7613 2 2 0 0 1052 7571 3721
7614 2 2 0 0 7571 1961 3721
7615 2 2 0 0 1961 7571 3726
7616 2 2 0 0 7571 1052 3726
7617 2 2 0 0 1960 7572 3722
7618 2 2 0 0 7572 1052 3722
7619 2 2 0 0 1052 7572 3724
7620 2 2 0 0 7572 1960 3724
7621 2 2 0 0 1964 7573 3723
7622 2 2 0 0 7573 120 3723
7623 2 2 0 0 1964 7573 3727
7624 2 2 0 0 7573 120 3727
7625 2 2 0 0 1054 7574 3723
7626 2 2 0 0 7574 1964 3723
7627 2 2 0 0 1964 7574 3733
7628 2 2 0 0 7574 1054 3733
7629 2 2 0 0 1960 7575 3724
7630 2 2 0 0 7575 377 3724
7631 2 2 0 0 377 7575 3725
7632 2 2 0 0 7575 1960 3725
7633 2 2 0 0 1962 7576 3724
7634 2 2 0 0 7576 1052 3724
7635 2 2 0 0 1052 7576 3726
7636 2 2 0 0 7576 1962 3726
7637 2 2 0 0 377 7577 3724
7638 2 2 0 0 7577 1962 3724
7639 2 2 0 0 1962 7577 3730
7640 2 2 0 0 7577 377 3730
7641 2 2 0 0 1963 7578 3725
7642 2 2 0 0 7578 377 3725
7643 2 2 0 0 377 7578 3731
7644 2 2 0 0 7578 1963 3731
7645 2 2 0 0 639 7579 3726
7646 2 2 0 0 7579 1961 3726
7647 2 2 0 0 1961 7579 3728
7648 2 2 0 0 7579 639 3728
7649 2 2 0 0 1962 7580 3726
7650 2 2 0 0 7580 639 3726
7651 2 2 0 0 639 7580 3729
7652 2 2 0 0 7580 1962 3729
7653 2 2 0 0 1961 7581 3727
7654 2 2 0 0 7581 1058 3727
7655 2 2 0 0 1058 7581 3728
7656 2 2 0 0 7581 1961 3728
7657 2 2 0 0 1058 7582 3727
7658 2 2 0 0 7582 1964 3727
7659 2 2 0 0 1964 7582 3734
7660 2 2 0 0 7582 1058 3734
7661 2 2 0 0 1973 7583 3728
7662 2 2 0 0 7583 1058 3728
7663 2 2 0 0 1058 7583 3751
7664 2 2 0 0 7583 1973 3751
7665 2 2 0 0 639 7584 3728
7666 2 2 0 0 7584 1973 3728
7667 2 2 0 0 1973 7584 3747
7668 2 2 0 0 7584 639 3747
7669 2 2 0 0 1962 7585 3729
7670 2 2 0 0 7585 1057 3729
7671 2 2 0 0 1057 7585 3730
7672 2 2 0 0 7585 1962 3730
7673 2 2 0 0 1971 7586 3729
7674 2 2 0 0 7586 639 3729
7675 2 2 0 0 639 7586 3747
7676 2 2 0 0 7586 1971 3747
7677 2 2 0 0 1057 7587 3729
7678 2 2 0 0 7587 1971 3729
7679 2 2 0 0 1971 7587 3746
7680 2 2 0 0 7587 1057 3746
7681 2 2 0 0 1967 7588 3730
7682 2 2 0 0 7588 1057 3730
7683 2 2 0 0 1057 7588 3739
7684 2 2 0 0 7588 1967 3739
7685 2 2 0 0 377 7589 3730
7686 2 2 0 0 7589 1967 3730
7687 2 2 0 0 1967 7589 3731
7688 2 2 0 0 7589 377 3731
7689 2 2 0 0 1963 7590 3731
7690 2 2 0 0 7590 1055 3731
7691 2 2 0 0 1055 7590 3732
7692 2 2 0 0 7590 1963 3732
7693 2 2 0 0 1055 7591 3731
7694 2 2 0 0 7591 1967 3731
7695 2 2 0 0 1967 7591 3738
7696 2 2 0 0 7591 1055 3738
7697 2 2 0 0 1966 7592 3732
7698 2 2 0 0 7592 1055 3732
7699 2 2 0 0 1055 7592 3736
7700 2 2 0 0 7592 1966 3736
7701 2 2 0 0 643 7593 3733
7702 2 2 0 0 7593 1964 3733
7703 2 2 0 0 643 7593 3734
7704 2 2 0 0 7593 1964 3734
7705 2 2 0 0 1965 7594 3733
7706 2 2 0 0 7594 643 3733
7707 2 2 0 0 643 7594 3735
7708 2 2 0 0 7594 1965 3735
7709 2 2 0 0 1974 7595 3734
7710 2 2 0 0 7595 643 3734
7711 2 2 0 0 643 7595 3753
7712 2 2 0 0 7595 1974 3753
7713 2 2 0 0 1058 7596 3734
7714 2 2 0 0 7596 1974 3734
7715 2 2 0 0 1974 7596 3751
7716 2 2 0 0 7596 1058 3751
7717 2 2 0 0 1990 7597 3735
7718 2 2 0 0 7597 643 3735
7719 2 2 0 0 1990 7597 3753
7720 2 2 0 0 7597 643 3753
7721 2 2 0 0 1066 7598 3735
7722 2 2 0 0 7598 1990 3735
7723 2 2 0 0 1990 7598 3786
7724 2 2 0 0 7598 1066 3786
7725 2 2 0 0 1966 7599 3736
7726 2 2 0 0 7599 155 3736
7727 2 2 0 0 155 7599 3737
7728 2 2 0 0 7599 1966 3737
7729 2 2 0 0 1968 7600 3736
7730 2 2 0 0 7600 1055 3736
7731 2 2 0 0 1055 7600 3738
7732 2 2 0 0 7600 1968 3738
7733 2 2 0 0 155 7601 3736
7734 2 2 0 0 7601 1968 3736
7735 2 2 0 0 1968 7601 3741
7736 2 2 0 0 7601 155 3741
7737 2 2 0 0 1970 7602 3737
7738 2 2 0 0 7602 1056 3737
7739 2 2 0 0 1056 7602 3742
7740 2 2 0 0 7602 1970 3742
7741 2 2 0 0 155 7603 3737
7742 2 2 0 0 7603 1970 3737
7743 2 2 0 0 1970 7603 3745
7744 2 2 0 0 7603 155 3745
7745 2 2 0 0 640 7604 3738
7746 2 2 0 0 7604 1967 3738
7747 2 2 0 0 1967 7604 3739
7748 2 2 0 0 7604 640 3739
7749 2 2 0 0 1968 7605 3738
7750 2 2 0 0 7605 640 3738
7751 2 2 0 0 640 7605 3740
7752 2 2 0 0 7605 1968 3740
7753 2 2 0 0 1972 7606 3739
7754 2 2 0 0 7606 1057 3739
7755 2 2 0 0 1057 7606 3746
7756 2 2 0 0 7606 1972 3746
7757 2 2 0 0 640 7607 3739
7758 2 2 0 0 7607 1972 3739
7759 2 2 0 0 1972 7607 3750
7760 2 2 0 0 7607 640 3750
7761 2 2 0 0 1968 7608 3740
7762 2 2 0 0 7608 1061 3740
7763 2 2 0 0 1061 7608 3741
7764 2 2 0 0 7608 1968 3741
7765 2 2 0 0 1977 7609 3740
7766 2 2 0 0 7609 640 3740
7767 2 2 0 0 640 7609 3750
7768 2 2 0 0 7609 1977 3750
7769 2 2 0 0 1061 7610 3740
7770 2 2 0 0 7610 1977 3740
7771 2 2 0 0 1977 7610 3761
7772 2 2 0 0 7610 1061 3761
7773 2 2 0 0 1980 7611 3741
7774 2 2 0 0 7611 155 3741
7775 2 2 0 0 155 7611 3745
7776 2 2 0 0 7611 1980 3745
7777 2 2 0 0 1061 7612 3741
7778 2 2 0 0 7612 1980 3741
7779 2 2 0 0 1980 7612 3766
7780 2 2 0 0 7612 1061 3766
7781 2 2 0 0 642 7613 3742
7782 2 2 0 0 7613 1969 3742
7783 2 2 0 0 1969 7613 3743
7784 2 2 0 0 7613 642 3743
7785 2 2 0 0 1970 7614 3742
7786 2 2 0 0 7614 642 3742
7787 2 2 0 0 642 7614 3744
7788 2 2 0 0 7614 1970 3744
7789 2 2 0 0 1983 7615 3743
7790 2 2 0 0 7615 1062 3743
7791 2 2 0 0 1062 7615 3770
7792 2 2 0 0 7615 1983 3770
7793 2 2 0 0 642 7616 3743
7794 2 2 0 0 7616 1983 3743
7795 2 2 0 0 1983 7616 3773
7796 2 2 0 0 7616 642 3773
7797 2 2 0 0 1970 7617 3744
7798 2 2 0 0 7617 1065 3744
7799 2 2 0 0 1065 7617 3745
7800 2 2 0 0 7617 1970 3745
7801 2 2 0 0 1986 7618 3744
7802 2 2 0 0 7618 642 3744
7803 2 2 0 0 642 7618 3773
7804 2 2 0 0 7618 1986 3773
7805 2 2 0 0 1065 7619 3744
7806 2 2 0 0 7619 1986 3744
7807 2 2 0 0 1986 7619 3779
7808 2 2 0 0 7619 1065 3779
7809 2 2 0 0 1980 7620 3745
7810 2 2 0 0 7620 1065 3745
7811 2 2 0 0 1065 7620 3767
7812 2 2 0 0 7620 1980 3767
7813 2 2 0 0 209 7621 3746
7814 2 2 0 0 7621 1971 3746
7815 2 2 0 0 1971 7621 3748
7816 2 2 0 0 7621 209 3748
7817 2 2 0 0 1972 7622 3746
7818 2 2 0 0 7622 209 3746
7819 2 2 0 0 209 7622 3749
7820 2 2 0 0 7622 1972 3749
7821 2 2 0 0 1971 7623 3747
7822 2 2 0 0 7623 1059 3747
7823 2 2 0 0 1059 7623 3748
7824 2 2 0 0 7623 1971 3748
7825 2 2 0 0 1059 7624 3747
7826 2 2 0 0 7624 1973 3747
7827 2 2 0 0 1973 7624 3752
7828 2 2 0 0 7624 1059 3752
7829 2 2 0 0 1976 7625 3748
7830 2 2 0 0 7625 1059 3748
7831 2 2 0 0 1059 7625 3755
7832 2 2 0 0 7625 1976 3755
7833 2 2 0 0 209 7626 3748
7834 2 2 0 0 7626 1976 3748
7835 2 2 0 0 1976 7626 3759
7836 2 2 0 0 7626 209 3759
7837 2 2 0 0 1972 7627 3749
7838 2 2 0 0 7627 1060 3749
7839 2 2 0 0 1060 7627 3750
7840 2 2 0 0 7627 1972 3750
7841 2 2 0 0 1978 7628 3749
7842 2 2 0 0 7628 209 3749
7843 2 2 0 0 209 7628 3759
7844 2 2 0 0 7628 1978 3759
7845 2 2 0 0 1060 7629 3749
7846 2 2 0 0 7629 1978 3749
7847 2 2 0 0 1978 7629 3762
7848 2 2 0 0 7629 1060 3762
7849 2 2 0 0 1977 7630 3750
7850 2 2 0 0 7630 1060 3750
7851 2 2 0 0 1060 7630 3760
7852 2 2 0 0 7630 1977 3760
7853 2 2 0 0 1973 7631 3751
7854 2 2 0 0 7631 393 3751
7855 2 2 0 0 393 7631 3752
7856 2 2 0 0 7631 1973 3752
7857 2 2 0 0 393 7632 3751
7858 2 2 0 0 7632 1974 3751
7859 2 2 0 0 1974 7632 3754
7860 2 2 0 0 7632 393 3754
7861 2 2 0 0 1975 7633 3752
7862 2 2 0 0 7633 393 3752
7863 2 2 0 0 393 7633 3756
7864 2 2 0 0 7633 1975 3756
7865 2 2 0 0 1059 7634 3752
7866 2 2 0 0 7634 1975 3752
7867 2 2 0 0 1975 7634 3755
7868 2 2 0 0 7634 1059 3755
7869 2 2 0 0 1974 7635 3753
7870 2 2 0 0 7635 1067 3753
7871 2 2 0 0 1067 7635 3754
7872 2 2 0 0 7635 1974 3754
7873 2 2 0 0 1067 7636 3753
7874 2 2 0 0 7636 1990 3753
7875 2 2 0 0 1990 7636 3787
7876 2 2 0 0 7636 1067 3787
7877 2 2 0 0 1993 7637 3754
7878 2 2 0 0 7637 1067 3754
7879 2 2 0 0 1067 7637 3789
7880 2 2 0 0 7637 1993 3789
7881 2 2 0 0 393 7638 3754
7882 2 2 0 0 7638 1993 3754
7883 2 2 0 0 1993 7638 3756
7884 2 2 0 0 7638 393 3756
7885 2 2 0 0 674 7639 3755
7886 2 2 0 0 7639 1975 3755
7887 2 2 0 0 1975 7639 3757
7888 2 2 0 0 7639 674 3757
7889 2 2 0 0 1976 7640 3755
7890 2 2 0 0 7640 674 3755
7891 2 2 0 0 674 7640 3758
7892 2 2 0 0 7640 1976 3758
7893 2 2 0 0 1975 7641 3756
7894 2 2 0 0 7641 1125 3756
7895 2 2 0 0 1125 7641 3757
7896 2 2 0 0 7641 1975 3757
7897 2 2 0 0 1125 7642 3756
7898 2 2 0 0 7642 1993 3756
7899 2 2 0 0 1993 7642 3792
7900 2 2 0 0 7642 1125 3792
7901 2 2 0 0 2113 7643 3757
7902 2 2 0 0 7643 1125 3757
7903 2 2 0 0 1125 7643 4031
7904 2 2 0 0 7643 2113 4031
7905 2 2 0 0 674 7644 3757
7906 2 2 0 0 7644 2113 3757
7907 2 2 0 0 2113 7644 4037
7908 2 2 0 0 7644 674 4037
7909 2 2 0 0 1976 7645 3758
7910 2 2 0 0 7645 1132 3758
7911 2 2 0 0 1132 7645 3759
7912 2 2 0 0 7645 1976 3759
7913 2 2 0 0 2125 7646 3758
7914 2 2 0 0 7646 674 3758
7915 2 2 0 0 674 7646 4037
7916 2 2 0 0 7646 2125 4037
7917 2 2 0 0 1132 7647 3758
7918 2 2 0 0 7647 2125 3758
7919 2 2 0 0 2125 7647 4063
7920 2 2 0 0 7647 1132 4063
7921 2 2 0 0 1978 7648 3759
7922 2 2 0 0 7648 1132 3759
7923 2 2 0 0 1132 7648 3763
7924 2 2 0 0 7648 1978 3763
7925 2 2 0 0 1977 7649 3760
7926 2 2 0 0 7649 397 3760
7927 2 2 0 0 397 7649 3761
7928 2 2 0 0 7649 1977 3761
7929 2 2 0 0 1979 7650 3760
7930 2 2 0 0 7650 1060 3760
7931 2 2 0 0 1060 7650 3762
7932 2 2 0 0 7650 1979 3762
7933 2 2 0 0 397 7651 3760
7934 2 2 0 0 7651 1979 3760
7935 2 2 0 0 1979 7651 3765
7936 2 2 0 0 7651 397 3765
7937 2 2 0 0 1981 7652 3761
7938 2 2 0 0 7652 1061 3761
7939 2 2 0 0 1061 7652 3766
7940 2 2 0 0 7652 1981 3766
7941 2 2 0 0 397 7653 3761
7942 2 2 0 0 7653 1981 3761
7943 2 2 0 0 1981 7653 3769
7944 2 2 0 0 7653 397 3769
7945 2 2 0 0 679 7654 3762
7946 2 2 0 0 7654 1978 3762
7947 2 2 0 0 1978 7654 3763
7948 2 2 0 0 7654 679 3763
7949 2 2 0 0 1979 7655 3762
7950 2 2 0 0 7655 679 3762
7951 2 2 0 0 679 7655 3764
7952 2 2 0 0 7655 1979 3764
7953 2 2 0 0 2127 7656 3763
7954 2 2 0 0 7656 1132 3763
7955 2 2 0 0 1132 7656 4063
7956 2 2 0 0 7656 2127 4063
7957 2 2 0 0 679 7657 3763
7958 2 2 0 0 7657 2127 3763
7959 2 2 0 0 2127 7657 4067
7960 2 2 0 0 7657 679 4067
7961 2 2 0 0 1979 7658 3764
7962 2 2 0 0 7658 1142 3764
7963 2 2 0 0 1142 7658 3765
7964 2 2 0 0 7658 1979 3765
7965 2 2 0 0 2144 7659 3764
7966 2 2 0 0 7659 679 3764
7967 2 2 0 0 679 7659 4067
7968 2 2 0 0 7659 2144 4067
7969 2 2 0 0 1142 7660 3764
7970 2 2 0 0 7660 2144 3764
7971 2 2 0 0 2144 7660 4101
7972 2 2 0 0 7660 1142 4101
7973 2 2 0 0 2147 7661 3765
7974 2 2 0 0 7661 397 3765
7975 2 2 0 0 397 7661 3769
7976 2 2 0 0 7661 2147 3769
7977 2 2 0 0 1142 7662 3765
7978 2 2 0 0 7662 2147 3765
7979 2 2 0 0 2147 7662 4106
7980 2 2 0 0 7662 1142 4106
7981 2 2 0 0 682 7663 3766
7982 2 2 0 0 7663 1980 3766
7983 2 2 0 0 1980 7663 3767
7984 2 2 0 0 7663 682 3767
7985 2 2 0 0 1981 7664 3766
7986 2 2 0 0 7664 682 3766
7987 2 2 0 0 682 7664 3768
7988 2 2 0 0 7664 1981 3768
7989 2 2 0 0 1989 7665 3767
7990 2 2 0 0 7665 1065 3767
7991 2 2 0 0 1065 7665 3779
7992 2 2 0 0 7665 1989 3779
7993 2 2 0 0 682 7666 3767
7994 2 2 0 0 7666 1989 3767
7995 2 2 0 0 1989 7666 3785
7996 2 2 0 0 7666 682 3785
7997 2 2 0 0 1981 7667 3768
7998 2 2 0 0 7667 1147 3768
7999 2 2 0 0 1147 7667 3769
8000 2 2 0 0 7667 1981 3769
8001 2 2 0 0 2158 7668 3768
8002 2 2 0 0 7668 682 3768
8003 2 2 0 0 682 7668 3785
8004 2 2 0 0 7668 2158 3785
8005 2 2 0 0 1147 7669 3768
8006 2 2 0 0 7669 2158 3768
8007 2 2 0 0 2158 7669 4128
8008 2 2 0 0 7669 1147 4128
8009 2 2 0 0 2147 7670 3769
8010 2 2 0 0 7670 1147 3769
8011 2 2 0 0 1147 7670 4107
8012 2 2 0 0 7670 2147 4107
8013 2 2 0 0 212 7671 3770
8014 2 2 0 0 7671 1982 3770
8015 2 2 0 0 212 7671 3771
8016 2 2 0 0 7671 1982 3771
8017 2 2 0 0 1983 7672 3770
8018 2 2 0 0 7672 212 3770
8019 2 2 0 0 212 7672 3772
8020 2 2 0 0 7672 1983 3772
8021 2 2 0 0 1984 7673 3771
8022 2 2 0 0 7673 212 3771
8023 2 2 0 0 212 7673 3775
8024 2 2 0 0 7673 1984 3775
8025 2 2 0 0 1063 7674 3771
8026 2 2 0 0 7674 1984 3771
8027 2 2 0 0 1984 7674 3774
8028 2 2 0 0 7674 1063 3774
8029 2 2 0 0 1983 7675 3772
8030 2 2 0 0 7675 1064 3772
8031 2 2 0 0 1064 7675 3773
8032 2 2 0 0 7675 1983 3773
8033 2 2 0 0 1987 7676 3772
8034 2 2 0 0 7676 212 3772
8035 2 2 0 0 1987 7676 3775
8036 2 2 0 0 7676 212 3775
8037 2 2 0 0 1064 7677 3772
8038 2 2 0 0 7677 1987 3772
8039 2 2 0 0 1987 7677 3780
8040 2 2 0 0 7677 1064 3780
8041 2 2 0 0 1986 7678 3773
8042 2 2 0 0 7678 1064 3773
8043 2 2 0 0 1064 7678 3778
8044 2 2 0 0 7678 1986 3778
8045 2 2 0 0 658 7679 3774
8046 2 2 0 0 7679 1984 3774
8047 2 2 0 0 1984 7679 3776
8048 2 2 0 0 7679 658 3776
8049 2 2 0 0 1985 7680 3774
8050 2 2 0 0 7680 658 3774
8051 2 2 0 0 658 7680 3777
8052 2 2 0 0 7680 1985 3777
8053 2 2 0 0 1984 7681 3775
8054 2 2 0 0 7681 1097 3775
8055 2 2 0 0 1097 7681 3776
8056 2 2 0 0 7681 1984 3776
8057 2 2 0 0 1097 7682 3775
8058 2 2 0 0 7682 1987 3775
8059 2 2 0 0 1987 7682 3781
8060 2 2 0 0 7682 1097 3781
8061 2 2 0 0 2056 7683 3776
8062 2 2 0 0 7683 1097 3776
8063 2 2 0 0 1097 7683 3920
8064 2 2 0 0 7683 2056 3920
8065 2 2 0 0 658 7684 3776
8066 2 2 0 0 7684 2056 3776
8067 2 2 0 0 2056 7684 3914
8068 2 2 0 0 7684 658 3914
8069 2 2 0 0 2053 7685 3777
8070 2 2 0 0 7685 658 3777
8071 2 2 0 0 658 7685 3914
8072 2 2 0 0 7685 2053 3914
8073 2 2 0 0 1095 7686 3777
8074 2 2 0 0 7686 2053 3777
8075 2 2 0 0 2053 7686 3912
8076 2 2 0 0 7686 1095 3912
8077 2 2 0 0 1986 7687 3778
8078 2 2 0 0 7687 403 3778
8079 2 2 0 0 403 7687 3779
8080 2 2 0 0 7687 1986 3779
8081 2 2 0 0 1988 7688 3778
8082 2 2 0 0 7688 1064 3778
8083 2 2 0 0 1064 7688 3780
8084 2 2 0 0 7688 1988 3780
8085 2 2 0 0 403 7689 3778
8086 2 2 0 0 7689 1988 3778
8087 2 2 0 0 1988 7689 3783
8088 2 2 0 0 7689 403 3783
8089 2 2 0 0 1989 7690 3779
8090 2 2 0 0 7690 403 3779
8091 2 2 0 0 403 7690 3784
8092 2 2 0 0 7690 1989 3784
8093 2 2 0 0 695 7691 3780
8094 2 2 0 0 7691 1987 3780
8095 2 2 0 0 695 7691 3781
8096 2 2 0 0 7691 1987 3781
8097 2 2 0 0 1988 7692 3780
8098 2 2 0 0 7692 695 3780
8099 2 2 0 0 695 7692 3782
8100 2 2 0 0 7692 1988 3782
8101 2 2 0 0 2057 7693 3781
8102 2 2 0 0 7693 695 3781
8103 2 2 0 0 695 7693 3922
8104 2 2 0 0 7693 2057 3922
8105 2 2 0 0 1097 7694 3781
8106 2 2 0 0 7694 2057 3781
8107 2 2 0 0 2057 7694 3920
8108 2 2 0 0 7694 1097 3920
8109 2 2 0 0 1988 7695 3782
8110 2 2 0 0 7695 1175 3782
8111 2 2 0 0 1175 7695 3783
8112 2 2 0 0 7695 1988 3783
8113 2 2 0 0 2216 7696 3782
8114 2 2 0 0 7696 695 3782
8115 2 2 0 0 2216 7696 3922
8116 2 2 0 0 7696 695 3922
8117 2 2 0 0 1175 7697 3782
8118 2 2 0 0 7697 2216 3782
8119 2 2 0 0 2216 7697 4248
8120 2 2 0 0 7697 1175 4248
8121 2 2 0 0 2160 7698 3783
8122 2 2 0 0 7698 1175 3783
8123 2 2 0 0 1175 7698 4133
8124 2 2 0 0 7698 2160 4133
8125 2 2 0 0 403 7699 3783
8126 2 2 0 0 7699 2160 3783
8127 2 2 0 0 2160 7699 3784
8128 2 2 0 0 7699 403 3784
8129 2 2 0 0 1989 7700 3784
8130 2 2 0 0 7700 1148 3784
8131 2 2 0 0 1148 7700 3785
8132 2 2 0 0 7700 1989 3785
8133 2 2 0 0 1148 7701 3784
8134 2 2 0 0 7701 2160 3784
8135 2 2 0 0 2160 7701 4132
8136 2 2 0 0 7701 1148 4132
8137 2 2 0 0 2158 7702 3785
8138 2 2 0 0 7702 1148 3785
8139 2 2 0 0 1148 7702 4129
8140 2 2 0 0 7702 2158 4129
8141 2 2 0 0 207 7703 3786
8142 2 2 0 0 7703 1990 3786
8143 2 2 0 0 207 7703 3787
8144 2 2 0 0 7703 1990 3787
8145 2 2 0 0 1991 7704 3786
8146 2 2 0 0 7704 207 3786
8147 2 2 0 0 207 7704 3788
8148 2 2 0 0 7704 1991 3788
8149 2 2 0 0 1992 7705 3787
8150 2 2 0 0 7705 207 3787
8151 2 2 0 0 207 7705 3790
8152 2 2 0 0 7705 1992 3790
8153 2 2 0 0 1067 7706 3787
8154 2 2 0 0 7706 1992 3787
8155 2 2 0 0 1992 7706 3789
8156 2 2 0 0 7706 1067 3789
8157 2 2 0 0 1994 7707 3788
8158 2 2 0 0 7707 207 3788
8159 2 2 0 0 1994 7707 3790
8160 2 2 0 0 7707 207 3790
8161 2 2 0 0 1068 7708 3788
8162 2 2 0 0 7708 1994 3788
8163 2 2 0 0 1994 7708 3793
8164 2 2 0 0 7708 1068 3793
8165 2 2 0 0 671 7709 3789
8166 2 2 0 0 7709 1992 3789
8167 2 2 0 0 1992 7709 3791
8168 2 2 0 0 7709 671 3791
8169 2 2 0 0 1993 7710 3789
8170 2 2 0 0 7710 671 3789
8171 2 2 0 0 671 7710 3792
8172 2 2 0 0 7710 1993 3792
8173 2 2 0 0 1992 7711 3790
8174 2 2 0 0 7711 1121 3790
8175 2 2 0 0 1121 7711 3791
8176 2 2 0 0 7711 1992 3791
8177 2 2 0 0 1121 7712 3790
8178 2 2 0 0 7712 1994 3790
8179 2 2 0 0 1994 7712 3794
8180 2 2 0 0 7712 1121 3794
8181 2 2 0 0 2105 7713 3791
8182 2 2 0 0 7713 1121 3791
8183 2 2 0 0 1121 7713 4014
8184 2 2 0 0 7713 2105 4014
8185 2 2 0 0 671 7714 3791
8186 2 2 0 0 7714 2105 3791
8187 2 2 0 0 2105 7714 4021
8188 2 2 0 0 7714 671 4021
8189 2 2 0 0 2110 7715 3792
8190 2 2 0 0 7715 671 3792
8191 2 2 0 0 671 7715 4021
8192 2 2 0 0 7715 2110 4021
8193 2 2 0 0 1125 7716 3792
8194 2 2 0 0 7716 2110 3792
8195 2 2 0 0 2110 7716 4031
8196 2 2 0 0 7716 1125 4031
8197 2 2 0 0 669 7717 3793
8198 2 2 0 0 7717 1994 3793
8199 2 2 0 0 669 7717 3794
8200 2 2 0 0 7717 1994 3794
8201 2 2 0 0 1995 7718 3793
8202 2 2 0 0 7718 669 3793
8203 2 2 0 0 669 7718 3795
8204 2 2 0 0 7718 1995 3795
8205 2 2 0 0 2102 7719 3794
8206 2 2 0 0 7719 669 3794
8207 2 2 0 0 669 7719 4010
8208 2 2 0 0 7719 2102 4010
8209 2 2 0 0 1121 7720 3794
8210 2 2 0 0 7720 2102 3794
8211 2 2 0 0 2102 7720 4014
8212 2 2 0 0 7720 1121 4014
8213 2 2 0 0 2100 7721 3795
8214 2 2 0 0 7721 669 3795
8215 2 2 0 0 2100 7721 4010
8216 2 2 0 0 7721 669 4010
8217 2 2 0 0 1119 7722 3795
8218 2 2 0 0 7722 2100 3795
8219 2 2 0 0 2100 7722 4008
8220 2 2 0 0 7722 1119 4008
8221 2 2 0 0 1996 7723 3796
8222 2 2 0 0 7723 94 3796
8223 2 2 0 0 94 7723 3797
8224 2 2 0 0 7723 1996 3797
8225 2 2 0 0 1997 7724 3796
8226 2 2 0 0 7724 94 3796
8227 2 2 0 0 94 7724 3799
8228 2 2 0 0 7724 1997 3799
8229 2 2 0 0 1069 7725 3796
8230 2 2 0 0 7725 1997 3796
8231 2 2 0 0 1997 7725 3798
8232 2 2 0 0 7725 1069 3798
8233 2 2 0 0 1999 7726 3797
8234 2 2 0 0 7726 94 3797
8235 2 2 0 0 94 7726 3803
8236 2 2 0 0 7726 1999 3803
8237 2 2 0 0 1070 7727 3797
8238 2 2 0 0 7727 1999 3797
8239 2 2 0 0 1999 7727 3802
8240 2 2 0 0 7727 1070 3802
8241 2 2 0 0 646 7728 3798
8242 2 2 0 0 7728 1997 3798
8243 2 2 0 0 1997 7728 3800
8244 2 2 0 0 7728 646 3800
8245 2 2 0 0 1998 7729 3798
8246 2 2 0 0 7729 646 3798
8247 2 2 0 0 646 7729 3801
8248 2 2 0 0 7729 1998 3801
8249 2 2 0 0 1997 7730 3799
8250 2 2 0 0 7730 1072 3799
8251 2 2 0 0 1072 7730 3800
8252 2 2 0 0 7730 1997 3800
8253 2 2 0 0 2004 7731 3799
8254 2 2 0 0 7731 94 3799
8255 2 2 0 0 94 7731 3803
8256 2 2 0 0 7731 2004 3803
8257 2 2 0 0 1072 7732 3799
8258 2 2 0 0 7732 2004 3799
8259 2 2 0 0 2004 7732 3812
8260 2 2 0 0 7732 1072 3812
8261 2 2 0 0 2003 7733 3800
8262 2 2 0 0 7733 1072 3800
8263 2 2 0 0 1072 7733 3810
8264 2 2 0 0 7733 2003 3810
8265 2 2 0 0 646 7734 3800
8266 2 2 0 0 7734 2003 3800
8267 2 2 0 0 2003 7734 3807
8268 2 2 0 0 7734 646 3807
8269 2 2 0 0 2001 7735 3801
8270 2 2 0 0 7735 646 3801
8271 2 2 0 0 646 7735 3807
8272 2 2 0 0 7735 2001 3807
8273 2 2 0 0 1071 7736 3801
8274 2 2 0 0 7736 2001 3801
8275 2 2 0 0 2001 7736 3806
8276 2 2 0 0 7736 1071 3806
8277 2 2 0 0 648 7737 3802
8278 2 2 0 0 7737 1999 3802
8279 2 2 0 0 1999 7737 3804
8280 2 2 0 0 7737 648 3804
8281 2 2 0 0 2000 7738 3802
8282 2 2 0 0 7738 648 3802
8283 2 2 0 0 648 7738 3805
8284 2 2 0 0 7738 2000 3805
8285 2 2 0 0 1999 7739 3803
8286 2 2 0 0 7739 1076 3803
8287 2 2 0 0 1076 7739 3804
8288 2 2 0 0 7739 1999 3804
8289 2 2 0 0 2004 7740 3803
8290 2 2 0 0 7740 1076 3803
8291 2 2 0 0 1076 7740 3813
8292 2 2 0 0 7740 2004 3813
8293 2 2 0 0 2012 7741 3804
8294 2 2 0 0 7741 1076 3804
8295 2 2 0 0 1076 7741 3828
8296 2 2 0 0 7741 2012 3828
8297 2 2 0 0 648 7742 3804
8298 2 2 0 0 7742 2012 3804
8299 2 2 0 0 2012 7742 3825
8300 2 2 0 0 7742 648 3825
8301 2 2 0 0 2010 7743 3805
8302 2 2 0 0 7743 648 3805
8303 2 2 0 0 648 7743 3825
8304 2 2 0 0 7743 2010 3825
8305 2 2 0 0 1075 7744 3805
8306 2 2 0 0 7744 2010 3805
8307 2 2 0 0 2010 7744 3824
8308 2 2 0 0 7744 1075 3824
8309 2 2 0 0 203 7745 3806
8310 2 2 0 0 7745 2001 3806
8311 2 2 0 0 2001 7745 3808
8312 2 2 0 0 7745 203 3808
8313 2 2 0 0 2002 7746 3806
8314 2 2 0 0 7746 203 3806
8315 2 2 0 0 203 7746 3809
8316 2 2 0 0 7746 2002 3809
8317 2 2 0 0 2001 7747 3807
8318 2 2 0 0 7747 1073 3807
8319 2 2 0 0 1073 7747 3808
8320 2 2 0 0 7747 2001 3808
8321 2 2 0 0 1073 7748 3807
8322 2 2 0 0 7748 2003 3807
8323 2 2 0 0 2003 7748 3811
8324 2 2 0 0 7748 1073 3811
8325 2 2 0 0 2007 7749 3808
8326 2 2 0 0 7749 1073 3808
8327 2 2 0 0 1073 7749 3816
8328 2 2 0 0 7749 2007 3816
8329 2 2 0 0 203 7750 3808
8330 2 2 0 0 7750 2007 3808
8331 2 2 0 0 2007 7750 3820
8332 2 2 0 0 7750 203 3820
8333 2 2 0 0 2008 7751 3809
8334 2 2 0 0 7751 203 3809
8335 2 2 0 0 203 7751 3820
8336 2 2 0 0 7751 2008 3820
8337 2 2 0 0 1074 7752 3809
8338 2 2 0 0 7752 2008 3809
8339 2 2 0 0 2008 7752 3821
8340 2 2 0 0 7752 1074 3821
8341 2 2 0 0 2003 7753 3810
8342 2 2 0 0 7753 383 3810
8343 2 2 0 0 383 7753 3811
8344 2 2 0 0 7753 2003 3811
8345 2 2 0 0 2005 7754 3810
8346 2 2 0 0 7754 1072 3810
8347 2 2 0 0 1072 7754 3812
8348 2 2 0 0 7754 2005 3812
8349 2 2 0 0 383 7755 3810
8350 2 2 0 0 7755 2005 3810
8351 2 2 0 0 2005 7755 3815
8352 2 2 0 0 7755 383 3815
8353 2 2 0 0 2006 7756 3811
8354 2 2 0 0 7756 383 3811
8355 2 2 0 0 383 7756 3817
8356 2 2 0 0 7756 2006 3817
8357 2 2 0 0 1073 7757 3811
8358 2 2 0 0 7757 2006 3811
8359 2 2 0 0 2006 7757 3816
8360 2 2 0 0 7757 1073 3816
8361 2 2 0 0 653 7758 3812
8362 2 2 0 0 7758 2004 3812
8363 2 2 0 0 2004 7758 3813
8364 2 2 0 0 7758 653 3813
8365 2 2 0 0 2005 7759 3812
8366 2 2 0 0 7759 653 3812
8367 2 2 0 0 653 7759 3814
8368 2 2 0 0 7759 2005 3814
8369 2 2 0 0 2013 7760 3813
8370 2 2 0 0 7760 1076 3813
8371 2 2 0 0 1076 7760 3828
8372 2 2 0 0 7760 2013 3828
8373 2 2 0 0 653 7761 3813
8374 2 2 0 0 7761 2013 3813
8375 2 2 0 0 2013 7761 3831
8376 2 2 0 0 7761 653 3831
8377 2 2 0 0 2005 7762 3814
8378 2 2 0 0 7762 1086 3814
8379 2 2 0 0 1086 7762 3815
8380 2 2 0 0 7762 2005 3815
8381 2 2 0 0 2033 7763 3814
8382 2 2 0 0 7763 653 3814
8383 2 2 0 0 653 7763 3831
8384 2 2 0 0 7763 2033 3831
8385 2 2 0 0 1086 7764 3814
8386 2 2 0 0 7764 2033 3814
8387 2 2 0 0 2033 7764 3872
8388 2 2 0 0 7764 1086 3872
8389 2 2 0 0 2029 7765 3815
8390 2 2 0 0 7765 1086 3815
8391 2 2 0 0 1086 7765 3865
8392 2 2 0 0 7765 2029 3865
8393 2 2 0 0 383 7766 3815
8394 2 2 0 0 7766 2029 3815
8395 2 2 0 0 2029 7766 3817
8396 2 2 0 0 7766 383 3817
8397 2 2 0 0 652 7767 3816
8398 2 2 0 0 7767 2006 3816
8399 2 2 0 0 2006 7767 3818
8400 2 2 0 0 7767 652 3818
8401 2 2 0 0 2007 7768 3816
8402 2 2 0 0 7768 652 3816
8403 2 2 0 0 652 7768 3819
8404 2 2 0 0 7768 2007 3819
8405 2 2 0 0 2006 7769 3817
8406 2 2 0 0 7769 1084 3817
8407 2 2 0 0 1084 7769 3818
8408 2 2 0 0 7769 2006 3818
8409 2 2 0 0 1084 7770 3817
8410 2 2 0 0 7770 2029 3817
8411 2 2 0 0 2029 7770 3864
8412 2 2 0 0 7770 1084 3864
8413 2 2 0 0 2028 7771 3818
8414 2 2 0 0 7771 1084 3818
8415 2 2 0 0 1084 7771 3862
8416 2 2 0 0 7771 2028 3862
8417 2 2 0 0 652 7772 3818
8418 2 2 0 0 7772 2028 3818
8419 2 2 0 0 2028 7772 3847
8420 2 2 0 0 7772 652 3847
8421 2 2 0 0 2007 7773 3819
8422 2 2 0 0 7773 1080 3819
8423 2 2 0 0 1080 7773 3820
8424 2 2 0 0 7773 2007 3820
8425 2 2 0 0 2021 7774 3819
8426 2 2 0 0 7774 652 3819
8427 2 2 0 0 652 7774 3847
8428 2 2 0 0 7774 2021 3847
8429 2 2 0 0 1080 7775 3819
8430 2 2 0 0 7775 2021 3819
8431 2 2 0 0 2021 7775 3845
8432 2 2 0 0 7775 1080 3845
8433 2 2 0 0 2008 7776 3820
8434 2 2 0 0 7776 1080 3820
8435 2 2 0 0 1080 7776 3822
8436 2 2 0 0 7776 2008 3822
8437 2 2 0 0 650 7777 3821
8438 2 2 0 0 7777 2008 3821
8439 2 2 0 0 2008 7777 3822
8440 2 2 0 0 7777 650 3822
8441 2 2 0 0 2009 7778 3821
8442 2 2 0 0 7778 650 3821
8443 2 2 0 0 650 7778 3823
8444 2 2 0 0 7778 2009 3823
8445 2 2 0 0 2020 7779 3822
8446 2 2 0 0 7779 1080 3822
8447 2 2 0 0 1080 7779 3845
8448 2 2 0 0 7779 2020 3845
8449 2 2 0 0 650 7780 3822
8450 2 2 0 0 7780 2020 3822
8451 2 2 0 0 2020 7780 3841
8452 2 2 0 0 7780 650 3841
8453 2 2 0 0 2018 7781 3823
8454 2 2 0 0 7781 650 3823
8455 2 2 0 0 650 7781 3841
8456 2 2 0 0 7781 2018 3841
8457 2 2 0 0 1079 7782 3823
8458 2 2 0 0 7782 2018 3823
8459 2 2 0 0 2018 7782 3840
8460 2 2 0 0 7782 1079 3840
8461 2 2 0 0 205 7783 3824
8462 2 2 0 0 7783 2010 3824
8463 2 2 0 0 2010 7783 3826
8464 2 2 0 0 7783 205 3826
8465 2 2 0 0 2011 7784 3824
8466 2 2 0 0 7784 205 3824
8467 2 2 0 0 205 7784 3827
8468 2 2 0 0 7784 2011 3827
8469 2 2 0 0 2010 7785 3825
8470 2 2 0 0 7785 1077 3825
8471 2 2 0 0 1077 7785 3826
8472 2 2 0 0 7785 2010 3826
8473 2 2 0 0 1077 7786 3825
8474 2 2 0 0 7786 2012 3825
8475 2 2 0 0 2012 7786 3829
8476 2 2 0 0 7786 1077 3829
8477 2 2 0 0 2015 7787 3826
8478 2 2 0 0 7787 1077 3826
8479 2 2 0 0 1077 7787 3832
8480 2 2 0 0 7787 2015 3832
8481 2 2 0 0 205 7788 3826
8482 2 2 0 0 7788 2015 3826
8483 2 2 0 0 2015 7788 3836
8484 2 2 0 0 7788 205 3836
8485 2 2 0 0 2016 7789 3827
8486 2 2 0 0 7789 205 3827
8487 2 2 0 0 205 7789 3836
8488 2 2 0 0 7789 2016 3836
8489 2 2 0 0 1078 7790 3827
8490 2 2 0 0 7790 2016 3827
8491 2 2 0 0 2016 7790 3837
8492 2 2 0 0 7790 1078 3837
8493 2 2 0 0 2012 7791 3828
8494 2 2 0 0 7791 388 3828
8495 2 2 0 0 388 7791 3829
8496 2 2 0 0 7791 2012 3829
8497 2 2 0 0 2013 7792 3828
8498 2 2 0 0 7792 388 3828
8499 2 2 0 0 388 7792 3830
8500 2 2 0 0 7792 2013 3830
8501 2 2 0 0 2014 7793 3829
8502 2 2 0 0 7793 388 3829
8503 2 2 0 0 388 7793 3833
8504 2 2 0 0 7793 2014 3833
8505 2 2 0 0 1077 7794 3829
8506 2 2 0 0 7794 2014 3829
8507 2 2 0 0 2014 7794 3832
8508 2 2 0 0 7794 1077 3832
8509 2 2 0 0 2013 7795 3830
8510 2 2 0 0 7795 1087 3830
8511 2 2 0 0 1087 7795 3831
8512 2 2 0 0 7795 2013 3831
8513 2 2 0 0 2035 7796 3830
8514 2 2 0 0 7796 388 3830
8515 2 2 0 0 388 7796 3833
8516 2 2 0 0 7796 2035 3833
8517 2 2 0 0 1087 7797 3830
8518 2 2 0 0 7797 2035 3830
8519 2 2 0 0 2035 7797 3876
8520 2 2 0 0 7797 1087 3876
8521 2 2 0 0 2033 7798 3831
8522 2 2 0 0 7798 1087 3831
8523 2 2 0 0 1087 7798 3873
8524 2 2 0 0 7798 2033 3873
8525 2 2 0 0 663 7799 3832
8526 2 2 0 0 7799 2014 3832
8527 2 2 0 0 2014 7799 3834
8528 2 2 0 0 7799 663 3834
8529 2 2 0 0 2015 7800 3832
8530 2 2 0 0 7800 663 3832
8531 2 2 0 0 663 7800 3835
8532 2 2 0 0 7800 2015 3835
8533 2 2 0 0 2014 7801 3833
8534 2 2 0 0 7801 1107 3833
8535 2 2 0 0 1107 7801 3834
8536 2 2 0 0 7801 2014 3834
8537 2 2 0 0 2035 7802 3833
8538 2 2 0 0 7802 1107 3833
8539 2 2 0 0 1107 7802 3877
8540 2 2 0 0 7802 2035 3877
8541 2 2 0 0 2076 7803 3834
8542 2 2 0 0 7803 1107 3834
8543 2 2 0 0 1107 7803 3960
8544 2 2 0 0 7803 2076 3960
8545 2 2 0 0 663 7804 3834
8546 2 2 0 0 7804 2076 3834
8547 2 2 0 0 2076 7804 3950
8548 2 2 0 0 7804 663 3950
8549 2 2 0 0 2015 7805 3835
8550 2 2 0 0 7805 1104 3835
8551 2 2 0 0 1104 7805 3836
8552 2 2 0 0 7805 2015 3836
8553 2 2 0 0 2071 7806 3835
8554 2 2 0 0 7806 663 3835
8555 2 2 0 0 663 7806 3950
8556 2 2 0 0 7806 2071 3950
8557 2 2 0 0 1104 7807 3835
8558 2 2 0 0 7807 2071 3835
8559 2 2 0 0 2071 7807 3948
8560 2 2 0 0 7807 1104 3948
8561 2 2 0 0 2016 7808 3836
8562 2 2 0 0 7808 1104 3836
8563 2 2 0 0 1104 7808 3838
8564 2 2 0 0 7808 2016 3838
8565 2 2 0 0 661 7809 3837
8566 2 2 0 0 7809 2016 3837
8567 2 2 0 0 2016 7809 3838
8568 2 2 0 0 7809 661 3838
8569 2 2 0 0 2017 7810 3837
8570 2 2 0 0 7810 661 3837
8571 2 2 0 0 661 7810 3839
8572 2 2 0 0 7810 2017 3839
8573 2 2 0 0 2070 7811 3838
8574 2 2 0 0 7811 1104 3838
8575 2 2 0 0 1104 7811 3948
8576 2 2 0 0 7811 2070 3948
8577 2 2 0 0 661 7812 3838
8578 2 2 0 0 7812 2070 3838
8579 2 2 0 0 2070 7812 3945
8580 2 2 0 0 7812 661 3945
8581 2 2 0 0 2068 7813 3839
8582 2 2 0 0 7813 661 3839
8583 2 2 0 0 661 7813 3945
8584 2 2 0 0 7813 2068 3945
8585 2 2 0 0 1103 7814 3839
8586 2 2 0 0 7814 2068 3839
8587 2 2 0 0 2068 7814 3944
8588 2 2 0 0 7814 1103 3944
8589 2 2 0 0 127 7815 3840
8590 2 2 0 0 7815 2018 3840
8591 2 2 0 0 2018 7815 3842
8592 2 2 0 0 7815 127 3842
8593 2 2 0 0 2019 7816 3840
8594 2 2 0 0 7816 127 3840
8595 2 2 0 0 2019 7816 3844
8596 2 2 0 0 7816 127 3844
8597 2 2 0 0 2018 7817 3841
8598 2 2 0 0 7817 1081 3841
8599 2 2 0 0 1081 7817 3842
8600 2 2 0 0 7817 2018 3842
8601 2 2 0 0 1081 7818 3841
8602 2 2 0 0 7818 2020 3841
8603 2 2 0 0 2020 7818 3846
8604 2 2 0 0 7818 1081 3846
8605 2 2 0 0 2023 7819 3842
8606 2 2 0 0 7819 1081 3842
8607 2 2 0 0 1081 7819 3849
8608 2 2 0 0 7819 2023 3849
8609 2 2 0 0 127 7820 3842
8610 2 2 0 0 7820 2023 3842
8611 2 2 0 0 127 7820 3852
8612 2 2 0 0 7820 2023 3852
8613 2 2 0 0 2019 7821 3843
8614 2 2 0 0 7821 1083 3843
8615 2 2 0 0 1083 7821 3844
8616 2 2 0 0 7821 2019 3844
8617 2 2 0 0 1083 7822 3843
8618 2 2 0 0 7822 2024 3843
8619 2 2 0 0 2024 7822 3855
8620 2 2 0 0 7822 1083 3855
8621 2 2 0 0 2027 7823 3844
8622 2 2 0 0 7823 1083 3844
8623 2 2 0 0 1083 7823 3858
8624 2 2 0 0 7823 2027 3858
8625 2 2 0 0 127 7824 3844
8626 2 2 0 0 7824 2027 3844
8627 2 2 0 0 2027 7824 3852
8628 2 2 0 0 7824 127 3852
8629 2 2 0 0 2020 7825 3845
8630 2 2 0 0 7825 384 3845
8631 2 2 0 0 384 7825 3846
8632 2 2 0 0 7825 2020 3846
8633 2 2 0 0 384 7826 3845
8634 2 2 0 0 7826 2021 3845
8635 2 2 0 0 2021 7826 3848
8636 2 2 0 0 7826 384 3848
8637 2 2 0 0 2022 7827 3846
8638 2 2 0 0 7827 384 3846
8639 2 2 0 0 384 7827 3850
8640 2 2 0 0 7827 2022 3850
8641 2 2 0 0 1081 7828 3846
8642 2 2 0 0 7828 2022 3846
8643 2 2 0 0 2022 7828 3849
8644 2 2 0 0 7828 1081 3849
8645 2 2 0 0 2021 7829 3847
8646 2 2 0 0 7829 1085 3847
8647 2 2 0 0 1085 7829 3848
8648 2 2 0 0 7829 2021 3848
8649 2 2 0 0 1085 7830 3847
8650 2 2 0 0 7830 2028 3847
8651 2 2 0 0 2028 7830 3863
8652 2 2 0 0 7830 1085 3863
8653 2 2 0 0 2032 7831 3848
8654 2 2 0 0 7831 1085 3848
8655 2 2 0 0 1085 7831 3868
8656 2 2 0 0 7831 2032 3868
8657 2 2 0 0 384 7832 3848
8658 2 2 0 0 7832 2032 3848
8659 2 2 0 0 2032 7832 3850
8660 2 2 0 0 7832 384 3850
8661 2 2 0 0 656 7833 3849
8662 2 2 0 0 7833 2022 3849
8663 2 2 0 0 2022 7833 3851
8664 2 2 0 0 7833 656 3851
8665 2 2 0 0 2023 7834 3849
8666 2 2 0 0 7834 656 3849
8667 2 2 0 0 2023 7834 3853
8668 2 2 0 0 7834 656 3853
8669 2 2 0 0 2022 7835 3850
8670 2 2 0 0 7835 1090 3850
8671 2 2 0 0 1090 7835 3851
8672 2 2 0 0 7835 2022 3851
8673 2 2 0 0 1090 7836 3850
8674 2 2 0 0 7836 2032 3850
8675 2 2 0 0 2032 7836 3871
8676 2 2 0 0 7836 1090 3871
8677 2 2 0 0 2043 7837 3851
8678 2 2 0 0 7837 1090 3851
8679 2 2 0 0 1090 7837 3890
8680 2 2 0 0 7837 2043 3890
8681 2 2 0 0 656 7838 3851
8682 2 2 0 0 7838 2043 3851
8683 2 2 0 0 656 7838 3893
8684 2 2 0 0 7838 2043 3893
8685 2 2 0 0 2023 7839 3852
8686 2 2 0 0 7839 1093 3852
8687 2 2 0 0 1093 7839 3853
8688 2 2 0 0 7839 2023 3853
8689 2 2 0 0 1093 7840 3852
8690 2 2 0 0 7840 2027 3852
8691 2 2 0 0 2027 7840 3861
8692 2 2 0 0 7840 1093 3861
8693 2 2 0 0 2048 7841 3853
8694 2 2 0 0 7841 1093 3853
8695 2 2 0 0 1093 7841 3904
8696 2 2 0 0 7841 2048 3904
8697 2 2 0 0 656 7842 3853
8698 2 2 0 0 7842 2048 3853
8699 2 2 0 0 2048 7842 3893
8700 2 2 0 0 7842 656 3893
8701 2 2 0 0 2024 7843 3854
8702 2 2 0 0 7843 386 3854
8703 2 2 0 0 386 7843 3855
8704 2 2 0 0 7843 2024 3855
8705 2 2 0 0 386 7844 3854
8706 2 2 0 0 7844 2025 3854
8707 2 2 0 0 2025 7844 3857
8708 2 2 0 0 7844 386 3857
8709 2 2 0 0 2026 7845 3855
8710 2 2 0 0 7845 386 3855
8711 2 2 0 0 386 7845 3859
8712 2 2 0 0 7845 2026 3859
8713 2 2 0 0 1083 7846 3855
8714 2 2 0 0 7846 2026 3855
8715 2 2 0 0 2026 7846 3858
8716 2 2 0 0 7846 1083 3858
8717 2 2 0 0 2025 7847 3856
8718 2 2 0 0 7847 1096 3856
8719 2 2 0 0 1096 7847 3857
8720 2 2 0 0 7847 2025 3857
8721 2 2 0 0 1096 7848 3856
8722 2 2 0 0 7848 2052 3856
8723 2 2 0 0 2052 7848 3913
8724 2 2 0 0 7848 1096 3913
8725 2 2 0 0 2055 7849 3857
8726 2 2 0 0 7849 1096 3857
8727 2 2 0 0 1096 7849 3916
8728 2 2 0 0 7849 2055 3916
8729 2 2 0 0 386 7850 3857
8730 2 2 0 0 7850 2055 3857
8731 2 2 0 0 2055 7850 3859
8732 2 2 0 0 7850 386 3859
8733 2 2 0 0 660 7851 3858
8734 2 2 0 0 7851 2026 3858
8735 2 2 0 0 2026 7851 3860
8736 2 2 0 0 7851 660 3860
8737 2 2 0 0 2027 7852 3858
8738 2 2 0 0 7852 660 3858
8739 2 2 0 0 660 7852 3861
8740 2 2 0 0 7852 2027 3861
8741 2 2 0 0 2026 7853 3859
8742 2 2 0 0 7853 1099 3859
8743 2 2 0 0 1099 7853 3860
8744 2 2 0 0 7853 2026 3860
8745 2 2 0 0 1099 7854 3859
8746 2 2 0 0 7854 2055 3859
8747 2 2 0 0 2055 7854 3919
8748 2 2 0 0 7854 1099 3919
8749 2 2 0 0 2061 7855 3860
8750 2 2 0 0 7855 1099 3860
8751 2 2 0 0 1099 7855 3928
8752 2 2 0 0 7855 2061 3928
8753 2 2 0 0 660 7856 3860
8754 2 2 0 0 7856 2061 3860
8755 2 2 0 0 2061 7856 3906
8756 2 2 0 0 7856 660 3906
8757 2 2 0 0 2049 7857 3861
8758 2 2 0 0 7857 660 3861
8759 2 2 0 0 660 7857 3906
8760 2 2 0 0 7857 2049 3906
8761 2 2 0 0 1093 7858 3861
8762 2 2 0 0 7858 2049 3861
8763 2 2 0 0 2049 7858 3904
8764 2 2 0 0 7858 1093 3904
8765 2 2 0 0 2028 7859 3862
8766 2 2 0 0 7859 162 3862
8767 2 2 0 0 162 7859 3863
8768 2 2 0 0 7859 2028 3863
8769 2 2 0 0 2030 7860 3862
8770 2 2 0 0 7860 1084 3862
8771 2 2 0 0 1084 7860 3864
8772 2 2 0 0 7860 2030 3864
8773 2 2 0 0 162 7861 3862
8774 2 2 0 0 7861 2030 3862
8775 2 2 0 0 2030 7861 3867
8776 2 2 0 0 7861 162 3867
8777 2 2 0 0 2031 7862 3863
8778 2 2 0 0 7862 162 3863
8779 2 2 0 0 162 7862 3869
8780 2 2 0 0 7862 2031 3869
8781 2 2 0 0 1085 7863 3863
8782 2 2 0 0 7863 2031 3863
8783 2 2 0 0 2031 7863 3868
8784 2 2 0 0 7863 1085 3868
8785 2 2 0 0 654 7864 3864
8786 2 2 0 0 7864 2029 3864
8787 2 2 0 0 2029 7864 3865
8788 2 2 0 0 7864 654 3865
8789 2 2 0 0 2030 7865 3864
8790 2 2 0 0 7865 654 3864
8791 2 2 0 0 654 7865 3866
8792 2 2 0 0 7865 2030 3866
8793 2 2 0 0 2034 7866 3865
8794 2 2 0 0 7866 1086 3865
8795 2 2 0 0 1086 7866 3872
8796 2 2 0 0 7866 2034 3872
8797 2 2 0 0 654 7867 3865
8798 2 2 0 0 7867 2034 3865
8799 2 2 0 0 2034 7867 3875
8800 2 2 0 0 7867 654 3875
8801 2 2 0 0 2030 7868 3866
8802 2 2 0 0 7868 1089 3866
8803 2 2 0 0 1089 7868 3867
8804 2 2 0 0 7868 2030 3867
8805 2 2 0 0 2037 7869 3866
8806 2 2 0 0 7869 654 3866
8807 2 2 0 0 654 7869 3875
8808 2 2 0 0 7869 2037 3875
8809 2 2 0 0 1089 7870 3866
8810 2 2 0 0 7870 2037 3866
8811 2 2 0 0 2037 7870 3881
8812 2 2 0 0 7870 1089 3881
8813 2 2 0 0 2041 7871 3867
8814 2 2 0 0 7871 1089 3867
8815 2 2 0 0 1089 7871 3886
8816 2 2 0 0 7871 2041 3886
8817 2 2 0 0 162 7872 3867
8818 2 2 0 0 7872 2041 3867
8819 2 2 0 0 2041 7872 3869
8820 2 2 0 0 7872 162 3869
8821 2 2 0 0 655 7873 3868
8822 2 2 0 0 7873 2031 3868
8823 2 2 0 0 2031 7873 3870
8824 2 2 0 0 7873 655 3870
8825 2 2 0 0 2032 7874 3868
8826 2 2 0 0 7874 655 3868
8827 2 2 0 0 655 7874 3871
8828 2 2 0 0 7874 2032 3871
8829 2 2 0 0 2031 7875 3869
8830 2 2 0 0 7875 1091 3869
8831 2 2 0 0 1091 7875 3870
8832 2 2 0 0 7875 2031 3870
8833 2 2 0 0 1091 7876 3869
8834 2 2 0 0 7876 2041 3869
8835 2 2 0 0 2041 7876 3889
8836 2 2 0 0 7876 1091 3889
8837 2 2 0 0 2044 7877 3870
8838 2 2 0 0 7877 1091 3870
8839 2 2 0 0 1091 7877 3895
8840 2 2 0 0 7877 2044 3895
8841 2 2 0 0 655 7878 3870
8842 2 2 0 0 7878 2044 3870
8843 2 2 0 0 2044 7878 3891
8844 2 2 0 0 7878 655 3891
8845 2 2 0 0 2042 7879 3871
8846 2 2 0 0 7879 655 3871
8847 2 2 0 0 655 7879 3891
8848 2 2 0 0 7879 2042 3891
8849 2 2 0 0 1090 7880 3871
8850 2 2 0 0 7880 2042 3871
8851 2 2 0 0 2042 7880 3890
8852 2 2 0 0 7880 1090 3890
8853 2 2 0 0 242 7881 3872
8854 2 2 0 0 7881 2033 3872
8855 2 2 0 0 2033 7881 3873
8856 2 2 0 0 7881 242 3873
8857 2 2 0 0 2034 7882 3872
8858 2 2 0 0 7882 242 3872
8859 2 2 0 0 242 7882 3874
8860 2 2 0 0 7882 2034 3874
8861 2 2 0 0 2036 7883 3873
8862 2 2 0 0 7883 1087 3873
8863 2 2 0 0 1087 7883 3876
8864 2 2 0 0 7883 2036 3876
8865 2 2 0 0 242 7884 3873
8866 2 2 0 0 7884 2036 3873
8867 2 2 0 0 2036 7884 3879
8868 2 2 0 0 7884 242 3879
8869 2 2 0 0 2034 7885 3874
8870 2 2 0 0 7885 1088 3874
8871 2 2 0 0 1088 7885 3875
8872 2 2 0 0 7885 2034 3875
8873 2 2 0 0 2038 7886 3874
8874 2 2 0 0 7886 242 3874
8875 2 2 0 0 242 7886 3879
8876 2 2 0 0 7886 2038 3879
8877 2 2 0 0 1088 7887 3874
8878 2 2 0 0 7887 2038 3874
8879 2 2 0 0 2038 7887 3882
8880 2 2 0 0 7887 1088 3882
8881 2 2 0 0 2037 7888 3875
8882 2 2 0 0 7888 1088 3875
8883 2 2 0 0 1088 7888 3880
8884 2 2 0 0 7888 2037 3880
8885 2 2 0 0 664 7889 3876
8886 2 2 0 0 7889 2035 3876
8887 2 2 0 0 2035 7889 3877
8888 2 2 0 0 7889 664 3877
8889 2 2 0 0 2036 7890 3876
8890 2 2 0 0 7890 664 3876
8891 2 2 0 0 664 7890 3878
8892 2 2 0 0 7890 2036 3878
8893 2 2 0 0 2077 7891 3877
8894 2 2 0 0 7891 1107 3877
8895 2 2 0 0 1107 7891 3960
8896 2 2 0 0 7891 2077 3960
8897 2 2 0 0 664 7892 3877
8898 2 2 0 0 7892 2077 3877
8899 2 2 0 0 2077 7892 3963
8900 2 2 0 0 7892 664 3963
8901 2 2 0 0 2036 7893 3878
8902 2 2 0 0 7893 1110 3878
8903 2 2 0 0 1110 7893 3879
8904 2 2 0 0 7893 2036 3879
8905 2 2 0 0 2080 7894 3878
8906 2 2 0 0 7894 664 3878
8907 2 2 0 0 664 7894 3963
8908 2 2 0 0 7894 2080 3963
8909 2 2 0 0 1110 7895 3878
8910 2 2 0 0 7895 2080 3878
8911 2 2 0 0 2080 7895 3969
8912 2 2 0 0 7895 1110 3969
8913 2 2 0 0 2038 7896 3879
8914 2 2 0 0 7896 1110 3879
8915 2 2 0 0 1110 7896 3883
8916 2 2 0 0 7896 2038 3883
8917 2 2 0 0 2037 7897 3880
8918 2 2 0 0 7897 439 3880
8919 2 2 0 0 439 7897 3881
8920 2 2 0 0 7897 2037 3881
8921 2 2 0 0 2039 7898 3880
8922 2 2 0 0 7898 1088 3880
8923 2 2 0 0 1088 7898 3882
8924 2 2 0 0 7898 2039 3882
8925 2 2 0 0 439 7899 3880
8926 2 2 0 0 7899 2039 3880
8927 2 2 0 0 2039 7899 3885
8928 2 2 0 0 7899 439 3885
8929 2 2 0 0 2040 7900 3881
8930 2 2 0 0 7900 439 3881
8931 2 2 0 0 439 7900 3887
8932 2 2 0 0 7900 2040 3887
8933 2 2 0 0 1089 7901 3881
8934 2 2 0 0 7901 2040 3881
8935 2 2 0 0 2040 7901 3886
8936 2 2 0 0 7901 1089 3886
8937 2 2 0 0 730 7902 3882
8938 2 2 0 0 7902 2038 3882
8939 2 2 0 0 2038 7902 3883
8940 2 2 0 0 7902 730 3883
8941 2 2 0 0 2039 7903 3882
8942 2 2 0 0 7903 730 3882
8943 2 2 0 0 730 7903 3884
8944 2 2 0 0 7903 2039 3884
8945 2 2 0 0 2083 7904 3883
8946 2 2 0 0 7904 1110 3883
8947 2 2 0 0 1110 7904 3969
8948 2 2 0 0 7904 2083 3969
8949 2 2 0 0 730 7905 3883
8950 2 2 0 0 7905 2083 3883
8951 2 2 0 0 2083 7905 3975
8952 2 2 0 0 7905 730 3975
8953 2 2 0 0 2039 7906 3884
8954 2 2 0 0 7906 1261 3884
8955 2 2 0 0 1261 7906 3885
8956 2 2 0 0 7906 2039 3885
8957 2 2 0 0 2344 7907 3884
8958 2 2 0 0 7907 730 3884
8959 2 2 0 0 730 7907 3975
8960 2 2 0 0 7907 2344 3975
8961 2 2 0 0 1261 7908 3884
8962 2 2 0 0 7908 2344 3884
8963 2 2 0 0 2344 7908 4597
8964 2 2 0 0 7908 1261 4597
8965 2 2 0 0 2350 7909 3885
8966 2 2 0 0 7909 1261 3885
8967 2 2 0 0 1261 7909 4607
8968 2 2 0 0 7909 2350 4607
8969 2 2 0 0 439 7910 3885
8970 2 2 0 0 7910 2350 3885
8971 2 2 0 0 2350 7910 3887
8972 2 2 0 0 7910 439 3887
8973 2 2 0 0 737 7911 3886
8974 2 2 0 0 7911 2040 3886
8975 2 2 0 0 2040 7911 3888
8976 2 2 0 0 7911 737 3888
8977 2 2 0 0 2041 7912 3886
8978 2 2 0 0 7912 737 3886
8979 2 2 0 0 737 7912 3889
8980 2 2 0 0 7912 2041 3889
8981 2 2 0 0 2040 7913 3887
8982 2 2 0 0 7913 1273 3887
8983 2 2 0 0 1273 7913 3888
8984 2 2 0 0 7913 2040 3888
8985 2 2 0 0 1273 7914 3887
8986 2 2 0 0 7914 2350 3887
8987 2 2 0 0 2350 7914 4609
8988 2 2 0 0 7914 1273 4609
8989 2 2 0 0 2376 7915 3888
8990 2 2 0 0 7915 1273 3888
8991 2 2 0 0 1273 7915 4660
8992 2 2 0 0 7915 2376 4660
8993 2 2 0 0 737 7916 3888
8994 2 2 0 0 7916 2376 3888
8995 2 2 0 0 2376 7916 3897
8996 2 2 0 0 7916 737 3897
8997 2 2 0 0 2045 7917 3889
8998 2 2 0 0 7917 737 3889
8999 2 2 0 0 737 7917 3897
9000 2 2 0 0 7917 2045 3897
9001 2 2 0 0 1091 7918 3889
9002 2 2 0 0 7918 2045 3889
9003 2 2 0 0 2045 7918 3895
9004 2 2 0 0 7918 1091 3895
9005 2 2 0 0 247 7919 3890
9006 2 2 0 0 7919 2042 3890
9007 2 2 0 0 2042 7919 3892
9008 2 2 0 0 7919 247 3892
9009 2 2 0 0 2043 7920 3890
9010 2 2 0 0 7920 247 3890
9011 2 2 0 0 2043 7920 3894
9012 2 2 0 0 7920 247 3894
9013 2 2 0 0 2042 7921 3891
9014 2 2 0 0 7921 1092 3891
9015 2 2 0 0 1092 7921 3892
9016 2 2 0 0 7921 2042 3892
9017 2 2 0 0 1092 7922 3891
9018 2 2 0 0 7922 2044 3891
9019 2 2 0 0 2044 7922 3896
9020 2 2 0 0 7922 1092 3896
9021 2 2 0 0 2047 7923 3892
9022 2 2 0 0 7923 1092 3892
9023 2 2 0 0 1092 7923 3899
9024 2 2 0 0 7923 2047 3899
9025 2 2 0 0 247 7924 3892
9026 2 2 0 0 7924 2047 3892
9027 2 2 0 0 247 7924 3902
9028 2 2 0 0 7924 2047 3902
9029 2 2 0 0 2043 7925 3893
9030 2 2 0 0 7925 1094 3893
9031 2 2 0 0 1094 7925 3894
9032 2 2 0 0 7925 2043 3894
9033 2 2 0 0 1094 7926 3893
9034 2 2 0 0 7926 2048 3893
9035 2 2 0 0 2048 7926 3905
9036 2 2 0 0 7926 1094 3905
9037 2 2 0 0 2051 7927 3894
9038 2 2 0 0 7927 1094 3894
9039 2 2 0 0 1094 7927 3908
9040 2 2 0 0 7927 2051 3908
9041 2 2 0 0 247 7928 3894
9042 2 2 0 0 7928 2051 3894
9043 2 2 0 0 2051 7928 3902
9044 2 2 0 0 7928 247 3902
9045 2 2 0 0 2044 7929 3895
9046 2 2 0 0 7929 446 3895
9047 2 2 0 0 446 7929 3896
9048 2 2 0 0 7929 2044 3896
9049 2 2 0 0 446 7930 3895
9050 2 2 0 0 7930 2045 3895
9051 2 2 0 0 2045 7930 3898
9052 2 2 0 0 7930 446 3898
9053 2 2 0 0 2046 7931 3896
9054 2 2 0 0 7931 446 3896
9055 2 2 0 0 446 7931 3900
9056 2 2 0 0 7931 2046 3900
9057 2 2 0 0 1092 7932 3896
9058 2 2 0 0 7932 2046 3896
9059 2 2 0 0 2046 7932 3899
9060 2 2 0 0 7932 1092 3899
9061 2 2 0 0 2045 7933 3897
9062 2 2 0 0 7933 1275 3897
9063 2 2 0 0 1275 7933 3898
9064 2 2 0 0 7933 2045 3898
9065 2 2 0 0 1275 7934 3897
9066 2 2 0 0 7934 2376 3897
9067 2 2 0 0 2376 7934 4662
9068 2 2 0 0 7934 1275 4662
9069 2 2 0 0 2380 7935 3898
9070 2 2 0 0 7935 1275 3898
9071 2 2 0 0 1275 7935 4667
9072 2 2 0 0 7935 2380 4667
9073 2 2 0 0 446 7936 3898
9074 2 2 0 0 7936 2380 3898
9075 2 2 0 0 2380 7936 3900
9076 2 2 0 0 7936 446 3900
9077 2 2 0 0 745 7937 3899
9078 2 2 0 0 7937 2046 3899
9079 2 2 0 0 2046 7937 3901
9080 2 2 0 0 7937 745 3901
9081 2 2 0 0 2047 7938 3899
9082 2 2 0 0 7938 745 3899
9083 2 2 0 0 2047 7938 3903
9084 2 2 0 0 7938 745 3903
9085 2 2 0 0 2046 7939 3900
9086 2 2 0 0 7939 1292 3900
9087 2 2 0 0 1292 7939 3901
9088 2 2 0 0 7939 2046 3901
9089 2 2 0 0 1292 7940 3900
9090 2 2 0 0 7940 2380 3900
9091 2 2 0 0 2380 7940 4669
9092 2 2 0 0 7940 1292 4669
9093 2 2 0 0 2406 7941 3901
9094 2 2 0 0 7941 1292 3901
9095 2 2 0 0 1292 7941 4736
9096 2 2 0 0 7941 2406 4736
9097 2 2 0 0 745 7942 3901
9098 2 2 0 0 7942 2406 3901
9099 2 2 0 0 745 7942 4739
9100 2 2 0 0 7942 2406 4739
9101 2 2 0 0 2047 7943 3902
9102 2 2 0 0 7943 1295 3902
9103 2 2 0 0 1295 7943 3903
9104 2 2 0 0 7943 2047 3903
9105 2 2 0 0 1295 7944 3902
9106 2 2 0 0 7944 2051 3902
9107 2 2 0 0 2051 7944 3911
9108 2 2 0 0 7944 1295 3911
9109 2 2 0 0 2411 7945 3903
9110 2 2 0 0 7945 1295 3903
9111 2 2 0 0 1295 7945 4750
9112 2 2 0 0 7945 2411 4750
9113 2 2 0 0 745 7946 3903
9114 2 2 0 0 7946 2411 3903
9115 2 2 0 0 2411 7946 4739
9116 2 2 0 0 7946 745 4739
9117 2 2 0 0 2048 7947 3904
9118 2 2 0 0 7947 449 3904
9119 2 2 0 0 449 7947 3905
9120 2 2 0 0 7947 2048 3905
9121 2 2 0 0 449 7948 3904
9122 2 2 0 0 7948 2049 3904
9123 2 2 0 0 2049 7948 3907
9124 2 2 0 0 7948 449 3907
9125 2 2 0 0 2050 7949 3905
9126 2 2 0 0 7949 449 3905
9127 2 2 0 0 449 7949 3909
9128 2 2 0 0 7949 2050 3909
9129 2 2 0 0 1094 7950 3905
9130 2 2 0 0 7950 2050 3905
9131 2 2 0 0 2050 7950 3908
9132 2 2 0 0 7950 1094 3908
9133 2 2 0 0 2049 7951 3906
9134 2 2 0 0 7951 1102 3906
9135 2 2 0 0 1102 7951 3907
9136 2 2 0 0 7951 2049 3907
9137 2 2 0 0 1102 7952 3906
9138 2 2 0 0 7952 2061 3906
9139 2 2 0 0 2061 7952 3931
9140 2 2 0 0 7952 1102 3931
9141 2 2 0 0 2067 7953 3907
9142 2 2 0 0 7953 1102 3907
9143 2 2 0 0 1102 7953 3941
9144 2 2 0 0 7953 2067 3941
9145 2 2 0 0 449 7954 3907
9146 2 2 0 0 7954 2067 3907
9147 2 2 0 0 2067 7954 3909
9148 2 2 0 0 7954 449 3909
9149 2 2 0 0 750 7955 3908
9150 2 2 0 0 7955 2050 3908
9151 2 2 0 0 2050 7955 3910
9152 2 2 0 0 7955 750 3910
9153 2 2 0 0 2051 7956 3908
9154 2 2 0 0 7956 750 3908
9155 2 2 0 0 750 7956 3911
9156 2 2 0 0 7956 2051 3911
9157 2 2 0 0 2050 7957 3909
9158 2 2 0 0 7957 1306 3909
9159 2 2 0 0 1306 7957 3910
9160 2 2 0 0 7957 2050 3910
9161 2 2 0 0 1306 7958 3909
9162 2 2 0 0 7958 2067 3909
9163 2 2 0 0 2067 7958 3943
9164 2 2 0 0 7958 1306 3943
9165 2 2 0 0 2433 7959 3910
9166 2 2 0 0 7959 1306 3910
9167 2 2 0 0 1306 7959 4796
9168 2 2 0 0 7959 2433 4796
9169 2 2 0 0 750 7960 3910
9170 2 2 0 0 7960 2433 3910
9171 2 2 0 0 2433 7960 4752
9172 2 2 0 0 7960 750 4752
9173 2 2 0 0 2412 7961 3911
9174 2 2 0 0 7961 750 3911
9175 2 2 0 0 750 7961 4752
9176 2 2 0 0 7961 2412 4752
9177 2 2 0 0 1295 7962 3911
9178 2 2 0 0 7962 2412 3911
9179 2 2 0 0 2412 7962 4750
9180 2 2 0 0 7962 1295 4750
9181 2 2 0 0 2052 7963 3912
9182 2 2 0 0 7963 165 3912
9183 2 2 0 0 165 7963 3913
9184 2 2 0 0 7963 2052 3913
9185 2 2 0 0 165 7964 3912
9186 2 2 0 0 7964 2053 3912
9187 2 2 0 0 2053 7964 3915
9188 2 2 0 0 7964 165 3915
9189 2 2 0 0 2054 7965 3913
9190 2 2 0 0 7965 165 3913
9191 2 2 0 0 165 7965 3917
9192 2 2 0 0 7965 2054 3917
9193 2 2 0 0 1096 7966 3913
9194 2 2 0 0 7966 2054 3913
9195 2 2 0 0 2054 7966 3916
9196 2 2 0 0 7966 1096 3916
9197 2 2 0 0 2053 7967 3914
9198 2 2 0 0 7967 1098 3914
9199 2 2 0 0 1098 7967 3915
9200 2 2 0 0 7967 2053 3915
9201 2 2 0 0 1098 7968 3914
9202 2 2 0 0 7968 2056 3914
9203 2 2 0 0 2056 7968 3921
9204 2 2 0 0 7968 1098 3921
9205 2 2 0 0 2059 7969 3915
9206 2 2 0 0 7969 1098 3915
9207 2 2 0 0 1098 7969 3924
9208 2 2 0 0 7969 2059 3924
9209 2 2 0 0 165 7970 3915
9210 2 2 0 0 7970 2059 3915
9211 2 2 0 0 2059 7970 3917
9212 2 2 0 0 7970 165 3917
9213 2 2 0 0 659 7971 3916
9214 2 2 0 0 7971 2054 3916
9215 2 2 0 0 2054 7971 3918
9216 2 2 0 0 7971 659 3918
9217 2 2 0 0 2055 7972 3916
9218 2 2 0 0 7972 659 3916
9219 2 2 0 0 659 7972 3919
9220 2 2 0 0 7972 2055 3919
9221 2 2 0 0 2054 7973 3917
9222 2 2 0 0 7973 1100 3917
9223 2 2 0 0 1100 7973 3918
9224 2 2 0 0 7973 2054 3918
9225 2 2 0 0 1100 7974 3917
9226 2 2 0 0 7974 2059 3917
9227 2 2 0 0 2059 7974 3927
9228 2 2 0 0 7974 1100 3927
9229 2 2 0 0 2062 7975 3918
9230 2 2 0 0 7975 1100 3918
9231 2 2 0 0 1100 7975 3932
9232 2 2 0 0 7975 2062 3932
9233 2 2 0 0 659 7976 3918
9234 2 2 0 0 7976 2062 3918
9235 2 2 0 0 2062 7976 3929
9236 2 2 0 0 7976 659 3929
9237 2 2 0 0 2060 7977 3919
9238 2 2 0 0 7977 659 3919
9239 2 2 0 0 659 7977 3929
9240 2 2 0 0 7977 2060 3929
9241 2 2 0 0 1099 7978 3919
9242 2 2 0 0 7978 2060 3919
9243 2 2 0 0 2060 7978 3928
9244 2 2 0 0 7978 1099 3928
9245 2 2 0 0 2056 7979 3920
9246 2 2 0 0 7979 404 3920
9247 2 2 0 0 404 7979 3921
9248 2 2 0 0 7979 2056 3921
9249 2 2 0 0 404 7980 3920
9250 2 2 0 0 7980 2057 3920
9251 2 2 0 0 2057 7980 3923
9252 2 2 0 0 7980 404 3923
9253 2 2 0 0 2058 7981 3921
9254 2 2 0 0 7981 404 3921
9255 2 2 0 0 404 7981 3925
9256 2 2 0 0 7981 2058 3925
9257 2 2 0 0 1098 7982 3921
9258 2 2 0 0 7982 2058 3921
9259 2 2 0 0 2058 7982 3924
9260 2 2 0 0 7982 1098 3924
9261 2 2 0 0 2057 7983 3922
9262 2 2 0 0 7983 1176 3922
9263 2 2 0 0 1176 7983 3923
9264 2 2 0 0 7983 2057 3923
9265 2 2 0 0 1176 7984 3922
9266 2 2 0 0 7984 2216 3922
9267 2 2 0 0 2216 7984 4249
9268 2 2 0 0 7984 1176 4249
9269 2 2 0 0 2219 7985 3923
9270 2 2 0 0 7985 1176 3923
9271 2 2 0 0 1176 7985 4252
9272 2 2 0 0 7985 2219 4252
9273 2 2 0 0 404 7986 3923
9274 2 2 0 0 7986 2219 3923
9275 2 2 0 0 2219 7986 3925
9276 2 2 0 0 7986 404 3925
9277 2 2 0 0 698 7987 3924
9278 2 2 0 0 7987 2058 3924
9279 2 2 0 0 2058 7987 3926
9280 2 2 0 0 7987 698 3926
9281 2 2 0 0 2059 7988 3924
9282 2 2 0 0 7988 698 3924
9283 2 2 0 0 698 7988 3927
9284 2 2 0 0 7988 2059 3927
9285 2 2 0 0 2058 7989 3925
9286 2 2 0 0 7989 1179 3925
9287 2 2 0 0 1179 7989 3926
9288 2 2 0 0 7989 2058 3926
9289 2 2 0 0 1179 7990 3925
9290 2 2 0 0 7990 2219 3925
9291 2 2 0 0 2219 7990 4255
9292 2 2 0 0 7990 1179 4255
9293 2 2 0 0 2225 7991 3926
9294 2 2 0 0 7991 1179 3926
9295 2 2 0 0 1179 7991 4264
9296 2 2 0 0 7991 2225 4264
9297 2 2 0 0 698 7992 3926
9298 2 2 0 0 7992 2225 3926
9299 2 2 0 0 2225 7992 3934
9300 2 2 0 0 7992 698 3934
9301 2 2 0 0 2063 7993 3927
9302 2 2 0 0 7993 698 3927
9303 2 2 0 0 698 7993 3934
9304 2 2 0 0 7993 2063 3934
9305 2 2 0 0 1100 7994 3927
9306 2 2 0 0 7994 2063 3927
9307 2 2 0 0 2063 7994 3932
9308 2 2 0 0 7994 1100 3932
9309 2 2 0 0 258 7995 3928
9310 2 2 0 0 7995 2060 3928
9311 2 2 0 0 2060 7995 3930
9312 2 2 0 0 7995 258 3930
9313 2 2 0 0 2061 7996 3928
9314 2 2 0 0 7996 258 3928
9315 2 2 0 0 258 7996 3931
9316 2 2 0 0 7996 2061 3931
9317 2 2 0 0 2060 7997 3929
9318 2 2 0 0 7997 1101 3929
9319 2 2 0 0 1101 7997 3930
9320 2 2 0 0 7997 2060 3930
9321 2 2 0 0 1101 7998 3929
9322 2 2 0 0 7998 2062 3929
9323 2 2 0 0 2062 7998 3933
9324 2 2 0 0 7998 1101 3933
9325 2 2 0 0 2065 7999 3930
9326 2 2 0 0 7999 1101 3930
9327 2 2 0 0 1101 7999 3936
9328 2 2 0 0 7999 2065 3936
9329 2 2 0 0 258 8000 3930
9330 2 2 0 0 8000 2065 3930
9331 2 2 0 0 2065 8000 3940
9332 2 2 0 0 8000 258 3940
9333 2 2 0 0 2066 8001 3931
9334 2 2 0 0 8001 258 3931
9335 2 2 0 0 258 8001 3940
9336 2 2 0 0 8001 2066 3940
9337 2 2 0 0 1102 8002 3931
9338 2 2 0 0 8002 2066 3931
9339 2 2 0 0 2066 8002 3941
9340 2 2 0 0 8002 1102 3941
9341 2 2 0 0 2062 8003 3932
9342 2 2 0 0 8003 465 3932
9343 2 2 0 0 465 8003 3933
9344 2 2 0 0 8003 2062 3933
9345 2 2 0 0 465 8004 3932
9346 2 2 0 0 8004 2063 3932
9347 2 2 0 0 2063 8004 3935
9348 2 2 0 0 8004 465 3935
9349 2 2 0 0 2064 8005 3933
9350 2 2 0 0 8005 465 3933
9351 2 2 0 0 465 8005 3937
9352 2 2 0 0 8005 2064 3937
9353 2 2 0 0 1101 8006 3933
9354 2 2 0 0 8006 2064 3933
9355 2 2 0 0 2064 8006 3936
9356 2 2 0 0 8006 1101 3936
9357 2 2 0 0 2063 8007 3934
9358 2 2 0 0 8007 1182 3934
9359 2 2 0 0 1182 8007 3935
9360 2 2 0 0 8007 2063 3935
9361 2 2 0 0 1182 8008 3934
9362 2 2 0 0 8008 2225 3934
9363 2 2 0 0 2225 8008 4267
9364 2 2 0 0 8008 1182 4267
9365 2 2 0 0 2231 8009 3935
9366 2 2 0 0 8009 1182 3935
9367 2 2 0 0 1182 8009 4277
9368 2 2 0 0 8009 2231 4277
9369 2 2 0 0 465 8010 3935
9370 2 2 0 0 8010 2231 3935
9371 2 2 0 0 2231 8010 3937
9372 2 2 0 0 8010 465 3937
9373 2 2 0 0 769 8011 3936
9374 2 2 0 0 8011 2064 3936
9375 2 2 0 0 2064 8011 3938
9376 2 2 0 0 8011 769 3938
9377 2 2 0 0 2065 8012 3936
9378 2 2 0 0 8012 769 3936
9379 2 2 0 0 769 8012 3939
9380 2 2 0 0 8012 2065 3939
9381 2 2 0 0 2064 8013 3937
9382 2 2 0 0 8013 1353 3937
9383 2 2 0 0 1353 8013 3938
9384 2 2 0 0 8013 2064 3938
9385 2 2 0 0 1353 8014 3937
9386 2 2 0 0 8014 2231 3937
9387 2 2 0 0 2231 8014 4279
9388 2 2 0 0 8014 1353 4279
9389 2 2 0 0 2503 8015 3938
9390 2 2 0 0 8015 1353 3938
9391 2 2 0 0 1353 8015 4994
9392 2 2 0 0 8015 2503 4994
9393 2 2 0 0 769 8016 3938
9394 2 2 0 0 8016 2503 3938
9395 2 2 0 0 2503 8016 4806
9396 2 2 0 0 8016 769 4806
9397 2 2 0 0 2065 8017 3939
9398 2 2 0 0 8017 1308 3939
9399 2 2 0 0 1308 8017 3940
9400 2 2 0 0 8017 2065 3940
9401 2 2 0 0 2438 8018 3939
9402 2 2 0 0 8018 769 3939
9403 2 2 0 0 769 8018 4806
9404 2 2 0 0 8018 2438 4806
9405 2 2 0 0 1308 8019 3939
9406 2 2 0 0 8019 2438 3939
9407 2 2 0 0 2438 8019 4804
9408 2 2 0 0 8019 1308 4804
9409 2 2 0 0 2066 8020 3940
9410 2 2 0 0 8020 1308 3940
9411 2 2 0 0 1308 8020 3942
9412 2 2 0 0 8020 2066 3942
9413 2 2 0 0 751 8021 3941
9414 2 2 0 0 8021 2066 3941
9415 2 2 0 0 2066 8021 3942
9416 2 2 0 0 8021 751 3942
9417 2 2 0 0 2067 8022 3941
9418 2 2 0 0 8022 751 3941
9419 2 2 0 0 751 8022 3943
9420 2 2 0 0 8022 2067 3943
9421 2 2 0 0 2437 8023 3942
9422 2 2 0 0 8023 1308 3942
9423 2 2 0 0 1308 8023 4804
9424 2 2 0 0 8023 2437 4804
9425 2 2 0 0 751 8024 3942
9426 2 2 0 0 8024 2437 3942
9427 2 2 0 0 2437 8024 4798
9428 2 2 0 0 8024 751 4798
9429 2 2 0 0 2434 8025 3943
9430 2 2 0 0 8025 751 3943
9431 2 2 0 0 751 8025 4798
9432 2 2 0 0 8025 2434 4798
9433 2 2 0 0 1306 8026 3943
9434 2 2 0 0 8026 2434 3943
9435 2 2 0 0 2434 8026 4796
9436 2 2 0 0 8026 1306 4796
9437 2 2 0 0 125 8027 3944
9438 2 2 0 0 8027 2068 3944
9439 2 2 0 0 2068 8027 3946
9440 2 2 0 0 8027 125 3946
9441 2 2 0 0 2069 8028 3944
9442 2 2 0 0 8028 125 3944
9443 2 2 0 0 125 8028 3947
9444 2 2 0 0 8028 2069 3947
9445 2 2 0 0 2068 8029 3945
9446 2 2 0 0 8029 1105 3945
9447 2 2 0 0 1105 8029 3946
9448 2 2 0 0 8029 2068 3946
9449 2 2 0 0 1105 8030 3945
9450 2 2 0 0 8030 2070 3945
9451 2 2 0 0 2070 8030 3949
9452 2 2 0 0 8030 1105 3949
9453 2 2 0 0 2073 8031 3946
9454 2 2 0 0 8031 1105 3946
9455 2 2 0 0 1105 8031 3952
9456 2 2 0 0 8031 2073 3952
9457 2 2 0 0 125 8032 3946
9458 2 2 0 0 8032 2073 3946
9459 2 2 0 0 2073 8032 3956
9460 2 2 0 0 8032 125 3956
9461 2 2 0 0 2074 8033 3947
9462 2 2 0 0 8033 125 3947
9463 2 2 0 0 125 8033 3956
9464 2 2 0 0 8033 2074 3956
9465 2 2 0 0 1106 8034 3947
9466 2 2 0 0 8034 2074 3947
9467 2 2 0 0 2074 8034 3957
9468 2 2 0 0 8034 1106 3957
9469 2 2 0 0 2070 8035 3948
9470 2 2 0 0 8035 389 3948
9471 2 2 0 0 389 8035 3949
9472 2 2 0 0 8035 2070 3949
9473 2 2 0 0 389 8036 3948
9474 2 2 0 0 8036 2071 3948
9475 2 2 0 0 2071 8036 3951
9476 2 2 0 0 8036 389 3951
9477 2 2 0 0 2072 8037 3949
9478 2 2 0 0 8037 389 3949
9479 2 2 0 0 389 8037 3953
9480 2 2 0 0 8037 2072 3953
9481 2 2 0 0 1105 8038 3949
9482 2 2 0 0 8038 2072 3949
9483 2 2 0 0 2072 8038 3952
9484 2 2 0 0 8038 1105 3952
9485 2 2 0 0 2071 8039 3950
9486 2 2 0 0 8039 1108 3950
9487 2 2 0 0 1108 8039 3951
9488 2 2 0 0 8039 2071 3951
9489 2 2 0 0 1108 8040 3950
9490 2 2 0 0 8040 2076 3950
9491 2 2 0 0 2076 8040 3961
9492 2 2 0 0 8040 1108 3961
9493 2 2 0 0 2079 8041 3951
9494 2 2 0 0 8041 1108 3951
9495 2 2 0 0 1108 8041 3964
9496 2 2 0 0 8041 2079 3964
9497 2 2 0 0 389 8042 3951
9498 2 2 0 0 8042 2079 3951
9499 2 2 0 0 2079 8042 3953
9500 2 2 0 0 8042 389 3953
9501 2 2 0 0 666 8043 3952
9502 2 2 0 0 8043 2072 3952
9503 2 2 0 0 2072 8043 3954
9504 2 2 0 0 8043 666 3954
9505 2 2 0 0 2073 8044 3952
9506 2 2 0 0 8044 666 3952
9507 2 2 0 0 666 8044 3955
9508 2 2 0 0 8044 2073 3955
9509 2 2 0 0 2072 8045 3953
9510 2 2 0 0 8045 1111 3953
9511 2 2 0 0 1111 8045 3954
9512 2 2 0 0 8045 2072 3954
9513 2 2 0 0 1111 8046 3953
9514 2 2 0 0 8046 2079 3953
9515 2 2 0 0 2079 8046 3967
9516 2 2 0 0 8046 1111 3967
9517 2 2 0 0 2085 8047 3954
9518 2 2 0 0 8047 1111 3954
9519 2 2 0 0 1111 8047 3976
9520 2 2 0 0 8047 2085 3976
9521 2 2 0 0 666 8048 3954
9522 2 2 0 0 8048 2085 3954
9523 2 2 0 0 2085 8048 3980
9524 2 2 0 0 8048 666 3980
9525 2 2 0 0 2073 8049 3955
9526 2 2 0 0 8049 1115 3955
9527 2 2 0 0 1115 8049 3956
9528 2 2 0 0 8049 2073 3956
9529 2 2 0 0 2090 8050 3955
9530 2 2 0 0 8050 666 3955
9531 2 2 0 0 666 8050 3980
9532 2 2 0 0 8050 2090 3980
9533 2 2 0 0 1115 8051 3955
9534 2 2 0 0 8051 2090 3955
9535 2 2 0 0 2090 8051 3991
9536 2 2 0 0 8051 1115 3991
9537 2 2 0 0 2074 8052 3956
9538 2 2 0 0 8052 1115 3956
9539 2 2 0 0 1115 8052 3958
9540 2 2 0 0 8052 2074 3958
9541 2 2 0 0 667 8053 3957
9542 2 2 0 0 8053 2074 3957
9543 2 2 0 0 2074 8053 3958
9544 2 2 0 0 8053 667 3958
9545 2 2 0 0 2075 8054 3957
9546 2 2 0 0 8054 667 3957
9547 2 2 0 0 667 8054 3959
9548 2 2 0 0 8054 2075 3959
9549 2 2 0 0 2093 8055 3958
9550 2 2 0 0 8055 1115 3958
9551 2 2 0 0 1115 8055 3991
9552 2 2 0 0 8055 2093 3991
9553 2 2 0 0 667 8056 3958
9554 2 2 0 0 8056 2093 3958
9555 2 2 0 0 2093 8056 3997
9556 2 2 0 0 8056 667 3997
9557 2 2 0 0 2094 8057 3959
9558 2 2 0 0 8057 667 3959
9559 2 2 0 0 667 8057 3997
9560 2 2 0 0 8057 2094 3997
9561 2 2 0 0 1116 8058 3959
9562 2 2 0 0 8058 2094 3959
9563 2 2 0 0 2094 8058 3998
9564 2 2 0 0 8058 1116 3998
9565 2 2 0 0 2076 8059 3960
9566 2 2 0 0 8059 160 3960
9567 2 2 0 0 160 8059 3961
9568 2 2 0 0 8059 2076 3961
9569 2 2 0 0 2077 8060 3960
9570 2 2 0 0 8060 160 3960
9571 2 2 0 0 160 8060 3962
9572 2 2 0 0 8060 2077 3962
9573 2 2 0 0 2078 8061 3961
9574 2 2 0 0 8061 160 3961
9575 2 2 0 0 160 8061 3965
9576 2 2 0 0 8061 2078 3965
9577 2 2 0 0 1108 8062 3961
9578 2 2 0 0 8062 2078 3961
9579 2 2 0 0 2078 8062 3964
9580 2 2 0 0 8062 1108 3964
9581 2 2 0 0 2077 8063 3962
9582 2 2 0 0 8063 1109 3962
9583 2 2 0 0 1109 8063 3963
9584 2 2 0 0 8063 2077 3963
9585 2 2 0 0 2081 8064 3962
9586 2 2 0 0 8064 160 3962
9587 2 2 0 0 160 8064 3965
9588 2 2 0 0 8064 2081 3965
9589 2 2 0 0 1109 8065 3962
9590 2 2 0 0 8065 2081 3962
9591 2 2 0 0 2081 8065 3970
9592 2 2 0 0 8065 1109 3970
9593 2 2 0 0 2080 8066 3963
9594 2 2 0 0 8066 1109 3963
9595 2 2 0 0 1109 8066 3968
9596 2 2 0 0 8066 2080 3968
9597 2 2 0 0 665 8067 3964
9598 2 2 0 0 8067 2078 3964
9599 2 2 0 0 2078 8067 3966
9600 2 2 0 0 8067 665 3966
9601 2 2 0 0 2079 8068 3964
9602 2 2 0 0 8068 665 3964
9603 2 2 0 0 665 8068 3967
9604 2 2 0 0 8068 2079 3967
9605 2 2 0 0 2078 8069 3965
9606 2 2 0 0 8069 1112 3965
9607 2 2 0 0 1112 8069 3966
9608 2 2 0 0 8069 2078 3966
9609 2 2 0 0 2081 8070 3965
9610 2 2 0 0 8070 1112 3965
9611 2 2 0 0 1112 8070 3971
9612 2 2 0 0 8070 2081 3971
9613 2 2 0 0 2086 8071 3966
9614 2 2 0 0 8071 1112 3966
9615 2 2 0 0 1112 8071 3981
9616 2 2 0 0 8071 2086 3981
9617 2 2 0 0 665 8072 3966
9618 2 2 0 0 8072 2086 3966
9619 2 2 0 0 2086 8072 3977
9620 2 2 0 0 8072 665 3977
9621 2 2 0 0 2084 8073 3967
9622 2 2 0 0 8073 665 3967
9623 2 2 0 0 665 8073 3977
9624 2 2 0 0 8073 2084 3977
9625 2 2 0 0 1111 8074 3967
9626 2 2 0 0 8074 2084 3967
9627 2 2 0 0 2084 8074 3976
9628 2 2 0 0 8074 1111 3976
9629 2 2 0 0 2080 8075 3968
9630 2 2 0 0 8075 436 3968
9631 2 2 0 0 436 8075 3969
9632 2 2 0 0 8075 2080 3969
9633 2 2 0 0 2082 8076 3968
9634 2 2 0 0 8076 1109 3968
9635 2 2 0 0 1109 8076 3970
9636 2 2 0 0 8076 2082 3970
9637 2 2 0 0 436 8077 3968
9638 2 2 0 0 8077 2082 3968
9639 2 2 0 0 2082 8077 3973
9640 2 2 0 0 8077 436 3973
9641 2 2 0 0 2083 8078 3969
9642 2 2 0 0 8078 436 3969
9643 2 2 0 0 436 8078 3974
9644 2 2 0 0 8078 2083 3974
9645 2 2 0 0 726 8079 3970
9646 2 2 0 0 8079 2081 3970
9647 2 2 0 0 2081 8079 3971
9648 2 2 0 0 8079 726 3971
9649 2 2 0 0 2082 8080 3970
9650 2 2 0 0 8080 726 3970
9651 2 2 0 0 726 8080 3972
9652 2 2 0 0 8080 2082 3972
9653 2 2 0 0 2087 8081 3971
9654 2 2 0 0 8081 1112 3971
9655 2 2 0 0 1112 8081 3981
9656 2 2 0 0 8081 2087 3981
9657 2 2 0 0 726 8082 3971
9658 2 2 0 0 8082 2087 3971
9659 2 2 0 0 2087 8082 3984
9660 2 2 0 0 8082 726 3984
9661 2 2 0 0 2082 8083 3972
9662 2 2 0 0 8083 1253 3972
9663 2 2 0 0 1253 8083 3973
9664 2 2 0 0 8083 2082 3973
9665 2 2 0 0 2327 8084 3972
9666 2 2 0 0 8084 726 3972
9667 2 2 0 0 726 8084 3984
9668 2 2 0 0 8084 2327 3984
9669 2 2 0 0 1253 8085 3972
9670 2 2 0 0 8085 2327 3972
9671 2 2 0 0 2327 8085 4563
9672 2 2 0 0 8085 1253 4563
9673 2 2 0 0 2334 8086 3973
9674 2 2 0 0 8086 1253 3973
9675 2 2 0 0 1253 8086 4575
9676 2 2 0 0 8086 2334 4575
9677 2 2 0 0 436 8087 3973
9678 2 2 0 0 8087 2334 3973
9679 2 2 0 0 2334 8087 3974
9680 2 2 0 0 8087 436 3974
9681 2 2 0 0 2083 8088 3974
9682 2 2 0 0 8088 1258 3974
9683 2 2 0 0 1258 8088 3975
9684 2 2 0 0 8088 2083 3975
9685 2 2 0 0 1258 8089 3974
9686 2 2 0 0 8089 2334 3974
9687 2 2 0 0 2334 8089 4577
9688 2 2 0 0 8089 1258 4577
9689 2 2 0 0 2344 8090 3975
9690 2 2 0 0 8090 1258 3975
9691 2 2 0 0 1258 8090 4594
9692 2 2 0 0 8090 2344 4594
9693 2 2 0 0 240 8091 3976
9694 2 2 0 0 8091 2084 3976
9695 2 2 0 0 2084 8091 3978
9696 2 2 0 0 8091 240 3978
9697 2 2 0 0 2085 8092 3976
9698 2 2 0 0 8092 240 3976
9699 2 2 0 0 240 8092 3979
9700 2 2 0 0 8092 2085 3979
9701 2 2 0 0 2084 8093 3977
9702 2 2 0 0 8093 1113 3977
9703 2 2 0 0 1113 8093 3978
9704 2 2 0 0 8093 2084 3978
9705 2 2 0 0 1113 8094 3977
9706 2 2 0 0 8094 2086 3977
9707 2 2 0 0 2086 8094 3982
9708 2 2 0 0 8094 1113 3982
9709 2 2 0 0 2089 8095 3978
9710 2 2 0 0 8095 1113 3978
9711 2 2 0 0 1113 8095 3985
9712 2 2 0 0 8095 2089 3985
9713 2 2 0 0 240 8096 3978
9714 2 2 0 0 8096 2089 3978
9715 2 2 0 0 2089 8096 3989
9716 2 2 0 0 8096 240 3989
9717 2 2 0 0 2085 8097 3979
9718 2 2 0 0 8097 1114 3979
9719 2 2 0 0 1114 8097 3980
9720 2 2 0 0 8097 2085 3980
9721 2 2 0 0 2091 8098 3979
9722 2 2 0 0 8098 240 3979
9723 2 2 0 0 240 8098 3989
9724 2 2 0 0 8098 2091 3989
9725 2 2 0 0 1114 8099 3979
9726 2 2 0 0 8099 2091 3979
9727 2 2 0 0 2091 8099 3992
9728 2 2 0 0 8099 1114 3992
9729 2 2 0 0 2090 8100 3980
9730 2 2 0 0 8100 1114 3980
9731 2 2 0 0 1114 8100 3990
9732 2 2 0 0 8100 2090 3990
9733 2 2 0 0 2086 8101 3981
9734 2 2 0 0 8101 434 3981
9735 2 2 0 0 434 8101 3982
9736 2 2 0 0 8101 2086 3982
9737 2 2 0 0 2087 8102 3981
9738 2 2 0 0 8102 434 3981
9739 2 2 0 0 434 8102 3983
9740 2 2 0 0 8102 2087 3983
9741 2 2 0 0 2088 8103 3982
9742 2 2 0 0 8103 434 3982
9743 2 2 0 0 434 8103 3986
9744 2 2 0 0 8103 2088 3986
9745 2 2 0 0 1113 8104 3982
9746 2 2 0 0 8104 2088 3982
9747 2 2 0 0 2088 8104 3985
9748 2 2 0 0 8104 1113 3985
9749 2 2 0 0 2087 8105 3983
9750 2 2 0 0 8105 1250 3983
9751 2 2 0 0 1250 8105 3984
9752 2 2 0 0 8105 2087 3984
9753 2 2 0 0 2323 8106 3983
9754 2 2 0 0 8106 434 3983
9755 2 2 0 0 434 8106 3986
9756 2 2 0 0 8106 2323 3986
9757 2 2 0 0 1250 8107 3983
9758 2 2 0 0 8107 2323 3983
9759 2 2 0 0 2323 8107 4555
9760 2 2 0 0 8107 1250 4555
9761 2 2 0 0 2327 8108 3984
9762 2 2 0 0 8108 1250 3984
9763 2 2 0 0 1250 8108 4560
9764 2 2 0 0 8108 2327 4560
9765 2 2 0 0 724 8109 3985
9766 2 2 0 0 8109 2088 3985
9767 2 2 0 0 2088 8109 3987
9768 2 2 0 0 8109 724 3987
9769 2 2 0 0 2089 8110 3985
9770 2 2 0 0 8110 724 3985
9771 2 2 0 0 724 8110 3988
9772 2 2 0 0 8110 2089 3988
9773 2 2 0 0 2088 8111 3986
9774 2 2 0 0 8111 1248 3986
9775 2 2 0 0 1248 8111 3987
9776 2 2 0 0 8111 2088 3987
9777 2 2 0 0 2323 8112 3986
9778 2 2 0 0 8112 1248 3986
9779 2 2 0 0 1248 8112 4552
9780 2 2 0 0 8112 2323 4552
9781 2 2 0 0 2321 8113 3987
9782 2 2 0 0 8113 1248 3987
9783 2 2 0 0 1248 8113 4550
9784 2 2 0 0 8113 2321 4550
9785 2 2 0 0 724 8114 3987
9786 2 2 0 0 8114 2321 3987
9787 2 2 0 0 2321 8114 4487
9788 2 2 0 0 8114 724 4487
9789 2 2 0 0 2089 8115 3988
9790 2 2 0 0 8115 1232 3988
9791 2 2 0 0 1232 8115 3989
9792 2 2 0 0 8115 2089 3989
9793 2 2 0 0 2303 8116 3988
9794 2 2 0 0 8116 724 3988
9795 2 2 0 0 724 8116 4487
9796 2 2 0 0 8116 2303 4487
9797 2 2 0 0 1232 8117 3988
9798 2 2 0 0 8117 2303 3988
9799 2 2 0 0 2303 8117 4485
9800 2 2 0 0 8117 1232 4485
9801 2 2 0 0 2091 8118 3989
9802 2 2 0 0 8118 1232 3989
9803 2 2 0 0 1232 8118 3993
9804 2 2 0 0 8118 2091 3993
9805 2 2 0 0 2090 8119 3990
9806 2 2 0 0 8119 424 3990
9807 2 2 0 0 424 8119 3991
9808 2 2 0 0 8119 2090 3991
9809 2 2 0 0 2092 8120 3990
9810 2 2 0 0 8120 1114 3990
9811 2 2 0 0 1114 8120 3992
9812 2 2 0 0 8120 2092 3992
9813 2 2 0 0 424 8121 3990
9814 2 2 0 0 8121 2092 3990
9815 2 2 0 0 2092 8121 3995
9816 2 2 0 0 8121 424 3995
9817 2 2 0 0 2093 8122 3991
9818 2 2 0 0 8122 424 3991
9819 2 2 0 0 424 8122 3996
9820 2 2 0 0 8122 2093 3996
9821 2 2 0 0 719 8123 3992
9822 2 2 0 0 8123 2091 3992
9823 2 2 0 0 2091 8123 3993
9824 2 2 0 0 8123 719 3993
9825 2 2 0 0 2092 8124 3992
9826 2 2 0 0 8124 719 3992
9827 2 2 0 0 719 8124 3994
9828 2 2 0 0 8124 2092 3994
9829 2 2 0 0 2302 8125 3993
9830 2 2 0 0 8125 1232 3993
9831 2 2 0 0 1232 8125 4485
9832 2 2 0 0 8125 2302 4485
9833 2 2 0 0 719 8126 3993
9834 2 2 0 0 8126 2302 3993
9835 2 2 0 0 2302 8126 4479
9836 2 2 0 0 8126 719 4479
9837 2 2 0 0 2092 8127 3994
9838 2 2 0 0 8127 1230 3994
9839 2 2 0 0 1230 8127 3995
9840 2 2 0 0 8127 2092 3995
9841 2 2 0 0 2299 8128 3994
9842 2 2 0 0 8128 719 3994
9843 2 2 0 0 719 8128 4479
9844 2 2 0 0 8128 2299 4479
9845 2 2 0 0 1230 8129 3994
9846 2 2 0 0 8129 2299 3994
9847 2 2 0 0 2299 8129 4477
9848 2 2 0 0 8129 1230 4477
9849 2 2 0 0 2096 8130 3995
9850 2 2 0 0 8130 1230 3995
9851 2 2 0 0 1230 8130 4002
9852 2 2 0 0 8130 2096 4002
9853 2 2 0 0 424 8131 3995
9854 2 2 0 0 8131 2096 3995
9855 2 2 0 0 2096 8131 3996
9856 2 2 0 0 8131 424 3996
9857 2 2 0 0 2093 8132 3996
9858 2 2 0 0 8132 1117 3996
9859 2 2 0 0 1117 8132 3997
9860 2 2 0 0 8132 2093 3997
9861 2 2 0 0 1117 8133 3996
9862 2 2 0 0 8133 2096 3996
9863 2 2 0 0 2096 8133 4001
9864 2 2 0 0 8133 1117 4001
9865 2 2 0 0 2094 8134 3997
9866 2 2 0 0 8134 1117 3997
9867 2 2 0 0 1117 8134 3999
9868 2 2 0 0 8134 2094 3999
9869 2 2 0 0 228 8135 3998
9870 2 2 0 0 8135 2094 3998
9871 2 2 0 0 2094 8135 3999
9872 2 2 0 0 8135 228 3999
9873 2 2 0 0 2095 8136 3998
9874 2 2 0 0 8136 228 3998
9875 2 2 0 0 228 8136 4000
9876 2 2 0 0 8136 2095 4000
9877 2 2 0 0 2097 8137 3999
9878 2 2 0 0 8137 1117 3999
9879 2 2 0 0 1117 8137 4001
9880 2 2 0 0 8137 2097 4001
9881 2 2 0 0 228 8138 3999
9882 2 2 0 0 8138 2097 3999
9883 2 2 0 0 2097 8138 4004
9884 2 2 0 0 8138 228 4004
9885 2 2 0 0 2098 8139 4000
9886 2 2 0 0 8139 228 4000
9887 2 2 0 0 228 8139 4004
9888 2 2 0 0 8139 2098 4004
9889 2 2 0 0 1118 8140 4000
9890 2 2 0 0 8140 2098 4000
9891 2 2 0 0 2098 8140 4005
9892 2 2 0 0 8140 1118 4005
9893 2 2 0 0 718 8141 4001
9894 2 2 0 0 8141 2096 4001
9895 2 2 0 0 2096 8141 4002
9896 2 2 0 0 8141 718 4002
9897 2 2 0 0 2097 8142 4001
9898 2 2 0 0 8142 718 4001
9899 2 2 0 0 718 8142 4003
9900 2 2 0 0 8142 2097 4003
9901 2 2 0 0 2298 8143 4002
9902 2 2 0 0 8143 1230 4002
9903 2 2 0 0 1230 8143 4477
9904 2 2 0 0 8143 2298 4477
9905 2 2 0 0 718 8144 4002
9906 2 2 0 0 8144 2298 4002
9907 2 2 0 0 2298 8144 4471
9908 2 2 0 0 8144 718 4471
9909 2 2 0 0 2097 8145 4003
9910 2 2 0 0 8145 1228 4003
9911 2 2 0 0 1228 8145 4004
9912 2 2 0 0 8145 2097 4004
9913 2 2 0 0 2295 8146 4003
9914 2 2 0 0 8146 718 4003
9915 2 2 0 0 718 8146 4471
9916 2 2 0 0 8146 2295 4471
9917 2 2 0 0 1228 8147 4003
9918 2 2 0 0 8147 2295 4003
9919 2 2 0 0 2295 8147 4469
9920 2 2 0 0 8147 1228 4469
9921 2 2 0 0 2098 8148 4004
9922 2 2 0 0 8148 1228 4004
9923 2 2 0 0 1228 8148 4006
9924 2 2 0 0 8148 2098 4006
9925 2 2 0 0 717 8149 4005
9926 2 2 0 0 8149 2098 4005
9927 2 2 0 0 2098 8149 4006
9928 2 2 0 0 8149 717 4006
9929 2 2 0 0 2099 8150 4005
9930 2 2 0 0 8150 717 4005
9931 2 2 0 0 717 8150 4007
9932 2 2 0 0 8150 2099 4007
9933 2 2 0 0 2294 8151 4006
9934 2 2 0 0 8151 1228 4006
9935 2 2 0 0 1228 8151 4469
9936 2 2 0 0 8151 2294 4469
9937 2 2 0 0 717 8152 4006
9938 2 2 0 0 8152 2294 4006
9939 2 2 0 0 2294 8152 4453
9940 2 2 0 0 8152 717 4453
9941 2 2 0 0 2291 8153 4007
9942 2 2 0 0 8153 717 4007
9943 2 2 0 0 717 8153 4453
9944 2 2 0 0 8153 2291 4453
9945 2 2 0 0 1224 8154 4007
9946 2 2 0 0 8154 2291 4007
9947 2 2 0 0 2291 8154 4450
9948 2 2 0 0 8154 1224 4450
9949 2 2 0 0 87 8155 4008
9950 2 2 0 0 8155 2100 4008
9951 2 2 0 0 87 8155 4009
9952 2 2 0 0 8155 2100 4009
9953 2 2 0 0 2101 8156 4008
9954 2 2 0 0 8156 87 4008
9955 2 2 0 0 87 8156 4011
9956 2 2 0 0 8156 2101 4011
9957 2 2 0 0 2100 8157 4009
9958 2 2 0 0 8157 1120 4009
9959 2 2 0 0 1120 8157 4010
9960 2 2 0 0 8157 2100 4010
9961 2 2 0 0 2103 8158 4009
9962 2 2 0 0 8158 87 4009
9963 2 2 0 0 87 8158 4016
9964 2 2 0 0 8158 2103 4016
9965 2 2 0 0 1120 8159 4009
9966 2 2 0 0 8159 2103 4009
9967 2 2 0 0 2103 8159 4015
9968 2 2 0 0 8159 1120 4015
9969 2 2 0 0 2102 8160 4010
9970 2 2 0 0 8160 1120 4010
9971 2 2 0 0 1120 8160 4013
9972 2 2 0 0 8160 2102 4013
9973 2 2 0 0 2101 8161 4011
9974 2 2 0 0 8161 1122 4011
9975 2 2 0 0 1122 8161 4012
9976 2 2 0 0 8161 2101 4012
9977 2 2 0 0 2107 8162 4011
9978 2 2 0 0 8162 87 4011
9979 2 2 0 0 2107 8162 4016
9980 2 2 0 0 8162 87 4016
9981 2 2 0 0 1122 8163 4011
9982 2 2 0 0 8163 2107 4011
9983 2 2 0 0 2107 8163 4024
9984 2 2 0 0 8163 1122 4024
9985 2 2 0 0 2106 8164 4012
9986 2 2 0 0 8164 1122 4012
9987 2 2 0 0 1122 8164 4022
9988 2 2 0 0 8164 2106 4022
9989 2 2 0 0 2102 8165 4013
9990 2 2 0 0 8165 392 4013
9991 2 2 0 0 392 8165 4014
9992 2 2 0 0 8165 2102 4014
9993 2 2 0 0 2104 8166 4013
9994 2 2 0 0 8166 1120 4013
9995 2 2 0 0 1120 8166 4015
9996 2 2 0 0 8166 2104 4015
9997 2 2 0 0 392 8167 4013
9998 2 2 0 0 8167 2104 4013
9999 2 2 0 0 2104 8167 4019
10000 2 2 0 0 8167 392 4019
10001 2 2 0 0 2105 8168 4014
10002 2 2 0 0 8168 392 4014
10003 2 2 0 0 392 8168 4020
10004 2 2 0 0 8168 2105 4020
10005 2 2 0 0 672 8169 4015
10006 2 2 0 0 8169 2103 4015
10007 2 2 0 0 2103 8169 4017
10008 2 2 0 0 8169 672 4017
10009 2 2 0 0 2104 8170 4015
10010 2 2 0 0 8170 672 4015
10011 2 2 0 0 672 8170 4018
10012 2 2 0 0 8170 2104 4018
10013 2 2 0 0 2103 8171 4016
10014 2 2 0 0 8171 1127 4016
10015 2 2 0 0 1127 8171 4017
10016 2 2 0 0 8171 2103 4017
10017 2 2 0 0 1127 8172 4016
10018 2 2 0 0 8172 2107 4016
10019 2 2 0 0 2107 8172 4025
10020 2 2 0 0 8172 1127 4025
10021 2 2 0 0 2116 8173 4017
10022 2 2 0 0 8173 1127 4017
10023 2 2 0 0 1127 8173 4043
10024 2 2 0 0 8173 2116 4043
10025 2 2 0 0 672 8174 4017
10026 2 2 0 0 8174 2116 4017
10027 2 2 0 0 2116 8174 4039
10028 2 2 0 0 8174 672 4039
10029 2 2 0 0 2104 8175 4018
10030 2 2 0 0 8175 1126 4018
10031 2 2 0 0 1126 8175 4019
10032 2 2 0 0 8175 2104 4019
10033 2 2 0 0 2114 8176 4018
10034 2 2 0 0 8176 672 4018
10035 2 2 0 0 672 8176 4039
10036 2 2 0 0 8176 2114 4039
10037 2 2 0 0 1126 8177 4018
10038 2 2 0 0 8177 2114 4018
10039 2 2 0 0 2114 8177 4038
10040 2 2 0 0 8177 1126 4038
10041 2 2 0 0 2111 8178 4019
10042 2 2 0 0 8178 1126 4019
10043 2 2 0 0 1126 8178 4033
10044 2 2 0 0 8178 2111 4033
10045 2 2 0 0 392 8179 4019
10046 2 2 0 0 8179 2111 4019
10047 2 2 0 0 2111 8179 4020
10048 2 2 0 0 8179 392 4020
10049 2 2 0 0 2105 8180 4020
10050 2 2 0 0 8180 1124 4020
10051 2 2 0 0 1124 8180 4021
10052 2 2 0 0 8180 2105 4021
10053 2 2 0 0 1124 8181 4020
10054 2 2 0 0 8181 2111 4020
10055 2 2 0 0 2111 8181 4032
10056 2 2 0 0 8181 1124 4032
10057 2 2 0 0 2110 8182 4021
10058 2 2 0 0 8182 1124 4021
10059 2 2 0 0 1124 8182 4030
10060 2 2 0 0 8182 2110 4030
10061 2 2 0 0 2106 8183 4022
10062 2 2 0 0 8183 394 4022
10063 2 2 0 0 394 8183 4023
10064 2 2 0 0 8183 2106 4023
10065 2 2 0 0 2108 8184 4022
10066 2 2 0 0 8184 1122 4022
10067 2 2 0 0 1122 8184 4024
10068 2 2 0 0 8184 2108 4024
10069 2 2 0 0 394 8185 4022
10070 2 2 0 0 8185 2108 4022
10071 2 2 0 0 2108 8185 4027
10072 2 2 0 0 8185 394 4027
10073 2 2 0 0 2109 8186 4023
10074 2 2 0 0 8186 394 4023
10075 2 2 0 0 394 8186 4028
10076 2 2 0 0 8186 2109 4028
10077 2 2 0 0 676 8187 4024
10078 2 2 0 0 8187 2107 4024
10079 2 2 0 0 676 8187 4025
10080 2 2 0 0 8187 2107 4025
10081 2 2 0 0 2108 8188 4024
10082 2 2 0 0 8188 676 4024
10083 2 2 0 0 676 8188 4026
10084 2 2 0 0 8188 2108 4026
10085 2 2 0 0 2117 8189 4025
10086 2 2 0 0 8189 676 4025
10087 2 2 0 0 676 8189 4045
10088 2 2 0 0 8189 2117 4045
10089 2 2 0 0 1127 8190 4025
10090 2 2 0 0 8190 2117 4025
10091 2 2 0 0 2117 8190 4043
10092 2 2 0 0 8190 1127 4043
10093 2 2 0 0 2108 8191 4026
10094 2 2 0 0 8191 1135 4026
10095 2 2 0 0 1135 8191 4027
10096 2 2 0 0 8191 2108 4027
10097 2 2 0 0 2132 8192 4026
10098 2 2 0 0 8192 676 4026
10099 2 2 0 0 2132 8192 4045
10100 2 2 0 0 8192 676 4045
10101 2 2 0 0 1135 8193 4026
10102 2 2 0 0 8193 2132 4026
10103 2 2 0 0 2132 8193 4076
10104 2 2 0 0 8193 1135 4076
10105 2 2 0 0 2129 8194 4027
10106 2 2 0 0 8194 1135 4027
10107 2 2 0 0 1135 8194 4071
10108 2 2 0 0 8194 2129 4071
10109 2 2 0 0 394 8195 4027
10110 2 2 0 0 8195 2129 4027
10111 2 2 0 0 2129 8195 4028
10112 2 2 0 0 8195 394 4028
10113 2 2 0 0 2109 8196 4028
10114 2 2 0 0 8196 1133 4028
10115 2 2 0 0 1133 8196 4029
10116 2 2 0 0 8196 2109 4029
10117 2 2 0 0 1133 8197 4028
10118 2 2 0 0 8197 2129 4028
10119 2 2 0 0 2129 8197 4070
10120 2 2 0 0 8197 1133 4070
10121 2 2 0 0 2128 8198 4029
10122 2 2 0 0 8198 1133 4029
10123 2 2 0 0 1133 8198 4068
10124 2 2 0 0 8198 2128 4068
10125 2 2 0 0 2110 8199 4030
10126 2 2 0 0 8199 154 4030
10127 2 2 0 0 154 8199 4031
10128 2 2 0 0 8199 2110 4031
10129 2 2 0 0 2112 8200 4030
10130 2 2 0 0 8200 1124 4030
10131 2 2 0 0 1124 8200 4032
10132 2 2 0 0 8200 2112 4032
10133 2 2 0 0 154 8201 4030
10134 2 2 0 0 8201 2112 4030
10135 2 2 0 0 2112 8201 4035
10136 2 2 0 0 8201 154 4035
10137 2 2 0 0 2113 8202 4031
10138 2 2 0 0 8202 154 4031
10139 2 2 0 0 154 8202 4036
10140 2 2 0 0 8202 2113 4036
10141 2 2 0 0 673 8203 4032
10142 2 2 0 0 8203 2111 4032
10143 2 2 0 0 2111 8203 4033
10144 2 2 0 0 8203 673 4033
10145 2 2 0 0 2112 8204 4032
10146 2 2 0 0 8204 673 4032
10147 2 2 0 0 673 8204 4034
10148 2 2 0 0 8204 2112 4034
10149 2 2 0 0 2115 8205 4033
10150 2 2 0 0 8205 1126 4033
10151 2 2 0 0 1126 8205 4038
10152 2 2 0 0 8205 2115 4038
10153 2 2 0 0 673 8206 4033
10154 2 2 0 0 8206 2115 4033
10155 2 2 0 0 2115 8206 4042
10156 2 2 0 0 8206 673 4042
10157 2 2 0 0 2112 8207 4034
10158 2 2 0 0 8207 1130 4034
10159 2 2 0 0 1130 8207 4035
10160 2 2 0 0 8207 2112 4035
10161 2 2 0 0 2120 8208 4034
10162 2 2 0 0 8208 673 4034
10163 2 2 0 0 673 8208 4042
10164 2 2 0 0 8208 2120 4042
10165 2 2 0 0 1130 8209 4034
10166 2 2 0 0 8209 2120 4034
10167 2 2 0 0 2120 8209 4053
10168 2 2 0 0 8209 1130 4053
10169 2 2 0 0 2124 8210 4035
10170 2 2 0 0 8210 1130 4035
10171 2 2 0 0 1130 8210 4058
10172 2 2 0 0 8210 2124 4058
10173 2 2 0 0 154 8211 4035
10174 2 2 0 0 8211 2124 4035
10175 2 2 0 0 2124 8211 4036
10176 2 2 0 0 8211 154 4036
10177 2 2 0 0 2113 8212 4036
10178 2 2 0 0 8212 1131 4036
10179 2 2 0 0 1131 8212 4037
10180 2 2 0 0 8212 2113 4037
10181 2 2 0 0 1131 8213 4036
10182 2 2 0 0 8213 2124 4036
10183 2 2 0 0 2124 8213 4061
10184 2 2 0 0 8213 1131 4061
10185 2 2 0 0 2125 8214 4037
10186 2 2 0 0 8214 1131 4037
10187 2 2 0 0 1131 8214 4062
10188 2 2 0 0 8214 2125 4062
10189 2 2 0 0 210 8215 4038
10190 2 2 0 0 8215 2114 4038
10191 2 2 0 0 2114 8215 4040
10192 2 2 0 0 8215 210 4040
10193 2 2 0 0 2115 8216 4038
10194 2 2 0 0 8216 210 4038
10195 2 2 0 0 210 8216 4041
10196 2 2 0 0 8216 2115 4041
10197 2 2 0 0 2114 8217 4039
10198 2 2 0 0 8217 1128 4039
10199 2 2 0 0 1128 8217 4040
10200 2 2 0 0 8217 2114 4040
10201 2 2 0 0 1128 8218 4039
10202 2 2 0 0 8218 2116 4039
10203 2 2 0 0 2116 8218 4044
10204 2 2 0 0 8218 1128 4044
10205 2 2 0 0 2119 8219 4040
10206 2 2 0 0 8219 1128 4040
10207 2 2 0 0 1128 8219 4047
10208 2 2 0 0 8219 2119 4047
10209 2 2 0 0 210 8220 4040
10210 2 2 0 0 8220 2119 4040
10211 2 2 0 0 2119 8220 4051
10212 2 2 0 0 8220 210 4051
10213 2 2 0 0 2115 8221 4041
10214 2 2 0 0 8221 1129 4041
10215 2 2 0 0 1129 8221 4042
10216 2 2 0 0 8221 2115 4042
10217 2 2 0 0 2121 8222 4041
10218 2 2 0 0 8222 210 4041
10219 2 2 0 0 210 8222 4051
10220 2 2 0 0 8222 2121 4051
10221 2 2 0 0 1129 8223 4041
10222 2 2 0 0 8223 2121 4041
10223 2 2 0 0 2121 8223 4054
10224 2 2 0 0 8223 1129 4054
10225 2 2 0 0 2120 8224 4042
10226 2 2 0 0 8224 1129 4042
10227 2 2 0 0 1129 8224 4052
10228 2 2 0 0 8224 2120 4052
10229 2 2 0 0 2116 8225 4043
10230 2 2 0 0 8225 399 4043
10231 2 2 0 0 399 8225 4044
10232 2 2 0 0 8225 2116 4044
10233 2 2 0 0 399 8226 4043
10234 2 2 0 0 8226 2117 4043
10235 2 2 0 0 2117 8226 4046
10236 2 2 0 0 8226 399 4046
10237 2 2 0 0 2118 8227 4044
10238 2 2 0 0 8227 399 4044
10239 2 2 0 0 399 8227 4048
10240 2 2 0 0 8227 2118 4048
10241 2 2 0 0 1128 8228 4044
10242 2 2 0 0 8228 2118 4044
10243 2 2 0 0 2118 8228 4047
10244 2 2 0 0 8228 1128 4047
10245 2 2 0 0 2117 8229 4045
10246 2 2 0 0 8229 1136 4045
10247 2 2 0 0 1136 8229 4046
10248 2 2 0 0 8229 2117 4046
10249 2 2 0 0 1136 8230 4045
10250 2 2 0 0 8230 2132 4045
10251 2 2 0 0 2132 8230 4077
10252 2 2 0 0 8230 1136 4077
10253 2 2 0 0 2135 8231 4046
10254 2 2 0 0 8231 1136 4046
10255 2 2 0 0 1136 8231 4080
10256 2 2 0 0 8231 2135 4080
10257 2 2 0 0 399 8232 4046
10258 2 2 0 0 8232 2135 4046
10259 2 2 0 0 2135 8232 4048
10260 2 2 0 0 8232 399 4048
10261 2 2 0 0 686 8233 4047
10262 2 2 0 0 8233 2118 4047
10263 2 2 0 0 2118 8233 4049
10264 2 2 0 0 8233 686 4049
10265 2 2 0 0 2119 8234 4047
10266 2 2 0 0 8234 686 4047
10267 2 2 0 0 686 8234 4050
10268 2 2 0 0 8234 2119 4050
10269 2 2 0 0 2118 8235 4048
10270 2 2 0 0 8235 1156 4048
10271 2 2 0 0 1156 8235 4049
10272 2 2 0 0 8235 2118 4049
10273 2 2 0 0 1156 8236 4048
10274 2 2 0 0 8236 2135 4048
10275 2 2 0 0 2135 8236 4083
10276 2 2 0 0 8236 1156 4083
10277 2 2 0 0 2176 8237 4049
10278 2 2 0 0 8237 1156 4049
10279 2 2 0 0 1156 8237 4166
10280 2 2 0 0 8237 2176 4166
10281 2 2 0 0 686 8238 4049
10282 2 2 0 0 8238 2176 4049
10283 2 2 0 0 2176 8238 4151
10284 2 2 0 0 8238 686 4151
10285 2 2 0 0 2119 8239 4050
10286 2 2 0 0 8239 1152 4050
10287 2 2 0 0 1152 8239 4051
10288 2 2 0 0 8239 2119 4051
10289 2 2 0 0 2169 8240 4050
10290 2 2 0 0 8240 686 4050
10291 2 2 0 0 686 8240 4151
10292 2 2 0 0 8240 2169 4151
10293 2 2 0 0 1152 8241 4050
10294 2 2 0 0 8241 2169 4050
10295 2 2 0 0 2169 8241 4149
10296 2 2 0 0 8241 1152 4149
10297 2 2 0 0 2121 8242 4051
10298 2 2 0 0 8242 1152 4051
10299 2 2 0 0 1152 8242 4055
10300 2 2 0 0 8242 2121 4055
10301 2 2 0 0 2120 8243 4052
10302 2 2 0 0 8243 398 4052
10303 2 2 0 0 398 8243 4053
10304 2 2 0 0 8243 2120 4053
10305 2 2 0 0 2122 8244 4052
10306 2 2 0 0 8244 1129 4052
10307 2 2 0 0 1129 8244 4054
10308 2 2 0 0 8244 2122 4054
10309 2 2 0 0 398 8245 4052
10310 2 2 0 0 8245 2122 4052
10311 2 2 0 0 2122 8245 4057
10312 2 2 0 0 8245 398 4057
10313 2 2 0 0 2123 8246 4053
10314 2 2 0 0 8246 398 4053
10315 2 2 0 0 398 8246 4059
10316 2 2 0 0 8246 2123 4059
10317 2 2 0 0 1130 8247 4053
10318 2 2 0 0 8247 2123 4053
10319 2 2 0 0 2123 8247 4058
10320 2 2 0 0 8247 1130 4058
10321 2 2 0 0 684 8248 4054
10322 2 2 0 0 8248 2121 4054
10323 2 2 0 0 2121 8248 4055
10324 2 2 0 0 8248 684 4055
10325 2 2 0 0 2122 8249 4054
10326 2 2 0 0 8249 684 4054
10327 2 2 0 0 684 8249 4056
10328 2 2 0 0 8249 2122 4056
10329 2 2 0 0 2168 8250 4055
10330 2 2 0 0 8250 1152 4055
10331 2 2 0 0 1152 8250 4149
10332 2 2 0 0 8250 2168 4149
10333 2 2 0 0 684 8251 4055
10334 2 2 0 0 8251 2168 4055
10335 2 2 0 0 2168 8251 4145
10336 2 2 0 0 8251 684 4145
10337 2 2 0 0 2122 8252 4056
10338 2 2 0 0 8252 1151 4056
10339 2 2 0 0 1151 8252 4057
10340 2 2 0 0 8252 2122 4057
10341 2 2 0 0 2166 8253 4056
10342 2 2 0 0 8253 684 4056
10343 2 2 0 0 684 8253 4145
10344 2 2 0 0 8253 2166 4145
10345 2 2 0 0 1151 8254 4056
10346 2 2 0 0 8254 2166 4056
10347 2 2 0 0 2166 8254 4144
10348 2 2 0 0 8254 1151 4144
10349 2 2 0 0 2151 8255 4057
10350 2 2 0 0 8255 1151 4057
10351 2 2 0 0 1151 8255 4115
10352 2 2 0 0 8255 2151 4115
10353 2 2 0 0 398 8256 4057
10354 2 2 0 0 8256 2151 4057
10355 2 2 0 0 2151 8256 4059
10356 2 2 0 0 8256 398 4059
10357 2 2 0 0 680 8257 4058
10358 2 2 0 0 8257 2123 4058
10359 2 2 0 0 2123 8257 4060
10360 2 2 0 0 8257 680 4060
10361 2 2 0 0 2124 8258 4058
10362 2 2 0 0 8258 680 4058
10363 2 2 0 0 680 8258 4061
10364 2 2 0 0 8258 2124 4061
10365 2 2 0 0 2123 8259 4059
10366 2 2 0 0 8259 1144 4059
10367 2 2 0 0 1144 8259 4060
10368 2 2 0 0 8259 2123 4060
10369 2 2 0 0 1144 8260 4059
10370 2 2 0 0 8260 2151 4059
10371 2 2 0 0 2151 8260 4114
10372 2 2 0 0 8260 1144 4114
10373 2 2 0 0 2149 8261 4060
10374 2 2 0 0 8261 1144 4060
10375 2 2 0 0 1144 8261 4111
10376 2 2 0 0 8261 2149 4111
10377 2 2 0 0 680 8262 4060
10378 2 2 0 0 8262 2149 4060
10379 2 2 0 0 2149 8262 4064
10380 2 2 0 0 8262 680 4064
10381 2 2 0 0 2126 8263 4061
10382 2 2 0 0 8263 680 4061
10383 2 2 0 0 680 8263 4064
10384 2 2 0 0 8263 2126 4064
10385 2 2 0 0 1131 8264 4061
10386 2 2 0 0 8264 2126 4061
10387 2 2 0 0 2126 8264 4062
10388 2 2 0 0 8264 1131 4062
10389 2 2 0 0 2125 8265 4062
10390 2 2 0 0 8265 396 4062
10391 2 2 0 0 396 8265 4063
10392 2 2 0 0 8265 2125 4063
10393 2 2 0 0 396 8266 4062
10394 2 2 0 0 8266 2126 4062
10395 2 2 0 0 2126 8266 4065
10396 2 2 0 0 8266 396 4065
10397 2 2 0 0 2127 8267 4063
10398 2 2 0 0 8267 396 4063
10399 2 2 0 0 396 8267 4066
10400 2 2 0 0 8267 2127 4066
10401 2 2 0 0 2126 8268 4064
10402 2 2 0 0 8268 1143 4064
10403 2 2 0 0 1143 8268 4065
10404 2 2 0 0 8268 2126 4065
10405 2 2 0 0 1143 8269 4064
10406 2 2 0 0 8269 2149 4064
10407 2 2 0 0 2149 8269 4110
10408 2 2 0 0 8269 1143 4110
10409 2 2 0 0 2145 8270 4065
10410 2 2 0 0 8270 1143 4065
10411 2 2 0 0 1143 8270 4103
10412 2 2 0 0 8270 2145 4103
10413 2 2 0 0 396 8271 4065
10414 2 2 0 0 8271 2145 4065
10415 2 2 0 0 2145 8271 4066
10416 2 2 0 0 8271 396 4066
10417 2 2 0 0 2127 8272 4066
10418 2 2 0 0 8272 1141 4066
10419 2 2 0 0 1141 8272 4067
10420 2 2 0 0 8272 2127 4067
10421 2 2 0 0 1141 8273 4066
10422 2 2 0 0 8273 2145 4066
10423 2 2 0 0 2145 8273 4102
10424 2 2 0 0 8273 1141 4102
10425 2 2 0 0 2144 8274 4067
10426 2 2 0 0 8274 1141 4067
10427 2 2 0 0 1141 8274 4100
10428 2 2 0 0 8274 2144 4100
10429 2 2 0 0 2128 8275 4068
10430 2 2 0 0 8275 156 4068
10431 2 2 0 0 156 8275 4069
10432 2 2 0 0 8275 2128 4069
10433 2 2 0 0 2130 8276 4068
10434 2 2 0 0 8276 1133 4068
10435 2 2 0 0 1133 8276 4070
10436 2 2 0 0 8276 2130 4070
10437 2 2 0 0 156 8277 4068
10438 2 2 0 0 8277 2130 4068
10439 2 2 0 0 2130 8277 4073
10440 2 2 0 0 8277 156 4073
10441 2 2 0 0 2131 8278 4069
10442 2 2 0 0 8278 156 4069
10443 2 2 0 0 156 8278 4074
10444 2 2 0 0 8278 2131 4074
10445 2 2 0 0 677 8279 4070
10446 2 2 0 0 8279 2129 4070
10447 2 2 0 0 2129 8279 4071
10448 2 2 0 0 8279 677 4071
10449 2 2 0 0 2130 8280 4070
10450 2 2 0 0 8280 677 4070
10451 2 2 0 0 677 8280 4072
10452 2 2 0 0 8280 2130 4072
10453 2 2 0 0 2133 8281 4071
10454 2 2 0 0 8281 1135 4071
10455 2 2 0 0 1135 8281 4076
10456 2 2 0 0 8281 2133 4076
10457 2 2 0 0 677 8282 4071
10458 2 2 0 0 8282 2133 4071
10459 2 2 0 0 2133 8282 4079
10460 2 2 0 0 8282 677 4079
10461 2 2 0 0 2130 8283 4072
10462 2 2 0 0 8283 1138 4072
10463 2 2 0 0 1138 8283 4073
10464 2 2 0 0 8283 2130 4073
10465 2 2 0 0 2136 8284 4072
10466 2 2 0 0 8284 677 4072
10467 2 2 0 0 677 8284 4079
10468 2 2 0 0 8284 2136 4079
10469 2 2 0 0 1138 8285 4072
10470 2 2 0 0 8285 2136 4072
10471 2 2 0 0 2136 8285 4085
10472 2 2 0 0 8285 1138 4085
10473 2 2 0 0 2140 8286 4073
10474 2 2 0 0 8286 1138 4073
10475 2 2 0 0 1138 8286 4090
10476 2 2 0 0 8286 2140 4090
10477 2 2 0 0 156 8287 4073
10478 2 2 0 0 8287 2140 4073
10479 2 2 0 0 2140 8287 4074
10480 2 2 0 0 8287 156 4074
10481 2 2 0 0 2131 8288 4074
10482 2 2 0 0 8288 1139 4074
10483 2 2 0 0 1139 8288 4075
10484 2 2 0 0 8288 2131 4075
10485 2 2 0 0 1139 8289 4074
10486 2 2 0 0 8289 2140 4074
10487 2 2 0 0 2140 8289 4093
10488 2 2 0 0 8289 1139 4093
10489 2 2 0 0 2141 8290 4075
10490 2 2 0 0 8290 1139 4075
10491 2 2 0 0 1139 8290 4094
10492 2 2 0 0 8290 2141 4094
10493 2 2 0 0 215 8291 4076
10494 2 2 0 0 8291 2132 4076
10495 2 2 0 0 215 8291 4077
10496 2 2 0 0 8291 2132 4077
10497 2 2 0 0 2133 8292 4076
10498 2 2 0 0 8292 215 4076
10499 2 2 0 0 215 8292 4078
10500 2 2 0 0 8292 2133 4078
10501 2 2 0 0 2134 8293 4077
10502 2 2 0 0 8293 215 4077
10503 2 2 0 0 215 8293 4081
10504 2 2 0 0 8293 2134 4081
10505 2 2 0 0 1136 8294 4077
10506 2 2 0 0 8294 2134 4077
10507 2 2 0 0 2134 8294 4080
10508 2 2 0 0 8294 1136 4080
10509 2 2 0 0 2133 8295 4078
10510 2 2 0 0 8295 1137 4078
10511 2 2 0 0 1137 8295 4079
10512 2 2 0 0 8295 2133 4079
10513 2 2 0 0 2137 8296 4078
10514 2 2 0 0 8296 215 4078
10515 2 2 0 0 2137 8296 4081
10516 2 2 0 0 8296 215 4081
10517 2 2 0 0 1137 8297 4078
10518 2 2 0 0 8297 2137 4078
10519 2 2 0 0 2137 8297 4086
10520 2 2 0 0 8297 1137 4086
10521 2 2 0 0 2136 8298 4079
10522 2 2 0 0 8298 1137 4079
10523 2 2 0 0 1137 8298 4084
10524 2 2 0 0 8298 2136 4084
10525 2 2 0 0 687 8299 4080
10526 2 2 0 0 8299 2134 4080
10527 2 2 0 0 2134 8299 4082
10528 2 2 0 0 8299 687 4082
10529 2 2 0 0 2135 8300 4080
10530 2 2 0 0 8300 687 4080
10531 2 2 0 0 687 8300 4083
10532 2 2 0 0 8300 2135 4083
10533 2 2 0 0 2134 8301 4081
10534 2 2 0 0 8301 1158 4081
10535 2 2 0 0 1158 8301 4082
10536 2 2 0 0 8301 2134 4082
10537 2 2 0 0 1158 8302 4081
10538 2 2 0 0 8302 2137 4081
10539 2 2 0 0 2137 8302 4087
10540 2 2 0 0 8302 1158 4087
10541 2 2 0 0 2180 8303 4082
10542 2 2 0 0 8303 1158 4082
10543 2 2 0 0 1158 8303 4174
10544 2 2 0 0 8303 2180 4174
10545 2 2 0 0 687 8304 4082
10546 2 2 0 0 8304 2180 4082
10547 2 2 0 0 2180 8304 4168
10548 2 2 0 0 8304 687 4168
10549 2 2 0 0 2177 8305 4083
10550 2 2 0 0 8305 687 4083
10551 2 2 0 0 687 8305 4168
10552 2 2 0 0 8305 2177 4168
10553 2 2 0 0 1156 8306 4083
10554 2 2 0 0 8306 2177 4083
10555 2 2 0 0 2177 8306 4166
10556 2 2 0 0 8306 1156 4166
10557 2 2 0 0 2136 8307 4084
10558 2 2 0 0 8307 409 4084
10559 2 2 0 0 409 8307 4085
10560 2 2 0 0 8307 2136 4085
10561 2 2 0 0 2138 8308 4084
10562 2 2 0 0 8308 1137 4084
10563 2 2 0 0 1137 8308 4086
10564 2 2 0 0 8308 2138 4086
10565 2 2 0 0 409 8309 4084
10566 2 2 0 0 8309 2138 4084
10567 2 2 0 0 2138 8309 4089
10568 2 2 0 0 8309 409 4089
10569 2 2 0 0 2139 8310 4085
10570 2 2 0 0 8310 409 4085
10571 2 2 0 0 409 8310 4091
10572 2 2 0 0 8310 2139 4091
10573 2 2 0 0 1138 8311 4085
10574 2 2 0 0 8311 2139 4085
10575 2 2 0 0 2139 8311 4090
10576 2 2 0 0 8311 1138 4090
10577 2 2 0 0 708 8312 4086
10578 2 2 0 0 8312 2137 4086
10579 2 2 0 0 708 8312 4087
10580 2 2 0 0 8312 2137 4087
10581 2 2 0 0 2138 8313 4086
10582 2 2 0 0 8313 708 4086
10583 2 2 0 0 708 8313 4088
10584 2 2 0 0 8313 2138 4088
10585 2 2 0 0 2181 8314 4087
10586 2 2 0 0 8314 708 4087
10587 2 2 0 0 708 8314 4176
10588 2 2 0 0 8314 2181 4176
10589 2 2 0 0 1158 8315 4087
10590 2 2 0 0 8315 2181 4087
10591 2 2 0 0 2181 8315 4174
10592 2 2 0 0 8315 1158 4174
10593 2 2 0 0 2138 8316 4088
10594 2 2 0 0 8316 1204 4088
10595 2 2 0 0 1204 8316 4089
10596 2 2 0 0 8316 2138 4089
10597 2 2 0 0 2266 8317 4088
10598 2 2 0 0 8317 708 4088
10599 2 2 0 0 2266 8317 4176
10600 2 2 0 0 8317 708 4176
10601 2 2 0 0 1204 8318 4088
10602 2 2 0 0 8318 2266 4088
10603 2 2 0 0 2266 8318 4374
10604 2 2 0 0 8318 1204 4374
10605 2 2 0 0 2255 8319 4089
10606 2 2 0 0 8319 1204 4089
10607 2 2 0 0 1204 8319 4327
10608 2 2 0 0 8319 2255 4327
10609 2 2 0 0 409 8320 4089
10610 2 2 0 0 8320 2255 4089
10611 2 2 0 0 2255 8320 4091
10612 2 2 0 0 8320 409 4091
10613 2 2 0 0 704 8321 4090
10614 2 2 0 0 8321 2139 4090
10615 2 2 0 0 2139 8321 4092
10616 2 2 0 0 8321 704 4092
10617 2 2 0 0 2140 8322 4090
10618 2 2 0 0 8322 704 4090
10619 2 2 0 0 704 8322 4093
10620 2 2 0 0 8322 2140 4093
10621 2 2 0 0 2139 8323 4091
10622 2 2 0 0 8323 1194 4091
10623 2 2 0 0 1194 8323 4092
10624 2 2 0 0 8323 2139 4092
10625 2 2 0 0 1194 8324 4091
10626 2 2 0 0 8324 2255 4091
10627 2 2 0 0 2255 8324 4326
10628 2 2 0 0 8324 1194 4326
10629 2 2 0 0 2253 8325 4092
10630 2 2 0 0 8325 1194 4092
10631 2 2 0 0 1194 8325 4323
10632 2 2 0 0 8325 2253 4323
10633 2 2 0 0 704 8326 4092
10634 2 2 0 0 8326 2253 4092
10635 2 2 0 0 2253 8326 4096
10636 2 2 0 0 8326 704 4096
10637 2 2 0 0 2142 8327 4093
10638 2 2 0 0 8327 704 4093
10639 2 2 0 0 704 8327 4096
10640 2 2 0 0 8327 2142 4096
10641 2 2 0 0 1139 8328 4093
10642 2 2 0 0 8328 2142 4093
10643 2 2 0 0 2142 8328 4094
10644 2 2 0 0 8328 1139 4094
10645 2 2 0 0 2141 8329 4094
10646 2 2 0 0 8329 407 4094
10647 2 2 0 0 407 8329 4095
10648 2 2 0 0 8329 2141 4095
10649 2 2 0 0 407 8330 4094
10650 2 2 0 0 8330 2142 4094
10651 2 2 0 0 2142 8330 4097
10652 2 2 0 0 8330 407 4097
10653 2 2 0 0 2143 8331 4095
10654 2 2 0 0 8331 407 4095
10655 2 2 0 0 407 8331 4098
10656 2 2 0 0 8331 2143 4098
10657 2 2 0 0 2142 8332 4096
10658 2 2 0 0 8332 1193 4096
10659 2 2 0 0 1193 8332 4097
10660 2 2 0 0 8332 2142 4097
10661 2 2 0 0 1193 8333 4096
10662 2 2 0 0 8333 2253 4096
10663 2 2 0 0 2253 8333 4322
10664 2 2 0 0 8333 1193 4322
10665 2 2 0 0 2249 8334 4097
10666 2 2 0 0 8334 1193 4097
10667 2 2 0 0 1193 8334 4315
10668 2 2 0 0 8334 2249 4315
10669 2 2 0 0 407 8335 4097
10670 2 2 0 0 8335 2249 4097
10671 2 2 0 0 2249 8335 4098
10672 2 2 0 0 8335 407 4098
10673 2 2 0 0 2143 8336 4098
10674 2 2 0 0 8336 1191 4098
10675 2 2 0 0 1191 8336 4099
10676 2 2 0 0 8336 2143 4099
10677 2 2 0 0 1191 8337 4098
10678 2 2 0 0 8337 2249 4098
10679 2 2 0 0 2249 8337 4314
10680 2 2 0 0 8337 1191 4314
10681 2 2 0 0 2248 8338 4099
10682 2 2 0 0 8338 1191 4099
10683 2 2 0 0 1191 8338 4312
10684 2 2 0 0 8338 2248 4312
10685 2 2 0 0 2144 8339 4100
10686 2 2 0 0 8339 104 4100
10687 2 2 0 0 104 8339 4101
10688 2 2 0 0 8339 2144 4101
10689 2 2 0 0 2146 8340 4100
10690 2 2 0 0 8340 1141 4100
10691 2 2 0 0 1141 8340 4102
10692 2 2 0 0 8340 2146 4102
10693 2 2 0 0 104 8341 4100
10694 2 2 0 0 8341 2146 4100
10695 2 2 0 0 2146 8341 4105
10696 2 2 0 0 8341 104 4105
10697 2 2 0 0 2148 8342 4101
10698 2 2 0 0 8342 1142 4101
10699 2 2 0 0 1142 8342 4106
10700 2 2 0 0 8342 2148 4106
10701 2 2 0 0 104 8343 4101
10702 2 2 0 0 8343 2148 4101
10703 2 2 0 0 2148 8343 4109
10704 2 2 0 0 8343 104 4109
10705 2 2 0 0 681 8344 4102
10706 2 2 0 0 8344 2145 4102
10707 2 2 0 0 2145 8344 4103
10708 2 2 0 0 8344 681 4103
10709 2 2 0 0 2146 8345 4102
10710 2 2 0 0 8345 681 4102
10711 2 2 0 0 681 8345 4104
10712 2 2 0 0 8345 2146 4104
10713 2 2 0 0 2150 8346 4103
10714 2 2 0 0 8346 1143 4103
10715 2 2 0 0 1143 8346 4110
10716 2 2 0 0 8346 2150 4110
10717 2 2 0 0 681 8347 4103
10718 2 2 0 0 8347 2150 4103
10719 2 2 0 0 2150 8347 4113
10720 2 2 0 0 8347 681 4113
10721 2 2 0 0 2146 8348 4104
10722 2 2 0 0 8348 1146 4104
10723 2 2 0 0 1146 8348 4105
10724 2 2 0 0 8348 2146 4105
10725 2 2 0 0 2153 8349 4104
10726 2 2 0 0 8349 681 4104
10727 2 2 0 0 681 8349 4113
10728 2 2 0 0 8349 2153 4113
10729 2 2 0 0 1146 8350 4104
10730 2 2 0 0 8350 2153 4104
10731 2 2 0 0 2153 8350 4119
10732 2 2 0 0 8350 1146 4119
10733 2 2 0 0 2156 8351 4105
10734 2 2 0 0 8351 104 4105
10735 2 2 0 0 104 8351 4109
10736 2 2 0 0 8351 2156 4109
10737 2 2 0 0 1146 8352 4105
10738 2 2 0 0 8352 2156 4105
10739 2 2 0 0 2156 8352 4124
10740 2 2 0 0 8352 1146 4124
10741 2 2 0 0 683 8353 4106
10742 2 2 0 0 8353 2147 4106
10743 2 2 0 0 2147 8353 4107
10744 2 2 0 0 8353 683 4107
10745 2 2 0 0 2148 8354 4106
10746 2 2 0 0 8354 683 4106
10747 2 2 0 0 683 8354 4108
10748 2 2 0 0 8354 2148 4108
10749 2 2 0 0 2159 8355 4107
10750 2 2 0 0 8355 1147 4107
10751 2 2 0 0 1147 8355 4128
10752 2 2 0 0 8355 2159 4128
10753 2 2 0 0 683 8356 4107
10754 2 2 0 0 8356 2159 4107
10755 2 2 0 0 2159 8356 4131
10756 2 2 0 0 8356 683 4131
10757 2 2 0 0 2148 8357 4108
10758 2 2 0 0 8357 1150 4108
10759 2 2 0 0 1150 8357 4109
10760 2 2 0 0 8357 2148 4109
10761 2 2 0 0 2162 8358 4108
10762 2 2 0 0 8358 683 4108
10763 2 2 0 0 683 8358 4131
10764 2 2 0 0 8358 2162 4131
10765 2 2 0 0 1150 8359 4108
10766 2 2 0 0 8359 2162 4108
10767 2 2 0 0 2162 8359 4137
10768 2 2 0 0 8359 1150 4137
10769 2 2 0 0 2156 8360 4109
10770 2 2 0 0 8360 1150 4109
10771 2 2 0 0 1150 8360 4125
10772 2 2 0 0 8360 2156 4125
10773 2 2 0 0 211 8361 4110
10774 2 2 0 0 8361 2149 4110
10775 2 2 0 0 2149 8361 4111
10776 2 2 0 0 8361 211 4111
10777 2 2 0 0 2150 8362 4110
10778 2 2 0 0 8362 211 4110
10779 2 2 0 0 211 8362 4112
10780 2 2 0 0 8362 2150 4112
10781 2 2 0 0 2152 8363 4111
10782 2 2 0 0 8363 1144 4111
10783 2 2 0 0 1144 8363 4114
10784 2 2 0 0 8363 2152 4114
10785 2 2 0 0 211 8364 4111
10786 2 2 0 0 8364 2152 4111
10787 2 2 0 0 2152 8364 4117
10788 2 2 0 0 8364 211 4117
10789 2 2 0 0 2150 8365 4112
10790 2 2 0 0 8365 1145 4112
10791 2 2 0 0 1145 8365 4113
10792 2 2 0 0 8365 2150 4113
10793 2 2 0 0 2154 8366 4112
10794 2 2 0 0 8366 211 4112
10795 2 2 0 0 211 8366 4117
10796 2 2 0 0 8366 2154 4117
10797 2 2 0 0 1145 8367 4112
10798 2 2 0 0 8367 2154 4112
10799 2 2 0 0 2154 8367 4120
10800 2 2 0 0 8367 1145 4120
10801 2 2 0 0 2153 8368 4113
10802 2 2 0 0 8368 1145 4113
10803 2 2 0 0 1145 8368 4118
10804 2 2 0 0 8368 2153 4118
10805 2 2 0 0 685 8369 4114
10806 2 2 0 0 8369 2151 4114
10807 2 2 0 0 2151 8369 4115
10808 2 2 0 0 8369 685 4115
10809 2 2 0 0 2152 8370 4114
10810 2 2 0 0 8370 685 4114
10811 2 2 0 0 685 8370 4116
10812 2 2 0 0 8370 2152 4116
10813 2 2 0 0 2167 8371 4115
10814 2 2 0 0 8371 1151 4115
10815 2 2 0 0 1151 8371 4144
10816 2 2 0 0 8371 2167 4144
10817 2 2 0 0 685 8372 4115
10818 2 2 0 0 8372 2167 4115
10819 2 2 0 0 2167 8372 4148
10820 2 2 0 0 8372 685 4148
10821 2 2 0 0 2152 8373 4116
10822 2 2 0 0 8373 1155 4116
10823 2 2 0 0 1155 8373 4117
10824 2 2 0 0 8373 2152 4117
10825 2 2 0 0 2172 8374 4116
10826 2 2 0 0 8374 685 4116
10827 2 2 0 0 685 8374 4148
10828 2 2 0 0 8374 2172 4148
10829 2 2 0 0 1155 8375 4116
10830 2 2 0 0 8375 2172 4116
10831 2 2 0 0 2172 8375 4159
10832 2 2 0 0 8375 1155 4159
10833 2 2 0 0 2154 8376 4117
10834 2 2 0 0 8376 1155 4117
10835 2 2 0 0 1155 8376 4121
10836 2 2 0 0 8376 2154 4121
10837 2 2 0 0 2153 8377 4118
10838 2 2 0 0 8377 402 4118
10839 2 2 0 0 402 8377 4119
10840 2 2 0 0 8377 2153 4119
10841 2 2 0 0 2155 8378 4118
10842 2 2 0 0 8378 1145 4118
10843 2 2 0 0 1145 8378 4120
10844 2 2 0 0 8378 2155 4120
10845 2 2 0 0 402 8379 4118
10846 2 2 0 0 8379 2155 4118
10847 2 2 0 0 2155 8379 4123
10848 2 2 0 0 8379 402 4123
10849 2 2 0 0 2157 8380 4119
10850 2 2 0 0 8380 1146 4119
10851 2 2 0 0 1146 8380 4124
10852 2 2 0 0 8380 2157 4124
10853 2 2 0 0 402 8381 4119
10854 2 2 0 0 8381 2157 4119
10855 2 2 0 0 2157 8381 4127
10856 2 2 0 0 8381 402 4127
10857 2 2 0 0 690 8382 4120
10858 2 2 0 0 8382 2154 4120
10859 2 2 0 0 2154 8382 4121
10860 2 2 0 0 8382 690 4121
10861 2 2 0 0 2155 8383 4120
10862 2 2 0 0 8383 690 4120
10863 2 2 0 0 690 8383 4122
10864 2 2 0 0 8383 2155 4122
10865 2 2 0 0 2175 8384 4121
10866 2 2 0 0 8384 1155 4121
10867 2 2 0 0 1155 8384 4159
10868 2 2 0 0 8384 2175 4159
10869 2 2 0 0 690 8385 4121
10870 2 2 0 0 8385 2175 4121
10871 2 2 0 0 2175 8385 4165
10872 2 2 0 0 8385 690 4165
10873 2 2 0 0 2155 8386 4122
10874 2 2 0 0 8386 1166 4122
10875 2 2 0 0 1166 8386 4123
10876 2 2 0 0 8386 2155 4123
10877 2 2 0 0 2194 8387 4122
10878 2 2 0 0 8387 690 4122
10879 2 2 0 0 690 8387 4165
10880 2 2 0 0 8387 2194 4165
10881 2 2 0 0 1166 8388 4122
10882 2 2 0 0 8388 2194 4122
10883 2 2 0 0 2194 8388 4205
10884 2 2 0 0 8388 1166 4205
10885 2 2 0 0 2197 8389 4123
10886 2 2 0 0 8389 402 4123
10887 2 2 0 0 402 8389 4127
10888 2 2 0 0 8389 2197 4127
10889 2 2 0 0 1166 8390 4123
10890 2 2 0 0 8390 2197 4123
10891 2 2 0 0 2197 8390 4210
10892 2 2 0 0 8390 1166 4210
10893 2 2 0 0 693 8391 4124
10894 2 2 0 0 8391 2156 4124
10895 2 2 0 0 2156 8391 4125
10896 2 2 0 0 8391 693 4125
10897 2 2 0 0 2157 8392 4124
10898 2 2 0 0 8392 693 4124
10899 2 2 0 0 693 8392 4126
10900 2 2 0 0 8392 2157 4126
10901 2 2 0 0 2165 8393 4125
10902 2 2 0 0 8393 1150 4125
10903 2 2 0 0 1150 8393 4137
10904 2 2 0 0 8393 2165 4137
10905 2 2 0 0 693 8394 4125
10906 2 2 0 0 8394 2165 4125
10907 2 2 0 0 2165 8394 4143
10908 2 2 0 0 8394 693 4143
10909 2 2 0 0 2157 8395 4126
10910 2 2 0 0 8395 1171 4126
10911 2 2 0 0 1171 8395 4127
10912 2 2 0 0 8395 2157 4127
10913 2 2 0 0 2208 8396 4126
10914 2 2 0 0 8396 693 4126
10915 2 2 0 0 693 8396 4143
10916 2 2 0 0 8396 2208 4143
10917 2 2 0 0 1171 8397 4126
10918 2 2 0 0 8397 2208 4126
10919 2 2 0 0 2208 8397 4232
10920 2 2 0 0 8397 1171 4232
10921 2 2 0 0 2197 8398 4127
10922 2 2 0 0 8398 1171 4127
10923 2 2 0 0 1171 8398 4211
10924 2 2 0 0 8398 2197 4211
10925 2 2 0 0 213 8399 4128
10926 2 2 0 0 8399 2158 4128
10927 2 2 0 0 2158 8399 4129
10928 2 2 0 0 8399 213 4129
10929 2 2 0 0 2159 8400 4128
10930 2 2 0 0 8400 213 4128
10931 2 2 0 0 213 8400 4130
10932 2 2 0 0 8400 2159 4130
10933 2 2 0 0 2161 8401 4129
10934 2 2 0 0 8401 1148 4129
10935 2 2 0 0 1148 8401 4132
10936 2 2 0 0 8401 2161 4132
10937 2 2 0 0 213 8402 4129
10938 2 2 0 0 8402 2161 4129
10939 2 2 0 0 2161 8402 4135
10940 2 2 0 0 8402 213 4135
10941 2 2 0 0 2159 8403 4130
10942 2 2 0 0 8403 1149 4130
10943 2 2 0 0 1149 8403 4131
10944 2 2 0 0 8403 2159 4131
10945 2 2 0 0 2163 8404 4130
10946 2 2 0 0 8404 213 4130
10947 2 2 0 0 213 8404 4135
10948 2 2 0 0 8404 2163 4135
10949 2 2 0 0 1149 8405 4130
10950 2 2 0 0 8405 2163 4130
10951 2 2 0 0 2163 8405 4138
10952 2 2 0 0 8405 1149 4138
10953 2 2 0 0 2162 8406 4131
10954 2 2 0 0 8406 1149 4131
10955 2 2 0 0 1149 8406 4136
10956 2 2 0 0 8406 2162 4136
10957 2 2 0 0 696 8407 4132
10958 2 2 0 0 8407 2160 4132
10959 2 2 0 0 2160 8407 4133
10960 2 2 0 0 8407 696 4133
10961 2 2 0 0 2161 8408 4132
10962 2 2 0 0 8408 696 4132
10963 2 2 0 0 696 8408 4134
10964 2 2 0 0 8408 2161 4134
10965 2 2 0 0 2217 8409 4133
10966 2 2 0 0 8409 1175 4133
10967 2 2 0 0 1175 8409 4248
10968 2 2 0 0 8409 2217 4248
10969 2 2 0 0 696 8410 4133
10970 2 2 0 0 8410 2217 4133
10971 2 2 0 0 2217 8410 4251
10972 2 2 0 0 8410 696 4251
10973 2 2 0 0 2161 8411 4134
10974 2 2 0 0 8411 1178 4134
10975 2 2 0 0 1178 8411 4135
10976 2 2 0 0 8411 2161 4135
10977 2 2 0 0 2220 8412 4134
10978 2 2 0 0 8412 696 4134
10979 2 2 0 0 696 8412 4251
10980 2 2 0 0 8412 2220 4251
10981 2 2 0 0 1178 8413 4134
10982 2 2 0 0 8413 2220 4134
10983 2 2 0 0 2220 8413 4257
10984 2 2 0 0 8413 1178 4257
10985 2 2 0 0 2163 8414 4135
10986 2 2 0 0 8414 1178 4135
10987 2 2 0 0 1178 8414 4139
10988 2 2 0 0 8414 2163 4139
10989 2 2 0 0 2162 8415 4136
10990 2 2 0 0 8415 406 4136
10991 2 2 0 0 406 8415 4137
10992 2 2 0 0 8415 2162 4137
10993 2 2 0 0 2164 8416 4136
10994 2 2 0 0 8416 1149 4136
10995 2 2 0 0 1149 8416 4138
10996 2 2 0 0 8416 2164 4138
10997 2 2 0 0 406 8417 4136
10998 2 2 0 0 8417 2164 4136
10999 2 2 0 0 2164 8417 4141
11000 2 2 0 0 8417 406 4141
11001 2 2 0 0 2165 8418 4137
11002 2 2 0 0 8418 406 4137
11003 2 2 0 0 406 8418 4142
11004 2 2 0 0 8418 2165 4142
11005 2 2 0 0 699 8419 4138
11006 2 2 0 0 8419 2163 4138
11007 2 2 0 0 2163 8419 4139
11008 2 2 0 0 8419 699 4139
11009 2 2 0 0 2164 8420 4138
11010 2 2 0 0 8420 699 4138
11011 2 2 0 0 699 8420 4140
11012 2 2 0 0 8420 2164 4140
11013 2 2 0 0 2223 8421 4139
11014 2 2 0 0 8421 1178 4139
11015 2 2 0 0 1178 8421 4257
11016 2 2 0 0 8421 2223 4257
11017 2 2 0 0 699 8422 4139
11018 2 2 0 0 8422 2223 4139
11019 2 2 0 0 2223 8422 4263
11020 2 2 0 0 8422 699 4263
11021 2 2 0 0 2164 8423 4140
11022 2 2 0 0 8423 1184 4140
11023 2 2 0 0 1184 8423 4141
11024 2 2 0 0 8423 2164 4141
11025 2 2 0 0 2232 8424 4140
11026 2 2 0 0 8424 699 4140
11027 2 2 0 0 699 8424 4263
11028 2 2 0 0 8424 2232 4263
11029 2 2 0 0 1184 8425 4140
11030 2 2 0 0 8425 2232 4140
11031 2 2 0 0 2232 8425 4281
11032 2 2 0 0 8425 1184 4281
11033 2 2 0 0 2210 8426 4141
11034 2 2 0 0 8426 1184 4141
11035 2 2 0 0 1184 8426 4237
11036 2 2 0 0 8426 2210 4237
11037 2 2 0 0 406 8427 4141
11038 2 2 0 0 8427 2210 4141
11039 2 2 0 0 2210 8427 4142
11040 2 2 0 0 8427 406 4142
11041 2 2 0 0 2165 8428 4142
11042 2 2 0 0 8428 1172 4142
11043 2 2 0 0 1172 8428 4143
11044 2 2 0 0 8428 2165 4143
11045 2 2 0 0 1172 8429 4142
11046 2 2 0 0 8429 2210 4142
11047 2 2 0 0 2210 8429 4236
11048 2 2 0 0 8429 1172 4236
11049 2 2 0 0 2208 8430 4143
11050 2 2 0 0 8430 1172 4143
11051 2 2 0 0 1172 8430 4233
11052 2 2 0 0 8430 2208 4233
11053 2 2 0 0 132 8431 4144
11054 2 2 0 0 8431 2166 4144
11055 2 2 0 0 2166 8431 4146
11056 2 2 0 0 8431 132 4146
11057 2 2 0 0 2167 8432 4144
11058 2 2 0 0 8432 132 4144
11059 2 2 0 0 132 8432 4147
11060 2 2 0 0 8432 2167 4147
11061 2 2 0 0 2166 8433 4145
11062 2 2 0 0 8433 1153 4145
11063 2 2 0 0 1153 8433 4146
11064 2 2 0 0 8433 2166 4146
11065 2 2 0 0 1153 8434 4145
11066 2 2 0 0 8434 2168 4145
11067 2 2 0 0 2168 8434 4150
11068 2 2 0 0 8434 1153 4150
11069 2 2 0 0 2171 8435 4146
11070 2 2 0 0 8435 1153 4146
11071 2 2 0 0 1153 8435 4153
11072 2 2 0 0 8435 2171 4153
11073 2 2 0 0 132 8436 4146
11074 2 2 0 0 8436 2171 4146
11075 2 2 0 0 2171 8436 4157
11076 2 2 0 0 8436 132 4157
11077 2 2 0 0 2167 8437 4147
11078 2 2 0 0 8437 1154 4147
11079 2 2 0 0 1154 8437 4148
11080 2 2 0 0 8437 2167 4148
11081 2 2 0 0 2173 8438 4147
11082 2 2 0 0 8438 132 4147
11083 2 2 0 0 132 8438 4157
11084 2 2 0 0 8438 2173 4157
11085 2 2 0 0 1154 8439 4147
11086 2 2 0 0 8439 2173 4147
11087 2 2 0 0 2173 8439 4160
11088 2 2 0 0 8439 1154 4160
11089 2 2 0 0 2172 8440 4148
11090 2 2 0 0 8440 1154 4148
11091 2 2 0 0 1154 8440 4158
11092 2 2 0 0 8440 2172 4158
11093 2 2 0 0 2168 8441 4149
11094 2 2 0 0 8441 400 4149
11095 2 2 0 0 400 8441 4150
11096 2 2 0 0 8441 2168 4150
11097 2 2 0 0 400 8442 4149
11098 2 2 0 0 8442 2169 4149
11099 2 2 0 0 2169 8442 4152
11100 2 2 0 0 8442 400 4152
11101 2 2 0 0 2170 8443 4150
11102 2 2 0 0 8443 400 4150
11103 2 2 0 0 400 8443 4154
11104 2 2 0 0 8443 2170 4154
11105 2 2 0 0 1153 8444 4150
11106 2 2 0 0 8444 2170 4150
11107 2 2 0 0 2170 8444 4153
11108 2 2 0 0 8444 1153 4153
11109 2 2 0 0 2169 8445 4151
11110 2 2 0 0 8445 1157 4151
11111 2 2 0 0 1157 8445 4152
11112 2 2 0 0 8445 2169 4152
11113 2 2 0 0 1157 8446 4151
11114 2 2 0 0 8446 2176 4151
11115 2 2 0 0 2176 8446 4167
11116 2 2 0 0 8446 1157 4167
11117 2 2 0 0 2179 8447 4152
11118 2 2 0 0 8447 1157 4152
11119 2 2 0 0 1157 8447 4170
11120 2 2 0 0 8447 2179 4170
11121 2 2 0 0 400 8448 4152
11122 2 2 0 0 8448 2179 4152
11123 2 2 0 0 2179 8448 4154
11124 2 2 0 0 8448 400 4154
11125 2 2 0 0 689 8449 4153
11126 2 2 0 0 8449 2170 4153
11127 2 2 0 0 2170 8449 4155
11128 2 2 0 0 8449 689 4155
11129 2 2 0 0 2171 8450 4153
11130 2 2 0 0 8450 689 4153
11131 2 2 0 0 689 8450 4156
11132 2 2 0 0 8450 2171 4156
11133 2 2 0 0 2170 8451 4154
11134 2 2 0 0 8451 1160 4154
11135 2 2 0 0 1160 8451 4155
11136 2 2 0 0 8451 2170 4155
11137 2 2 0 0 1160 8452 4154
11138 2 2 0 0 8452 2179 4154
11139 2 2 0 0 2179 8452 4173
11140 2 2 0 0 8452 1160 4173
11141 2 2 0 0 2185 8453 4155
11142 2 2 0 0 8453 1160 4155
11143 2 2 0 0 1160 8453 4182
11144 2 2 0 0 8453 2185 4182
11145 2 2 0 0 689 8454 4155
11146 2 2 0 0 8454 2185 4155
11147 2 2 0 0 2185 8454 4186
11148 2 2 0 0 8454 689 4186
11149 2 2 0 0 2171 8455 4156
11150 2 2 0 0 8455 1164 4156
11151 2 2 0 0 1164 8455 4157
11152 2 2 0 0 8455 2171 4157
11153 2 2 0 0 2190 8456 4156
11154 2 2 0 0 8456 689 4156
11155 2 2 0 0 689 8456 4186
11156 2 2 0 0 8456 2190 4186
11157 2 2 0 0 1164 8457 4156
11158 2 2 0 0 8457 2190 4156
11159 2 2 0 0 2190 8457 4197
11160 2 2 0 0 8457 1164 4197
11161 2 2 0 0 2173 8458 4157
11162 2 2 0 0 8458 1164 4157
11163 2 2 0 0 1164 8458 4161
11164 2 2 0 0 8458 2173 4161
11165 2 2 0 0 2172 8459 4158
11166 2 2 0 0 8459 401 4158
11167 2 2 0 0 401 8459 4159
11168 2 2 0 0 8459 2172 4159
11169 2 2 0 0 2174 8460 4158
11170 2 2 0 0 8460 1154 4158
11171 2 2 0 0 1154 8460 4160
11172 2 2 0 0 8460 2174 4160
11173 2 2 0 0 401 8461 4158
11174 2 2 0 0 8461 2174 4158
11175 2 2 0 0 2174 8461 4163
11176 2 2 0 0 8461 401 4163
11177 2 2 0 0 2175 8462 4159
11178 2 2 0 0 8462 401 4159
11179 2 2 0 0 401 8462 4164
11180 2 2 0 0 8462 2175 4164
11181 2 2 0 0 691 8463 4160
11182 2 2 0 0 8463 2173 4160
11183 2 2 0 0 2173 8463 4161
11184 2 2 0 0 8463 691 4161
11185 2 2 0 0 2174 8464 4160
11186 2 2 0 0 8464 691 4160
11187 2 2 0 0 691 8464 4162
11188 2 2 0 0 8464 2174 4162
11189 2 2 0 0 2193 8465 4161
11190 2 2 0 0 8465 1164 4161
11191 2 2 0 0 1164 8465 4197
11192 2 2 0 0 8465 2193 4197
11193 2 2 0 0 691 8466 4161
11194 2 2 0 0 8466 2193 4161
11195 2 2 0 0 2193 8466 4203
11196 2 2 0 0 8466 691 4203
11197 2 2 0 0 2174 8467 4162
11198 2 2 0 0 8467 1167 4162
11199 2 2 0 0 1167 8467 4163
11200 2 2 0 0 8467 2174 4163
11201 2 2 0 0 2199 8468 4162
11202 2 2 0 0 8468 691 4162
11203 2 2 0 0 691 8468 4203
11204 2 2 0 0 8468 2199 4203
11205 2 2 0 0 1167 8469 4162
11206 2 2 0 0 8469 2199 4162
11207 2 2 0 0 2199 8469 4214
11208 2 2 0 0 8469 1167 4214
11209 2 2 0 0 2195 8470 4163
11210 2 2 0 0 8470 1167 4163
11211 2 2 0 0 1167 8470 4207
11212 2 2 0 0 8470 2195 4207
11213 2 2 0 0 401 8471 4163
11214 2 2 0 0 8471 2195 4163
11215 2 2 0 0 2195 8471 4164
11216 2 2 0 0 8471 401 4164
11217 2 2 0 0 2175 8472 4164
11218 2 2 0 0 8472 1165 4164
11219 2 2 0 0 1165 8472 4165
11220 2 2 0 0 8472 2175 4165
11221 2 2 0 0 1165 8473 4164
11222 2 2 0 0 8473 2195 4164
11223 2 2 0 0 2195 8473 4206
11224 2 2 0 0 8473 1165 4206
11225 2 2 0 0 2194 8474 4165
11226 2 2 0 0 8474 1165 4165
11227 2 2 0 0 1165 8474 4204
11228 2 2 0 0 8474 2194 4204
11229 2 2 0 0 2176 8475 4166
11230 2 2 0 0 8475 168 4166
11231 2 2 0 0 168 8475 4167
11232 2 2 0 0 8475 2176 4167
11233 2 2 0 0 168 8476 4166
11234 2 2 0 0 8476 2177 4166
11235 2 2 0 0 2177 8476 4169
11236 2 2 0 0 8476 168 4169
11237 2 2 0 0 2178 8477 4167
11238 2 2 0 0 8477 168 4167
11239 2 2 0 0 168 8477 4171
11240 2 2 0 0 8477 2178 4171
11241 2 2 0 0 1157 8478 4167
11242 2 2 0 0 8478 2178 4167
11243 2 2 0 0 2178 8478 4170
11244 2 2 0 0 8478 1157 4170
11245 2 2 0 0 2177 8479 4168
11246 2 2 0 0 8479 1159 4168
11247 2 2 0 0 1159 8479 4169
11248 2 2 0 0 8479 2177 4169
11249 2 2 0 0 1159 8480 4168
11250 2 2 0 0 8480 2180 4168
11251 2 2 0 0 2180 8480 4175
11252 2 2 0 0 8480 1159 4175
11253 2 2 0 0 2183 8481 4169
11254 2 2 0 0 8481 1159 4169
11255 2 2 0 0 1159 8481 4178
11256 2 2 0 0 8481 2183 4178
11257 2 2 0 0 168 8482 4169
11258 2 2 0 0 8482 2183 4169
11259 2 2 0 0 2183 8482 4171
11260 2 2 0 0 8482 168 4171
11261 2 2 0 0 688 8483 4170
11262 2 2 0 0 8483 2178 4170
11263 2 2 0 0 2178 8483 4172
11264 2 2 0 0 8483 688 4172
11265 2 2 0 0 2179 8484 4170
11266 2 2 0 0 8484 688 4170
11267 2 2 0 0 688 8484 4173
11268 2 2 0 0 8484 2179 4173
11269 2 2 0 0 2178 8485 4171
11270 2 2 0 0 8485 1161 4171
11271 2 2 0 0 1161 8485 4172
11272 2 2 0 0 8485 2178 4172
11273 2 2 0 0 1161 8486 4171
11274 2 2 0 0 8486 2183 4171
11275 2 2 0 0 2183 8486 4181
11276 2 2 0 0 8486 1161 4181
11277 2 2 0 0 2186 8487 4172
11278 2 2 0 0 8487 1161 4172
11279 2 2 0 0 1161 8487 4187
11280 2 2 0 0 8487 2186 4187
11281 2 2 0 0 688 8488 4172
11282 2 2 0 0 8488 2186 4172
11283 2 2 0 0 2186 8488 4183
11284 2 2 0 0 8488 688 4183
11285 2 2 0 0 2184 8489 4173
11286 2 2 0 0 8489 688 4173
11287 2 2 0 0 688 8489 4183
11288 2 2 0 0 8489 2184 4183
11289 2 2 0 0 1160 8490 4173
11290 2 2 0 0 8490 2184 4173
11291 2 2 0 0 2184 8490 4182
11292 2 2 0 0 8490 1160 4182
11293 2 2 0 0 2180 8491 4174
11294 2 2 0 0 8491 410 4174
11295 2 2 0 0 410 8491 4175
11296 2 2 0 0 8491 2180 4175
11297 2 2 0 0 410 8492 4174
11298 2 2 0 0 8492 2181 4174
11299 2 2 0 0 2181 8492 4177
11300 2 2 0 0 8492 410 4177
11301 2 2 0 0 2182 8493 4175
11302 2 2 0 0 8493 410 4175
11303 2 2 0 0 410 8493 4179
11304 2 2 0 0 8493 2182 4179
11305 2 2 0 0 1159 8494 4175
11306 2 2 0 0 8494 2182 4175
11307 2 2 0 0 2182 8494 4178
11308 2 2 0 0 8494 1159 4178
11309 2 2 0 0 2181 8495 4176
11310 2 2 0 0 8495 1205 4176
11311 2 2 0 0 1205 8495 4177
11312 2 2 0 0 8495 2181 4177
11313 2 2 0 0 1205 8496 4176
11314 2 2 0 0 8496 2266 4176
11315 2 2 0 0 2266 8496 4375
11316 2 2 0 0 8496 1205 4375
11317 2 2 0 0 2269 8497 4177
11318 2 2 0 0 8497 1205 4177
11319 2 2 0 0 1205 8497 4378
11320 2 2 0 0 8497 2269 4378
11321 2 2 0 0 410 8498 4177
11322 2 2 0 0 8498 2269 4177
11323 2 2 0 0 2269 8498 4179
11324 2 2 0 0 8498 410 4179
11325 2 2 0 0 711 8499 4178
11326 2 2 0 0 8499 2182 4178
11327 2 2 0 0 2182 8499 4180
11328 2 2 0 0 8499 711 4180
11329 2 2 0 0 2183 8500 4178
11330 2 2 0 0 8500 711 4178
11331 2 2 0 0 711 8500 4181
11332 2 2 0 0 8500 2183 4181
11333 2 2 0 0 2182 8501 4179
11334 2 2 0 0 8501 1209 4179
11335 2 2 0 0 1209 8501 4180
11336 2 2 0 0 8501 2182 4180
11337 2 2 0 0 1209 8502 4179
11338 2 2 0 0 8502 2269 4179
11339 2 2 0 0 2269 8502 4381
11340 2 2 0 0 8502 1209 4381
11341 2 2 0 0 2273 8503 4180
11342 2 2 0 0 8503 1209 4180
11343 2 2 0 0 1209 8503 4394
11344 2 2 0 0 8503 2273 4394
11345 2 2 0 0 711 8504 4180
11346 2 2 0 0 8504 2273 4180
11347 2 2 0 0 2273 8504 4189
11348 2 2 0 0 8504 711 4189
11349 2 2 0 0 2187 8505 4181
11350 2 2 0 0 8505 711 4181
11351 2 2 0 0 711 8505 4189
11352 2 2 0 0 8505 2187 4189
11353 2 2 0 0 1161 8506 4181
11354 2 2 0 0 8506 2187 4181
11355 2 2 0 0 2187 8506 4187
11356 2 2 0 0 8506 1161 4187
11357 2 2 0 0 277 8507 4182
11358 2 2 0 0 8507 2184 4182
11359 2 2 0 0 2184 8507 4184
11360 2 2 0 0 8507 277 4184
11361 2 2 0 0 2185 8508 4182
11362 2 2 0 0 8508 277 4182
11363 2 2 0 0 277 8508 4185
11364 2 2 0 0 8508 2185 4185
11365 2 2 0 0 2184 8509 4183
11366 2 2 0 0 8509 1162 4183
11367 2 2 0 0 1162 8509 4184
11368 2 2 0 0 8509 2184 4184
11369 2 2 0 0 1162 8510 4183
11370 2 2 0 0 8510 2186 4183
11371 2 2 0 0 2186 8510 4188
11372 2 2 0 0 8510 1162 4188
11373 2 2 0 0 2189 8511 4184
11374 2 2 0 0 8511 1162 4184
11375 2 2 0 0 1162 8511 4191
11376 2 2 0 0 8511 2189 4191
11377 2 2 0 0 277 8512 4184
11378 2 2 0 0 8512 2189 4184
11379 2 2 0 0 2189 8512 4195
11380 2 2 0 0 8512 277 4195
11381 2 2 0 0 2185 8513 4185
11382 2 2 0 0 8513 1163 4185
11383 2 2 0 0 1163 8513 4186
11384 2 2 0 0 8513 2185 4186
11385 2 2 0 0 2191 8514 4185
11386 2 2 0 0 8514 277 4185
11387 2 2 0 0 277 8514 4195
11388 2 2 0 0 8514 2191 4195
11389 2 2 0 0 1163 8515 4185
11390 2 2 0 0 8515 2191 4185
11391 2 2 0 0 2191 8515 4198
11392 2 2 0 0 8515 1163 4198
11393 2 2 0 0 2190 8516 4186
11394 2 2 0 0 8516 1163 4186
11395 2 2 0 0 1163 8516 4196
11396 2 2 0 0 8516 2190 4196
11397 2 2 0 0 2186 8517 4187
11398 2 2 0 0 8517 481 4187
11399 2 2 0 0 481 8517 4188
11400 2 2 0 0 8517 2186 4188
11401 2 2 0 0 481 8518 4187
11402 2 2 0 0 8518 2187 4187
11403 2 2 0 0 2187 8518 4190
11404 2 2 0 0 8518 481 4190
11405 2 2 0 0 2188 8519 4188
11406 2 2 0 0 8519 481 4188
11407 2 2 0 0 481 8519 4192
11408 2 2 0 0 8519 2188 4192
11409 2 2 0 0 1162 8520 4188
11410 2 2 0 0 8520 2188 4188
11411 2 2 0 0 2188 8520 4191
11412 2 2 0 0 8520 1162 4191
11413 2 2 0 0 2187 8521 4189
11414 2 2 0 0 8521 1213 4189
11415 2 2 0 0 1213 8521 4190
11416 2 2 0 0 8521 2187 4190
11417 2 2 0 0 1213 8522 4189
11418 2 2 0 0 8522 2273 4189
11419 2 2 0 0 2273 8522 4397
11420 2 2 0 0 8522 1213 4397
11421 2 2 0 0 2277 8523 4190
11422 2 2 0 0 8523 1213 4190
11423 2 2 0 0 1213 8523 4409
11424 2 2 0 0 8523 2277 4409
11425 2 2 0 0 481 8524 4190
11426 2 2 0 0 8524 2277 4190
11427 2 2 0 0 2277 8524 4192
11428 2 2 0 0 8524 481 4192
11429 2 2 0 0 788 8525 4191
11430 2 2 0 0 8525 2188 4191
11431 2 2 0 0 2188 8525 4193
11432 2 2 0 0 8525 788 4193
11433 2 2 0 0 2189 8526 4191
11434 2 2 0 0 8526 788 4191
11435 2 2 0 0 788 8526 4194
11436 2 2 0 0 8526 2189 4194
11437 2 2 0 0 2188 8527 4192
11438 2 2 0 0 8527 1393 4192
11439 2 2 0 0 1393 8527 4193
11440 2 2 0 0 8527 2188 4193
11441 2 2 0 0 1393 8528 4192
11442 2 2 0 0 8528 2277 4192
11443 2 2 0 0 2277 8528 4411
11444 2 2 0 0 8528 1393 4411
11445 2 2 0 0 2575 8529 4193
11446 2 2 0 0 8529 1393 4193
11447 2 2 0 0 1393 8529 5155
11448 2 2 0 0 8529 2575 5155
11449 2 2 0 0 788 8530 4193
11450 2 2 0 0 8530 2575 4193
11451 2 2 0 0 2575 8530 5159
11452 2 2 0 0 8530 788 5159
11453 2 2 0 0 2189 8531 4194
11454 2 2 0 0 8531 1398 4194
11455 2 2 0 0 1398 8531 4195
11456 2 2 0 0 8531 2189 4195
11457 2 2 0 0 2578 8532 4194
11458 2 2 0 0 8532 788 4194
11459 2 2 0 0 788 8532 5159
11460 2 2 0 0 8532 2578 5159
11461 2 2 0 0 1398 8533 4194
11462 2 2 0 0 8533 2578 4194
11463 2 2 0 0 2578 8533 5175
11464 2 2 0 0 8533 1398 5175
11465 2 2 0 0 2191 8534 4195
11466 2 2 0 0 8534 1398 4195
11467 2 2 0 0 1398 8534 4199
11468 2 2 0 0 8534 2191 4199
11469 2 2 0 0 2190 8535 4196
11470 2 2 0 0 8535 486 4196
11471 2 2 0 0 486 8535 4197
11472 2 2 0 0 8535 2190 4197
11473 2 2 0 0 2192 8536 4196
11474 2 2 0 0 8536 1163 4196
11475 2 2 0 0 1163 8536 4198
11476 2 2 0 0 8536 2192 4198
11477 2 2 0 0 486 8537 4196
11478 2 2 0 0 8537 2192 4196
11479 2 2 0 0 2192 8537 4201
11480 2 2 0 0 8537 486 4201
11481 2 2 0 0 2193 8538 4197
11482 2 2 0 0 8538 486 4197
11483 2 2 0 0 486 8538 4202
11484 2 2 0 0 8538 2193 4202
11485 2 2 0 0 789 8539 4198
11486 2 2 0 0 8539 2191 4198
11487 2 2 0 0 2191 8539 4199
11488 2 2 0 0 8539 789 4199
11489 2 2 0 0 2192 8540 4198
11490 2 2 0 0 8540 789 4198
11491 2 2 0 0 789 8540 4200
11492 2 2 0 0 8540 2192 4200
11493 2 2 0 0 2581 8541 4199
11494 2 2 0 0 8541 1398 4199
11495 2 2 0 0 1398 8541 5175
11496 2 2 0 0 8541 2581 5175
11497 2 2 0 0 789 8542 4199
11498 2 2 0 0 8542 2581 4199
11499 2 2 0 0 2581 8542 5181
11500 2 2 0 0 8542 789 5181
11501 2 2 0 0 2192 8543 4200
11502 2 2 0 0 8543 1400 4200
11503 2 2 0 0 1400 8543 4201
11504 2 2 0 0 8543 2192 4201
11505 2 2 0 0 2582 8544 4200
11506 2 2 0 0 8544 789 4200
11507 2 2 0 0 789 8544 5181
11508 2 2 0 0 8544 2582 5181
11509 2 2 0 0 1400 8545 4200
11510 2 2 0 0 8545 2582 4200
11511 2 2 0 0 2582 8545 5183
11512 2 2 0 0 8545 1400 5183
11513 2 2 0 0 2201 8546 4201
11514 2 2 0 0 8546 1400 4201
11515 2 2 0 0 1400 8546 4219
11516 2 2 0 0 8546 2201 4219
11517 2 2 0 0 486 8547 4201
11518 2 2 0 0 8547 2201 4201
11519 2 2 0 0 2201 8547 4202
11520 2 2 0 0 8547 486 4202
11521 2 2 0 0 2193 8548 4202
11522 2 2 0 0 8548 1168 4202
11523 2 2 0 0 1168 8548 4203
11524 2 2 0 0 8548 2193 4203
11525 2 2 0 0 1168 8549 4202
11526 2 2 0 0 8549 2201 4202
11527 2 2 0 0 2201 8549 4218
11528 2 2 0 0 8549 1168 4218
11529 2 2 0 0 2199 8550 4203
11530 2 2 0 0 8550 1168 4203
11531 2 2 0 0 1168 8550 4215
11532 2 2 0 0 8550 2199 4215
11533 2 2 0 0 2194 8551 4204
11534 2 2 0 0 8551 170 4204
11535 2 2 0 0 170 8551 4205
11536 2 2 0 0 8551 2194 4205
11537 2 2 0 0 2196 8552 4204
11538 2 2 0 0 8552 1165 4204
11539 2 2 0 0 1165 8552 4206
11540 2 2 0 0 8552 2196 4206
11541 2 2 0 0 170 8553 4204
11542 2 2 0 0 8553 2196 4204
11543 2 2 0 0 2196 8553 4209
11544 2 2 0 0 8553 170 4209
11545 2 2 0 0 2198 8554 4205
11546 2 2 0 0 8554 1166 4205
11547 2 2 0 0 1166 8554 4210
11548 2 2 0 0 8554 2198 4210
11549 2 2 0 0 170 8555 4205
11550 2 2 0 0 8555 2198 4205
11551 2 2 0 0 2198 8555 4213
11552 2 2 0 0 8555 170 4213
11553 2 2 0 0 692 8556 4206
11554 2 2 0 0 8556 2195 4206
11555 2 2 0 0 2195 8556 4207
11556 2 2 0 0 8556 692 4207
11557 2 2 0 0 2196 8557 4206
11558 2 2 0 0 8557 692 4206
11559 2 2 0 0 692 8557 4208
11560 2 2 0 0 8557 2196 4208
11561 2 2 0 0 2200 8558 4207
11562 2 2 0 0 8558 1167 4207
11563 2 2 0 0 1167 8558 4214
11564 2 2 0 0 8558 2200 4214
11565 2 2 0 0 692 8559 4207
11566 2 2 0 0 8559 2200 4207
11567 2 2 0 0 2200 8559 4217
11568 2 2 0 0 8559 692 4217
11569 2 2 0 0 2196 8560 4208
11570 2 2 0 0 8560 1170 4208
11571 2 2 0 0 1170 8560 4209
11572 2 2 0 0 8560 2196 4209
11573 2 2 0 0 2203 8561 4208
11574 2 2 0 0 8561 692 4208
11575 2 2 0 0 692 8561 4217
11576 2 2 0 0 8561 2203 4217
11577 2 2 0 0 1170 8562 4208
11578 2 2 0 0 8562 2203 4208
11579 2 2 0 0 2203 8562 4223
11580 2 2 0 0 8562 1170 4223
11581 2 2 0 0 2206 8563 4209
11582 2 2 0 0 8563 170 4209
11583 2 2 0 0 170 8563 4213
11584 2 2 0 0 8563 2206 4213
11585 2 2 0 0 1170 8564 4209
11586 2 2 0 0 8564 2206 4209
11587 2 2 0 0 2206 8564 4228
11588 2 2 0 0 8564 1170 4228
11589 2 2 0 0 694 8565 4210
11590 2 2 0 0 8565 2197 4210
11591 2 2 0 0 2197 8565 4211
11592 2 2 0 0 8565 694 4211
11593 2 2 0 0 2198 8566 4210
11594 2 2 0 0 8566 694 4210
11595 2 2 0 0 694 8566 4212
11596 2 2 0 0 8566 2198 4212
11597 2 2 0 0 2209 8567 4211
11598 2 2 0 0 8567 1171 4211
11599 2 2 0 0 1171 8567 4232
11600 2 2 0 0 8567 2209 4232
11601 2 2 0 0 694 8568 4211
11602 2 2 0 0 8568 2209 4211
11603 2 2 0 0 2209 8568 4235
11604 2 2 0 0 8568 694 4235
11605 2 2 0 0 2198 8569 4212
11606 2 2 0 0 8569 1174 4212
11607 2 2 0 0 1174 8569 4213
11608 2 2 0 0 8569 2198 4213
11609 2 2 0 0 2212 8570 4212
11610 2 2 0 0 8570 694 4212
11611 2 2 0 0 694 8570 4235
11612 2 2 0 0 8570 2212 4235
11613 2 2 0 0 1174 8571 4212
11614 2 2 0 0 8571 2212 4212
11615 2 2 0 0 2212 8571 4241
11616 2 2 0 0 8571 1174 4241
11617 2 2 0 0 2206 8572 4213
11618 2 2 0 0 8572 1174 4213
11619 2 2 0 0 1174 8572 4229
11620 2 2 0 0 8572 2206 4229
11621 2 2 0 0 278 8573 4214
11622 2 2 0 0 8573 2199 4214
11623 2 2 0 0 2199 8573 4215
11624 2 2 0 0 8573 278 4215
11625 2 2 0 0 2200 8574 4214
11626 2 2 0 0 8574 278 4214
11627 2 2 0 0 278 8574 4216
11628 2 2 0 0 8574 2200 4216
11629 2 2 0 0 2202 8575 4215
11630 2 2 0 0 8575 1168 4215
11631 2 2 0 0 1168 8575 4218
11632 2 2 0 0 8575 2202 4218
11633 2 2 0 0 278 8576 4215
11634 2 2 0 0 8576 2202 4215
11635 2 2 0 0 2202 8576 4221
11636 2 2 0 0 8576 278 4221
11637 2 2 0 0 2200 8577 4216
11638 2 2 0 0 8577 1169 4216
11639 2 2 0 0 1169 8577 4217
11640 2 2 0 0 8577 2200 4217
11641 2 2 0 0 2204 8578 4216
11642 2 2 0 0 8578 278 4216
11643 2 2 0 0 278 8578 4221
11644 2 2 0 0 8578 2204 4221
11645 2 2 0 0 1169 8579 4216
11646 2 2 0 0 8579 2204 4216
11647 2 2 0 0 2204 8579 4224
11648 2 2 0 0 8579 1169 4224
11649 2 2 0 0 2203 8580 4217
11650 2 2 0 0 8580 1169 4217
11651 2 2 0 0 1169 8580 4222
11652 2 2 0 0 8580 2203 4222
11653 2 2 0 0 792 8581 4218
11654 2 2 0 0 8581 2201 4218
11655 2 2 0 0 2201 8581 4219
11656 2 2 0 0 8581 792 4219
11657 2 2 0 0 2202 8582 4218
11658 2 2 0 0 8582 792 4218
11659 2 2 0 0 792 8582 4220
11660 2 2 0 0 8582 2202 4220
11661 2 2 0 0 2585 8583 4219
11662 2 2 0 0 8583 1400 4219
11663 2 2 0 0 1400 8583 5183
11664 2 2 0 0 8583 2585 5183
11665 2 2 0 0 792 8584 4219
11666 2 2 0 0 8584 2585 4219
11667 2 2 0 0 2585 8584 5189
11668 2 2 0 0 8584 792 5189
11669 2 2 0 0 2202 8585 4220
11670 2 2 0 0 8585 1408 4220
11671 2 2 0 0 1408 8585 4221
11672 2 2 0 0 8585 2202 4221
11673 2 2 0 0 2595 8586 4220
11674 2 2 0 0 8586 792 4220
11675 2 2 0 0 792 8586 5189
11676 2 2 0 0 8586 2595 5189
11677 2 2 0 0 1408 8587 4220
11678 2 2 0 0 8587 2595 4220
11679 2 2 0 0 2595 8587 5217
11680 2 2 0 0 8587 1408 5217
11681 2 2 0 0 2204 8588 4221
11682 2 2 0 0 8588 1408 4221
11683 2 2 0 0 1408 8588 4225
11684 2 2 0 0 8588 2204 4225
11685 2 2 0 0 2203 8589 4222
11686 2 2 0 0 8589 488 4222
11687 2 2 0 0 488 8589 4223
11688 2 2 0 0 8589 2203 4223
11689 2 2 0 0 2205 8590 4222
11690 2 2 0 0 8590 1169 4222
11691 2 2 0 0 1169 8590 4224
11692 2 2 0 0 8590 2205 4224
11693 2 2 0 0 488 8591 4222
11694 2 2 0 0 8591 2205 4222
11695 2 2 0 0 2205 8591 4227
11696 2 2 0 0 8591 488 4227
11697 2 2 0 0 2207 8592 4223
11698 2 2 0 0 8592 1170 4223
11699 2 2 0 0 1170 8592 4228
11700 2 2 0 0 8592 2207 4228
11701 2 2 0 0 488 8593 4223
11702 2 2 0 0 8593 2207 4223
11703 2 2 0 0 2207 8593 4231
11704 2 2 0 0 8593 488 4231
11705 2 2 0 0 793 8594 4224
11706 2 2 0 0 8594 2204 4224
11707 2 2 0 0 2204 8594 4225
11708 2 2 0 0 8594 793 4225
11709 2 2 0 0 2205 8595 4224
11710 2 2 0 0 8595 793 4224
11711 2 2 0 0 793 8595 4226
11712 2 2 0 0 8595 2205 4226
11713 2 2 0 0 2597 8596 4225
11714 2 2 0 0 8596 1408 4225
11715 2 2 0 0 1408 8596 5217
11716 2 2 0 0 8596 2597 5217
11717 2 2 0 0 793 8597 4225
11718 2 2 0 0 8597 2597 4225
11719 2 2 0 0 2597 8597 5221
11720 2 2 0 0 8597 793 5221
11721 2 2 0 0 2205 8598 4226
11722 2 2 0 0 8598 1410 4226
11723 2 2 0 0 1410 8598 4227
11724 2 2 0 0 8598 2205 4227
11725 2 2 0 0 2598 8599 4226
11726 2 2 0 0 8599 793 4226
11727 2 2 0 0 793 8599 5221
11728 2 2 0 0 8599 2598 5221
11729 2 2 0 0 1410 8600 4226
11730 2 2 0 0 8600 2598 4226
11731 2 2 0 0 2598 8600 5223
11732 2 2 0 0 8600 1410 5223
11733 2 2 0 0 2601 8601 4227
11734 2 2 0 0 8601 488 4227
11735 2 2 0 0 488 8601 4231
11736 2 2 0 0 8601 2601 4231
11737 2 2 0 0 1410 8602 4227
11738 2 2 0 0 8602 2601 4227
11739 2 2 0 0 2601 8602 5228
11740 2 2 0 0 8602 1410 5228
11741 2 2 0 0 796 8603 4228
11742 2 2 0 0 8603 2206 4228
11743 2 2 0 0 2206 8603 4229
11744 2 2 0 0 8603 796 4229
11745 2 2 0 0 2207 8604 4228
11746 2 2 0 0 8604 796 4228
11747 2 2 0 0 796 8604 4230
11748 2 2 0 0 8604 2207 4230
11749 2 2 0 0 2215 8605 4229
11750 2 2 0 0 8605 1174 4229
11751 2 2 0 0 1174 8605 4241
11752 2 2 0 0 8605 2215 4241
11753 2 2 0 0 796 8606 4229
11754 2 2 0 0 8606 2215 4229
11755 2 2 0 0 2215 8606 4247
11756 2 2 0 0 8606 796 4247
11757 2 2 0 0 2207 8607 4230
11758 2 2 0 0 8607 1415 4230
11759 2 2 0 0 1415 8607 4231
11760 2 2 0 0 8607 2207 4231
11761 2 2 0 0 2612 8608 4230
11762 2 2 0 0 8608 796 4230
11763 2 2 0 0 796 8608 4247
11764 2 2 0 0 8608 2612 4247
11765 2 2 0 0 1415 8609 4230
11766 2 2 0 0 8609 2612 4230
11767 2 2 0 0 2612 8609 5250
11768 2 2 0 0 8609 1415 5250
11769 2 2 0 0 2601 8610 4231
11770 2 2 0 0 8610 1415 4231
11771 2 2 0 0 1415 8610 5229
11772 2 2 0 0 8610 2601 5229
11773 2 2 0 0 282 8611 4232
11774 2 2 0 0 8611 2208 4232
11775 2 2 0 0 2208 8611 4233
11776 2 2 0 0 8611 282 4233
11777 2 2 0 0 2209 8612 4232
11778 2 2 0 0 8612 282 4232
11779 2 2 0 0 282 8612 4234
11780 2 2 0 0 8612 2209 4234
11781 2 2 0 0 2211 8613 4233
11782 2 2 0 0 8613 1172 4233
11783 2 2 0 0 1172 8613 4236
11784 2 2 0 0 8613 2211 4236
11785 2 2 0 0 282 8614 4233
11786 2 2 0 0 8614 2211 4233
11787 2 2 0 0 2211 8614 4239
11788 2 2 0 0 8614 282 4239
11789 2 2 0 0 2209 8615 4234
11790 2 2 0 0 8615 1173 4234
11791 2 2 0 0 1173 8615 4235
11792 2 2 0 0 8615 2209 4235
11793 2 2 0 0 2213 8616 4234
11794 2 2 0 0 8616 282 4234
11795 2 2 0 0 282 8616 4239
11796 2 2 0 0 8616 2213 4239
11797 2 2 0 0 1173 8617 4234
11798 2 2 0 0 8617 2213 4234
11799 2 2 0 0 2213 8617 4242
11800 2 2 0 0 8617 1173 4242
11801 2 2 0 0 2212 8618 4235
11802 2 2 0 0 8618 1173 4235
11803 2 2 0 0 1173 8618 4240
11804 2 2 0 0 8618 2212 4240
11805 2 2 0 0 702 8619 4236
11806 2 2 0 0 8619 2210 4236
11807 2 2 0 0 2210 8619 4237
11808 2 2 0 0 8619 702 4237
11809 2 2 0 0 2211 8620 4236
11810 2 2 0 0 8620 702 4236
11811 2 2 0 0 702 8620 4238
11812 2 2 0 0 8620 2211 4238
11813 2 2 0 0 2235 8621 4237
11814 2 2 0 0 8621 1184 4237
11815 2 2 0 0 1184 8621 4281
11816 2 2 0 0 8621 2235 4281
11817 2 2 0 0 702 8622 4237
11818 2 2 0 0 8622 2235 4237
11819 2 2 0 0 2235 8622 4287
11820 2 2 0 0 8622 702 4287
11821 2 2 0 0 2211 8623 4238
11822 2 2 0 0 8623 1190 4238
11823 2 2 0 0 1190 8623 4239
11824 2 2 0 0 8623 2211 4239
11825 2 2 0 0 2245 8624 4238
11826 2 2 0 0 8624 702 4238
11827 2 2 0 0 702 8624 4287
11828 2 2 0 0 8624 2245 4287
11829 2 2 0 0 1190 8625 4238
11830 2 2 0 0 8625 2245 4238
11831 2 2 0 0 2245 8625 4307
11832 2 2 0 0 8625 1190 4307
11833 2 2 0 0 2213 8626 4239
11834 2 2 0 0 8626 1190 4239
11835 2 2 0 0 1190 8626 4243
11836 2 2 0 0 8626 2213 4243
11837 2 2 0 0 2212 8627 4240
11838 2 2 0 0 8627 495 4240
11839 2 2 0 0 495 8627 4241
11840 2 2 0 0 8627 2212 4241
11841 2 2 0 0 2214 8628 4240
11842 2 2 0 0 8628 1173 4240
11843 2 2 0 0 1173 8628 4242
11844 2 2 0 0 8628 2214 4242
11845 2 2 0 0 495 8629 4240
11846 2 2 0 0 8629 2214 4240
11847 2 2 0 0 2214 8629 4245
11848 2 2 0 0 8629 495 4245
11849 2 2 0 0 2215 8630 4241
11850 2 2 0 0 8630 495 4241
11851 2 2 0 0 495 8630 4246
11852 2 2 0 0 8630 2215 4246
11853 2 2 0 0 805 8631 4242
11854 2 2 0 0 8631 2213 4242
11855 2 2 0 0 2213 8631 4243
11856 2 2 0 0 8631 805 4243
11857 2 2 0 0 2214 8632 4242
11858 2 2 0 0 8632 805 4242
11859 2 2 0 0 805 8632 4244
11860 2 2 0 0 8632 2214 4244
11861 2 2 0 0 2247 8633 4243
11862 2 2 0 0 8633 1190 4243
11863 2 2 0 0 1190 8633 4307
11864 2 2 0 0 8633 2247 4307
11865 2 2 0 0 805 8634 4243
11866 2 2 0 0 8634 2247 4243
11867 2 2 0 0 2247 8634 4311
11868 2 2 0 0 8634 805 4311
11869 2 2 0 0 2214 8635 4244
11870 2 2 0 0 8635 1437 4244
11871 2 2 0 0 1437 8635 4245
11872 2 2 0 0 8635 2214 4245
11873 2 2 0 0 2650 8636 4244
11874 2 2 0 0 8636 805 4244
11875 2 2 0 0 805 8636 4311
11876 2 2 0 0 8636 2650 4311
11877 2 2 0 0 1437 8637 4244
11878 2 2 0 0 8637 2650 4244
11879 2 2 0 0 2650 8637 5344
11880 2 2 0 0 8637 1437 5344
11881 2 2 0 0 2614 8638 4245
11882 2 2 0 0 8638 1437 4245
11883 2 2 0 0 1437 8638 5255
11884 2 2 0 0 8638 2614 5255
11885 2 2 0 0 495 8639 4245
11886 2 2 0 0 8639 2614 4245
11887 2 2 0 0 2614 8639 4246
11888 2 2 0 0 8639 495 4246
11889 2 2 0 0 2215 8640 4246
11890 2 2 0 0 8640 1416 4246
11891 2 2 0 0 1416 8640 4247
11892 2 2 0 0 8640 2215 4247
11893 2 2 0 0 1416 8641 4246
11894 2 2 0 0 8641 2614 4246
11895 2 2 0 0 2614 8641 5254
11896 2 2 0 0 8641 1416 5254
11897 2 2 0 0 2612 8642 4247
11898 2 2 0 0 8642 1416 4247
11899 2 2 0 0 1416 8642 5251
11900 2 2 0 0 8642 2612 5251
11901 2 2 0 0 135 8643 4248
11902 2 2 0 0 8643 2216 4248
11903 2 2 0 0 135 8643 4249
11904 2 2 0 0 8643 2216 4249
11905 2 2 0 0 2217 8644 4248
11906 2 2 0 0 8644 135 4248
11907 2 2 0 0 135 8644 4250
11908 2 2 0 0 8644 2217 4250
11909 2 2 0 0 2218 8645 4249
11910 2 2 0 0 8645 135 4249
11911 2 2 0 0 135 8645 4253
11912 2 2 0 0 8645 2218 4253
11913 2 2 0 0 1176 8646 4249
11914 2 2 0 0 8646 2218 4249
11915 2 2 0 0 2218 8646 4252
11916 2 2 0 0 8646 1176 4252
11917 2 2 0 0 2217 8647 4250
11918 2 2 0 0 8647 1177 4250
11919 2 2 0 0 1177 8647 4251
11920 2 2 0 0 8647 2217 4251
11921 2 2 0 0 2221 8648 4250
11922 2 2 0 0 8648 135 4250
11923 2 2 0 0 2221 8648 4253
11924 2 2 0 0 8648 135 4253
11925 2 2 0 0 1177 8649 4250
11926 2 2 0 0 8649 2221 4250
11927 2 2 0 0 2221 8649 4258
11928 2 2 0 0 8649 1177 4258
11929 2 2 0 0 2220 8650 4251
11930 2 2 0 0 8650 1177 4251
11931 2 2 0 0 1177 8650 4256
11932 2 2 0 0 8650 2220 4256
11933 2 2 0 0 697 8651 4252
11934 2 2 0 0 8651 2218 4252
11935 2 2 0 0 2218 8651 4254
11936 2 2 0 0 8651 697 4254
11937 2 2 0 0 2219 8652 4252
11938 2 2 0 0 8652 697 4252
11939 2 2 0 0 697 8652 4255
11940 2 2 0 0 8652 2219 4255
11941 2 2 0 0 2218 8653 4253
11942 2 2 0 0 8653 1180 4253
11943 2 2 0 0 1180 8653 4254
11944 2 2 0 0 8653 2218 4254
11945 2 2 0 0 1180 8654 4253
11946 2 2 0 0 8654 2221 4253
11947 2 2 0 0 2221 8654 4259
11948 2 2 0 0 8654 1180 4259
11949 2 2 0 0 2226 8655 4254
11950 2 2 0 0 8655 1180 4254
11951 2 2 0 0 1180 8655 4268
11952 2 2 0 0 8655 2226 4268
11953 2 2 0 0 697 8656 4254
11954 2 2 0 0 8656 2226 4254
11955 2 2 0 0 2226 8656 4265
11956 2 2 0 0 8656 697 4265
11957 2 2 0 0 2224 8657 4255
11958 2 2 0 0 8657 697 4255
11959 2 2 0 0 697 8657 4265
11960 2 2 0 0 8657 2224 4265
11961 2 2 0 0 1179 8658 4255
11962 2 2 0 0 8658 2224 4255
11963 2 2 0 0 2224 8658 4264
11964 2 2 0 0 8658 1179 4264
11965 2 2 0 0 2220 8659 4256
11966 2 2 0 0 8659 405 4256
11967 2 2 0 0 405 8659 4257
11968 2 2 0 0 8659 2220 4257
11969 2 2 0 0 2222 8660 4256
11970 2 2 0 0 8660 1177 4256
11971 2 2 0 0 1177 8660 4258
11972 2 2 0 0 8660 2222 4258
11973 2 2 0 0 405 8661 4256
11974 2 2 0 0 8661 2222 4256
11975 2 2 0 0 2222 8661 4261
11976 2 2 0 0 8661 405 4261
11977 2 2 0 0 2223 8662 4257
11978 2 2 0 0 8662 405 4257
11979 2 2 0 0 405 8662 4262
11980 2 2 0 0 8662 2223 4262
11981 2 2 0 0 700 8663 4258
11982 2 2 0 0 8663 2221 4258
11983 2 2 0 0 700 8663 4259
11984 2 2 0 0 8663 2221 4259
11985 2 2 0 0 2222 8664 4258
11986 2 2 0 0 8664 700 4258
11987 2 2 0 0 700 8664 4260
11988 2 2 0 0 8664 2222 4260
11989 2 2 0 0 2227 8665 4259
11990 2 2 0 0 8665 700 4259
11991 2 2 0 0 700 8665 4270
11992 2 2 0 0 8665 2227 4270
11993 2 2 0 0 1180 8666 4259
11994 2 2 0 0 8666 2227 4259
11995 2 2 0 0 2227 8666 4268
11996 2 2 0 0 8666 1180 4268
11997 2 2 0 0 2222 8667 4260
11998 2 2 0 0 8667 1185 4260
11999 2 2 0 0 1185 8667 4261
12000 2 2 0 0 8667 2222 4261
12001 2 2 0 0 2236 8668 4260
12002 2 2 0 0 8668 700 4260
12003 2 2 0 0 2236 8668 4270
12004 2 2 0 0 8668 700 4270
12005 2 2 0 0 1185 8669 4260
12006 2 2 0 0 8669 2236 4260
12007 2 2 0 0 2236 8669 4288
12008 2 2 0 0 8669 1185 4288
12009 2 2 0 0 2233 8670 4261
12010 2 2 0 0 8670 1185 4261
12011 2 2 0 0 1185 8670 4283
12012 2 2 0 0 8670 2233 4283
12013 2 2 0 0 405 8671 4261
12014 2 2 0 0 8671 2233 4261
12015 2 2 0 0 2233 8671 4262
12016 2 2 0 0 8671 405 4262
12017 2 2 0 0 2223 8672 4262
12018 2 2 0 0 8672 1183 4262
12019 2 2 0 0 1183 8672 4263
12020 2 2 0 0 8672 2223 4263
12021 2 2 0 0 1183 8673 4262
12022 2 2 0 0 8673 2233 4262
12023 2 2 0 0 2233 8673 4282
12024 2 2 0 0 8673 1183 4282
12025 2 2 0 0 2232 8674 4263
12026 2 2 0 0 8674 1183 4263
12027 2 2 0 0 1183 8674 4280
12028 2 2 0 0 8674 2232 4280
12029 2 2 0 0 259 8675 4264
12030 2 2 0 0 8675 2224 4264
12031 2 2 0 0 2224 8675 4266
12032 2 2 0 0 8675 259 4266
12033 2 2 0 0 2225 8676 4264
12034 2 2 0 0 8676 259 4264
12035 2 2 0 0 259 8676 4267
12036 2 2 0 0 8676 2225 4267
12037 2 2 0 0 2224 8677 4265
12038 2 2 0 0 8677 1181 4265
12039 2 2 0 0 1181 8677 4266
12040 2 2 0 0 8677 2224 4266
12041 2 2 0 0 1181 8678 4265
12042 2 2 0 0 8678 2226 4265
12043 2 2 0 0 2226 8678 4269
12044 2 2 0 0 8678 1181 4269
12045 2 2 0 0 2229 8679 4266
12046 2 2 0 0 8679 1181 4266
12047 2 2 0 0 1181 8679 4272
12048 2 2 0 0 8679 2229 4272
12049 2 2 0 0 259 8680 4266
12050 2 2 0 0 8680 2229 4266
12051 2 2 0 0 2229 8680 4276
12052 2 2 0 0 8680 259 4276
12053 2 2 0 0 2230 8681 4267
12054 2 2 0 0 8681 259 4267
12055 2 2 0 0 259 8681 4276
12056 2 2 0 0 8681 2230 4276
12057 2 2 0 0 1182 8682 4267
12058 2 2 0 0 8682 2230 4267
12059 2 2 0 0 2230 8682 4277
12060 2 2 0 0 8682 1182 4277
12061 2 2 0 0 2226 8683 4268
12062 2 2 0 0 8683 467 4268
12063 2 2 0 0 467 8683 4269
12064 2 2 0 0 8683 2226 4269
12065 2 2 0 0 467 8684 4268
12066 2 2 0 0 8684 2227 4268
12067 2 2 0 0 2227 8684 4271
12068 2 2 0 0 8684 467 4271
12069 2 2 0 0 2228 8685 4269
12070 2 2 0 0 8685 467 4269
12071 2 2 0 0 467 8685 4273
12072 2 2 0 0 8685 2228 4273
12073 2 2 0 0 1181 8686 4269
12074 2 2 0 0 8686 2228 4269
12075 2 2 0 0 2228 8686 4272
12076 2 2 0 0 8686 1181 4272
12077 2 2 0 0 2227 8687 4270
12078 2 2 0 0 8687 1186 4270
12079 2 2 0 0 1186 8687 4271
12080 2 2 0 0 8687 2227 4271
12081 2 2 0 0 1186 8688 4270
12082 2 2 0 0 8688 2236 4270
12083 2 2 0 0 2236 8688 4289
12084 2 2 0 0 8688 1186 4289
12085 2 2 0 0 2239 8689 4271
12086 2 2 0 0 8689 1186 4271
12087 2 2 0 0 1186 8689 4292
12088 2 2 0 0 8689 2239 4292
12089 2 2 0 0 467 8690 4271
12090 2 2 0 0 8690 2239 4271
12091 2 2 0 0 2239 8690 4273
12092 2 2 0 0 8690 467 4273
12093 2 2 0 0 773 8691 4272
12094 2 2 0 0 8691 2228 4272
12095 2 2 0 0 2228 8691 4274
12096 2 2 0 0 8691 773 4274
12097 2 2 0 0 2229 8692 4272
12098 2 2 0 0 8692 773 4272
12099 2 2 0 0 773 8692 4275
12100 2 2 0 0 8692 2229 4275
12101 2 2 0 0 2228 8693 4273
12102 2 2 0 0 8693 1361 4273
12103 2 2 0 0 1361 8693 4274
12104 2 2 0 0 8693 2228 4274
12105 2 2 0 0 1361 8694 4273
12106 2 2 0 0 8694 2239 4273
12107 2 2 0 0 2239 8694 4295
12108 2 2 0 0 8694 1361 4295
12109 2 2 0 0 2519 8695 4274
12110 2 2 0 0 8695 1361 4274
12111 2 2 0 0 1361 8695 5026
12112 2 2 0 0 8695 2519 5026
12113 2 2 0 0 773 8696 4274
12114 2 2 0 0 8696 2519 4274
12115 2 2 0 0 2519 8696 5004
12116 2 2 0 0 8696 773 5004
12117 2 2 0 0 2229 8697 4275
12118 2 2 0 0 8697 1355 4275
12119 2 2 0 0 1355 8697 4276
12120 2 2 0 0 8697 2229 4276
12121 2 2 0 0 2508 8698 4275
12122 2 2 0 0 8698 773 4275
12123 2 2 0 0 773 8698 5004
12124 2 2 0 0 8698 2508 5004
12125 2 2 0 0 1355 8699 4275
12126 2 2 0 0 8699 2508 4275
12127 2 2 0 0 2508 8699 5002
12128 2 2 0 0 8699 1355 5002
12129 2 2 0 0 2230 8700 4276
12130 2 2 0 0 8700 1355 4276
12131 2 2 0 0 1355 8700 4278
12132 2 2 0 0 8700 2230 4278
12133 2 2 0 0 770 8701 4277
12134 2 2 0 0 8701 2230 4277
12135 2 2 0 0 2230 8701 4278
12136 2 2 0 0 8701 770 4278
12137 2 2 0 0 2231 8702 4277
12138 2 2 0 0 8702 770 4277
12139 2 2 0 0 770 8702 4279
12140 2 2 0 0 8702 2231 4279
12141 2 2 0 0 2507 8703 4278
12142 2 2 0 0 8703 1355 4278
12143 2 2 0 0 1355 8703 5002
12144 2 2 0 0 8703 2507 5002
12145 2 2 0 0 770 8704 4278
12146 2 2 0 0 8704 2507 4278
12147 2 2 0 0 2507 8704 4996
12148 2 2 0 0 8704 770 4996
12149 2 2 0 0 2504 8705 4279
12150 2 2 0 0 8705 770 4279
12151 2 2 0 0 770 8705 4996
12152 2 2 0 0 8705 2504 4996
12153 2 2 0 0 1353 8706 4279
12154 2 2 0 0 8706 2504 4279
12155 2 2 0 0 2504 8706 4994
12156 2 2 0 0 8706 1353 4994
12157 2 2 0 0 2232 8707 4280
12158 2 2 0 0 8707 172 4280
12159 2 2 0 0 172 8707 4281
12160 2 2 0 0 8707 2232 4281
12161 2 2 0 0 2234 8708 4280
12162 2 2 0 0 8708 1183 4280
12163 2 2 0 0 1183 8708 4282
12164 2 2 0 0 8708 2234 4282
12165 2 2 0 0 172 8709 4280
12166 2 2 0 0 8709 2234 4280
12167 2 2 0 0 2234 8709 4285
12168 2 2 0 0 8709 172 4285
12169 2 2 0 0 2235 8710 4281
12170 2 2 0 0 8710 172 4281
12171 2 2 0 0 172 8710 4286
12172 2 2 0 0 8710 2235 4286
12173 2 2 0 0 701 8711 4282
12174 2 2 0 0 8711 2233 4282
12175 2 2 0 0 2233 8711 4283
12176 2 2 0 0 8711 701 4283
12177 2 2 0 0 2234 8712 4282
12178 2 2 0 0 8712 701 4282
12179 2 2 0 0 701 8712 4284
12180 2 2 0 0 8712 2234 4284
12181 2 2 0 0 2237 8713 4283
12182 2 2 0 0 8713 1185 4283
12183 2 2 0 0 1185 8713 4288
12184 2 2 0 0 8713 2237 4288
12185 2 2 0 0 701 8714 4283
12186 2 2 0 0 8714 2237 4283
12187 2 2 0 0 2237 8714 4291
12188 2 2 0 0 8714 701 4291
12189 2 2 0 0 2234 8715 4284
12190 2 2 0 0 8715 1188 4284
12191 2 2 0 0 1188 8715 4285
12192 2 2 0 0 8715 2234 4285
12193 2 2 0 0 2240 8716 4284
12194 2 2 0 0 8716 701 4284
12195 2 2 0 0 701 8716 4291
12196 2 2 0 0 8716 2240 4291
12197 2 2 0 0 1188 8717 4284
12198 2 2 0 0 8717 2240 4284
12199 2 2 0 0 2240 8717 4297
12200 2 2 0 0 8717 1188 4297
12201 2 2 0 0 2244 8718 4285
12202 2 2 0 0 8718 1188 4285
12203 2 2 0 0 1188 8718 4302
12204 2 2 0 0 8718 2244 4302
12205 2 2 0 0 172 8719 4285
12206 2 2 0 0 8719 2244 4285
12207 2 2 0 0 2244 8719 4286
12208 2 2 0 0 8719 172 4286
12209 2 2 0 0 2235 8720 4286
12210 2 2 0 0 8720 1189 4286
12211 2 2 0 0 1189 8720 4287
12212 2 2 0 0 8720 2235 4287
12213 2 2 0 0 1189 8721 4286
12214 2 2 0 0 8721 2244 4286
12215 2 2 0 0 2244 8721 4305
12216 2 2 0 0 8721 1189 4305
12217 2 2 0 0 2245 8722 4287
12218 2 2 0 0 8722 1189 4287
12219 2 2 0 0 1189 8722 4306
12220 2 2 0 0 8722 2245 4306
12221 2 2 0 0 296 8723 4288
12222 2 2 0 0 8723 2236 4288
12223 2 2 0 0 296 8723 4289
12224 2 2 0 0 8723 2236 4289
12225 2 2 0 0 2237 8724 4288
12226 2 2 0 0 8724 296 4288
12227 2 2 0 0 296 8724 4290
12228 2 2 0 0 8724 2237 4290
12229 2 2 0 0 2238 8725 4289
12230 2 2 0 0 8725 296 4289
12231 2 2 0 0 296 8725 4293
12232 2 2 0 0 8725 2238 4293
12233 2 2 0 0 1186 8726 4289
12234 2 2 0 0 8726 2238 4289
12235 2 2 0 0 2238 8726 4292
12236 2 2 0 0 8726 1186 4292
12237 2 2 0 0 2237 8727 4290
12238 2 2 0 0 8727 1187 4290
12239 2 2 0 0 1187 8727 4291
12240 2 2 0 0 8727 2237 4291
12241 2 2 0 0 2241 8728 4290
12242 2 2 0 0 8728 296 4290
12243 2 2 0 0 2241 8728 4293
12244 2 2 0 0 8728 296 4293
12245 2 2 0 0 1187 8729 4290
12246 2 2 0 0 8729 2241 4290
12247 2 2 0 0 2241 8729 4298
12248 2 2 0 0 8729 1187 4298
12249 2 2 0 0 2240 8730 4291
12250 2 2 0 0 8730 1187 4291
12251 2 2 0 0 1187 8730 4296
12252 2 2 0 0 8730 2240 4296
12253 2 2 0 0 774 8731 4292
12254 2 2 0 0 8731 2238 4292
12255 2 2 0 0 2238 8731 4294
12256 2 2 0 0 8731 774 4294
12257 2 2 0 0 2239 8732 4292
12258 2 2 0 0 8732 774 4292
12259 2 2 0 0 774 8732 4295
12260 2 2 0 0 8732 2239 4295
12261 2 2 0 0 2238 8733 4293
12262 2 2 0 0 8733 1363 4293
12263 2 2 0 0 1363 8733 4294
12264 2 2 0 0 8733 2238 4294
12265 2 2 0 0 1363 8734 4293
12266 2 2 0 0 8734 2241 4293
12267 2 2 0 0 2241 8734 4299
12268 2 2 0 0 8734 1363 4299
12269 2 2 0 0 2523 8735 4294
12270 2 2 0 0 8735 1363 4294
12271 2 2 0 0 1363 8735 5034
12272 2 2 0 0 8735 2523 5034
12273 2 2 0 0 774 8736 4294
12274 2 2 0 0 8736 2523 4294
12275 2 2 0 0 2523 8736 5028
12276 2 2 0 0 8736 774 5028
12277 2 2 0 0 2520 8737 4295
12278 2 2 0 0 8737 774 4295
12279 2 2 0 0 774 8737 5028
12280 2 2 0 0 8737 2520 5028
12281 2 2 0 0 1361 8738 4295
12282 2 2 0 0 8738 2520 4295
12283 2 2 0 0 2520 8738 5026
12284 2 2 0 0 8738 1361 5026
12285 2 2 0 0 2240 8739 4296
12286 2 2 0 0 8739 510 4296
12287 2 2 0 0 510 8739 4297
12288 2 2 0 0 8739 2240 4297
12289 2 2 0 0 2242 8740 4296
12290 2 2 0 0 8740 1187 4296
12291 2 2 0 0 1187 8740 4298
12292 2 2 0 0 8740 2242 4298
12293 2 2 0 0 510 8741 4296
12294 2 2 0 0 8741 2242 4296
12295 2 2 0 0 2242 8741 4301
12296 2 2 0 0 8741 510 4301
12297 2 2 0 0 2243 8742 4297
12298 2 2 0 0 8742 510 4297
12299 2 2 0 0 510 8742 4303
12300 2 2 0 0 8742 2243 4303
12301 2 2 0 0 1188 8743 4297
12302 2 2 0 0 8743 2243 4297
12303 2 2 0 0 2243 8743 4302
12304 2 2 0 0 8743 1188 4302
12305 2 2 0 0 820 8744 4298
12306 2 2 0 0 8744 2241 4298
12307 2 2 0 0 820 8744 4299
12308 2 2 0 0 8744 2241 4299
12309 2 2 0 0 2242 8745 4298
12310 2 2 0 0 8745 820 4298
12311 2 2 0 0 820 8745 4300
12312 2 2 0 0 8745 2242 4300
12313 2 2 0 0 2524 8746 4299
12314 2 2 0 0 8746 820 4299
12315 2 2 0 0 820 8746 5036
12316 2 2 0 0 8746 2524 5036
12317 2 2 0 0 1363 8747 4299
12318 2 2 0 0 8747 2524 4299
12319 2 2 0 0 2524 8747 5034
12320 2 2 0 0 8747 1363 5034
12321 2 2 0 0 2242 8748 4300
12322 2 2 0 0 8748 1474 4300
12323 2 2 0 0 1474 8748 4301
12324 2 2 0 0 8748 2242 4301
12325 2 2 0 0 2707 8749 4300
12326 2 2 0 0 8749 820 4300
12327 2 2 0 0 2707 8749 5036
12328 2 2 0 0 8749 820 5036
12329 2 2 0 0 1474 8750 4300
12330 2 2 0 0 8750 2707 4300
12331 2 2 0 0 2707 8750 5502
12332 2 2 0 0 8750 1474 5502
12333 2 2 0 0 2660 8751 4301
12334 2 2 0 0 8751 1474 4301
12335 2 2 0 0 1474 8751 5365
12336 2 2 0 0 8751 2660 5365
12337 2 2 0 0 510 8752 4301
12338 2 2 0 0 8752 2660 4301
12339 2 2 0 0 2660 8752 4303
12340 2 2 0 0 8752 510 4303
12341 2 2 0 0 807 8753 4302
12342 2 2 0 0 8753 2243 4302
12343 2 2 0 0 2243 8753 4304
12344 2 2 0 0 8753 807 4304
12345 2 2 0 0 2244 8754 4302
12346 2 2 0 0 8754 807 4302
12347 2 2 0 0 807 8754 4305
12348 2 2 0 0 8754 2244 4305
12349 2 2 0 0 2243 8755 4303
12350 2 2 0 0 8755 1442 4303
12351 2 2 0 0 1442 8755 4304
12352 2 2 0 0 8755 2243 4304
12353 2 2 0 0 1442 8756 4303
12354 2 2 0 0 8756 2660 4303
12355 2 2 0 0 2660 8756 5364
12356 2 2 0 0 8756 1442 5364
12357 2 2 0 0 2658 8757 4304
12358 2 2 0 0 8757 1442 4304
12359 2 2 0 0 1442 8757 5361
12360 2 2 0 0 8757 2658 5361
12361 2 2 0 0 807 8758 4304
12362 2 2 0 0 8758 2658 4304
12363 2 2 0 0 2658 8758 4308
12364 2 2 0 0 8758 807 4308
12365 2 2 0 0 2246 8759 4305
12366 2 2 0 0 8759 807 4305
12367 2 2 0 0 807 8759 4308
12368 2 2 0 0 8759 2246 4308
12369 2 2 0 0 1189 8760 4305
12370 2 2 0 0 8760 2246 4305
12371 2 2 0 0 2246 8760 4306
12372 2 2 0 0 8760 1189 4306
12373 2 2 0 0 2245 8761 4306
12374 2 2 0 0 8761 496 4306
12375 2 2 0 0 496 8761 4307
12376 2 2 0 0 8761 2245 4307
12377 2 2 0 0 496 8762 4306
12378 2 2 0 0 8762 2246 4306
12379 2 2 0 0 2246 8762 4309
12380 2 2 0 0 8762 496 4309
12381 2 2 0 0 2247 8763 4307
12382 2 2 0 0 8763 496 4307
12383 2 2 0 0 496 8763 4310
12384 2 2 0 0 8763 2247 4310
12385 2 2 0 0 2246 8764 4308
12386 2 2 0 0 8764 1441 4308
12387 2 2 0 0 1441 8764 4309
12388 2 2 0 0 8764 2246 4309
12389 2 2 0 0 1441 8765 4308
12390 2 2 0 0 8765 2658 4308
12391 2 2 0 0 2658 8765 5360
12392 2 2 0 0 8765 1441 5360
12393 2 2 0 0 2652 8766 4309
12394 2 2 0 0 8766 1441 4309
12395 2 2 0 0 1441 8766 5349
12396 2 2 0 0 8766 2652 5349
12397 2 2 0 0 496 8767 4309
12398 2 2 0 0 8767 2652 4309
12399 2 2 0 0 2652 8767 4310
12400 2 2 0 0 8767 496 4310
12401 2 2 0 0 2247 8768 4310
12402 2 2 0 0 8768 1438 4310
12403 2 2 0 0 1438 8768 4311
12404 2 2 0 0 8768 2247 4311
12405 2 2 0 0 1438 8769 4310
12406 2 2 0 0 8769 2652 4310
12407 2 2 0 0 2652 8769 5348
12408 2 2 0 0 8769 1438 5348
12409 2 2 0 0 2650 8770 4311
12410 2 2 0 0 8770 1438 4311
12411 2 2 0 0 1438 8770 5345
12412 2 2 0 0 8770 2650 5345
12413 2 2 0 0 2248 8771 4312
12414 2 2 0 0 8771 100 4312
12415 2 2 0 0 100 8771 4313
12416 2 2 0 0 8771 2248 4313
12417 2 2 0 0 2250 8772 4312
12418 2 2 0 0 8772 1191 4312
12419 2 2 0 0 1191 8772 4314
12420 2 2 0 0 8772 2250 4314
12421 2 2 0 0 100 8773 4312
12422 2 2 0 0 8773 2250 4312
12423 2 2 0 0 2250 8773 4317
12424 2 2 0 0 8773 100 4317
12425 2 2 0 0 2252 8774 4313
12426 2 2 0 0 8774 1192 4313
12427 2 2 0 0 1192 8774 4318
12428 2 2 0 0 8774 2252 4318
12429 2 2 0 0 100 8775 4313
12430 2 2 0 0 8775 2252 4313
12431 2 2 0 0 2252 8775 4321
12432 2 2 0 0 8775 100 4321
12433 2 2 0 0 705 8776 4314
12434 2 2 0 0 8776 2249 4314
12435 2 2 0 0 2249 8776 4315
12436 2 2 0 0 8776 705 4315
12437 2 2 0 0 2250 8777 4314
12438 2 2 0 0 8777 705 4314
12439 2 2 0 0 705 8777 4316
12440 2 2 0 0 8777 2250 4316
12441 2 2 0 0 2254 8778 4315
12442 2 2 0 0 8778 1193 4315
12443 2 2 0 0 1193 8778 4322
12444 2 2 0 0 8778 2254 4322
12445 2 2 0 0 705 8779 4315
12446 2 2 0 0 8779 2254 4315
12447 2 2 0 0 2254 8779 4325
12448 2 2 0 0 8779 705 4325
12449 2 2 0 0 2250 8780 4316
12450 2 2 0 0 8780 1198 4316
12451 2 2 0 0 1198 8780 4317
12452 2 2 0 0 8780 2250 4317
12453 2 2 0 0 2257 8781 4316
12454 2 2 0 0 8781 705 4316
12455 2 2 0 0 705 8781 4325
12456 2 2 0 0 8781 2257 4325
12457 2 2 0 0 1198 8782 4316
12458 2 2 0 0 8782 2257 4316
12459 2 2 0 0 2257 8782 4340
12460 2 2 0 0 8782 1198 4340
12461 2 2 0 0 2259 8783 4317
12462 2 2 0 0 8783 100 4317
12463 2 2 0 0 100 8783 4321
12464 2 2 0 0 8783 2259 4321
12465 2 2 0 0 1198 8784 4317
12466 2 2 0 0 8784 2259 4317
12467 2 2 0 0 2259 8784 4347
12468 2 2 0 0 8784 1198 4347
12469 2 2 0 0 707 8785 4318
12470 2 2 0 0 8785 2251 4318
12471 2 2 0 0 2251 8785 4319
12472 2 2 0 0 8785 707 4319
12473 2 2 0 0 2252 8786 4318
12474 2 2 0 0 8786 707 4318
12475 2 2 0 0 707 8786 4320
12476 2 2 0 0 8786 2252 4320
12477 2 2 0 0 2261 8787 4319
12478 2 2 0 0 8787 1199 4319
12479 2 2 0 0 1199 8787 4356
12480 2 2 0 0 8787 2261 4356
12481 2 2 0 0 707 8788 4319
12482 2 2 0 0 8788 2261 4319
12483 2 2 0 0 2261 8788 4359
12484 2 2 0 0 8788 707 4359
12485 2 2 0 0 2252 8789 4320
12486 2 2 0 0 8789 1203 4320
12487 2 2 0 0 1203 8789 4321
12488 2 2 0 0 8789 2252 4321
12489 2 2 0 0 2264 8790 4320
12490 2 2 0 0 8790 707 4320
12491 2 2 0 0 707 8790 4359
12492 2 2 0 0 8790 2264 4359
12493 2 2 0 0 1203 8791 4320
12494 2 2 0 0 8791 2264 4320
12495 2 2 0 0 2264 8791 4367
12496 2 2 0 0 8791 1203 4367
12497 2 2 0 0 2259 8792 4321
12498 2 2 0 0 8792 1203 4321
12499 2 2 0 0 1203 8792 4355
12500 2 2 0 0 8792 2259 4355
12501 2 2 0 0 220 8793 4322
12502 2 2 0 0 8793 2253 4322
12503 2 2 0 0 2253 8793 4323
12504 2 2 0 0 8793 220 4323
12505 2 2 0 0 2254 8794 4322
12506 2 2 0 0 8794 220 4322
12507 2 2 0 0 220 8794 4324
12508 2 2 0 0 8794 2254 4324
12509 2 2 0 0 2256 8795 4323
12510 2 2 0 0 8795 1194 4323
12511 2 2 0 0 1194 8795 4326
12512 2 2 0 0 8795 2256 4326
12513 2 2 0 0 220 8796 4323
12514 2 2 0 0 8796 2256 4323
12515 2 2 0 0 2256 8796 4329
12516 2 2 0 0 8796 220 4329
12517 2 2 0 0 2254 8797 4324
12518 2 2 0 0 8797 1196 4324
12519 2 2 0 0 1196 8797 4325
12520 2 2 0 0 8797 2254 4325
12521 2 2 0 0 2258 8798 4324
12522 2 2 0 0 8798 220 4324
12523 2 2 0 0 220 8798 4329
12524 2 2 0 0 8798 2258 4329
12525 2 2 0 0 1196 8799 4324
12526 2 2 0 0 8799 2258 4324
12527 2 2 0 0 2258 8799 4341
12528 2 2 0 0 8799 1196 4341
12529 2 2 0 0 2257 8800 4325
12530 2 2 0 0 8800 1196 4325
12531 2 2 0 0 1196 8800 4337
12532 2 2 0 0 8800 2257 4337
12533 2 2 0 0 709 8801 4326
12534 2 2 0 0 8801 2255 4326
12535 2 2 0 0 2255 8801 4327
12536 2 2 0 0 8801 709 4327
12537 2 2 0 0 2256 8802 4326
12538 2 2 0 0 8802 709 4326
12539 2 2 0 0 709 8802 4328
12540 2 2 0 0 8802 2256 4328
12541 2 2 0 0 2267 8803 4327
12542 2 2 0 0 8803 1204 4327
12543 2 2 0 0 1204 8803 4374
12544 2 2 0 0 8803 2267 4374
12545 2 2 0 0 709 8804 4327
12546 2 2 0 0 8804 2267 4327
12547 2 2 0 0 2267 8804 4377
12548 2 2 0 0 8804 709 4377
12549 2 2 0 0 2256 8805 4328
12550 2 2 0 0 8805 1208 4328
12551 2 2 0 0 1208 8805 4329
12552 2 2 0 0 8805 2256 4329
12553 2 2 0 0 2270 8806 4328
12554 2 2 0 0 8806 709 4328
12555 2 2 0 0 709 8806 4377
12556 2 2 0 0 8806 2270 4377
12557 2 2 0 0 1208 8807 4328
12558 2 2 0 0 8807 2270 4328
12559 2 2 0 0 2270 8807 4385
12560 2 2 0 0 8807 1208 4385
12561 2 2 0 0 2258 8808 4329
12562 2 2 0 0 8808 1208 4329
12563 2 2 0 0 1208 8808 4346
12564 2 2 0 0 8808 2258 4346
12565 2 2 0 0 2257 8809 4337
12566 2 2 0 0 8809 414 4337
12567 2 2 0 0 414 8809 4340
12568 2 2 0 0 8809 2257 4340
12569 2 2 0 0 4336 8810 4337
12570 2 2 0 0 8810 1196 4337
12571 2 2 0 0 1196 8810 4341
12572 2 2 0 0 8810 4336 4341
12573 2 2 0 0 4339 8811 4340
12574 2 2 0 0 8811 1198 4340
12575 2 2 0 0 1198 8811 4347
12576 2 2 0 0 8811 4339 4347
12577 2 2 0 0 1195 8812 4341
12578 2 2 0 0 8812 2258 4341
12579 2 2 0 0 2258 8812 4346
12580 2 2 0 0 8812 1195 4346
12581 2 2 0 0 4345 8813 4346
12582 2 2 0 0 8813 1208 4346
12583 2 2 0 0 1208 8813 4385
12584 2 2 0 0 8813 4345 4385
12585 2 2 0 0 1197 8814 4347
12586 2 2 0 0 8814 2259 4347
12587 2 2 0 0 2259 8814 4355
12588 2 2 0 0 8814 1197 4355
12589 2 2 0 0 4354 8815 4355
12590 2 2 0 0 8815 1203 4355
12591 2 2 0 0 1203 8815 4367
12592 2 2 0 0 8815 4354 4367
12593 2 2 0 0 223 8816 4356
12594 2 2 0 0 8816 2260 4356
12595 2 2 0 0 2260 8816 4357
12596 2 2 0 0 8816 223 4357
12597 2 2 0 0 2261 8817 4356
12598 2 2 0 0 8817 223 4356
12599 2 2 0 0 223 8817 4358
12600 2 2 0 0 8817 2261 4358
12601 2 2 0 0 2263 8818 4357
12602 2 2 0 0 8818 1200 4357
12603 2 2 0 0 1200 8818 4360
12604 2 2 0 0 8818 2263 4360
12605 2 2 0 0 223 8819 4357
12606 2 2 0 0 8819 2263 4357
12607 2 2 0 0 2263 8819 4363
12608 2 2 0 0 8819 223 4363
12609 2 2 0 0 2261 8820 4358
12610 2 2 0 0 8820 1202 4358
12611 2 2 0 0 1202 8820 4359
12612 2 2 0 0 8820 2261 4359
12613 2 2 0 0 2265 8821 4358
12614 2 2 0 0 8821 223 4358
12615 2 2 0 0 223 8821 4363
12616 2 2 0 0 8821 2265 4363
12617 2 2 0 0 1202 8822 4358
12618 2 2 0 0 8822 2265 4358
12619 2 2 0 0 2265 8822 4368
12620 2 2 0 0 8822 1202 4368
12621 2 2 0 0 2264 8823 4359
12622 2 2 0 0 8823 1202 4359
12623 2 2 0 0 1202 8823 4366
12624 2 2 0 0 8823 2264 4366
12625 2 2 0 0 713 8824 4360
12626 2 2 0 0 8824 2262 4360
12627 2 2 0 0 2262 8824 4361
12628 2 2 0 0 8824 713 4361
12629 2 2 0 0 2263 8825 4360
12630 2 2 0 0 8825 713 4360
12631 2 2 0 0 713 8825 4362
12632 2 2 0 0 8825 2263 4362
12633 2 2 0 0 2279 8826 4361
12634 2 2 0 0 8826 1214 4361
12635 2 2 0 0 1214 8826 4412
12636 2 2 0 0 8826 2279 4412
12637 2 2 0 0 713 8827 4361
12638 2 2 0 0 8827 2279 4361
12639 2 2 0 0 2279 8827 4415
12640 2 2 0 0 8827 713 4415
12641 2 2 0 0 2263 8828 4362
12642 2 2 0 0 8828 1218 4362
12643 2 2 0 0 1218 8828 4363
12644 2 2 0 0 8828 2263 4363
12645 2 2 0 0 2282 8829 4362
12646 2 2 0 0 8829 713 4362
12647 2 2 0 0 713 8829 4415
12648 2 2 0 0 8829 2282 4415
12649 2 2 0 0 1218 8830 4362
12650 2 2 0 0 8830 2282 4362
12651 2 2 0 0 2282 8830 4423
12652 2 2 0 0 8830 1218 4423
12653 2 2 0 0 2265 8831 4363
12654 2 2 0 0 8831 1218 4363
12655 2 2 0 0 1218 8831 4373
12656 2 2 0 0 8831 2265 4373
12657 2 2 0 0 2264 8832 4366
12658 2 2 0 0 8832 419 4366
12659 2 2 0 0 419 8832 4367
12660 2 2 0 0 8832 2264 4367
12661 2 2 0 0 4365 8833 4366
12662 2 2 0 0 8833 1202 4366
12663 2 2 0 0 1202 8833 4368
12664 2 2 0 0 8833 4365 4368
12665 2 2 0 0 1201 8834 4368
12666 2 2 0 0 8834 2265 4368
12667 2 2 0 0 2265 8834 4373
12668 2 2 0 0 8834 1201 4373
12669 2 2 0 0 4372 8835 4373
12670 2 2 0 0 8835 1218 4373
12671 2 2 0 0 1218 8835 4423
12672 2 2 0 0 8835 4372 4423
12673 2 2 0 0 130 8836 4374
12674 2 2 0 0 8836 2266 4374
12675 2 2 0 0 130 8836 4375
12676 2 2 0 0 8836 2266 4375
12677 2 2 0 0 2267 8837 4374
12678 2 2 0 0 8837 130 4374
12679 2 2 0 0 130 8837 4376
12680 2 2 0 0 8837 2267 4376
12681 2 2 0 0 2268 8838 4375
12682 2 2 0 0 8838 130 4375
12683 2 2 0 0 130 8838 4379
12684 2 2 0 0 8838 2268 4379
12685 2 2 0 0 1205 8839 4375
12686 2 2 0 0 8839 2268 4375
12687 2 2 0 0 2268 8839 4378
12688 2 2 0 0 8839 1205 4378
12689 2 2 0 0 2267 8840 4376
12690 2 2 0 0 8840 1207 4376
12691 2 2 0 0 1207 8840 4377
12692 2 2 0 0 8840 2267 4377
12693 2 2 0 0 2271 8841 4376
12694 2 2 0 0 8841 130 4376
12695 2 2 0 0 2271 8841 4379
12696 2 2 0 0 8841 130 4379
12697 2 2 0 0 1207 8842 4376
12698 2 2 0 0 8842 2271 4376
12699 2 2 0 0 2271 8842 4386
12700 2 2 0 0 8842 1207 4386
12701 2 2 0 0 2270 8843 4377
12702 2 2 0 0 8843 1207 4377
12703 2 2 0 0 1207 8843 4384
12704 2 2 0 0 8843 2270 4384
12705 2 2 0 0 710 8844 4378
12706 2 2 0 0 8844 2268 4378
12707 2 2 0 0 2268 8844 4380
12708 2 2 0 0 8844 710 4380
12709 2 2 0 0 2269 8845 4378
12710 2 2 0 0 8845 710 4378
12711 2 2 0 0 710 8845 4381
12712 2 2 0 0 8845 2269 4381
12713 2 2 0 0 2268 8846 4379
12714 2 2 0 0 8846 1210 4379
12715 2 2 0 0 1210 8846 4380
12716 2 2 0 0 8846 2268 4380
12717 2 2 0 0 1210 8847 4379
12718 2 2 0 0 8847 2271 4379
12719 2 2 0 0 2271 8847 4393
12720 2 2 0 0 8847 1210 4393
12721 2 2 0 0 2274 8848 4380
12722 2 2 0 0 8848 1210 4380
12723 2 2 0 0 1210 8848 4398
12724 2 2 0 0 8848 2274 4398
12725 2 2 0 0 710 8849 4380
12726 2 2 0 0 8849 2274 4380
12727 2 2 0 0 2274 8849 4395
12728 2 2 0 0 8849 710 4395
12729 2 2 0 0 2272 8850 4381
12730 2 2 0 0 8850 710 4381
12731 2 2 0 0 710 8850 4395
12732 2 2 0 0 8850 2272 4395
12733 2 2 0 0 1209 8851 4381
12734 2 2 0 0 8851 2272 4381
12735 2 2 0 0 2272 8851 4394
12736 2 2 0 0 8851 1209 4394
12737 2 2 0 0 2270 8852 4384
12738 2 2 0 0 8852 412 4384
12739 2 2 0 0 412 8852 4385
12740 2 2 0 0 8852 2270 4385
12741 2 2 0 0 4383 8853 4384
12742 2 2 0 0 8853 1207 4384
12743 2 2 0 0 1207 8853 4386
12744 2 2 0 0 8853 4383 4386
12745 2 2 0 0 1206 8854 4386
12746 2 2 0 0 8854 2271 4386
12747 2 2 0 0 1206 8854 4393
12748 2 2 0 0 8854 2271 4393
12749 2 2 0 0 1210 8855 4393
12750 2 2 0 0 8855 4392 4393
12751 2 2 0 0 4392 8855 4398
12752 2 2 0 0 8855 1210 4398
12753 2 2 0 0 276 8856 4394
12754 2 2 0 0 8856 2272 4394
12755 2 2 0 0 2272 8856 4396
12756 2 2 0 0 8856 276 4396
12757 2 2 0 0 2273 8857 4394
12758 2 2 0 0 8857 276 4394
12759 2 2 0 0 276 8857 4397
12760 2 2 0 0 8857 2273 4397
12761 2 2 0 0 2272 8858 4395
12762 2 2 0 0 8858 1212 4395
12763 2 2 0 0 1212 8858 4396
12764 2 2 0 0 8858 2272 4396
12765 2 2 0 0 1212 8859 4395
12766 2 2 0 0 8859 2274 4395
12767 2 2 0 0 2274 8859 4401
12768 2 2 0 0 8859 1212 4401
12769 2 2 0 0 2275 8860 4396
12770 2 2 0 0 8860 1212 4396
12771 2 2 0 0 1212 8860 4402
12772 2 2 0 0 8860 2275 4402
12773 2 2 0 0 276 8861 4396
12774 2 2 0 0 8861 2275 4396
12775 2 2 0 0 2275 8861 4408
12776 2 2 0 0 8861 276 4408
12777 2 2 0 0 2276 8862 4397
12778 2 2 0 0 8862 276 4397
12779 2 2 0 0 276 8862 4408
12780 2 2 0 0 8862 2276 4408
12781 2 2 0 0 1213 8863 4397
12782 2 2 0 0 8863 2276 4397
12783 2 2 0 0 2276 8863 4409
12784 2 2 0 0 8863 1213 4409
12785 2 2 0 0 2274 8864 4398
12786 2 2 0 0 8864 482 4398
12787 2 2 0 0 482 8864 4401
12788 2 2 0 0 8864 2274 4401
12789 2 2 0 0 1212 8865 4401
12790 2 2 0 0 8865 4400 4401
12791 2 2 0 0 4400 8865 4402
12792 2 2 0 0 8865 1212 4402
12793 2 2 0 0 2275 8866 4402
12794 2 2 0 0 8866 1211 4402
12795 2 2 0 0 1211 8866 4407
12796 2 2 0 0 8866 2275 4407
12797 2 2 0 0 2275 8867 4407
12798 2 2 0 0 8867 1394 4407
12799 2 2 0 0 1394 8867 4408
12800 2 2 0 0 8867 2275 4408
12801 2 2 0 0 1394 8868 4407
12802 2 2 0 0 8868 4406 4407
12803 2 2 0 0 4406 8868 5160
12804 2 2 0 0 8868 1394 5160
12805 2 2 0 0 2276 8869 4408
12806 2 2 0 0 8869 1394 4408
12807 2 2 0 0 1394 8869 4410
12808 2 2 0 0 8869 2276 4410
12809 2 2 0 0 787 8870 4409
12810 2 2 0 0 8870 2276 4409
12811 2 2 0 0 2276 8870 4410
12812 2 2 0 0 8870 787 4410
12813 2 2 0 0 2277 8871 4409
12814 2 2 0 0 8871 787 4409
12815 2 2 0 0 787 8871 4411
12816 2 2 0 0 8871 2277 4411
12817 2 2 0 0 2576 8872 4410
12818 2 2 0 0 8872 1394 4410
12819 2 2 0 0 1394 8872 5160
12820 2 2 0 0 8872 2576 5160
12821 2 2 0 0 787 8873 4410
12822 2 2 0 0 8873 2576 4410
12823 2 2 0 0 2576 8873 5156
12824 2 2 0 0 8873 787 5156
12825 2 2 0 0 2574 8874 4411
12826 2 2 0 0 8874 787 4411
12827 2 2 0 0 787 8874 5156
12828 2 2 0 0 8874 2574 5156
12829 2 2 0 0 1393 8875 4411
12830 2 2 0 0 8875 2574 4411
12831 2 2 0 0 2574 8875 5155
12832 2 2 0 0 8875 1393 5155
12833 2 2 0 0 131 8876 4412
12834 2 2 0 0 8876 2278 4412
12835 2 2 0 0 2278 8876 4413
12836 2 2 0 0 8876 131 4413
12837 2 2 0 0 2279 8877 4412
12838 2 2 0 0 8877 131 4412
12839 2 2 0 0 131 8877 4414
12840 2 2 0 0 8877 2279 4414
12841 2 2 0 0 2281 8878 4413
12842 2 2 0 0 8878 1215 4413
12843 2 2 0 0 1215 8878 4416
12844 2 2 0 0 8878 2281 4416
12845 2 2 0 0 131 8879 4413
12846 2 2 0 0 8879 2281 4413
12847 2 2 0 0 2281 8879 4419
12848 2 2 0 0 8879 131 4419
12849 2 2 0 0 2279 8880 4414
12850 2 2 0 0 8880 1217 4414
12851 2 2 0 0 1217 8880 4415
12852 2 2 0 0 8880 2279 4415
12853 2 2 0 0 2283 8881 4414
12854 2 2 0 0 8881 131 4414
12855 2 2 0 0 131 8881 4419
12856 2 2 0 0 8881 2283 4419
12857 2 2 0 0 1217 8882 4414
12858 2 2 0 0 8882 2283 4414
12859 2 2 0 0 2283 8882 4424
12860 2 2 0 0 8882 1217 4424
12861 2 2 0 0 2282 8883 4415
12862 2 2 0 0 8883 1217 4415
12863 2 2 0 0 1217 8883 4422
12864 2 2 0 0 8883 2282 4422
12865 2 2 0 0 715 8884 4416
12866 2 2 0 0 8884 2280 4416
12867 2 2 0 0 2280 8884 4417
12868 2 2 0 0 8884 715 4417
12869 2 2 0 0 2281 8885 4416
12870 2 2 0 0 8885 715 4416
12871 2 2 0 0 715 8885 4418
12872 2 2 0 0 8885 2281 4418
12873 2 2 0 0 2285 8886 4417
12874 2 2 0 0 8886 1219 4417
12875 2 2 0 0 1219 8886 4432
12876 2 2 0 0 8886 2285 4432
12877 2 2 0 0 715 8887 4417
12878 2 2 0 0 8887 2285 4417
12879 2 2 0 0 2285 8887 4435
12880 2 2 0 0 8887 715 4435
12881 2 2 0 0 2281 8888 4418
12882 2 2 0 0 8888 1223 4418
12883 2 2 0 0 1223 8888 4419
12884 2 2 0 0 8888 2281 4419
12885 2 2 0 0 2288 8889 4418
12886 2 2 0 0 8889 715 4418
12887 2 2 0 0 715 8889 4435
12888 2 2 0 0 8889 2288 4435
12889 2 2 0 0 1223 8890 4418
12890 2 2 0 0 8890 2288 4418
12891 2 2 0 0 2288 8890 4443
12892 2 2 0 0 8890 1223 4443
12893 2 2 0 0 2283 8891 4419
12894 2 2 0 0 8891 1223 4419
12895 2 2 0 0 1223 8891 4431
12896 2 2 0 0 8891 2283 4431
12897 2 2 0 0 2282 8892 4422
12898 2 2 0 0 8892 418 4422
12899 2 2 0 0 418 8892 4423
12900 2 2 0 0 8892 2282 4423
12901 2 2 0 0 4421 8893 4422
12902 2 2 0 0 8893 1217 4422
12903 2 2 0 0 1217 8893 4424
12904 2 2 0 0 8893 4421 4424
12905 2 2 0 0 1216 8894 4424
12906 2 2 0 0 8894 2283 4424
12907 2 2 0 0 2283 8894 4431
12908 2 2 0 0 8894 1216 4431
12909 2 2 0 0 4430 8895 4431
12910 2 2 0 0 8895 1223 4431
12911 2 2 0 0 1223 8895 4443
12912 2 2 0 0 8895 4430 4443
12913 2 2 0 0 239 8896 4432
12914 2 2 0 0 8896 2284 4432
12915 2 2 0 0 2284 8896 4433
12916 2 2 0 0 8896 239 4433
12917 2 2 0 0 2285 8897 4432
12918 2 2 0 0 8897 239 4432
12919 2 2 0 0 239 8897 4434
12920 2 2 0 0 8897 2285 4434
12921 2 2 0 0 2287 8898 4433
12922 2 2 0 0 8898 1220 4433
12923 2 2 0 0 1220 8898 4436
12924 2 2 0 0 8898 2287 4436
12925 2 2 0 0 239 8899 4433
12926 2 2 0 0 8899 2287 4433
12927 2 2 0 0 2287 8899 4439
12928 2 2 0 0 8899 239 4439
12929 2 2 0 0 2285 8900 4434
12930 2 2 0 0 8900 1222 4434
12931 2 2 0 0 1222 8900 4435
12932 2 2 0 0 8900 2285 4435
12933 2 2 0 0 2289 8901 4434
12934 2 2 0 0 8901 239 4434
12935 2 2 0 0 239 8901 4439
12936 2 2 0 0 8901 2289 4439
12937 2 2 0 0 1222 8902 4434
12938 2 2 0 0 8902 2289 4434
12939 2 2 0 0 2289 8902 4444
12940 2 2 0 0 8902 1222 4444
12941 2 2 0 0 2288 8903 4435
12942 2 2 0 0 8903 1222 4435
12943 2 2 0 0 1222 8903 4442
12944 2 2 0 0 8903 2288 4442
12945 2 2 0 0 723 8904 4436
12946 2 2 0 0 8904 2286 4436
12947 2 2 0 0 2286 8904 4437
12948 2 2 0 0 8904 723 4437
12949 2 2 0 0 2287 8905 4436
12950 2 2 0 0 8905 723 4436
12951 2 2 0 0 723 8905 4438
12952 2 2 0 0 8905 2287 4438
12953 2 2 0 0 2315 8906 4437
12954 2 2 0 0 8906 1240 4437
12955 2 2 0 0 1240 8906 4517
12956 2 2 0 0 8906 2315 4517
12957 2 2 0 0 723 8907 4437
12958 2 2 0 0 8907 2315 4437
12959 2 2 0 0 2315 8907 4521
12960 2 2 0 0 8907 723 4521
12961 2 2 0 0 2287 8908 4438
12962 2 2 0 0 8908 1247 4438
12963 2 2 0 0 1247 8908 4439
12964 2 2 0 0 8908 2287 4439
12965 2 2 0 0 2319 8909 4438
12966 2 2 0 0 8909 723 4438
12967 2 2 0 0 723 8909 4521
12968 2 2 0 0 8909 2319 4521
12969 2 2 0 0 1247 8910 4438
12970 2 2 0 0 8910 2319 4438
12971 2 2 0 0 2319 8910 4540
12972 2 2 0 0 8910 1247 4540
12973 2 2 0 0 2289 8911 4439
12974 2 2 0 0 8911 1247 4439
12975 2 2 0 0 1247 8911 4449
12976 2 2 0 0 8911 2289 4449
12977 2 2 0 0 2288 8912 4442
12978 2 2 0 0 8912 433 4442
12979 2 2 0 0 433 8912 4443
12980 2 2 0 0 8912 2288 4443
12981 2 2 0 0 4441 8913 4442
12982 2 2 0 0 8913 1222 4442
12983 2 2 0 0 1222 8913 4444
12984 2 2 0 0 8913 4441 4444
12985 2 2 0 0 1221 8914 4444
12986 2 2 0 0 8914 2289 4444
12987 2 2 0 0 2289 8914 4449
12988 2 2 0 0 8914 1221 4449
12989 2 2 0 0 4448 8915 4449
12990 2 2 0 0 8915 1247 4449
12991 2 2 0 0 1247 8915 4540
12992 2 2 0 0 8915 4448 4540
12993 2 2 0 0 2290 8916 4450
12994 2 2 0 0 8916 97 4450
12995 2 2 0 0 97 8916 4451
12996 2 2 0 0 8916 2290 4451
12997 2 2 0 0 97 8917 4450
12998 2 2 0 0 8917 2291 4450
12999 2 2 0 0 2291 8917 4454
13000 2 2 0 0 8917 97 4454
13001 2 2 0 0 2290 8918 4451
13002 2 2 0 0 8918 1226 4451
13003 2 2 0 0 1226 8918 4452
13004 2 2 0 0 8918 2290 4452
13005 2 2 0 0 2293 8919 4451
13006 2 2 0 0 8919 97 4451
13007 2 2 0 0 97 8919 4460
13008 2 2 0 0 8919 2293 4460
13009 2 2 0 0 1226 8920 4451
13010 2 2 0 0 8920 2293 4451
13011 2 2 0 0 2293 8920 4459
13012 2 2 0 0 8920 1226 4459
13013 2 2 0 0 2292 8921 4452
13014 2 2 0 0 8921 1226 4452
13015 2 2 0 0 1226 8921 4457
13016 2 2 0 0 8921 2292 4457
13017 2 2 0 0 2291 8922 4453
13018 2 2 0 0 8922 1229 4453
13019 2 2 0 0 1229 8922 4454
13020 2 2 0 0 8922 2291 4454
13021 2 2 0 0 1229 8923 4453
13022 2 2 0 0 8923 2294 4453
13023 2 2 0 0 2294 8923 4470
13024 2 2 0 0 8923 1229 4470
13025 2 2 0 0 2297 8924 4454
13026 2 2 0 0 8924 1229 4454
13027 2 2 0 0 1229 8924 4473
13028 2 2 0 0 8924 2297 4473
13029 2 2 0 0 97 8925 4454
13030 2 2 0 0 8925 2297 4454
13031 2 2 0 0 2297 8925 4460
13032 2 2 0 0 8925 97 4460
13033 2 2 0 0 2292 8926 4457
13034 2 2 0 0 8926 422 4457
13035 2 2 0 0 422 8926 4458
13036 2 2 0 0 8926 2292 4458
13037 2 2 0 0 4456 8927 4457
13038 2 2 0 0 8927 1226 4457
13039 2 2 0 0 1226 8927 4459
13040 2 2 0 0 8927 4456 4459
13041 2 2 0 0 1225 8928 4459
13042 2 2 0 0 8928 2293 4459
13043 2 2 0 0 2293 8928 4468
13044 2 2 0 0 8928 1225 4468
13045 2 2 0 0 2293 8929 4460
13046 2 2 0 0 8929 1239 4460
13047 2 2 0 0 1239 8929 4468
13048 2 2 0 0 8929 2293 4468
13049 2 2 0 0 1239 8930 4460
13050 2 2 0 0 8930 2297 4460
13051 2 2 0 0 2297 8930 4476
13052 2 2 0 0 8930 1239 4476
13053 2 2 0 0 4467 8931 4468
13054 2 2 0 0 8931 1239 4468
13055 2 2 0 0 1239 8931 4510
13056 2 2 0 0 8931 4467 4510
13057 2 2 0 0 2294 8932 4469
13058 2 2 0 0 8932 425 4469
13059 2 2 0 0 425 8932 4470
13060 2 2 0 0 8932 2294 4470
13061 2 2 0 0 425 8933 4469
13062 2 2 0 0 8933 2295 4469
13063 2 2 0 0 2295 8933 4472
13064 2 2 0 0 8933 425 4472
13065 2 2 0 0 2296 8934 4470
13066 2 2 0 0 8934 425 4470
13067 2 2 0 0 425 8934 4474
13068 2 2 0 0 8934 2296 4474
13069 2 2 0 0 1229 8935 4470
13070 2 2 0 0 8935 2296 4470
13071 2 2 0 0 2296 8935 4473
13072 2 2 0 0 8935 1229 4473
13073 2 2 0 0 2295 8936 4471
13074 2 2 0 0 8936 1231 4471
13075 2 2 0 0 1231 8936 4472
13076 2 2 0 0 8936 2295 4472
13077 2 2 0 0 1231 8937 4471
13078 2 2 0 0 8937 2298 4471
13079 2 2 0 0 2298 8937 4478
13080 2 2 0 0 8937 1231 4478
13081 2 2 0 0 2301 8938 4472
13082 2 2 0 0 8938 1231 4472
13083 2 2 0 0 1231 8938 4481
13084 2 2 0 0 8938 2301 4481
13085 2 2 0 0 425 8939 4472
13086 2 2 0 0 8939 2301 4472
13087 2 2 0 0 2301 8939 4474
13088 2 2 0 0 8939 425 4474
13089 2 2 0 0 721 8940 4473
13090 2 2 0 0 8940 2296 4473
13091 2 2 0 0 2296 8940 4475
13092 2 2 0 0 8940 721 4475
13093 2 2 0 0 2297 8941 4473
13094 2 2 0 0 8941 721 4473
13095 2 2 0 0 721 8941 4476
13096 2 2 0 0 8941 2297 4476
13097 2 2 0 0 2296 8942 4474
13098 2 2 0 0 8942 1234 4474
13099 2 2 0 0 1234 8942 4475
13100 2 2 0 0 8942 2296 4475
13101 2 2 0 0 1234 8943 4474
13102 2 2 0 0 8943 2301 4474
13103 2 2 0 0 2301 8943 4484
13104 2 2 0 0 8943 1234 4484
13105 2 2 0 0 2307 8944 4475
13106 2 2 0 0 8944 1234 4475
13107 2 2 0 0 1234 8944 4493
13108 2 2 0 0 8944 2307 4493
13109 2 2 0 0 721 8945 4475
13110 2 2 0 0 8945 2307 4475
13111 2 2 0 0 2307 8945 4497
13112 2 2 0 0 8945 721 4497
13113 2 2 0 0 2312 8946 4476
13114 2 2 0 0 8946 721 4476
13115 2 2 0 0 721 8946 4497
13116 2 2 0 0 8946 2312 4497
13117 2 2 0 0 1239 8947 4476
13118 2 2 0 0 8947 2312 4476
13119 2 2 0 0 2312 8947 4510
13120 2 2 0 0 8947 1239 4510
13121 2 2 0 0 2298 8948 4477
13122 2 2 0 0 8948 161 4477
13123 2 2 0 0 161 8948 4478
13124 2 2 0 0 8948 2298 4478
13125 2 2 0 0 161 8949 4477
13126 2 2 0 0 8949 2299 4477
13127 2 2 0 0 2299 8949 4480
13128 2 2 0 0 8949 161 4480
13129 2 2 0 0 2300 8950 4478
13130 2 2 0 0 8950 161 4478
13131 2 2 0 0 161 8950 4482
13132 2 2 0 0 8950 2300 4482
13133 2 2 0 0 1231 8951 4478
13134 2 2 0 0 8951 2300 4478
13135 2 2 0 0 2300 8951 4481
13136 2 2 0 0 8951 1231 4481
13137 2 2 0 0 2299 8952 4479
13138 2 2 0 0 8952 1233 4479
13139 2 2 0 0 1233 8952 4480
13140 2 2 0 0 8952 2299 4480
13141 2 2 0 0 1233 8953 4479
13142 2 2 0 0 8953 2302 4479
13143 2 2 0 0 2302 8953 4486
13144 2 2 0 0 8953 1233 4486
13145 2 2 0 0 2305 8954 4480
13146 2 2 0 0 8954 1233 4480
13147 2 2 0 0 1233 8954 4489
13148 2 2 0 0 8954 2305 4489
13149 2 2 0 0 161 8955 4480
13150 2 2 0 0 8955 2305 4480
13151 2 2 0 0 2305 8955 4482
13152 2 2 0 0 8955 161 4482
13153 2 2 0 0 720 8956 4481
13154 2 2 0 0 8956 2300 4481
13155 2 2 0 0 2300 8956 4483
13156 2 2 0 0 8956 720 4483
13157 2 2 0 0 2301 8957 4481
13158 2 2 0 0 8957 720 4481
13159 2 2 0 0 720 8957 4484
13160 2 2 0 0 8957 2301 4484
13161 2 2 0 0 2300 8958 4482
13162 2 2 0 0 8958 1235 4482
13163 2 2 0 0 1235 8958 4483
13164 2 2 0 0 8958 2300 4483
13165 2 2 0 0 1235 8959 4482
13166 2 2 0 0 8959 2305 4482
13167 2 2 0 0 2305 8959 4492
13168 2 2 0 0 8959 1235 4492
13169 2 2 0 0 2308 8960 4483
13170 2 2 0 0 8960 1235 4483
13171 2 2 0 0 1235 8960 4498
13172 2 2 0 0 8960 2308 4498
13173 2 2 0 0 720 8961 4483
13174 2 2 0 0 8961 2308 4483
13175 2 2 0 0 2308 8961 4494
13176 2 2 0 0 8961 720 4494
13177 2 2 0 0 2306 8962 4484
13178 2 2 0 0 8962 720 4484
13179 2 2 0 0 720 8962 4494
13180 2 2 0 0 8962 2306 4494
13181 2 2 0 0 1234 8963 4484
13182 2 2 0 0 8963 2306 4484
13183 2 2 0 0 2306 8963 4493
13184 2 2 0 0 8963 1234 4493
13185 2 2 0 0 2302 8964 4485
13186 2 2 0 0 8964 435 4485
13187 2 2 0 0 435 8964 4486
13188 2 2 0 0 8964 2302 4486
13189 2 2 0 0 435 8965 4485
13190 2 2 0 0 8965 2303 4485
13191 2 2 0 0 2303 8965 4488
13192 2 2 0 0 8965 435 4488
13193 2 2 0 0 2304 8966 4486
13194 2 2 0 0 8966 435 4486
13195 2 2 0 0 435 8966 4490
13196 2 2 0 0 8966 2304 4490
13197 2 2 0 0 1233 8967 4486
13198 2 2 0 0 8967 2304 4486
13199 2 2 0 0 2304 8967 4489
13200 2 2 0 0 8967 1233 4489
13201 2 2 0 0 2303 8968 4487
13202 2 2 0 0 8968 1249 4487
13203 2 2 0 0 1249 8968 4488
13204 2 2 0 0 8968 2303 4488
13205 2 2 0 0 1249 8969 4487
13206 2 2 0 0 8969 2321 4487
13207 2 2 0 0 2321 8969 4551
13208 2 2 0 0 8969 1249 4551
13209 2 2 0 0 2325 8970 4488
13210 2 2 0 0 8970 1249 4488
13211 2 2 0 0 1249 8970 4556
13212 2 2 0 0 8970 2325 4556
13213 2 2 0 0 435 8971 4488
13214 2 2 0 0 8971 2325 4488
13215 2 2 0 0 2325 8971 4490
13216 2 2 0 0 8971 435 4490
13217 2 2 0 0 728 8972 4489
13218 2 2 0 0 8972 2304 4489
13219 2 2 0 0 2304 8972 4491
13220 2 2 0 0 8972 728 4491
13221 2 2 0 0 2305 8973 4489
13222 2 2 0 0 8973 728 4489
13223 2 2 0 0 728 8973 4492
13224 2 2 0 0 8973 2305 4492
13225 2 2 0 0 2304 8974 4490
13226 2 2 0 0 8974 1254 4490
13227 2 2 0 0 1254 8974 4491
13228 2 2 0 0 8974 2304 4491
13229 2 2 0 0 1254 8975 4490
13230 2 2 0 0 8975 2325 4490
13231 2 2 0 0 2325 8975 4559
13232 2 2 0 0 8975 1254 4559
13233 2 2 0 0 2336 8976 4491
13234 2 2 0 0 8976 1254 4491
13235 2 2 0 0 1254 8976 4578
13236 2 2 0 0 8976 2336 4578
13237 2 2 0 0 728 8977 4491
13238 2 2 0 0 8977 2336 4491
13239 2 2 0 0 2336 8977 4500
13240 2 2 0 0 8977 728 4500
13241 2 2 0 0 2309 8978 4492
13242 2 2 0 0 8978 728 4492
13243 2 2 0 0 728 8978 4500
13244 2 2 0 0 8978 2309 4500
13245 2 2 0 0 1235 8979 4492
13246 2 2 0 0 8979 2309 4492
13247 2 2 0 0 2309 8979 4498
13248 2 2 0 0 8979 1235 4498
13249 2 2 0 0 245 8980 4493
13250 2 2 0 0 8980 2306 4493
13251 2 2 0 0 2306 8980 4495
13252 2 2 0 0 8980 245 4495
13253 2 2 0 0 2307 8981 4493
13254 2 2 0 0 8981 245 4493
13255 2 2 0 0 245 8981 4496
13256 2 2 0 0 8981 2307 4496
13257 2 2 0 0 2306 8982 4494
13258 2 2 0 0 8982 1236 4494
13259 2 2 0 0 1236 8982 4495
13260 2 2 0 0 8982 2306 4495
13261 2 2 0 0 1236 8983 4494
13262 2 2 0 0 8983 2308 4494
13263 2 2 0 0 2308 8983 4499
13264 2 2 0 0 8983 1236 4499
13265 2 2 0 0 2311 8984 4495
13266 2 2 0 0 8984 1236 4495
13267 2 2 0 0 1236 8984 4502
13268 2 2 0 0 8984 2311 4502
13269 2 2 0 0 245 8985 4495
13270 2 2 0 0 8985 2311 4495
13271 2 2 0 0 2311 8985 4506
13272 2 2 0 0 8985 245 4506
13273 2 2 0 0 2307 8986 4496
13274 2 2 0 0 8986 1238 4496
13275 2 2 0 0 1238 8986 4497
13276 2 2 0 0 8986 2307 4497
13277 2 2 0 0 2313 8987 4496
13278 2 2 0 0 8987 245 4496
13279 2 2 0 0 245 8987 4506
13280 2 2 0 0 8987 2313 4506
13281 2 2 0 0 1238 8988 4496
13282 2 2 0 0 8988 2313 4496
13283 2 2 0 0 2313 8988 4511
13284 2 2 0 0 8988 1238 4511
13285 2 2 0 0 2312 8989 4497
13286 2 2 0 0 8989 1238 4497
13287 2 2 0 0 1238 8989 4509
13288 2 2 0 0 8989 2312 4509
13289 2 2 0 0 2308 8990 4498
13290 2 2 0 0 8990 440 4498
13291 2 2 0 0 440 8990 4499
13292 2 2 0 0 8990 2308 4499
13293 2 2 0 0 440 8991 4498
13294 2 2 0 0 8991 2309 4498
13295 2 2 0 0 2309 8991 4501
13296 2 2 0 0 8991 440 4501
13297 2 2 0 0 2310 8992 4499
13298 2 2 0 0 8992 440 4499
13299 2 2 0 0 440 8992 4503
13300 2 2 0 0 8992 2310 4503
13301 2 2 0 0 1236 8993 4499
13302 2 2 0 0 8993 2310 4499
13303 2 2 0 0 2310 8993 4502
13304 2 2 0 0 8993 1236 4502
13305 2 2 0 0 2309 8994 4500
13306 2 2 0 0 8994 1257 4500
13307 2 2 0 0 1257 8994 4501
13308 2 2 0 0 8994 2309 4501
13309 2 2 0 0 1257 8995 4500
13310 2 2 0 0 8995 2336 4500
13311 2 2 0 0 2336 8995 4581
13312 2 2 0 0 8995 1257 4581
13313 2 2 0 0 2342 8996 4501
13314 2 2 0 0 8996 1257 4501
13315 2 2 0 0 1257 8996 4591
13316 2 2 0 0 8996 2342 4591
13317 2 2 0 0 440 8997 4501
13318 2 2 0 0 8997 2342 4501
13319 2 2 0 0 2342 8997 4503
13320 2 2 0 0 8997 440 4503
13321 2 2 0 0 739 8998 4502
13322 2 2 0 0 8998 2310 4502
13323 2 2 0 0 2310 8998 4504
13324 2 2 0 0 8998 739 4504
13325 2 2 0 0 2311 8999 4502
13326 2 2 0 0 8999 739 4502
13327 2 2 0 0 739 8999 4505
13328 2 2 0 0 8999 2311 4505
13329 2 2 0 0 2310 9000 4503
13330 2 2 0 0 9000 1276 4503
13331 2 2 0 0 1276 9000 4504
13332 2 2 0 0 9000 2310 4504
13333 2 2 0 0 1276 9001 4503
13334 2 2 0 0 9001 2342 4503
13335 2 2 0 0 2342 9001 4593
13336 2 2 0 0 9001 1276 4593
13337 2 2 0 0 2382 9002 4504
13338 2 2 0 0 9002 1276 4504
13339 2 2 0 0 1276 9002 4670
13340 2 2 0 0 9002 2382 4670
13341 2 2 0 0 739 9003 4504
13342 2 2 0 0 9003 2382 4504
13343 2 2 0 0 2382 9003 4674
13344 2 2 0 0 9003 739 4674
13345 2 2 0 0 2311 9004 4505
13346 2 2 0 0 9004 1281 4505
13347 2 2 0 0 1281 9004 4506
13348 2 2 0 0 9004 2311 4506
13349 2 2 0 0 2387 9005 4505
13350 2 2 0 0 9005 739 4505
13351 2 2 0 0 739 9005 4674
13352 2 2 0 0 9005 2387 4674
13353 2 2 0 0 1281 9006 4505
13354 2 2 0 0 9006 2387 4505
13355 2 2 0 0 2387 9006 4687
13356 2 2 0 0 9006 1281 4687
13357 2 2 0 0 2313 9007 4506
13358 2 2 0 0 9007 1281 4506
13359 2 2 0 0 1281 9007 4516
13360 2 2 0 0 9007 2313 4516
13361 2 2 0 0 2312 9008 4509
13362 2 2 0 0 9008 445 4509
13363 2 2 0 0 445 9008 4510
13364 2 2 0 0 9008 2312 4510
13365 2 2 0 0 4508 9009 4509
13366 2 2 0 0 9009 1238 4509
13367 2 2 0 0 1238 9009 4511
13368 2 2 0 0 9009 4508 4511
13369 2 2 0 0 1237 9010 4511
13370 2 2 0 0 9010 2313 4511
13371 2 2 0 0 2313 9010 4516
13372 2 2 0 0 9010 1237 4516
13373 2 2 0 0 4515 9011 4516
13374 2 2 0 0 9011 1281 4516
13375 2 2 0 0 1281 9011 4687
13376 2 2 0 0 9011 4515 4687
13377 2 2 0 0 123 9012 4517
13378 2 2 0 0 9012 2314 4517
13379 2 2 0 0 2314 9012 4519
13380 2 2 0 0 9012 123 4519
13381 2 2 0 0 2315 9013 4517
13382 2 2 0 0 9013 123 4517
13383 2 2 0 0 123 9013 4520
13384 2 2 0 0 9013 2315 4520
13385 2 2 0 0 2314 9014 4518
13386 2 2 0 0 9014 1244 4518
13387 2 2 0 0 1244 9014 4519
13388 2 2 0 0 9014 2314 4519
13389 2 2 0 0 1244 9015 4518
13390 2 2 0 0 9015 2316 4518
13391 2 2 0 0 2316 9015 4525
13392 2 2 0 0 9015 1244 4525
13393 2 2 0 0 2318 9016 4519
13394 2 2 0 0 9016 1244 4519
13395 2 2 0 0 1244 9016 4526
13396 2 2 0 0 9016 2318 4526
13397 2 2 0 0 123 9017 4519
13398 2 2 0 0 9017 2318 4519
13399 2 2 0 0 2318 9017 4536
13400 2 2 0 0 9017 123 4536
13401 2 2 0 0 2315 9018 4520
13402 2 2 0 0 9018 1246 4520
13403 2 2 0 0 1246 9018 4521
13404 2 2 0 0 9018 2315 4521
13405 2 2 0 0 2320 9019 4520
13406 2 2 0 0 9019 123 4520
13407 2 2 0 0 123 9019 4536
13408 2 2 0 0 9019 2320 4536
13409 2 2 0 0 1246 9020 4520
13410 2 2 0 0 9020 2320 4520
13411 2 2 0 0 2320 9020 4541
13412 2 2 0 0 9020 1246 4541
13413 2 2 0 0 2319 9021 4521
13414 2 2 0 0 9021 1246 4521
13415 2 2 0 0 1246 9021 4539
13416 2 2 0 0 9021 2319 4539
13417 2 2 0 0 2316 9022 4522
13418 2 2 0 0 9022 430 4522
13419 2 2 0 0 430 9022 4525
13420 2 2 0 0 9022 2316 4525
13421 2 2 0 0 1244 9023 4525
13422 2 2 0 0 9023 4524 4525
13423 2 2 0 0 4524 9023 4526
13424 2 2 0 0 9023 1244 4526
13425 2 2 0 0 2318 9024 4526
13426 2 2 0 0 9024 1243 4526
13427 2 2 0 0 1243 9024 4535
13428 2 2 0 0 9024 2318 4535
13429 2 2 0 0 2318 9025 4535
13430 2 2 0 0 9025 2317 4535
13431 2 2 0 0 2317 9025 4536
13432 2 2 0 0 9025 2318 4536
13433 2 2 0 0 9026 1242 4534
13434 2 2 0 0 1242 9026 4548
13435 2 2 0 0 2317 9027 4535
13436 2 2 0 0 9027 4534 4535
13437 2 2 0 0 4534 9027 9026
13438 2 2 0 0 9027 2317 9026
13439 2 2 0 0 2320 9028 4536
13440 2 2 0 0 9028 2317 4536
13441 2 2 0 0 2317 9028 4549
13442 2 2 0 0 9028 2320 4549
13443 2 2 0 0 2319 9029 4539
13444 2 2 0 0 9029 432 4539
13445 2 2 0 0 432 9029 4540
13446 2 2 0 0 9029 2319 4540
13447 2 2 0 0 4538 9030 4539
13448 2 2 0 0 9030 1246 4539
13449 2 2 0 0 1246 9030 4541
13450 2 2 0 0 9030 4538 4541
13451 2 2 0 0 1245 9031 4541
13452 2 2 0 0 9031 2320 4541
13453 2 2 0 0 2320 9031 4549
13454 2 2 0 0 9031 1245 4549
13455 2 2 0 0 4548 9032 4549
13456 2 2 0 0 9032 2317 4549
13457 2 2 0 0 2317 9032 9026
13458 2 2 0 0 9032 4548 9026
13459 2 2 0 0 2321 9033 4550
13460 2 2 0 0 9033 83 4550
13461 2 2 0 0 83 9033 4551
13462 2 2 0 0 9033 2321 4551
13463 2 2 0 0 2322 9034 4550
13464 2 2 0 0 9034 83 4550
13465 2 2 0 0 83 9034 4553
13466 2 2 0 0 9034 2322 4553
13467 2 2 0 0 1248 9035 4550
13468 2 2 0 0 9035 2322 4550
13469 2 2 0 0 2322 9035 4552
13470 2 2 0 0 9035 1248 4552
13471 2 2 0 0 2324 9036 4551
13472 2 2 0 0 9036 83 4551
13473 2 2 0 0 83 9036 4557
13474 2 2 0 0 9036 2324 4557
13475 2 2 0 0 1249 9037 4551
13476 2 2 0 0 9037 2324 4551
13477 2 2 0 0 2324 9037 4556
13478 2 2 0 0 9037 1249 4556
13479 2 2 0 0 725 9038 4552
13480 2 2 0 0 9038 2322 4552
13481 2 2 0 0 2322 9038 4554
13482 2 2 0 0 9038 725 4554
13483 2 2 0 0 2323 9039 4552
13484 2 2 0 0 9039 725 4552
13485 2 2 0 0 725 9039 4555
13486 2 2 0 0 9039 2323 4555
13487 2 2 0 0 2322 9040 4553
13488 2 2 0 0 9040 1251 4553
13489 2 2 0 0 1251 9040 4554
13490 2 2 0 0 9040 2322 4554
13491 2 2 0 0 2329 9041 4553
13492 2 2 0 0 9041 83 4553
13493 2 2 0 0 83 9041 4557
13494 2 2 0 0 9041 2329 4557
13495 2 2 0 0 1251 9042 4553
13496 2 2 0 0 9042 2329 4553
13497 2 2 0 0 2329 9042 4566
13498 2 2 0 0 9042 1251 4566
13499 2 2 0 0 2328 9043 4554
13500 2 2 0 0 9043 1251 4554
13501 2 2 0 0 1251 9043 4564
13502 2 2 0 0 9043 2328 4564
13503 2 2 0 0 725 9044 4554
13504 2 2 0 0 9044 2328 4554
13505 2 2 0 0 2328 9044 4561
13506 2 2 0 0 9044 725 4561
13507 2 2 0 0 2326 9045 4555
13508 2 2 0 0 9045 725 4555
13509 2 2 0 0 725 9045 4561
13510 2 2 0 0 9045 2326 4561
13511 2 2 0 0 1250 9046 4555
13512 2 2 0 0 9046 2326 4555
13513 2 2 0 0 2326 9046 4560
13514 2 2 0 0 9046 1250 4560
13515 2 2 0 0 727 9047 4556
13516 2 2 0 0 9047 2324 4556
13517 2 2 0 0 2324 9047 4558
13518 2 2 0 0 9047 727 4558
13519 2 2 0 0 2325 9048 4556
13520 2 2 0 0 9048 727 4556
13521 2 2 0 0 727 9048 4559
13522 2 2 0 0 9048 2325 4559
13523 2 2 0 0 2324 9049 4557
13524 2 2 0 0 9049 1255 4557
13525 2 2 0 0 1255 9049 4558
13526 2 2 0 0 9049 2324 4558
13527 2 2 0 0 2329 9050 4557
13528 2 2 0 0 9050 1255 4557
13529 2 2 0 0 1255 9050 4567
13530 2 2 0 0 9050 2329 4567
13531 2 2 0 0 2337 9051 4558
13532 2 2 0 0 9051 1255 4558
13533 2 2 0 0 1255 9051 4582
13534 2 2 0 0 9051 2337 4582
13535 2 2 0 0 727 9052 4558
13536 2 2 0 0 9052 2337 4558
13537 2 2 0 0 2337 9052 4579
13538 2 2 0 0 9052 727 4579
13539 2 2 0 0 2335 9053 4559
13540 2 2 0 0 9053 727 4559
13541 2 2 0 0 727 9053 4579
13542 2 2 0 0 9053 2335 4579
13543 2 2 0 0 1254 9054 4559
13544 2 2 0 0 9054 2335 4559
13545 2 2 0 0 2335 9054 4578
13546 2 2 0 0 9054 1254 4578
13547 2 2 0 0 241 9055 4560
13548 2 2 0 0 9055 2326 4560
13549 2 2 0 0 2326 9055 4562
13550 2 2 0 0 9055 241 4562
13551 2 2 0 0 2327 9056 4560
13552 2 2 0 0 9056 241 4560
13553 2 2 0 0 241 9056 4563
13554 2 2 0 0 9056 2327 4563
13555 2 2 0 0 2326 9057 4561
13556 2 2 0 0 9057 1252 4561
13557 2 2 0 0 1252 9057 4562
13558 2 2 0 0 9057 2326 4562
13559 2 2 0 0 1252 9058 4561
13560 2 2 0 0 9058 2328 4561
13561 2 2 0 0 2328 9058 4565
13562 2 2 0 0 9058 1252 4565
13563 2 2 0 0 2332 9059 4562
13564 2 2 0 0 9059 1252 4562
13565 2 2 0 0 1252 9059 4570
13566 2 2 0 0 9059 2332 4570
13567 2 2 0 0 241 9060 4562
13568 2 2 0 0 9060 2332 4562
13569 2 2 0 0 2332 9060 4574
13570 2 2 0 0 9060 241 4574
13571 2 2 0 0 2333 9061 4563
13572 2 2 0 0 9061 241 4563
13573 2 2 0 0 241 9061 4574
13574 2 2 0 0 9061 2333 4574
13575 2 2 0 0 1253 9062 4563
13576 2 2 0 0 9062 2333 4563
13577 2 2 0 0 2333 9062 4575
13578 2 2 0 0 9062 1253 4575
13579 2 2 0 0 2328 9063 4564
13580 2 2 0 0 9063 437 4564
13581 2 2 0 0 437 9063 4565
13582 2 2 0 0 9063 2328 4565
13583 2 2 0 0 2330 9064 4564
13584 2 2 0 0 9064 1251 4564
13585 2 2 0 0 1251 9064 4566
13586 2 2 0 0 9064 2330 4566
13587 2 2 0 0 437 9065 4564
13588 2 2 0 0 9065 2330 4564
13589 2 2 0 0 2330 9065 4569
13590 2 2 0 0 9065 437 4569
13591 2 2 0 0 2331 9066 4565
13592 2 2 0 0 9066 437 4565
13593 2 2 0 0 437 9066 4571
13594 2 2 0 0 9066 2331 4571
13595 2 2 0 0 1252 9067 4565
13596 2 2 0 0 9067 2331 4565
13597 2 2 0 0 2331 9067 4570
13598 2 2 0 0 9067 1252 4570
13599 2 2 0 0 732 9068 4566
13600 2 2 0 0 9068 2329 4566
13601 2 2 0 0 2329 9068 4567
13602 2 2 0 0 9068 732 4567
13603 2 2 0 0 2330 9069 4566
13604 2 2 0 0 9069 732 4566
13605 2 2 0 0 732 9069 4568
13606 2 2 0 0 9069 2330 4568
13607 2 2 0 0 2338 9070 4567
13608 2 2 0 0 9070 1255 4567
13609 2 2 0 0 1255 9070 4582
13610 2 2 0 0 9070 2338 4582
13611 2 2 0 0 732 9071 4567
13612 2 2 0 0 9071 2338 4567
13613 2 2 0 0 2338 9071 4585
13614 2 2 0 0 9071 732 4585
13615 2 2 0 0 2330 9072 4568
13616 2 2 0 0 9072 1264 4568
13617 2 2 0 0 1264 9072 4569
13618 2 2 0 0 9072 2330 4569
13619 2 2 0 0 2356 9073 4568
13620 2 2 0 0 9073 732 4568
13621 2 2 0 0 732 9073 4585
13622 2 2 0 0 9073 2356 4585
13623 2 2 0 0 1264 9074 4568
13624 2 2 0 0 9074 2356 4568
13625 2 2 0 0 2356 9074 4620
13626 2 2 0 0 9074 1264 4620
13627 2 2 0 0 2352 9075 4569
13628 2 2 0 0 9075 1264 4569
13629 2 2 0 0 1264 9075 4613
13630 2 2 0 0 9075 2352 4613
13631 2 2 0 0 437 9076 4569
13632 2 2 0 0 9076 2352 4569
13633 2 2 0 0 2352 9076 4571
13634 2 2 0 0 9076 437 4571
13635 2 2 0 0 731 9077 4570
13636 2 2 0 0 9077 2331 4570
13637 2 2 0 0 2331 9077 4572
13638 2 2 0 0 9077 731 4572
13639 2 2 0 0 2332 9078 4570
13640 2 2 0 0 9078 731 4570
13641 2 2 0 0 731 9078 4573
13642 2 2 0 0 9078 2332 4573
13643 2 2 0 0 2331 9079 4571
13644 2 2 0 0 9079 1262 4571
13645 2 2 0 0 1262 9079 4572
13646 2 2 0 0 9079 2331 4572
13647 2 2 0 0 1262 9080 4571
13648 2 2 0 0 9080 2352 4571
13649 2 2 0 0 2352 9080 4612
13650 2 2 0 0 9080 1262 4612
13651 2 2 0 0 2351 9081 4572
13652 2 2 0 0 9081 1262 4572
13653 2 2 0 0 1262 9081 4610
13654 2 2 0 0 9081 2351 4610
13655 2 2 0 0 731 9082 4572
13656 2 2 0 0 9082 2351 4572
13657 2 2 0 0 2351 9082 4600
13658 2 2 0 0 9082 731 4600
13659 2 2 0 0 2332 9083 4573
13660 2 2 0 0 9083 1259 4573
13661 2 2 0 0 1259 9083 4574
13662 2 2 0 0 9083 2332 4574
13663 2 2 0 0 2346 9084 4573
13664 2 2 0 0 9084 731 4573
13665 2 2 0 0 731 9084 4600
13666 2 2 0 0 9084 2346 4600
13667 2 2 0 0 1259 9085 4573
13668 2 2 0 0 9085 2346 4573
13669 2 2 0 0 2346 9085 4598
13670 2 2 0 0 9085 1259 4598
13671 2 2 0 0 2333 9086 4574
13672 2 2 0 0 9086 1259 4574
13673 2 2 0 0 1259 9086 4576
13674 2 2 0 0 9086 2333 4576
13675 2 2 0 0 729 9087 4575
13676 2 2 0 0 9087 2333 4575
13677 2 2 0 0 2333 9087 4576
13678 2 2 0 0 9087 729 4576
13679 2 2 0 0 2334 9088 4575
13680 2 2 0 0 9088 729 4575
13681 2 2 0 0 729 9088 4577
13682 2 2 0 0 9088 2334 4577
13683 2 2 0 0 2345 9089 4576
13684 2 2 0 0 9089 1259 4576
13685 2 2 0 0 1259 9089 4598
13686 2 2 0 0 9089 2345 4598
13687 2 2 0 0 729 9090 4576
13688 2 2 0 0 9090 2345 4576
13689 2 2 0 0 2345 9090 4595
13690 2 2 0 0 9090 729 4595
13691 2 2 0 0 2343 9091 4577
13692 2 2 0 0 9091 729 4577
13693 2 2 0 0 729 9091 4595
13694 2 2 0 0 9091 2343 4595
13695 2 2 0 0 1258 9092 4577
13696 2 2 0 0 9092 2343 4577
13697 2 2 0 0 2343 9092 4594
13698 2 2 0 0 9092 1258 4594
13699 2 2 0 0 243 9093 4578
13700 2 2 0 0 9093 2335 4578
13701 2 2 0 0 2335 9093 4580
13702 2 2 0 0 9093 243 4580
13703 2 2 0 0 2336 9094 4578
13704 2 2 0 0 9094 243 4578
13705 2 2 0 0 243 9094 4581
13706 2 2 0 0 9094 2336 4581
13707 2 2 0 0 2335 9095 4579
13708 2 2 0 0 9095 1256 4579
13709 2 2 0 0 1256 9095 4580
13710 2 2 0 0 9095 2335 4580
13711 2 2 0 0 1256 9096 4579
13712 2 2 0 0 9096 2337 4579
13713 2 2 0 0 2337 9096 4583
13714 2 2 0 0 9096 1256 4583
13715 2 2 0 0 2340 9097 4580
13716 2 2 0 0 9097 1256 4580
13717 2 2 0 0 1256 9097 4586
13718 2 2 0 0 9097 2340 4586
13719 2 2 0 0 243 9098 4580
13720 2 2 0 0 9098 2340 4580
13721 2 2 0 0 2340 9098 4590
13722 2 2 0 0 9098 243 4590
13723 2 2 0 0 2341 9099 4581
13724 2 2 0 0 9099 243 4581
13725 2 2 0 0 243 9099 4590
13726 2 2 0 0 9099 2341 4590
13727 2 2 0 0 1257 9100 4581
13728 2 2 0 0 9100 2341 4581
13729 2 2 0 0 2341 9100 4591
13730 2 2 0 0 9100 1257 4591
13731 2 2 0 0 2337 9101 4582
13732 2 2 0 0 9101 441 4582
13733 2 2 0 0 441 9101 4583
13734 2 2 0 0 9101 2337 4583
13735 2 2 0 0 2338 9102 4582
13736 2 2 0 0 9102 441 4582
13737 2 2 0 0 441 9102 4584
13738 2 2 0 0 9102 2338 4584
13739 2 2 0 0 2339 9103 4583
13740 2 2 0 0 9103 441 4583
13741 2 2 0 0 441 9103 4587
13742 2 2 0 0 9103 2339 4587
13743 2 2 0 0 1256 9104 4583
13744 2 2 0 0 9104 2339 4583
13745 2 2 0 0 2339 9104 4586
13746 2 2 0 0 9104 1256 4586
13747 2 2 0 0 2338 9105 4584
13748 2 2 0 0 9105 1265 4584
13749 2 2 0 0 1265 9105 4585
13750 2 2 0 0 9105 2338 4585
13751 2 2 0 0 2358 9106 4584
13752 2 2 0 0 9106 441 4584
13753 2 2 0 0 441 9106 4587
13754 2 2 0 0 9106 2358 4587
13755 2 2 0 0 1265 9107 4584
13756 2 2 0 0 9107 2358 4584
13757 2 2 0 0 2358 9107 4624
13758 2 2 0 0 9107 1265 4624
13759 2 2 0 0 2356 9108 4585
13760 2 2 0 0 9108 1265 4585
13761 2 2 0 0 1265 9108 4621
13762 2 2 0 0 9108 2356 4621
13763 2 2 0 0 740 9109 4586
13764 2 2 0 0 9109 2339 4586
13765 2 2 0 0 2339 9109 4588
13766 2 2 0 0 9109 740 4588
13767 2 2 0 0 2340 9110 4586
13768 2 2 0 0 9110 740 4586
13769 2 2 0 0 740 9110 4589
13770 2 2 0 0 9110 2340 4589
13771 2 2 0 0 2339 9111 4587
13772 2 2 0 0 9111 1282 4587
13773 2 2 0 0 1282 9111 4588
13774 2 2 0 0 9111 2339 4588
13775 2 2 0 0 2358 9112 4587
13776 2 2 0 0 9112 1282 4587
13777 2 2 0 0 1282 9112 4625
13778 2 2 0 0 9112 2358 4625
13779 2 2 0 0 2389 9113 4588
13780 2 2 0 0 9113 1282 4588
13781 2 2 0 0 1282 9113 4696
13782 2 2 0 0 9113 2389 4696
13783 2 2 0 0 740 9114 4588
13784 2 2 0 0 9114 2389 4588
13785 2 2 0 0 2389 9114 4677
13786 2 2 0 0 9114 740 4677
13787 2 2 0 0 2340 9115 4589
13788 2 2 0 0 9115 1277 4589
13789 2 2 0 0 1277 9115 4590
13790 2 2 0 0 9115 2340 4590
13791 2 2 0 0 2384 9116 4589
13792 2 2 0 0 9116 740 4589
13793 2 2 0 0 740 9116 4677
13794 2 2 0 0 9116 2384 4677
13795 2 2 0 0 1277 9117 4589
13796 2 2 0 0 9117 2384 4589
13797 2 2 0 0 2384 9117 4675
13798 2 2 0 0 9117 1277 4675
13799 2 2 0 0 2341 9118 4590
13800 2 2 0 0 9118 1277 4590
13801 2 2 0 0 1277 9118 4592
13802 2 2 0 0 9118 2341 4592
13803 2 2 0 0 738 9119 4591
13804 2 2 0 0 9119 2341 4591
13805 2 2 0 0 2341 9119 4592
13806 2 2 0 0 9119 738 4592
13807 2 2 0 0 2342 9120 4591
13808 2 2 0 0 9120 738 4591
13809 2 2 0 0 738 9120 4593
13810 2 2 0 0 9120 2342 4593
13811 2 2 0 0 2383 9121 4592
13812 2 2 0 0 9121 1277 4592
13813 2 2 0 0 1277 9121 4675
13814 2 2 0 0 9121 2383 4675
13815 2 2 0 0 738 9122 4592
13816 2 2 0 0 9122 2383 4592
13817 2 2 0 0 2383 9122 4671
13818 2 2 0 0 9122 738 4671
13819 2 2 0 0 2381 9123 4593
13820 2 2 0 0 9123 738 4593
13821 2 2 0 0 738 9123 4671
13822 2 2 0 0 9123 2381 4671
13823 2 2 0 0 1276 9124 4593
13824 2 2 0 0 9124 2381 4593
13825 2 2 0 0 2381 9124 4670
13826 2 2 0 0 9124 1276 4670
13827 2 2 0 0 126 9125 4594
13828 2 2 0 0 9125 2343 4594
13829 2 2 0 0 2343 9125 4596
13830 2 2 0 0 9125 126 4596
13831 2 2 0 0 2344 9126 4594
13832 2 2 0 0 9126 126 4594
13833 2 2 0 0 126 9126 4597
13834 2 2 0 0 9126 2344 4597
13835 2 2 0 0 2343 9127 4595
13836 2 2 0 0 9127 1260 4595
13837 2 2 0 0 1260 9127 4596
13838 2 2 0 0 9127 2343 4596
13839 2 2 0 0 1260 9128 4595
13840 2 2 0 0 9128 2345 4595
13841 2 2 0 0 2345 9128 4599
13842 2 2 0 0 9128 1260 4599
13843 2 2 0 0 2348 9129 4596
13844 2 2 0 0 9129 1260 4596
13845 2 2 0 0 1260 9129 4602
13846 2 2 0 0 9129 2348 4602
13847 2 2 0 0 126 9130 4596
13848 2 2 0 0 9130 2348 4596
13849 2 2 0 0 2348 9130 4606
13850 2 2 0 0 9130 126 4606
13851 2 2 0 0 2349 9131 4597
13852 2 2 0 0 9131 126 4597
13853 2 2 0 0 126 9131 4606
13854 2 2 0 0 9131 2349 4606
13855 2 2 0 0 1261 9132 4597
13856 2 2 0 0 9132 2349 4597
13857 2 2 0 0 2349 9132 4607
13858 2 2 0 0 9132 1261 4607
13859 2 2 0 0 2345 9133 4598
13860 2 2 0 0 9133 438 4598
13861 2 2 0 0 438 9133 4599
13862 2 2 0 0 9133 2345 4599
13863 2 2 0 0 438 9134 4598
13864 2 2 0 0 9134 2346 4598
13865 2 2 0 0 2346 9134 4601
13866 2 2 0 0 9134 438 4601
13867 2 2 0 0 2347 9135 4599
13868 2 2 0 0 9135 438 4599
13869 2 2 0 0 438 9135 4603
13870 2 2 0 0 9135 2347 4603
13871 2 2 0 0 1260 9136 4599
13872 2 2 0 0 9136 2347 4599
13873 2 2 0 0 2347 9136 4602
13874 2 2 0 0 9136 1260 4602
13875 2 2 0 0 2346 9137 4600
13876 2 2 0 0 9137 1263 4600
13877 2 2 0 0 1263 9137 4601
13878 2 2 0 0 9137 2346 4601
13879 2 2 0 0 1263 9138 4600
13880 2 2 0 0 9138 2351 4600
13881 2 2 0 0 2351 9138 4611
13882 2 2 0 0 9138 1263 4611
13883 2 2 0 0 2355 9139 4601
13884 2 2 0 0 9139 1263 4601
13885 2 2 0 0 1263 9139 4616
13886 2 2 0 0 9139 2355 4616
13887 2 2 0 0 438 9140 4601
13888 2 2 0 0 9140 2355 4601
13889 2 2 0 0 2355 9140 4603
13890 2 2 0 0 9140 438 4603
13891 2 2 0 0 735 9141 4602
13892 2 2 0 0 9141 2347 4602
13893 2 2 0 0 2347 9141 4604
13894 2 2 0 0 9141 735 4604
13895 2 2 0 0 2348 9142 4602
13896 2 2 0 0 9142 735 4602
13897 2 2 0 0 735 9142 4605
13898 2 2 0 0 9142 2348 4605
13899 2 2 0 0 2347 9143 4603
13900 2 2 0 0 9143 1268 4603
13901 2 2 0 0 1268 9143 4604
13902 2 2 0 0 9143 2347 4604
13903 2 2 0 0 1268 9144 4603
13904 2 2 0 0 9144 2355 4603
13905 2 2 0 0 2355 9144 4619
13906 2 2 0 0 9144 1268 4619
13907 2 2 0 0 2366 9145 4604
13908 2 2 0 0 9145 1268 4604
13909 2 2 0 0 1268 9145 4638
13910 2 2 0 0 9145 2366 4638
13911 2 2 0 0 735 9146 4604
13912 2 2 0 0 9146 2366 4604
13913 2 2 0 0 2366 9146 4642
13914 2 2 0 0 9146 735 4642
13915 2 2 0 0 2348 9147 4605
13916 2 2 0 0 9147 1272 4605
13917 2 2 0 0 1272 9147 4606
13918 2 2 0 0 9147 2348 4606
13919 2 2 0 0 2371 9148 4605
13920 2 2 0 0 9148 735 4605
13921 2 2 0 0 735 9148 4642
13922 2 2 0 0 9148 2371 4642
13923 2 2 0 0 1272 9149 4605
13924 2 2 0 0 9149 2371 4605
13925 2 2 0 0 2371 9149 4653
13926 2 2 0 0 9149 1272 4653
13927 2 2 0 0 2349 9150 4606
13928 2 2 0 0 9150 1272 4606
13929 2 2 0 0 1272 9150 4608
13930 2 2 0 0 9150 2349 4608
13931 2 2 0 0 736 9151 4607
13932 2 2 0 0 9151 2349 4607
13933 2 2 0 0 2349 9151 4608
13934 2 2 0 0 9151 736 4608
13935 2 2 0 0 2350 9152 4607
13936 2 2 0 0 9152 736 4607
13937 2 2 0 0 736 9152 4609
13938 2 2 0 0 9152 2350 4609
13939 2 2 0 0 2374 9153 4608
13940 2 2 0 0 9153 1272 4608
13941 2 2 0 0 1272 9153 4653
13942 2 2 0 0 9153 2374 4653
13943 2 2 0 0 736 9154 4608
13944 2 2 0 0 9154 2374 4608
13945 2 2 0 0 2374 9154 4659
13946 2 2 0 0 9154 736 4659
13947 2 2 0 0 2375 9155 4609
13948 2 2 0 0 9155 736 4609
13949 2 2 0 0 736 9155 4659
13950 2 2 0 0 9155 2375 4659
13951 2 2 0 0 1273 9156 4609
13952 2 2 0 0 9156 2375 4609
13953 2 2 0 0 2375 9156 4660
13954 2 2 0 0 9156 1273 4660
13955 2 2 0 0 2351 9157 4610
13956 2 2 0 0 9157 163 4610
13957 2 2 0 0 163 9157 4611
13958 2 2 0 0 9157 2351 4611
13959 2 2 0 0 2353 9158 4610
13960 2 2 0 0 9158 1262 4610
13961 2 2 0 0 1262 9158 4612
13962 2 2 0 0 9158 2353 4612
13963 2 2 0 0 163 9159 4610
13964 2 2 0 0 9159 2353 4610
13965 2 2 0 0 2353 9159 4615
13966 2 2 0 0 9159 163 4615
13967 2 2 0 0 2354 9160 4611
13968 2 2 0 0 9160 163 4611
13969 2 2 0 0 163 9160 4617
13970 2 2 0 0 9160 2354 4617
13971 2 2 0 0 1263 9161 4611
13972 2 2 0 0 9161 2354 4611
13973 2 2 0 0 2354 9161 4616
13974 2 2 0 0 9161 1263 4616
13975 2 2 0 0 733 9162 4612
13976 2 2 0 0 9162 2352 4612
13977 2 2 0 0 2352 9162 4613
13978 2 2 0 0 9162 733 4613
13979 2 2 0 0 2353 9163 4612
13980 2 2 0 0 9163 733 4612
13981 2 2 0 0 733 9163 4614
13982 2 2 0 0 9163 2353 4614
13983 2 2 0 0 2357 9164 4613
13984 2 2 0 0 9164 1264 4613
13985 2 2 0 0 1264 9164 4620
13986 2 2 0 0 9164 2357 4620
13987 2 2 0 0 733 9165 4613
13988 2 2 0 0 9165 2357 4613
13989 2 2 0 0 2357 9165 4623
13990 2 2 0 0 9165 733 4623
13991 2 2 0 0 2353 9166 4614
13992 2 2 0 0 9166 1267 4614
13993 2 2 0 0 1267 9166 4615
13994 2 2 0 0 9166 2353 4615
13995 2 2 0 0 2360 9167 4614
13996 2 2 0 0 9167 733 4614
13997 2 2 0 0 733 9167 4623
13998 2 2 0 0 9167 2360 4623
13999 2 2 0 0 1267 9168 4614
14000 2 2 0 0 9168 2360 4614
14001 2 2 0 0 2360 9168 4629
14002 2 2 0 0 9168 1267 4629
14003 2 2 0 0 2364 9169 4615
14004 2 2 0 0 9169 1267 4615
14005 2 2 0 0 1267 9169 4634
14006 2 2 0 0 9169 2364 4634
14007 2 2 0 0 163 9170 4615
14008 2 2 0 0 9170 2364 4615
14009 2 2 0 0 2364 9170 4617
14010 2 2 0 0 9170 163 4617
14011 2 2 0 0 734 9171 4616
14012 2 2 0 0 9171 2354 4616
14013 2 2 0 0 2354 9171 4618
14014 2 2 0 0 9171 734 4618
14015 2 2 0 0 2355 9172 4616
14016 2 2 0 0 9172 734 4616
14017 2 2 0 0 734 9172 4619
14018 2 2 0 0 9172 2355 4619
14019 2 2 0 0 2354 9173 4617
14020 2 2 0 0 9173 1269 4617
14021 2 2 0 0 1269 9173 4618
14022 2 2 0 0 9173 2354 4618
14023 2 2 0 0 1269 9174 4617
14024 2 2 0 0 9174 2364 4617
14025 2 2 0 0 2364 9174 4637
14026 2 2 0 0 9174 1269 4637
14027 2 2 0 0 2367 9175 4618
14028 2 2 0 0 9175 1269 4618
14029 2 2 0 0 1269 9175 4643
14030 2 2 0 0 9175 2367 4643
14031 2 2 0 0 734 9176 4618
14032 2 2 0 0 9176 2367 4618
14033 2 2 0 0 2367 9176 4639
14034 2 2 0 0 9176 734 4639
14035 2 2 0 0 2365 9177 4619
14036 2 2 0 0 9177 734 4619
14037 2 2 0 0 734 9177 4639
14038 2 2 0 0 9177 2365 4639
14039 2 2 0 0 1268 9178 4619
14040 2 2 0 0 9178 2365 4619
14041 2 2 0 0 2365 9178 4638
14042 2 2 0 0 9178 1268 4638
14043 2 2 0 0 249 9179 4620
14044 2 2 0 0 9179 2356 4620
14045 2 2 0 0 2356 9179 4621
14046 2 2 0 0 9179 249 4621
14047 2 2 0 0 2357 9180 4620
14048 2 2 0 0 9180 249 4620
14049 2 2 0 0 249 9180 4622
14050 2 2 0 0 9180 2357 4622
14051 2 2 0 0 2359 9181 4621
14052 2 2 0 0 9181 1265 4621
14053 2 2 0 0 1265 9181 4624
14054 2 2 0 0 9181 2359 4624
14055 2 2 0 0 249 9182 4621
14056 2 2 0 0 9182 2359 4621
14057 2 2 0 0 2359 9182 4627
14058 2 2 0 0 9182 249 4627
14059 2 2 0 0 2357 9183 4622
14060 2 2 0 0 9183 1266 4622
14061 2 2 0 0 1266 9183 4623
14062 2 2 0 0 9183 2357 4623
14063 2 2 0 0 2361 9184 4622
14064 2 2 0 0 9184 249 4622
14065 2 2 0 0 249 9184 4627
14066 2 2 0 0 9184 2361 4627
14067 2 2 0 0 1266 9185 4622
14068 2 2 0 0 9185 2361 4622
14069 2 2 0 0 2361 9185 4630
14070 2 2 0 0 9185 1266 4630
14071 2 2 0 0 2360 9186 4623
14072 2 2 0 0 9186 1266 4623
14073 2 2 0 0 1266 9186 4628
14074 2 2 0 0 9186 2360 4628
14075 2 2 0 0 741 9187 4624
14076 2 2 0 0 9187 2358 4624
14077 2 2 0 0 2358 9187 4625
14078 2 2 0 0 9187 741 4625
14079 2 2 0 0 2359 9188 4624
14080 2 2 0 0 9188 741 4624
14081 2 2 0 0 741 9188 4626
14082 2 2 0 0 9188 2359 4626
14083 2 2 0 0 2390 9189 4625
14084 2 2 0 0 9189 1282 4625
14085 2 2 0 0 1282 9189 4696
14086 2 2 0 0 9189 2390 4696
14087 2 2 0 0 741 9190 4625
14088 2 2 0 0 9190 2390 4625
14089 2 2 0 0 2390 9190 4699
14090 2 2 0 0 9190 741 4699
14091 2 2 0 0 2359 9191 4626
14092 2 2 0 0 9191 1285 4626
14093 2 2 0 0 1285 9191 4627
14094 2 2 0 0 9191 2359 4627
14095 2 2 0 0 2393 9192 4626
14096 2 2 0 0 9192 741 4626
14097 2 2 0 0 741 9192 4699
14098 2 2 0 0 9192 2393 4699
14099 2 2 0 0 1285 9193 4626
14100 2 2 0 0 9193 2393 4626
14101 2 2 0 0 2393 9193 4705
14102 2 2 0 0 9193 1285 4705
14103 2 2 0 0 2361 9194 4627
14104 2 2 0 0 9194 1285 4627
14105 2 2 0 0 1285 9194 4631
14106 2 2 0 0 9194 2361 4631
14107 2 2 0 0 2360 9195 4628
14108 2 2 0 0 9195 453 4628
14109 2 2 0 0 453 9195 4629
14110 2 2 0 0 9195 2360 4629
14111 2 2 0 0 2362 9196 4628
14112 2 2 0 0 9196 1266 4628
14113 2 2 0 0 1266 9196 4630
14114 2 2 0 0 9196 2362 4630
14115 2 2 0 0 453 9197 4628
14116 2 2 0 0 9197 2362 4628
14117 2 2 0 0 2362 9197 4633
14118 2 2 0 0 9197 453 4633
14119 2 2 0 0 2363 9198 4629
14120 2 2 0 0 9198 453 4629
14121 2 2 0 0 453 9198 4635
14122 2 2 0 0 9198 2363 4635
14123 2 2 0 0 1267 9199 4629
14124 2 2 0 0 9199 2363 4629
14125 2 2 0 0 2363 9199 4634
14126 2 2 0 0 9199 1267 4634
14127 2 2 0 0 759 9200 4630
14128 2 2 0 0 9200 2361 4630
14129 2 2 0 0 2361 9200 4631
14130 2 2 0 0 9200 759 4631
14131 2 2 0 0 2362 9201 4630
14132 2 2 0 0 9201 759 4630
14133 2 2 0 0 759 9201 4632
14134 2 2 0 0 9201 2362 4632
14135 2 2 0 0 2396 9202 4631
14136 2 2 0 0 9202 1285 4631
14137 2 2 0 0 1285 9202 4705
14138 2 2 0 0 9202 2396 4705
14139 2 2 0 0 759 9203 4631
14140 2 2 0 0 9203 2396 4631
14141 2 2 0 0 2396 9203 4711
14142 2 2 0 0 9203 759 4711
14143 2 2 0 0 2362 9204 4632
14144 2 2 0 0 9204 1327 4632
14145 2 2 0 0 1327 9204 4633
14146 2 2 0 0 9204 2362 4633
14147 2 2 0 0 2467 9205 4632
14148 2 2 0 0 9205 759 4632
14149 2 2 0 0 759 9205 4711
14150 2 2 0 0 9205 2467 4711
14151 2 2 0 0 1327 9206 4632
14152 2 2 0 0 9206 2467 4632
14153 2 2 0 0 2467 9206 4890
14154 2 2 0 0 9206 1327 4890
14155 2 2 0 0 2456 9207 4633
14156 2 2 0 0 9207 1327 4633
14157 2 2 0 0 1327 9207 4843
14158 2 2 0 0 9207 2456 4843
14159 2 2 0 0 453 9208 4633
14160 2 2 0 0 9208 2456 4633
14161 2 2 0 0 2456 9208 4635
14162 2 2 0 0 9208 453 4635
14163 2 2 0 0 755 9209 4634
14164 2 2 0 0 9209 2363 4634
14165 2 2 0 0 2363 9209 4636
14166 2 2 0 0 9209 755 4636
14167 2 2 0 0 2364 9210 4634
14168 2 2 0 0 9210 755 4634
14169 2 2 0 0 755 9210 4637
14170 2 2 0 0 9210 2364 4637
14171 2 2 0 0 2363 9211 4635
14172 2 2 0 0 9211 1317 4635
14173 2 2 0 0 1317 9211 4636
14174 2 2 0 0 9211 2363 4636
14175 2 2 0 0 1317 9212 4635
14176 2 2 0 0 9212 2456 4635
14177 2 2 0 0 2456 9212 4842
14178 2 2 0 0 9212 1317 4842
14179 2 2 0 0 2454 9213 4636
14180 2 2 0 0 9213 1317 4636
14181 2 2 0 0 1317 9213 4839
14182 2 2 0 0 9213 2454 4839
14183 2 2 0 0 755 9214 4636
14184 2 2 0 0 9214 2454 4636
14185 2 2 0 0 2454 9214 4645
14186 2 2 0 0 9214 755 4645
14187 2 2 0 0 2368 9215 4637
14188 2 2 0 0 9215 755 4637
14189 2 2 0 0 755 9215 4645
14190 2 2 0 0 9215 2368 4645
14191 2 2 0 0 1269 9216 4637
14192 2 2 0 0 9216 2368 4637
14193 2 2 0 0 2368 9216 4643
14194 2 2 0 0 9216 1269 4643
14195 2 2 0 0 248 9217 4638
14196 2 2 0 0 9217 2365 4638
14197 2 2 0 0 2365 9217 4640
14198 2 2 0 0 9217 248 4640
14199 2 2 0 0 2366 9218 4638
14200 2 2 0 0 9218 248 4638
14201 2 2 0 0 248 9218 4641
14202 2 2 0 0 9218 2366 4641
14203 2 2 0 0 2365 9219 4639
14204 2 2 0 0 9219 1270 4639
14205 2 2 0 0 1270 9219 4640
14206 2 2 0 0 9219 2365 4640
14207 2 2 0 0 1270 9220 4639
14208 2 2 0 0 9220 2367 4639
14209 2 2 0 0 2367 9220 4644
14210 2 2 0 0 9220 1270 4644
14211 2 2 0 0 2370 9221 4640
14212 2 2 0 0 9221 1270 4640
14213 2 2 0 0 1270 9221 4647
14214 2 2 0 0 9221 2370 4647
14215 2 2 0 0 248 9222 4640
14216 2 2 0 0 9222 2370 4640
14217 2 2 0 0 2370 9222 4651
14218 2 2 0 0 9222 248 4651
14219 2 2 0 0 2366 9223 4641
14220 2 2 0 0 9223 1271 4641
14221 2 2 0 0 1271 9223 4642
14222 2 2 0 0 9223 2366 4642
14223 2 2 0 0 2372 9224 4641
14224 2 2 0 0 9224 248 4641
14225 2 2 0 0 248 9224 4651
14226 2 2 0 0 9224 2372 4651
14227 2 2 0 0 1271 9225 4641
14228 2 2 0 0 9225 2372 4641
14229 2 2 0 0 2372 9225 4654
14230 2 2 0 0 9225 1271 4654
14231 2 2 0 0 2371 9226 4642
14232 2 2 0 0 9226 1271 4642
14233 2 2 0 0 1271 9226 4652
14234 2 2 0 0 9226 2371 4652
14235 2 2 0 0 2367 9227 4643
14236 2 2 0 0 9227 451 4643
14237 2 2 0 0 451 9227 4644
14238 2 2 0 0 9227 2367 4644
14239 2 2 0 0 451 9228 4643
14240 2 2 0 0 9228 2368 4643
14241 2 2 0 0 2368 9228 4646
14242 2 2 0 0 9228 451 4646
14243 2 2 0 0 2369 9229 4644
14244 2 2 0 0 9229 451 4644
14245 2 2 0 0 451 9229 4648
14246 2 2 0 0 9229 2369 4648
14247 2 2 0 0 1270 9230 4644
14248 2 2 0 0 9230 2369 4644
14249 2 2 0 0 2369 9230 4647
14250 2 2 0 0 9230 1270 4647
14251 2 2 0 0 2368 9231 4645
14252 2 2 0 0 9231 1316 4645
14253 2 2 0 0 1316 9231 4646
14254 2 2 0 0 9231 2368 4646
14255 2 2 0 0 1316 9232 4645
14256 2 2 0 0 9232 2454 4645
14257 2 2 0 0 2454 9232 4838
14258 2 2 0 0 9232 1316 4838
14259 2 2 0 0 2450 9233 4646
14260 2 2 0 0 9233 1316 4646
14261 2 2 0 0 1316 9233 4831
14262 2 2 0 0 9233 2450 4831
14263 2 2 0 0 451 9234 4646
14264 2 2 0 0 9234 2450 4646
14265 2 2 0 0 2450 9234 4648
14266 2 2 0 0 9234 451 4648
14267 2 2 0 0 754 9235 4647
14268 2 2 0 0 9235 2369 4647
14269 2 2 0 0 2369 9235 4649
14270 2 2 0 0 9235 754 4649
14271 2 2 0 0 2370 9236 4647
14272 2 2 0 0 9236 754 4647
14273 2 2 0 0 754 9236 4650
14274 2 2 0 0 9236 2370 4650
14275 2 2 0 0 2369 9237 4648
14276 2 2 0 0 9237 1314 4648
14277 2 2 0 0 1314 9237 4649
14278 2 2 0 0 9237 2369 4649
14279 2 2 0 0 1314 9238 4648
14280 2 2 0 0 9238 2450 4648
14281 2 2 0 0 2450 9238 4830
14282 2 2 0 0 9238 1314 4830
14283 2 2 0 0 2449 9239 4649
14284 2 2 0 0 9239 1314 4649
14285 2 2 0 0 1314 9239 4828
14286 2 2 0 0 9239 2449 4828
14287 2 2 0 0 754 9240 4649
14288 2 2 0 0 9240 2449 4649
14289 2 2 0 0 2449 9240 4768
14290 2 2 0 0 9240 754 4768
14291 2 2 0 0 2370 9241 4650
14292 2 2 0 0 9241 1299 4650
14293 2 2 0 0 1299 9241 4651
14294 2 2 0 0 9241 2370 4651
14295 2 2 0 0 2420 9242 4650
14296 2 2 0 0 9242 754 4650
14297 2 2 0 0 754 9242 4768
14298 2 2 0 0 9242 2420 4768
14299 2 2 0 0 1299 9243 4650
14300 2 2 0 0 9243 2420 4650
14301 2 2 0 0 2420 9243 4766
14302 2 2 0 0 9243 1299 4766
14303 2 2 0 0 2372 9244 4651
14304 2 2 0 0 9244 1299 4651
14305 2 2 0 0 1299 9244 4655
14306 2 2 0 0 9244 2372 4655
14307 2 2 0 0 2371 9245 4652
14308 2 2 0 0 9245 447 4652
14309 2 2 0 0 447 9245 4653
14310 2 2 0 0 9245 2371 4653
14311 2 2 0 0 2373 9246 4652
14312 2 2 0 0 9246 1271 4652
14313 2 2 0 0 1271 9246 4654
14314 2 2 0 0 9246 2373 4654
14315 2 2 0 0 447 9247 4652
14316 2 2 0 0 9247 2373 4652
14317 2 2 0 0 2373 9247 4657
14318 2 2 0 0 9247 447 4657
14319 2 2 0 0 2374 9248 4653
14320 2 2 0 0 9248 447 4653
14321 2 2 0 0 447 9248 4658
14322 2 2 0 0 9248 2374 4658
14323 2 2 0 0 747 9249 4654
14324 2 2 0 0 9249 2372 4654
14325 2 2 0 0 2372 9249 4655
14326 2 2 0 0 9249 747 4655
14327 2 2 0 0 2373 9250 4654
14328 2 2 0 0 9250 747 4654
14329 2 2 0 0 747 9250 4656
14330 2 2 0 0 9250 2373 4656
14331 2 2 0 0 2419 9251 4655
14332 2 2 0 0 9251 1299 4655
14333 2 2 0 0 1299 9251 4766
14334 2 2 0 0 9251 2419 4766
14335 2 2 0 0 747 9252 4655
14336 2 2 0 0 9252 2419 4655
14337 2 2 0 0 2419 9252 4760
14338 2 2 0 0 9252 747 4760
14339 2 2 0 0 2373 9253 4656
14340 2 2 0 0 9253 1297 4656
14341 2 2 0 0 1297 9253 4657
14342 2 2 0 0 9253 2373 4657
14343 2 2 0 0 2416 9254 4656
14344 2 2 0 0 9254 747 4656
14345 2 2 0 0 747 9254 4760
14346 2 2 0 0 9254 2416 4760
14347 2 2 0 0 1297 9255 4656
14348 2 2 0 0 9255 2416 4656
14349 2 2 0 0 2416 9255 4758
14350 2 2 0 0 9255 1297 4758
14351 2 2 0 0 2377 9256 4657
14352 2 2 0 0 9256 1297 4657
14353 2 2 0 0 1297 9256 4664
14354 2 2 0 0 9256 2377 4664
14355 2 2 0 0 447 9257 4657
14356 2 2 0 0 9257 2377 4657
14357 2 2 0 0 2377 9257 4658
14358 2 2 0 0 9257 447 4658
14359 2 2 0 0 2374 9258 4658
14360 2 2 0 0 9258 1274 4658
14361 2 2 0 0 1274 9258 4659
14362 2 2 0 0 9258 2374 4659
14363 2 2 0 0 1274 9259 4658
14364 2 2 0 0 9259 2377 4658
14365 2 2 0 0 2377 9259 4663
14366 2 2 0 0 9259 1274 4663
14367 2 2 0 0 2375 9260 4659
14368 2 2 0 0 9260 1274 4659
14369 2 2 0 0 1274 9260 4661
14370 2 2 0 0 9260 2375 4661
14371 2 2 0 0 246 9261 4660
14372 2 2 0 0 9261 2375 4660
14373 2 2 0 0 2375 9261 4661
14374 2 2 0 0 9261 246 4661
14375 2 2 0 0 2376 9262 4660
14376 2 2 0 0 9262 246 4660
14377 2 2 0 0 246 9262 4662
14378 2 2 0 0 9262 2376 4662
14379 2 2 0 0 2378 9263 4661
14380 2 2 0 0 9263 1274 4661
14381 2 2 0 0 1274 9263 4663
14382 2 2 0 0 9263 2378 4663
14383 2 2 0 0 246 9264 4661
14384 2 2 0 0 9264 2378 4661
14385 2 2 0 0 2378 9264 4666
14386 2 2 0 0 9264 246 4666
14387 2 2 0 0 2379 9265 4662
14388 2 2 0 0 9265 246 4662
14389 2 2 0 0 246 9265 4666
14390 2 2 0 0 9265 2379 4666
14391 2 2 0 0 1275 9266 4662
14392 2 2 0 0 9266 2379 4662
14393 2 2 0 0 2379 9266 4667
14394 2 2 0 0 9266 1275 4667
14395 2 2 0 0 746 9267 4663
14396 2 2 0 0 9267 2377 4663
14397 2 2 0 0 2377 9267 4664
14398 2 2 0 0 9267 746 4664
14399 2 2 0 0 2378 9268 4663
14400 2 2 0 0 9268 746 4663
14401 2 2 0 0 746 9268 4665
14402 2 2 0 0 9268 2378 4665
14403 2 2 0 0 2415 9269 4664
14404 2 2 0 0 9269 1297 4664
14405 2 2 0 0 1297 9269 4758
14406 2 2 0 0 9269 2415 4758
14407 2 2 0 0 746 9270 4664
14408 2 2 0 0 9270 2415 4664
14409 2 2 0 0 2415 9270 4743
14410 2 2 0 0 9270 746 4743
14411 2 2 0 0 2378 9271 4665
14412 2 2 0 0 9271 1293 4665
14413 2 2 0 0 1293 9271 4666
14414 2 2 0 0 9271 2378 4666
14415 2 2 0 0 2408 9272 4665
14416 2 2 0 0 9272 746 4665
14417 2 2 0 0 746 9272 4743
14418 2 2 0 0 9272 2408 4743
14419 2 2 0 0 1293 9273 4665
14420 2 2 0 0 9273 2408 4665
14421 2 2 0 0 2408 9273 4741
14422 2 2 0 0 9273 1293 4741
14423 2 2 0 0 2379 9274 4666
14424 2 2 0 0 9274 1293 4666
14425 2 2 0 0 1293 9274 4668
14426 2 2 0 0 9274 2379 4668
14427 2 2 0 0 744 9275 4667
14428 2 2 0 0 9275 2379 4667
14429 2 2 0 0 2379 9275 4668
14430 2 2 0 0 9275 744 4668
14431 2 2 0 0 2380 9276 4667
14432 2 2 0 0 9276 744 4667
14433 2 2 0 0 744 9276 4669
14434 2 2 0 0 9276 2380 4669
14435 2 2 0 0 2407 9277 4668
14436 2 2 0 0 9277 1293 4668
14437 2 2 0 0 1293 9277 4741
14438 2 2 0 0 9277 2407 4741
14439 2 2 0 0 744 9278 4668
14440 2 2 0 0 9278 2407 4668
14441 2 2 0 0 2407 9278 4737
14442 2 2 0 0 9278 744 4737
14443 2 2 0 0 2405 9279 4669
14444 2 2 0 0 9279 744 4669
14445 2 2 0 0 744 9279 4737
14446 2 2 0 0 9279 2405 4737
14447 2 2 0 0 1292 9280 4669
14448 2 2 0 0 9280 2405 4669
14449 2 2 0 0 2405 9280 4736
14450 2 2 0 0 9280 1292 4736
14451 2 2 0 0 129 9281 4670
14452 2 2 0 0 9281 2381 4670
14453 2 2 0 0 2381 9281 4672
14454 2 2 0 0 9281 129 4672
14455 2 2 0 0 2382 9282 4670
14456 2 2 0 0 9282 129 4670
14457 2 2 0 0 129 9282 4673
14458 2 2 0 0 9282 2382 4673
14459 2 2 0 0 2381 9283 4671
14460 2 2 0 0 9283 1278 4671
14461 2 2 0 0 1278 9283 4672
14462 2 2 0 0 9283 2381 4672
14463 2 2 0 0 1278 9284 4671
14464 2 2 0 0 9284 2383 4671
14465 2 2 0 0 2383 9284 4676
14466 2 2 0 0 9284 1278 4676
14467 2 2 0 0 2386 9285 4672
14468 2 2 0 0 9285 1278 4672
14469 2 2 0 0 1278 9285 4679
14470 2 2 0 0 9285 2386 4679
14471 2 2 0 0 129 9286 4672
14472 2 2 0 0 9286 2386 4672
14473 2 2 0 0 2386 9286 4683
14474 2 2 0 0 9286 129 4683
14475 2 2 0 0 2382 9287 4673
14476 2 2 0 0 9287 1280 4673
14477 2 2 0 0 1280 9287 4674
14478 2 2 0 0 9287 2382 4674
14479 2 2 0 0 2388 9288 4673
14480 2 2 0 0 9288 129 4673
14481 2 2 0 0 129 9288 4683
14482 2 2 0 0 9288 2388 4683
14483 2 2 0 0 1280 9289 4673
14484 2 2 0 0 9289 2388 4673
14485 2 2 0 0 2388 9289 4688
14486 2 2 0 0 9289 1280 4688
14487 2 2 0 0 2387 9290 4674
14488 2 2 0 0 9290 1280 4674
14489 2 2 0 0 1280 9290 4686
14490 2 2 0 0 9290 2387 4686
14491 2 2 0 0 2383 9291 4675
14492 2 2 0 0 9291 442 4675
14493 2 2 0 0 442 9291 4676
14494 2 2 0 0 9291 2383 4676
14495 2 2 0 0 442 9292 4675
14496 2 2 0 0 9292 2384 4675
14497 2 2 0 0 2384 9292 4678
14498 2 2 0 0 9292 442 4678
14499 2 2 0 0 2385 9293 4676
14500 2 2 0 0 9293 442 4676
14501 2 2 0 0 442 9293 4680
14502 2 2 0 0 9293 2385 4680
14503 2 2 0 0 1278 9294 4676
14504 2 2 0 0 9294 2385 4676
14505 2 2 0 0 2385 9294 4679
14506 2 2 0 0 9294 1278 4679
14507 2 2 0 0 2384 9295 4677
14508 2 2 0 0 9295 1283 4677
14509 2 2 0 0 1283 9295 4678
14510 2 2 0 0 9295 2384 4678
14511 2 2 0 0 1283 9296 4677
14512 2 2 0 0 9296 2389 4677
14513 2 2 0 0 2389 9296 4697
14514 2 2 0 0 9296 1283 4697
14515 2 2 0 0 2392 9297 4678
14516 2 2 0 0 9297 1283 4678
14517 2 2 0 0 1283 9297 4700
14518 2 2 0 0 9297 2392 4700
14519 2 2 0 0 442 9298 4678
14520 2 2 0 0 9298 2392 4678
14521 2 2 0 0 2392 9298 4680
14522 2 2 0 0 9298 442 4680
14523 2 2 0 0 743 9299 4679
14524 2 2 0 0 9299 2385 4679
14525 2 2 0 0 2385 9299 4681
14526 2 2 0 0 9299 743 4681
14527 2 2 0 0 2386 9300 4679
14528 2 2 0 0 9300 743 4679
14529 2 2 0 0 743 9300 4682
14530 2 2 0 0 9300 2386 4682
14531 2 2 0 0 2385 9301 4680
14532 2 2 0 0 9301 1286 4680
14533 2 2 0 0 1286 9301 4681
14534 2 2 0 0 9301 2385 4681
14535 2 2 0 0 1286 9302 4680
14536 2 2 0 0 9302 2392 4680
14537 2 2 0 0 2392 9302 4703
14538 2 2 0 0 9302 1286 4703
14539 2 2 0 0 2398 9303 4681
14540 2 2 0 0 9303 1286 4681
14541 2 2 0 0 1286 9303 4712
14542 2 2 0 0 9303 2398 4712
14543 2 2 0 0 743 9304 4681
14544 2 2 0 0 9304 2398 4681
14545 2 2 0 0 2398 9304 4716
14546 2 2 0 0 9304 743 4716
14547 2 2 0 0 2386 9305 4682
14548 2 2 0 0 9305 1291 4682
14549 2 2 0 0 1291 9305 4683
14550 2 2 0 0 9305 2386 4683
14551 2 2 0 0 2403 9306 4682
14552 2 2 0 0 9306 743 4682
14553 2 2 0 0 743 9306 4716
14554 2 2 0 0 9306 2403 4716
14555 2 2 0 0 1291 9307 4682
14556 2 2 0 0 9307 2403 4682
14557 2 2 0 0 2403 9307 4729
14558 2 2 0 0 9307 1291 4729
14559 2 2 0 0 2388 9308 4683
14560 2 2 0 0 9308 1291 4683
14561 2 2 0 0 1291 9308 4695
14562 2 2 0 0 9308 2388 4695
14563 2 2 0 0 2387 9309 4686
14564 2 2 0 0 9309 444 4686
14565 2 2 0 0 444 9309 4687
14566 2 2 0 0 9309 2387 4687
14567 2 2 0 0 4685 9310 4686
14568 2 2 0 0 9310 1280 4686
14569 2 2 0 0 1280 9310 4688
14570 2 2 0 0 9310 4685 4688
14571 2 2 0 0 1279 9311 4688
14572 2 2 0 0 9311 2388 4688
14573 2 2 0 0 2388 9311 4695
14574 2 2 0 0 9311 1279 4695
14575 2 2 0 0 4694 9312 4695
14576 2 2 0 0 9312 1291 4695
14577 2 2 0 0 1291 9312 4729
14578 2 2 0 0 9312 4694 4729
14579 2 2 0 0 2389 9313 4696
14580 2 2 0 0 9313 167 4696
14581 2 2 0 0 167 9313 4697
14582 2 2 0 0 9313 2389 4697
14583 2 2 0 0 2390 9314 4696
14584 2 2 0 0 9314 167 4696
14585 2 2 0 0 167 9314 4698
14586 2 2 0 0 9314 2390 4698
14587 2 2 0 0 2391 9315 4697
14588 2 2 0 0 9315 167 4697
14589 2 2 0 0 167 9315 4701
14590 2 2 0 0 9315 2391 4701
14591 2 2 0 0 1283 9316 4697
14592 2 2 0 0 9316 2391 4697
14593 2 2 0 0 2391 9316 4700
14594 2 2 0 0 9316 1283 4700
14595 2 2 0 0 2390 9317 4698
14596 2 2 0 0 9317 1284 4698
14597 2 2 0 0 1284 9317 4699
14598 2 2 0 0 9317 2390 4699
14599 2 2 0 0 2394 9318 4698
14600 2 2 0 0 9318 167 4698
14601 2 2 0 0 167 9318 4701
14602 2 2 0 0 9318 2394 4701
14603 2 2 0 0 1284 9319 4698
14604 2 2 0 0 9319 2394 4698
14605 2 2 0 0 2394 9319 4706
14606 2 2 0 0 9319 1284 4706
14607 2 2 0 0 2393 9320 4699
14608 2 2 0 0 9320 1284 4699
14609 2 2 0 0 1284 9320 4704
14610 2 2 0 0 9320 2393 4704
14611 2 2 0 0 742 9321 4700
14612 2 2 0 0 9321 2391 4700
14613 2 2 0 0 2391 9321 4702
14614 2 2 0 0 9321 742 4702
14615 2 2 0 0 2392 9322 4700
14616 2 2 0 0 9322 742 4700
14617 2 2 0 0 742 9322 4703
14618 2 2 0 0 9322 2392 4703
14619 2 2 0 0 2391 9323 4701
14620 2 2 0 0 9323 1287 4701
14621 2 2 0 0 1287 9323 4702
14622 2 2 0 0 9323 2391 4702
14623 2 2 0 0 2394 9324 4701
14624 2 2 0 0 9324 1287 4701
14625 2 2 0 0 1287 9324 4707
14626 2 2 0 0 9324 2394 4707
14627 2 2 0 0 2399 9325 4702
14628 2 2 0 0 9325 1287 4702
14629 2 2 0 0 1287 9325 4717
14630 2 2 0 0 9325 2399 4717
14631 2 2 0 0 742 9326 4702
14632 2 2 0 0 9326 2399 4702
14633 2 2 0 0 2399 9326 4713
14634 2 2 0 0 9326 742 4713
14635 2 2 0 0 2397 9327 4703
14636 2 2 0 0 9327 742 4703
14637 2 2 0 0 742 9327 4713
14638 2 2 0 0 9327 2397 4713
14639 2 2 0 0 1286 9328 4703
14640 2 2 0 0 9328 2397 4703
14641 2 2 0 0 2397 9328 4712
14642 2 2 0 0 9328 1286 4712
14643 2 2 0 0 2393 9329 4704
14644 2 2 0 0 9329 454 4704
14645 2 2 0 0 454 9329 4705
14646 2 2 0 0 9329 2393 4705
14647 2 2 0 0 2395 9330 4704
14648 2 2 0 0 9330 1284 4704
14649 2 2 0 0 1284 9330 4706
14650 2 2 0 0 9330 2395 4706
14651 2 2 0 0 454 9331 4704
14652 2 2 0 0 9331 2395 4704
14653 2 2 0 0 2395 9331 4709
14654 2 2 0 0 9331 454 4709
14655 2 2 0 0 2396 9332 4705
14656 2 2 0 0 9332 454 4705
14657 2 2 0 0 454 9332 4710
14658 2 2 0 0 9332 2396 4710
14659 2 2 0 0 761 9333 4706
14660 2 2 0 0 9333 2394 4706
14661 2 2 0 0 2394 9333 4707
14662 2 2 0 0 9333 761 4707
14663 2 2 0 0 2395 9334 4706
14664 2 2 0 0 9334 761 4706
14665 2 2 0 0 761 9334 4708
14666 2 2 0 0 9334 2395 4708
14667 2 2 0 0 2400 9335 4707
14668 2 2 0 0 9335 1287 4707
14669 2 2 0 0 1287 9335 4717
14670 2 2 0 0 9335 2400 4717
14671 2 2 0 0 761 9336 4707
14672 2 2 0 0 9336 2400 4707
14673 2 2 0 0 2400 9336 4720
14674 2 2 0 0 9336 761 4720
14675 2 2 0 0 2395 9337 4708
14676 2 2 0 0 9337 1332 4708
14677 2 2 0 0 1332 9337 4709
14678 2 2 0 0 9337 2395 4709
14679 2 2 0 0 2473 9338 4708
14680 2 2 0 0 9338 761 4708
14681 2 2 0 0 761 9338 4720
14682 2 2 0 0 9338 2473 4720
14683 2 2 0 0 1332 9339 4708
14684 2 2 0 0 9339 2473 4708
14685 2 2 0 0 2473 9339 4910
14686 2 2 0 0 9339 1332 4910
14687 2 2 0 0 2469 9340 4709
14688 2 2 0 0 9340 1332 4709
14689 2 2 0 0 1332 9340 4895
14690 2 2 0 0 9340 2469 4895
14691 2 2 0 0 454 9341 4709
14692 2 2 0 0 9341 2469 4709
14693 2 2 0 0 2469 9341 4710
14694 2 2 0 0 9341 454 4710
14695 2 2 0 0 2396 9342 4710
14696 2 2 0 0 9342 1328 4710
14697 2 2 0 0 1328 9342 4711
14698 2 2 0 0 9342 2396 4711
14699 2 2 0 0 1328 9343 4710
14700 2 2 0 0 9343 2469 4710
14701 2 2 0 0 2469 9343 4894
14702 2 2 0 0 9343 1328 4894
14703 2 2 0 0 2467 9344 4711
14704 2 2 0 0 9344 1328 4711
14705 2 2 0 0 1328 9344 4891
14706 2 2 0 0 9344 2467 4891
14707 2 2 0 0 267 9345 4712
14708 2 2 0 0 9345 2397 4712
14709 2 2 0 0 2397 9345 4714
14710 2 2 0 0 9345 267 4714
14711 2 2 0 0 2398 9346 4712
14712 2 2 0 0 9346 267 4712
14713 2 2 0 0 267 9346 4715
14714 2 2 0 0 9346 2398 4715
14715 2 2 0 0 2397 9347 4713
14716 2 2 0 0 9347 1288 4713
14717 2 2 0 0 1288 9347 4714
14718 2 2 0 0 9347 2397 4714
14719 2 2 0 0 1288 9348 4713
14720 2 2 0 0 9348 2399 4713
14721 2 2 0 0 2399 9348 4718
14722 2 2 0 0 9348 1288 4718
14723 2 2 0 0 2402 9349 4714
14724 2 2 0 0 9349 1288 4714
14725 2 2 0 0 1288 9349 4721
14726 2 2 0 0 9349 2402 4721
14727 2 2 0 0 267 9350 4714
14728 2 2 0 0 9350 2402 4714
14729 2 2 0 0 2402 9350 4725
14730 2 2 0 0 9350 267 4725
14731 2 2 0 0 2398 9351 4715
14732 2 2 0 0 9351 1290 4715
14733 2 2 0 0 1290 9351 4716
14734 2 2 0 0 9351 2398 4716
14735 2 2 0 0 2404 9352 4715
14736 2 2 0 0 9352 267 4715
14737 2 2 0 0 267 9352 4725
14738 2 2 0 0 9352 2404 4725
14739 2 2 0 0 1290 9353 4715
14740 2 2 0 0 9353 2404 4715
14741 2 2 0 0 2404 9353 4730
14742 2 2 0 0 9353 1290 4730
14743 2 2 0 0 2403 9354 4716
14744 2 2 0 0 9354 1290 4716
14745 2 2 0 0 1290 9354 4728
14746 2 2 0 0 9354 2403 4728
14747 2 2 0 0 2399 9355 4717
14748 2 2 0 0 9355 473 4717
14749 2 2 0 0 473 9355 4718
14750 2 2 0 0 9355 2399 4718
14751 2 2 0 0 2400 9356 4717
14752 2 2 0 0 9356 473 4717
14753 2 2 0 0 473 9356 4719
14754 2 2 0 0 9356 2400 4719
14755 2 2 0 0 2401 9357 4718
14756 2 2 0 0 9357 473 4718
14757 2 2 0 0 473 9357 4722
14758 2 2 0 0 9357 2401 4722
14759 2 2 0 0 1288 9358 4718
14760 2 2 0 0 9358 2401 4718
14761 2 2 0 0 2401 9358 4721
14762 2 2 0 0 9358 1288 4721
14763 2 2 0 0 2400 9359 4719
14764 2 2 0 0 9359 1333 4719
14765 2 2 0 0 1333 9359 4720
14766 2 2 0 0 9359 2400 4720
14767 2 2 0 0 2475 9360 4719
14768 2 2 0 0 9360 473 4719
14769 2 2 0 0 473 9360 4722
14770 2 2 0 0 9360 2475 4722
14771 2 2 0 0 1333 9361 4719
14772 2 2 0 0 9361 2475 4719
14773 2 2 0 0 2475 9361 4914
14774 2 2 0 0 9361 1333 4914
14775 2 2 0 0 2473 9362 4720
14776 2 2 0 0 9362 1333 4720
14777 2 2 0 0 1333 9362 4911
14778 2 2 0 0 9362 2473 4911
14779 2 2 0 0 785 9363 4721
14780 2 2 0 0 9363 2401 4721
14781 2 2 0 0 2401 9363 4723
14782 2 2 0 0 9363 785 4723
14783 2 2 0 0 2402 9364 4721
14784 2 2 0 0 9364 785 4721
14785 2 2 0 0 785 9364 4724
14786 2 2 0 0 9364 2402 4724
14787 2 2 0 0 2401 9365 4722
14788 2 2 0 0 9365 1385 4722
14789 2 2 0 0 1385 9365 4723
14790 2 2 0 0 9365 2401 4723
14791 2 2 0 0 2475 9366 4722
14792 2 2 0 0 9366 1385 4722
14793 2 2 0 0 1385 9366 4915
14794 2 2 0 0 9366 2475 4915
14795 2 2 0 0 2567 9367 4723
14796 2 2 0 0 9367 1385 4723
14797 2 2 0 0 1385 9367 5122
14798 2 2 0 0 9367 2567 5122
14799 2 2 0 0 785 9368 4723
14800 2 2 0 0 9368 2567 4723
14801 2 2 0 0 2567 9368 5124
14802 2 2 0 0 9368 785 5124
14803 2 2 0 0 2402 9369 4724
14804 2 2 0 0 9369 1389 4724
14805 2 2 0 0 1389 9369 4725
14806 2 2 0 0 9369 2402 4725
14807 2 2 0 0 2570 9370 4724
14808 2 2 0 0 9370 785 4724
14809 2 2 0 0 785 9370 5124
14810 2 2 0 0 9370 2570 5124
14811 2 2 0 0 1389 9371 4724
14812 2 2 0 0 9371 2570 4724
14813 2 2 0 0 2570 9371 5130
14814 2 2 0 0 9371 1389 5130
14815 2 2 0 0 2404 9372 4725
14816 2 2 0 0 9372 1389 4725
14817 2 2 0 0 1389 9372 4735
14818 2 2 0 0 9372 2404 4735
14819 2 2 0 0 2403 9373 4728
14820 2 2 0 0 9373 477 4728
14821 2 2 0 0 477 9373 4729
14822 2 2 0 0 9373 2403 4729
14823 2 2 0 0 4727 9374 4728
14824 2 2 0 0 9374 1290 4728
14825 2 2 0 0 1290 9374 4730
14826 2 2 0 0 9374 4727 4730
14827 2 2 0 0 1289 9375 4730
14828 2 2 0 0 9375 2404 4730
14829 2 2 0 0 2404 9375 4735
14830 2 2 0 0 9375 1289 4735
14831 2 2 0 0 4734 9376 4735
14832 2 2 0 0 9376 1389 4735
14833 2 2 0 0 1389 9376 5130
14834 2 2 0 0 9376 4734 5130
14835 2 2 0 0 88 9377 4736
14836 2 2 0 0 9377 2405 4736
14837 2 2 0 0 2405 9377 4738
14838 2 2 0 0 9377 88 4738
14839 2 2 0 0 2406 9378 4736
14840 2 2 0 0 9378 88 4736
14841 2 2 0 0 2406 9378 4740
14842 2 2 0 0 9378 88 4740
14843 2 2 0 0 2405 9379 4737
14844 2 2 0 0 9379 1294 4737
14845 2 2 0 0 1294 9379 4738
14846 2 2 0 0 9379 2405 4738
14847 2 2 0 0 1294 9380 4737
14848 2 2 0 0 9380 2407 4737
14849 2 2 0 0 2407 9380 4742
14850 2 2 0 0 9380 1294 4742
14851 2 2 0 0 2410 9381 4738
14852 2 2 0 0 9381 1294 4738
14853 2 2 0 0 1294 9381 4745
14854 2 2 0 0 9381 2410 4745
14855 2 2 0 0 88 9382 4738
14856 2 2 0 0 9382 2410 4738
14857 2 2 0 0 88 9382 4748
14858 2 2 0 0 9382 2410 4748
14859 2 2 0 0 2406 9383 4739
14860 2 2 0 0 9383 1296 4739
14861 2 2 0 0 1296 9383 4740
14862 2 2 0 0 9383 2406 4740
14863 2 2 0 0 1296 9384 4739
14864 2 2 0 0 9384 2411 4739
14865 2 2 0 0 2411 9384 4751
14866 2 2 0 0 9384 1296 4751
14867 2 2 0 0 2414 9385 4740
14868 2 2 0 0 9385 1296 4740
14869 2 2 0 0 1296 9385 4754
14870 2 2 0 0 9385 2414 4754
14871 2 2 0 0 88 9386 4740
14872 2 2 0 0 9386 2414 4740
14873 2 2 0 0 2414 9386 4748
14874 2 2 0 0 9386 88 4748
14875 2 2 0 0 2407 9387 4741
14876 2 2 0 0 9387 448 4741
14877 2 2 0 0 448 9387 4742
14878 2 2 0 0 9387 2407 4742
14879 2 2 0 0 448 9388 4741
14880 2 2 0 0 9388 2408 4741
14881 2 2 0 0 2408 9388 4744
14882 2 2 0 0 9388 448 4744
14883 2 2 0 0 2409 9389 4742
14884 2 2 0 0 9389 448 4742
14885 2 2 0 0 448 9389 4746
14886 2 2 0 0 9389 2409 4746
14887 2 2 0 0 1294 9390 4742
14888 2 2 0 0 9390 2409 4742
14889 2 2 0 0 2409 9390 4745
14890 2 2 0 0 9390 1294 4745
14891 2 2 0 0 2408 9391 4743
14892 2 2 0 0 9391 1298 4743
14893 2 2 0 0 1298 9391 4744
14894 2 2 0 0 9391 2408 4744
14895 2 2 0 0 1298 9392 4743
14896 2 2 0 0 9392 2415 4743
14897 2 2 0 0 2415 9392 4759
14898 2 2 0 0 9392 1298 4759
14899 2 2 0 0 2418 9393 4744
14900 2 2 0 0 9393 1298 4744
14901 2 2 0 0 1298 9393 4762
14902 2 2 0 0 9393 2418 4762
14903 2 2 0 0 448 9394 4744
14904 2 2 0 0 9394 2418 4744
14905 2 2 0 0 2418 9394 4746
14906 2 2 0 0 9394 448 4746
14907 2 2 0 0 749 9395 4745
14908 2 2 0 0 9395 2409 4745
14909 2 2 0 0 2409 9395 4747
14910 2 2 0 0 9395 749 4747
14911 2 2 0 0 2410 9396 4745
14912 2 2 0 0 9396 749 4745
14913 2 2 0 0 2410 9396 4749
14914 2 2 0 0 9396 749 4749
14915 2 2 0 0 2409 9397 4746
14916 2 2 0 0 9397 1301 4746
14917 2 2 0 0 1301 9397 4747
14918 2 2 0 0 9397 2409 4747
14919 2 2 0 0 1301 9398 4746
14920 2 2 0 0 9398 2418 4746
14921 2 2 0 0 2418 9398 4765
14922 2 2 0 0 9398 1301 4765
14923 2 2 0 0 2424 9399 4747
14924 2 2 0 0 9399 1301 4747
14925 2 2 0 0 1301 9399 4774
14926 2 2 0 0 9399 2424 4774
14927 2 2 0 0 749 9400 4747
14928 2 2 0 0 9400 2424 4747
14929 2 2 0 0 749 9400 4777
14930 2 2 0 0 9400 2424 4777
14931 2 2 0 0 2410 9401 4748
14932 2 2 0 0 9401 1304 4748
14933 2 2 0 0 1304 9401 4749
14934 2 2 0 0 9401 2410 4749
14935 2 2 0 0 1304 9402 4748
14936 2 2 0 0 9402 2414 4748
14937 2 2 0 0 2414 9402 4757
14938 2 2 0 0 9402 1304 4757
14939 2 2 0 0 2429 9403 4749
14940 2 2 0 0 9403 1304 4749
14941 2 2 0 0 1304 9403 4788
14942 2 2 0 0 9403 2429 4788
14943 2 2 0 0 749 9404 4749
14944 2 2 0 0 9404 2429 4749
14945 2 2 0 0 2429 9404 4777
14946 2 2 0 0 9404 749 4777
14947 2 2 0 0 2411 9405 4750
14948 2 2 0 0 9405 450 4750
14949 2 2 0 0 450 9405 4751
14950 2 2 0 0 9405 2411 4751
14951 2 2 0 0 450 9406 4750
14952 2 2 0 0 9406 2412 4750
14953 2 2 0 0 2412 9406 4753
14954 2 2 0 0 9406 450 4753
14955 2 2 0 0 2413 9407 4751
14956 2 2 0 0 9407 450 4751
14957 2 2 0 0 450 9407 4755
14958 2 2 0 0 9407 2413 4755
14959 2 2 0 0 1296 9408 4751
14960 2 2 0 0 9408 2413 4751
14961 2 2 0 0 2413 9408 4754
14962 2 2 0 0 9408 1296 4754
14963 2 2 0 0 2412 9409 4752
14964 2 2 0 0 9409 1307 4752
14965 2 2 0 0 1307 9409 4753
14966 2 2 0 0 9409 2412 4753
14967 2 2 0 0 1307 9410 4752
14968 2 2 0 0 9410 2433 4752
14969 2 2 0 0 2433 9410 4797
14970 2 2 0 0 9410 1307 4797
14971 2 2 0 0 2436 9411 4753
14972 2 2 0 0 9411 1307 4753
14973 2 2 0 0 1307 9411 4800
14974 2 2 0 0 9411 2436 4800
14975 2 2 0 0 450 9412 4753
14976 2 2 0 0 9412 2436 4753
14977 2 2 0 0 2436 9412 4755
14978 2 2 0 0 9412 450 4755
14979 2 2 0 0 753 9413 4754
14980 2 2 0 0 9413 2413 4754
14981 2 2 0 0 2413 9413 4756
14982 2 2 0 0 9413 753 4756
14983 2 2 0 0 2414 9414 4754
14984 2 2 0 0 9414 753 4754
14985 2 2 0 0 753 9414 4757
14986 2 2 0 0 9414 2414 4757
14987 2 2 0 0 2413 9415 4755
14988 2 2 0 0 9415 1310 4755
14989 2 2 0 0 1310 9415 4756
14990 2 2 0 0 9415 2413 4756
14991 2 2 0 0 1310 9416 4755
14992 2 2 0 0 9416 2436 4755
14993 2 2 0 0 2436 9416 4803
14994 2 2 0 0 9416 1310 4803
14995 2 2 0 0 2442 9417 4756
14996 2 2 0 0 9417 1310 4756
14997 2 2 0 0 1310 9417 4812
14998 2 2 0 0 9417 2442 4812
14999 2 2 0 0 753 9418 4756
15000 2 2 0 0 9418 2442 4756
15001 2 2 0 0 2442 9418 4790
15002 2 2 0 0 9418 753 4790
15003 2 2 0 0 2430 9419 4757
15004 2 2 0 0 9419 753 4757
15005 2 2 0 0 753 9419 4790
15006 2 2 0 0 9419 2430 4790
15007 2 2 0 0 1304 9420 4757
15008 2 2 0 0 9420 2430 4757
15009 2 2 0 0 2430 9420 4788
15010 2 2 0 0 9420 1304 4788
15011 2 2 0 0 2415 9421 4758
15012 2 2 0 0 9421 164 4758
15013 2 2 0 0 164 9421 4759
15014 2 2 0 0 9421 2415 4759
15015 2 2 0 0 164 9422 4758
15016 2 2 0 0 9422 2416 4758
15017 2 2 0 0 2416 9422 4761
15018 2 2 0 0 9422 164 4761
15019 2 2 0 0 2417 9423 4759
15020 2 2 0 0 9423 164 4759
15021 2 2 0 0 164 9423 4763
15022 2 2 0 0 9423 2417 4763
15023 2 2 0 0 1298 9424 4759
15024 2 2 0 0 9424 2417 4759
15025 2 2 0 0 2417 9424 4762
15026 2 2 0 0 9424 1298 4762
15027 2 2 0 0 2416 9425 4760
15028 2 2 0 0 9425 1300 4760
15029 2 2 0 0 1300 9425 4761
15030 2 2 0 0 9425 2416 4761
15031 2 2 0 0 1300 9426 4760
15032 2 2 0 0 9426 2419 4760
15033 2 2 0 0 2419 9426 4767
15034 2 2 0 0 9426 1300 4767
15035 2 2 0 0 2422 9427 4761
15036 2 2 0 0 9427 1300 4761
15037 2 2 0 0 1300 9427 4770
15038 2 2 0 0 9427 2422 4770
15039 2 2 0 0 164 9428 4761
15040 2 2 0 0 9428 2422 4761
15041 2 2 0 0 2422 9428 4763
15042 2 2 0 0 9428 164 4763
15043 2 2 0 0 748 9429 4762
15044 2 2 0 0 9429 2417 4762
15045 2 2 0 0 2417 9429 4764
15046 2 2 0 0 9429 748 4764
15047 2 2 0 0 2418 9430 4762
15048 2 2 0 0 9430 748 4762
15049 2 2 0 0 748 9430 4765
15050 2 2 0 0 9430 2418 4765
15051 2 2 0 0 2417 9431 4763
15052 2 2 0 0 9431 1302 4763
15053 2 2 0 0 1302 9431 4764
15054 2 2 0 0 9431 2417 4764
15055 2 2 0 0 1302 9432 4763
15056 2 2 0 0 9432 2422 4763
15057 2 2 0 0 2422 9432 4773
15058 2 2 0 0 9432 1302 4773
15059 2 2 0 0 2425 9433 4764
15060 2 2 0 0 9433 1302 4764
15061 2 2 0 0 1302 9433 4779
15062 2 2 0 0 9433 2425 4779
15063 2 2 0 0 748 9434 4764
15064 2 2 0 0 9434 2425 4764
15065 2 2 0 0 2425 9434 4775
15066 2 2 0 0 9434 748 4775
15067 2 2 0 0 2423 9435 4765
15068 2 2 0 0 9435 748 4765
15069 2 2 0 0 748 9435 4775
15070 2 2 0 0 9435 2423 4775
15071 2 2 0 0 1301 9436 4765
15072 2 2 0 0 9436 2423 4765
15073 2 2 0 0 2423 9436 4774
15074 2 2 0 0 9436 1301 4774
15075 2 2 0 0 2419 9437 4766
15076 2 2 0 0 9437 452 4766
15077 2 2 0 0 452 9437 4767
15078 2 2 0 0 9437 2419 4767
15079 2 2 0 0 452 9438 4766
15080 2 2 0 0 9438 2420 4766
15081 2 2 0 0 2420 9438 4769
15082 2 2 0 0 9438 452 4769
15083 2 2 0 0 2421 9439 4767
15084 2 2 0 0 9439 452 4767
15085 2 2 0 0 452 9439 4771
15086 2 2 0 0 9439 2421 4771
15087 2 2 0 0 1300 9440 4767
15088 2 2 0 0 9440 2421 4767
15089 2 2 0 0 2421 9440 4770
15090 2 2 0 0 9440 1300 4770
15091 2 2 0 0 2420 9441 4768
15092 2 2 0 0 9441 1315 4768
15093 2 2 0 0 1315 9441 4769
15094 2 2 0 0 9441 2420 4769
15095 2 2 0 0 1315 9442 4768
15096 2 2 0 0 9442 2449 4768
15097 2 2 0 0 2449 9442 4829
15098 2 2 0 0 9442 1315 4829
15099 2 2 0 0 2453 9443 4769
15100 2 2 0 0 9443 1315 4769
15101 2 2 0 0 1315 9443 4834
15102 2 2 0 0 9443 2453 4834
15103 2 2 0 0 452 9444 4769
15104 2 2 0 0 9444 2453 4769
15105 2 2 0 0 2453 9444 4771
15106 2 2 0 0 9444 452 4771
15107 2 2 0 0 758 9445 4770
15108 2 2 0 0 9445 2421 4770
15109 2 2 0 0 2421 9445 4772
15110 2 2 0 0 9445 758 4772
15111 2 2 0 0 2422 9446 4770
15112 2 2 0 0 9446 758 4770
15113 2 2 0 0 758 9446 4773
15114 2 2 0 0 9446 2422 4773
15115 2 2 0 0 2421 9447 4771
15116 2 2 0 0 9447 1322 4771
15117 2 2 0 0 1322 9447 4772
15118 2 2 0 0 9447 2421 4772
15119 2 2 0 0 1322 9448 4771
15120 2 2 0 0 9448 2453 4771
15121 2 2 0 0 2453 9448 4837
15122 2 2 0 0 9448 1322 4837
15123 2 2 0 0 2462 9449 4772
15124 2 2 0 0 9449 1322 4772
15125 2 2 0 0 1322 9449 4872
15126 2 2 0 0 9449 2462 4872
15127 2 2 0 0 758 9450 4772
15128 2 2 0 0 9450 2462 4772
15129 2 2 0 0 2462 9450 4781
15130 2 2 0 0 9450 758 4781
15131 2 2 0 0 2426 9451 4773
15132 2 2 0 0 9451 758 4773
15133 2 2 0 0 758 9451 4781
15134 2 2 0 0 9451 2426 4781
15135 2 2 0 0 1302 9452 4773
15136 2 2 0 0 9452 2426 4773
15137 2 2 0 0 2426 9452 4779
15138 2 2 0 0 9452 1302 4779
15139 2 2 0 0 257 9453 4774
15140 2 2 0 0 9453 2423 4774
15141 2 2 0 0 2423 9453 4776
15142 2 2 0 0 9453 257 4776
15143 2 2 0 0 2424 9454 4774
15144 2 2 0 0 9454 257 4774
15145 2 2 0 0 2424 9454 4778
15146 2 2 0 0 9454 257 4778
15147 2 2 0 0 2423 9455 4775
15148 2 2 0 0 9455 1303 4775
15149 2 2 0 0 1303 9455 4776
15150 2 2 0 0 9455 2423 4776
15151 2 2 0 0 1303 9456 4775
15152 2 2 0 0 9456 2425 4775
15153 2 2 0 0 2425 9456 4780
15154 2 2 0 0 9456 1303 4780
15155 2 2 0 0 2428 9457 4776
15156 2 2 0 0 9457 1303 4776
15157 2 2 0 0 1303 9457 4783
15158 2 2 0 0 9457 2428 4783
15159 2 2 0 0 257 9458 4776
15160 2 2 0 0 9458 2428 4776
15161 2 2 0 0 257 9458 4786
15162 2 2 0 0 9458 2428 4786
15163 2 2 0 0 2424 9459 4777
15164 2 2 0 0 9459 1305 4777
15165 2 2 0 0 1305 9459 4778
15166 2 2 0 0 9459 2424 4778
15167 2 2 0 0 1305 9460 4777
15168 2 2 0 0 9460 2429 4777
15169 2 2 0 0 2429 9460 4789
15170 2 2 0 0 9460 1305 4789
15171 2 2 0 0 2432 9461 4778
15172 2 2 0 0 9461 1305 4778
15173 2 2 0 0 1305 9461 4792
15174 2 2 0 0 9461 2432 4792
15175 2 2 0 0 257 9462 4778
15176 2 2 0 0 9462 2432 4778
15177 2 2 0 0 2432 9462 4786
15178 2 2 0 0 9462 257 4786
15179 2 2 0 0 2425 9463 4779
15180 2 2 0 0 9463 459 4779
15181 2 2 0 0 459 9463 4780
15182 2 2 0 0 9463 2425 4780
15183 2 2 0 0 459 9464 4779
15184 2 2 0 0 9464 2426 4779
15185 2 2 0 0 2426 9464 4782
15186 2 2 0 0 9464 459 4782
15187 2 2 0 0 2427 9465 4780
15188 2 2 0 0 9465 459 4780
15189 2 2 0 0 459 9465 4784
15190 2 2 0 0 9465 2427 4784
15191 2 2 0 0 1303 9466 4780
15192 2 2 0 0 9466 2427 4780
15193 2 2 0 0 2427 9466 4783
15194 2 2 0 0 9466 1303 4783
15195 2 2 0 0 2426 9467 4781
15196 2 2 0 0 9467 1326 4781
15197 2 2 0 0 1326 9467 4782
15198 2 2 0 0 9467 2426 4782
15199 2 2 0 0 1326 9468 4781
15200 2 2 0 0 9468 2462 4781
15201 2 2 0 0 2462 9468 4875
15202 2 2 0 0 9468 1326 4875
15203 2 2 0 0 2466 9469 4782
15204 2 2 0 0 9469 1326 4782
15205 2 2 0 0 1326 9469 4887
15206 2 2 0 0 9469 2466 4887
15207 2 2 0 0 459 9470 4782
15208 2 2 0 0 9470 2466 4782
15209 2 2 0 0 2466 9470 4784
15210 2 2 0 0 9470 459 4784
15211 2 2 0 0 764 9471 4783
15212 2 2 0 0 9471 2427 4783
15213 2 2 0 0 2427 9471 4785
15214 2 2 0 0 9471 764 4785
15215 2 2 0 0 2428 9472 4783
15216 2 2 0 0 9472 764 4783
15217 2 2 0 0 2428 9472 4787
15218 2 2 0 0 9472 764 4787
15219 2 2 0 0 2427 9473 4784
15220 2 2 0 0 9473 1337 4784
15221 2 2 0 0 1337 9473 4785
15222 2 2 0 0 9473 2427 4785
15223 2 2 0 0 1337 9474 4784
15224 2 2 0 0 9474 2466 4784
15225 2 2 0 0 2466 9474 4889
15226 2 2 0 0 9474 1337 4889
15227 2 2 0 0 2480 9475 4785
15228 2 2 0 0 9475 1337 4785
15229 2 2 0 0 1337 9475 4928
15230 2 2 0 0 9475 2480 4928
15231 2 2 0 0 764 9476 4785
15232 2 2 0 0 9476 2480 4785
15233 2 2 0 0 764 9476 4931
15234 2 2 0 0 9476 2480 4931
15235 2 2 0 0 2428 9477 4786
15236 2 2 0 0 9477 1341 4786
15237 2 2 0 0 1341 9477 4787
15238 2 2 0 0 9477 2428 4787
15239 2 2 0 0 1341 9478 4786
15240 2 2 0 0 9478 2432 4786
15241 2 2 0 0 2432 9478 4795
15242 2 2 0 0 9478 1341 4795
15243 2 2 0 0 2483 9479 4787
15244 2 2 0 0 9479 1341 4787
15245 2 2 0 0 1341 9479 4946
15246 2 2 0 0 9479 2483 4946
15247 2 2 0 0 764 9480 4787
15248 2 2 0 0 9480 2483 4787
15249 2 2 0 0 2483 9480 4931
15250 2 2 0 0 9480 764 4931
15251 2 2 0 0 2429 9481 4788
15252 2 2 0 0 9481 463 4788
15253 2 2 0 0 463 9481 4789
15254 2 2 0 0 9481 2429 4789
15255 2 2 0 0 463 9482 4788
15256 2 2 0 0 9482 2430 4788
15257 2 2 0 0 2430 9482 4791
15258 2 2 0 0 9482 463 4791
15259 2 2 0 0 2431 9483 4789
15260 2 2 0 0 9483 463 4789
15261 2 2 0 0 463 9483 4793
15262 2 2 0 0 9483 2431 4793
15263 2 2 0 0 1305 9484 4789
15264 2 2 0 0 9484 2431 4789
15265 2 2 0 0 2431 9484 4792
15266 2 2 0 0 9484 1305 4792
15267 2 2 0 0 2430 9485 4790
15268 2 2 0 0 9485 1313 4790
15269 2 2 0 0 1313 9485 4791
15270 2 2 0 0 9485 2430 4791
15271 2 2 0 0 1313 9486 4790
15272 2 2 0 0 9486 2442 4790
15273 2 2 0 0 2442 9486 4815
15274 2 2 0 0 9486 1313 4815
15275 2 2 0 0 2448 9487 4791
15276 2 2 0 0 9487 1313 4791
15277 2 2 0 0 1313 9487 4825
15278 2 2 0 0 9487 2448 4825
15279 2 2 0 0 463 9488 4791
15280 2 2 0 0 9488 2448 4791
15281 2 2 0 0 2448 9488 4793
15282 2 2 0 0 9488 463 4793
15283 2 2 0 0 765 9489 4792
15284 2 2 0 0 9489 2431 4792
15285 2 2 0 0 2431 9489 4794
15286 2 2 0 0 9489 765 4794
15287 2 2 0 0 2432 9490 4792
15288 2 2 0 0 9490 765 4792
15289 2 2 0 0 765 9490 4795
15290 2 2 0 0 9490 2432 4795
15291 2 2 0 0 2431 9491 4793
15292 2 2 0 0 9491 1343 4793
15293 2 2 0 0 1343 9491 4794
15294 2 2 0 0 9491 2431 4794
15295 2 2 0 0 1343 9492 4793
15296 2 2 0 0 9492 2448 4793
15297 2 2 0 0 2448 9492 4827
15298 2 2 0 0 9492 1343 4827
15299 2 2 0 0 2487 9493 4794
15300 2 2 0 0 9493 1343 4794
15301 2 2 0 0 1343 9493 4954
15302 2 2 0 0 9493 2487 4954
15303 2 2 0 0 765 9494 4794
15304 2 2 0 0 9494 2487 4794
15305 2 2 0 0 2487 9494 4948
15306 2 2 0 0 9494 765 4948
15307 2 2 0 0 2484 9495 4795
15308 2 2 0 0 9495 765 4795
15309 2 2 0 0 765 9495 4948
15310 2 2 0 0 9495 2484 4948
15311 2 2 0 0 1341 9496 4795
15312 2 2 0 0 9496 2484 4795
15313 2 2 0 0 2484 9496 4946
15314 2 2 0 0 9496 1341 4946
15315 2 2 0 0 2433 9497 4796
15316 2 2 0 0 9497 166 4796
15317 2 2 0 0 166 9497 4797
15318 2 2 0 0 9497 2433 4797
15319 2 2 0 0 166 9498 4796
15320 2 2 0 0 9498 2434 4796
15321 2 2 0 0 2434 9498 4799
15322 2 2 0 0 9498 166 4799
15323 2 2 0 0 2435 9499 4797
15324 2 2 0 0 9499 166 4797
15325 2 2 0 0 166 9499 4801
15326 2 2 0 0 9499 2435 4801
15327 2 2 0 0 1307 9500 4797
15328 2 2 0 0 9500 2435 4797
15329 2 2 0 0 2435 9500 4800
15330 2 2 0 0 9500 1307 4800
15331 2 2 0 0 2434 9501 4798
15332 2 2 0 0 9501 1309 4798
15333 2 2 0 0 1309 9501 4799
15334 2 2 0 0 9501 2434 4799
15335 2 2 0 0 1309 9502 4798
15336 2 2 0 0 9502 2437 4798
15337 2 2 0 0 2437 9502 4805
15338 2 2 0 0 9502 1309 4805
15339 2 2 0 0 2440 9503 4799
15340 2 2 0 0 9503 1309 4799
15341 2 2 0 0 1309 9503 4808
15342 2 2 0 0 9503 2440 4808
15343 2 2 0 0 166 9504 4799
15344 2 2 0 0 9504 2440 4799
15345 2 2 0 0 2440 9504 4801
15346 2 2 0 0 9504 166 4801
15347 2 2 0 0 752 9505 4800
15348 2 2 0 0 9505 2435 4800
15349 2 2 0 0 2435 9505 4802
15350 2 2 0 0 9505 752 4802
15351 2 2 0 0 2436 9506 4800
15352 2 2 0 0 9506 752 4800
15353 2 2 0 0 752 9506 4803
15354 2 2 0 0 9506 2436 4803
15355 2 2 0 0 2435 9507 4801
15356 2 2 0 0 9507 1311 4801
15357 2 2 0 0 1311 9507 4802
15358 2 2 0 0 9507 2435 4802
15359 2 2 0 0 1311 9508 4801
15360 2 2 0 0 9508 2440 4801
15361 2 2 0 0 2440 9508 4811
15362 2 2 0 0 9508 1311 4811
15363 2 2 0 0 2443 9509 4802
15364 2 2 0 0 9509 1311 4802
15365 2 2 0 0 1311 9509 4816
15366 2 2 0 0 9509 2443 4816
15367 2 2 0 0 752 9510 4802
15368 2 2 0 0 9510 2443 4802
15369 2 2 0 0 2443 9510 4813
15370 2 2 0 0 9510 752 4813
15371 2 2 0 0 2441 9511 4803
15372 2 2 0 0 9511 752 4803
15373 2 2 0 0 752 9511 4813
15374 2 2 0 0 9511 2441 4813
15375 2 2 0 0 1310 9512 4803
15376 2 2 0 0 9512 2441 4803
15377 2 2 0 0 2441 9512 4812
15378 2 2 0 0 9512 1310 4812
15379 2 2 0 0 2437 9513 4804
15380 2 2 0 0 9513 466 4804
15381 2 2 0 0 466 9513 4805
15382 2 2 0 0 9513 2437 4805
15383 2 2 0 0 466 9514 4804
15384 2 2 0 0 9514 2438 4804
15385 2 2 0 0 2438 9514 4807
15386 2 2 0 0 9514 466 4807
15387 2 2 0 0 2439 9515 4805
15388 2 2 0 0 9515 466 4805
15389 2 2 0 0 466 9515 4809
15390 2 2 0 0 9515 2439 4809
15391 2 2 0 0 1309 9516 4805
15392 2 2 0 0 9516 2439 4805
15393 2 2 0 0 2439 9516 4808
15394 2 2 0 0 9516 1309 4808
15395 2 2 0 0 2438 9517 4806
15396 2 2 0 0 9517 1354 4806
15397 2 2 0 0 1354 9517 4807
15398 2 2 0 0 9517 2438 4807
15399 2 2 0 0 1354 9518 4806
15400 2 2 0 0 9518 2503 4806
15401 2 2 0 0 2503 9518 4995
15402 2 2 0 0 9518 1354 4995
15403 2 2 0 0 2506 9519 4807
15404 2 2 0 0 9519 1354 4807
15405 2 2 0 0 1354 9519 4998
15406 2 2 0 0 9519 2506 4998
15407 2 2 0 0 466 9520 4807
15408 2 2 0 0 9520 2506 4807
15409 2 2 0 0 2506 9520 4809
15410 2 2 0 0 9520 466 4809
15411 2 2 0 0 772 9521 4808
15412 2 2 0 0 9521 2439 4808
15413 2 2 0 0 2439 9521 4810
15414 2 2 0 0 9521 772 4810
15415 2 2 0 0 2440 9522 4808
15416 2 2 0 0 9522 772 4808
15417 2 2 0 0 772 9522 4811
15418 2 2 0 0 9522 2440 4811
15419 2 2 0 0 2439 9523 4809
15420 2 2 0 0 9523 1357 4809
15421 2 2 0 0 1357 9523 4810
15422 2 2 0 0 9523 2439 4810
15423 2 2 0 0 1357 9524 4809
15424 2 2 0 0 9524 2506 4809
15425 2 2 0 0 2506 9524 5001
15426 2 2 0 0 9524 1357 5001
15427 2 2 0 0 2512 9525 4810
15428 2 2 0 0 9525 1357 4810
15429 2 2 0 0 1357 9525 5010
15430 2 2 0 0 9525 2512 5010
15431 2 2 0 0 772 9526 4810
15432 2 2 0 0 9526 2512 4810
15433 2 2 0 0 2512 9526 4818
15434 2 2 0 0 9526 772 4818
15435 2 2 0 0 2444 9527 4811
15436 2 2 0 0 9527 772 4811
15437 2 2 0 0 772 9527 4818
15438 2 2 0 0 9527 2444 4818
15439 2 2 0 0 1311 9528 4811
15440 2 2 0 0 9528 2444 4811
15441 2 2 0 0 2444 9528 4816
15442 2 2 0 0 9528 1311 4816
15443 2 2 0 0 261 9529 4812
15444 2 2 0 0 9529 2441 4812
15445 2 2 0 0 2441 9529 4814
15446 2 2 0 0 9529 261 4814
15447 2 2 0 0 2442 9530 4812
15448 2 2 0 0 9530 261 4812
15449 2 2 0 0 261 9530 4815
15450 2 2 0 0 9530 2442 4815
15451 2 2 0 0 2441 9531 4813
15452 2 2 0 0 9531 1312 4813
15453 2 2 0 0 1312 9531 4814
15454 2 2 0 0 9531 2441 4814
15455 2 2 0 0 1312 9532 4813
15456 2 2 0 0 9532 2443 4813
15457 2 2 0 0 2443 9532 4817
15458 2 2 0 0 9532 1312 4817
15459 2 2 0 0 2446 9533 4814
15460 2 2 0 0 9533 1312 4814
15461 2 2 0 0 1312 9533 4820
15462 2 2 0 0 9533 2446 4820
15463 2 2 0 0 261 9534 4814
15464 2 2 0 0 9534 2446 4814
15465 2 2 0 0 2446 9534 4824
15466 2 2 0 0 9534 261 4824
15467 2 2 0 0 2447 9535 4815
15468 2 2 0 0 9535 261 4815
15469 2 2 0 0 261 9535 4824
15470 2 2 0 0 9535 2447 4824
15471 2 2 0 0 1313 9536 4815
15472 2 2 0 0 9536 2447 4815
15473 2 2 0 0 2447 9536 4825
15474 2 2 0 0 9536 1313 4825
15475 2 2 0 0 2443 9537 4816
15476 2 2 0 0 9537 469 4816
15477 2 2 0 0 469 9537 4817
15478 2 2 0 0 9537 2443 4817
15479 2 2 0 0 469 9538 4816
15480 2 2 0 0 9538 2444 4816
15481 2 2 0 0 2444 9538 4819
15482 2 2 0 0 9538 469 4819
15483 2 2 0 0 2445 9539 4817
15484 2 2 0 0 9539 469 4817
15485 2 2 0 0 469 9539 4821
15486 2 2 0 0 9539 2445 4821
15487 2 2 0 0 1312 9540 4817
15488 2 2 0 0 9540 2445 4817
15489 2 2 0 0 2445 9540 4820
15490 2 2 0 0 9540 1312 4820
15491 2 2 0 0 2444 9541 4818
15492 2 2 0 0 9541 1360 4818
15493 2 2 0 0 1360 9541 4819
15494 2 2 0 0 9541 2444 4819
15495 2 2 0 0 1360 9542 4818
15496 2 2 0 0 9542 2512 4818
15497 2 2 0 0 2512 9542 5013
15498 2 2 0 0 9542 1360 5013
15499 2 2 0 0 2518 9543 4819
15500 2 2 0 0 9543 1360 4819
15501 2 2 0 0 1360 9543 5023
15502 2 2 0 0 9543 2518 5023
15503 2 2 0 0 469 9544 4819
15504 2 2 0 0 9544 2518 4819
15505 2 2 0 0 2518 9544 4821
15506 2 2 0 0 9544 469 4821
15507 2 2 0 0 778 9545 4820
15508 2 2 0 0 9545 2445 4820
15509 2 2 0 0 2445 9545 4822
15510 2 2 0 0 9545 778 4822
15511 2 2 0 0 2446 9546 4820
15512 2 2 0 0 9546 778 4820
15513 2 2 0 0 778 9546 4823
15514 2 2 0 0 9546 2446 4823
15515 2 2 0 0 2445 9547 4821
15516 2 2 0 0 9547 1369 4821
15517 2 2 0 0 1369 9547 4822
15518 2 2 0 0 9547 2445 4822
15519 2 2 0 0 1369 9548 4821
15520 2 2 0 0 9548 2518 4821
15521 2 2 0 0 2518 9548 5025
15522 2 2 0 0 9548 1369 5025
15523 2 2 0 0 2536 9549 4822
15524 2 2 0 0 9549 1369 4822
15525 2 2 0 0 1369 9549 5058
15526 2 2 0 0 9549 2536 5058
15527 2 2 0 0 778 9550 4822
15528 2 2 0 0 9550 2536 4822
15529 2 2 0 0 2536 9550 4964
15530 2 2 0 0 9550 778 4964
15531 2 2 0 0 2446 9551 4823
15532 2 2 0 0 9551 1345 4823
15533 2 2 0 0 1345 9551 4824
15534 2 2 0 0 9551 2446 4824
15535 2 2 0 0 2492 9552 4823
15536 2 2 0 0 9552 778 4823
15537 2 2 0 0 778 9552 4964
15538 2 2 0 0 9552 2492 4964
15539 2 2 0 0 1345 9553 4823
15540 2 2 0 0 9553 2492 4823
15541 2 2 0 0 2492 9553 4962
15542 2 2 0 0 9553 1345 4962
15543 2 2 0 0 2447 9554 4824
15544 2 2 0 0 9554 1345 4824
15545 2 2 0 0 1345 9554 4826
15546 2 2 0 0 9554 2447 4826
15547 2 2 0 0 766 9555 4825
15548 2 2 0 0 9555 2447 4825
15549 2 2 0 0 2447 9555 4826
15550 2 2 0 0 9555 766 4826
15551 2 2 0 0 2448 9556 4825
15552 2 2 0 0 9556 766 4825
15553 2 2 0 0 766 9556 4827
15554 2 2 0 0 9556 2448 4827
15555 2 2 0 0 2491 9557 4826
15556 2 2 0 0 9557 1345 4826
15557 2 2 0 0 1345 9557 4962
15558 2 2 0 0 9557 2491 4962
15559 2 2 0 0 766 9558 4826
15560 2 2 0 0 9558 2491 4826
15561 2 2 0 0 2491 9558 4956
15562 2 2 0 0 9558 766 4956
15563 2 2 0 0 2488 9559 4827
15564 2 2 0 0 9559 766 4827
15565 2 2 0 0 766 9559 4956
15566 2 2 0 0 9559 2488 4956
15567 2 2 0 0 1343 9560 4827
15568 2 2 0 0 9560 2488 4827
15569 2 2 0 0 2488 9560 4954
15570 2 2 0 0 9560 1343 4954
15571 2 2 0 0 2449 9561 4828
15572 2 2 0 0 9561 107 4828
15573 2 2 0 0 107 9561 4829
15574 2 2 0 0 9561 2449 4829
15575 2 2 0 0 2451 9562 4828
15576 2 2 0 0 9562 1314 4828
15577 2 2 0 0 1314 9562 4830
15578 2 2 0 0 9562 2451 4830
15579 2 2 0 0 107 9563 4828
15580 2 2 0 0 9563 2451 4828
15581 2 2 0 0 2451 9563 4833
15582 2 2 0 0 9563 107 4833
15583 2 2 0 0 2452 9564 4829
15584 2 2 0 0 9564 107 4829
15585 2 2 0 0 107 9564 4835
15586 2 2 0 0 9564 2452 4835
15587 2 2 0 0 1315 9565 4829
15588 2 2 0 0 9565 2452 4829
15589 2 2 0 0 2452 9565 4834
15590 2 2 0 0 9565 1315 4834
15591 2 2 0 0 756 9566 4830
15592 2 2 0 0 9566 2450 4830
15593 2 2 0 0 2450 9566 4831
15594 2 2 0 0 9566 756 4831
15595 2 2 0 0 2451 9567 4830
15596 2 2 0 0 9567 756 4830
15597 2 2 0 0 756 9567 4832
15598 2 2 0 0 9567 2451 4832
15599 2 2 0 0 2455 9568 4831
15600 2 2 0 0 9568 1316 4831
15601 2 2 0 0 1316 9568 4838
15602 2 2 0 0 9568 2455 4838
15603 2 2 0 0 756 9569 4831
15604 2 2 0 0 9569 2455 4831
15605 2 2 0 0 2455 9569 4841
15606 2 2 0 0 9569 756 4841
15607 2 2 0 0 2451 9570 4832
15608 2 2 0 0 9570 1321 4832
15609 2 2 0 0 1321 9570 4833
15610 2 2 0 0 9570 2451 4833
15611 2 2 0 0 2458 9571 4832
15612 2 2 0 0 9571 756 4832
15613 2 2 0 0 756 9571 4841
15614 2 2 0 0 9571 2458 4841
15615 2 2 0 0 1321 9572 4832
15616 2 2 0 0 9572 2458 4832
15617 2 2 0 0 2458 9572 4856
15618 2 2 0 0 9572 1321 4856
15619 2 2 0 0 2460 9573 4833
15620 2 2 0 0 9573 1321 4833
15621 2 2 0 0 1321 9573 4863
15622 2 2 0 0 9573 2460 4863
15623 2 2 0 0 107 9574 4833
15624 2 2 0 0 9574 2460 4833
15625 2 2 0 0 2460 9574 4835
15626 2 2 0 0 9574 107 4835
15627 2 2 0 0 757 9575 4834
15628 2 2 0 0 9575 2452 4834
15629 2 2 0 0 2452 9575 4836
15630 2 2 0 0 9575 757 4836
15631 2 2 0 0 2453 9576 4834
15632 2 2 0 0 9576 757 4834
15633 2 2 0 0 757 9576 4837
15634 2 2 0 0 9576 2453 4837
15635 2 2 0 0 2452 9577 4835
15636 2 2 0 0 9577 1323 4835
15637 2 2 0 0 1323 9577 4836
15638 2 2 0 0 9577 2452 4836
15639 2 2 0 0 1323 9578 4835
15640 2 2 0 0 9578 2460 4835
15641 2 2 0 0 2460 9578 4871
15642 2 2 0 0 9578 1323 4871
15643 2 2 0 0 2463 9579 4836
15644 2 2 0 0 9579 1323 4836
15645 2 2 0 0 1323 9579 4876
15646 2 2 0 0 9579 2463 4876
15647 2 2 0 0 757 9580 4836
15648 2 2 0 0 9580 2463 4836
15649 2 2 0 0 2463 9580 4873
15650 2 2 0 0 9580 757 4873
15651 2 2 0 0 2461 9581 4837
15652 2 2 0 0 9581 757 4837
15653 2 2 0 0 757 9581 4873
15654 2 2 0 0 9581 2461 4873
15655 2 2 0 0 1322 9582 4837
15656 2 2 0 0 9582 2461 4837
15657 2 2 0 0 2461 9582 4872
15658 2 2 0 0 9582 1322 4872
15659 2 2 0 0 254 9583 4838
15660 2 2 0 0 9583 2454 4838
15661 2 2 0 0 2454 9583 4839
15662 2 2 0 0 9583 254 4839
15663 2 2 0 0 2455 9584 4838
15664 2 2 0 0 9584 254 4838
15665 2 2 0 0 254 9584 4840
15666 2 2 0 0 9584 2455 4840
15667 2 2 0 0 2457 9585 4839
15668 2 2 0 0 9585 1317 4839
15669 2 2 0 0 1317 9585 4842
15670 2 2 0 0 9585 2457 4842
15671 2 2 0 0 254 9586 4839
15672 2 2 0 0 9586 2457 4839
15673 2 2 0 0 2457 9586 4845
15674 2 2 0 0 9586 254 4845
15675 2 2 0 0 2455 9587 4840
15676 2 2 0 0 9587 1319 4840
15677 2 2 0 0 1319 9587 4841
15678 2 2 0 0 9587 2455 4841
15679 2 2 0 0 2459 9588 4840
15680 2 2 0 0 9588 254 4840
15681 2 2 0 0 254 9588 4845
15682 2 2 0 0 9588 2459 4845
15683 2 2 0 0 1319 9589 4840
15684 2 2 0 0 9589 2459 4840
15685 2 2 0 0 2459 9589 4857
15686 2 2 0 0 9589 1319 4857
15687 2 2 0 0 2458 9590 4841
15688 2 2 0 0 9590 1319 4841
15689 2 2 0 0 1319 9590 4853
15690 2 2 0 0 9590 2458 4853
15691 2 2 0 0 760 9591 4842
15692 2 2 0 0 9591 2456 4842
15693 2 2 0 0 2456 9591 4843
15694 2 2 0 0 9591 760 4843
15695 2 2 0 0 2457 9592 4842
15696 2 2 0 0 9592 760 4842
15697 2 2 0 0 760 9592 4844
15698 2 2 0 0 9592 2457 4844
15699 2 2 0 0 2468 9593 4843
15700 2 2 0 0 9593 1327 4843
15701 2 2 0 0 1327 9593 4890
15702 2 2 0 0 9593 2468 4890
15703 2 2 0 0 760 9594 4843
15704 2 2 0 0 9594 2468 4843
15705 2 2 0 0 2468 9594 4893
15706 2 2 0 0 9594 760 4893
15707 2 2 0 0 2457 9595 4844
15708 2 2 0 0 9595 1331 4844
15709 2 2 0 0 1331 9595 4845
15710 2 2 0 0 9595 2457 4845
15711 2 2 0 0 2471 9596 4844
15712 2 2 0 0 9596 760 4844
15713 2 2 0 0 760 9596 4893
15714 2 2 0 0 9596 2471 4893
15715 2 2 0 0 1331 9597 4844
15716 2 2 0 0 9597 2471 4844
15717 2 2 0 0 2471 9597 4901
15718 2 2 0 0 9597 1331 4901
15719 2 2 0 0 2459 9598 4845
15720 2 2 0 0 9598 1331 4845
15721 2 2 0 0 1331 9598 4862
15722 2 2 0 0 9598 2459 4862
15723 2 2 0 0 2458 9599 4853
15724 2 2 0 0 9599 458 4853
15725 2 2 0 0 458 9599 4856
15726 2 2 0 0 9599 2458 4856
15727 2 2 0 0 4852 9600 4853
15728 2 2 0 0 9600 1319 4853
15729 2 2 0 0 1319 9600 4857
15730 2 2 0 0 9600 4852 4857
15731 2 2 0 0 1321 9601 4856
15732 2 2 0 0 9601 4855 4856
15733 2 2 0 0 4855 9601 4863
15734 2 2 0 0 9601 1321 4863
15735 2 2 0 0 1318 9602 4857
15736 2 2 0 0 9602 2459 4857
15737 2 2 0 0 2459 9602 4862
15738 2 2 0 0 9602 1318 4862
15739 2 2 0 0 4861 9603 4862
15740 2 2 0 0 9603 1331 4862
15741 2 2 0 0 1331 9603 4901
15742 2 2 0 0 9603 4861 4901
15743 2 2 0 0 2460 9604 4863
15744 2 2 0 0 9604 1320 4863
15745 2 2 0 0 1320 9604 4871
15746 2 2 0 0 9604 2460 4871
15747 2 2 0 0 1323 9605 4871
15748 2 2 0 0 9605 4870 4871
15749 2 2 0 0 4870 9605 4876
15750 2 2 0 0 9605 1323 4876
15751 2 2 0 0 256 9606 4872
15752 2 2 0 0 9606 2461 4872
15753 2 2 0 0 2461 9606 4874
15754 2 2 0 0 9606 256 4874
15755 2 2 0 0 2462 9607 4872
15756 2 2 0 0 9607 256 4872
15757 2 2 0 0 256 9607 4875
15758 2 2 0 0 9607 2462 4875
15759 2 2 0 0 2461 9608 4873
15760 2 2 0 0 9608 1325 4873
15761 2 2 0 0 1325 9608 4874
15762 2 2 0 0 9608 2461 4874
15763 2 2 0 0 1325 9609 4873
15764 2 2 0 0 9609 2463 4873
15765 2 2 0 0 2463 9609 4879
15766 2 2 0 0 9609 1325 4879
15767 2 2 0 0 2464 9610 4874
15768 2 2 0 0 9610 1325 4874
15769 2 2 0 0 1325 9610 4880
15770 2 2 0 0 9610 2464 4880
15771 2 2 0 0 256 9611 4874
15772 2 2 0 0 9611 2464 4874
15773 2 2 0 0 2464 9611 4886
15774 2 2 0 0 9611 256 4886
15775 2 2 0 0 2465 9612 4875
15776 2 2 0 0 9612 256 4875
15777 2 2 0 0 256 9612 4886
15778 2 2 0 0 9612 2465 4886
15779 2 2 0 0 1326 9613 4875
15780 2 2 0 0 9613 2465 4875
15781 2 2 0 0 2465 9613 4887
15782 2 2 0 0 9613 1326 4887
15783 2 2 0 0 2463 9614 4876
15784 2 2 0 0 9614 460 4876
15785 2 2 0 0 460 9614 4879
15786 2 2 0 0 9614 2463 4879
15787 2 2 0 0 1325 9615 4879
15788 2 2 0 0 9615 4878 4879
15789 2 2 0 0 4878 9615 4880
15790 2 2 0 0 9615 1325 4880
15791 2 2 0 0 2464 9616 4880
15792 2 2 0 0 9616 1324 4880
15793 2 2 0 0 1324 9616 4885
15794 2 2 0 0 9616 2464 4885
15795 2 2 0 0 2464 9617 4885
15796 2 2 0 0 9617 1338 4885
15797 2 2 0 0 1338 9617 4886
15798 2 2 0 0 9617 2464 4886
15799 2 2 0 0 1338 9618 4885
15800 2 2 0 0 9618 4884 4885
15801 2 2 0 0 4884 9618 4933
15802 2 2 0 0 9618 1338 4933
15803 2 2 0 0 2465 9619 4886
15804 2 2 0 0 9619 1338 4886
15805 2 2 0 0 1338 9619 4888
15806 2 2 0 0 9619 2465 4888
15807 2 2 0 0 763 9620 4887
15808 2 2 0 0 9620 2465 4887
15809 2 2 0 0 2465 9620 4888
15810 2 2 0 0 9620 763 4888
15811 2 2 0 0 2466 9621 4887
15812 2 2 0 0 9621 763 4887
15813 2 2 0 0 763 9621 4889
15814 2 2 0 0 9621 2466 4889
15815 2 2 0 0 2481 9622 4888
15816 2 2 0 0 9622 1338 4888
15817 2 2 0 0 1338 9622 4933
15818 2 2 0 0 9622 2481 4933
15819 2 2 0 0 763 9623 4888
15820 2 2 0 0 9623 2481 4888
15821 2 2 0 0 2481 9623 4929
15822 2 2 0 0 9623 763 4929
15823 2 2 0 0 2479 9624 4889
15824 2 2 0 0 9624 763 4889
15825 2 2 0 0 763 9624 4929
15826 2 2 0 0 9624 2479 4929
15827 2 2 0 0 1337 9625 4889
15828 2 2 0 0 9625 2479 4889
15829 2 2 0 0 2479 9625 4928
15830 2 2 0 0 9625 1337 4928
15831 2 2 0 0 138 9626 4890
15832 2 2 0 0 9626 2467 4890
15833 2 2 0 0 2467 9626 4891
15834 2 2 0 0 9626 138 4891
15835 2 2 0 0 2468 9627 4890
15836 2 2 0 0 9627 138 4890
15837 2 2 0 0 138 9627 4892
15838 2 2 0 0 9627 2468 4892
15839 2 2 0 0 2470 9628 4891
15840 2 2 0 0 9628 1328 4891
15841 2 2 0 0 1328 9628 4894
15842 2 2 0 0 9628 2470 4894
15843 2 2 0 0 138 9629 4891
15844 2 2 0 0 9629 2470 4891
15845 2 2 0 0 2470 9629 4897
15846 2 2 0 0 9629 138 4897
15847 2 2 0 0 2468 9630 4892
15848 2 2 0 0 9630 1330 4892
15849 2 2 0 0 1330 9630 4893
15850 2 2 0 0 9630 2468 4893
15851 2 2 0 0 2472 9631 4892
15852 2 2 0 0 9631 138 4892
15853 2 2 0 0 138 9631 4897
15854 2 2 0 0 9631 2472 4897
15855 2 2 0 0 1330 9632 4892
15856 2 2 0 0 9632 2472 4892
15857 2 2 0 0 2472 9632 4902
15858 2 2 0 0 9632 1330 4902
15859 2 2 0 0 2471 9633 4893
15860 2 2 0 0 9633 1330 4893
15861 2 2 0 0 1330 9633 4900
15862 2 2 0 0 9633 2471 4900
15863 2 2 0 0 762 9634 4894
15864 2 2 0 0 9634 2469 4894
15865 2 2 0 0 2469 9634 4895
15866 2 2 0 0 9634 762 4895
15867 2 2 0 0 2470 9635 4894
15868 2 2 0 0 9635 762 4894
15869 2 2 0 0 762 9635 4896
15870 2 2 0 0 9635 2470 4896
15871 2 2 0 0 2474 9636 4895
15872 2 2 0 0 9636 1332 4895
15873 2 2 0 0 1332 9636 4910
15874 2 2 0 0 9636 2474 4910
15875 2 2 0 0 762 9637 4895
15876 2 2 0 0 9637 2474 4895
15877 2 2 0 0 2474 9637 4913
15878 2 2 0 0 9637 762 4913
15879 2 2 0 0 2470 9638 4896
15880 2 2 0 0 9638 1336 4896
15881 2 2 0 0 1336 9638 4897
15882 2 2 0 0 9638 2470 4897
15883 2 2 0 0 2477 9639 4896
15884 2 2 0 0 9639 762 4896
15885 2 2 0 0 762 9639 4913
15886 2 2 0 0 9639 2477 4913
15887 2 2 0 0 1336 9640 4896
15888 2 2 0 0 9640 2477 4896
15889 2 2 0 0 2477 9640 4921
15890 2 2 0 0 9640 1336 4921
15891 2 2 0 0 2472 9641 4897
15892 2 2 0 0 9641 1336 4897
15893 2 2 0 0 1336 9641 4909
15894 2 2 0 0 9641 2472 4909
15895 2 2 0 0 2471 9642 4900
15896 2 2 0 0 9642 456 4900
15897 2 2 0 0 456 9642 4901
15898 2 2 0 0 9642 2471 4901
15899 2 2 0 0 4899 9643 4900
15900 2 2 0 0 9643 1330 4900
15901 2 2 0 0 1330 9643 4902
15902 2 2 0 0 9643 4899 4902
15903 2 2 0 0 1329 9644 4902
15904 2 2 0 0 9644 2472 4902
15905 2 2 0 0 2472 9644 4909
15906 2 2 0 0 9644 1329 4909
15907 2 2 0 0 4908 9645 4909
15908 2 2 0 0 9645 1336 4909
15909 2 2 0 0 1336 9645 4921
15910 2 2 0 0 9645 4908 4921
15911 2 2 0 0 272 9646 4910
15912 2 2 0 0 9646 2473 4910
15913 2 2 0 0 2473 9646 4911
15914 2 2 0 0 9646 272 4911
15915 2 2 0 0 2474 9647 4910
15916 2 2 0 0 9647 272 4910
15917 2 2 0 0 272 9647 4912
15918 2 2 0 0 9647 2474 4912
15919 2 2 0 0 2476 9648 4911
15920 2 2 0 0 9648 1333 4911
15921 2 2 0 0 1333 9648 4914
15922 2 2 0 0 9648 2476 4914
15923 2 2 0 0 272 9649 4911
15924 2 2 0 0 9649 2476 4911
15925 2 2 0 0 2476 9649 4917
15926 2 2 0 0 9649 272 4917
15927 2 2 0 0 2474 9650 4912
15928 2 2 0 0 9650 1335 4912
15929 2 2 0 0 1335 9650 4913
15930 2 2 0 0 9650 2474 4913
15931 2 2 0 0 2478 9651 4912
15932 2 2 0 0 9651 272 4912
15933 2 2 0 0 272 9651 4917
15934 2 2 0 0 9651 2478 4917
15935 2 2 0 0 1335 9652 4912
15936 2 2 0 0 9652 2478 4912
15937 2 2 0 0 2478 9652 4922
15938 2 2 0 0 9652 1335 4922
15939 2 2 0 0 2477 9653 4913
15940 2 2 0 0 9653 1335 4913
15941 2 2 0 0 1335 9653 4920
15942 2 2 0 0 9653 2477 4920
15943 2 2 0 0 786 9654 4914
15944 2 2 0 0 9654 2475 4914
15945 2 2 0 0 2475 9654 4915
15946 2 2 0 0 9654 786 4915
15947 2 2 0 0 2476 9655 4914
15948 2 2 0 0 9655 786 4914
15949 2 2 0 0 786 9655 4916
15950 2 2 0 0 9655 2476 4916
15951 2 2 0 0 2568 9656 4915
15952 2 2 0 0 9656 1385 4915
15953 2 2 0 0 1385 9656 5122
15954 2 2 0 0 9656 2568 5122
15955 2 2 0 0 786 9657 4915
15956 2 2 0 0 9657 2568 4915
15957 2 2 0 0 2568 9657 5126
15958 2 2 0 0 9657 786 5126
15959 2 2 0 0 2476 9658 4916
15960 2 2 0 0 9658 1392 4916
15961 2 2 0 0 1392 9658 4917
15962 2 2 0 0 9658 2476 4917
15963 2 2 0 0 2572 9659 4916
15964 2 2 0 0 9659 786 4916
15965 2 2 0 0 786 9659 5126
15966 2 2 0 0 9659 2572 5126
15967 2 2 0 0 1392 9660 4916
15968 2 2 0 0 9660 2572 4916
15969 2 2 0 0 2572 9660 5145
15970 2 2 0 0 9660 1392 5145
15971 2 2 0 0 2478 9661 4917
15972 2 2 0 0 9661 1392 4917
15973 2 2 0 0 1392 9661 4927
15974 2 2 0 0 9661 2478 4927
15975 2 2 0 0 2477 9662 4920
15976 2 2 0 0 9662 480 4920
15977 2 2 0 0 480 9662 4921
15978 2 2 0 0 9662 2477 4921
15979 2 2 0 0 4919 9663 4920
15980 2 2 0 0 9663 1335 4920
15981 2 2 0 0 1335 9663 4922
15982 2 2 0 0 9663 4919 4922
15983 2 2 0 0 1334 9664 4922
15984 2 2 0 0 9664 2478 4922
15985 2 2 0 0 2478 9664 4927
15986 2 2 0 0 9664 1334 4927
15987 2 2 0 0 4926 9665 4927
15988 2 2 0 0 9665 1392 4927
15989 2 2 0 0 1392 9665 5145
15990 2 2 0 0 9665 4926 5145
15991 2 2 0 0 137 9666 4928
15992 2 2 0 0 9666 2479 4928
15993 2 2 0 0 2479 9666 4930
15994 2 2 0 0 9666 137 4930
15995 2 2 0 0 2480 9667 4928
15996 2 2 0 0 9667 137 4928
15997 2 2 0 0 2480 9667 4932
15998 2 2 0 0 9667 137 4932
15999 2 2 0 0 2479 9668 4929
16000 2 2 0 0 9668 1340 4929
16001 2 2 0 0 1340 9668 4930
16002 2 2 0 0 9668 2479 4930
16003 2 2 0 0 1340 9669 4929
16004 2 2 0 0 9669 2481 4929
16005 2 2 0 0 2481 9669 4936
16006 2 2 0 0 9669 1340 4936
16007 2 2 0 0 2482 9670 4930
16008 2 2 0 0 9670 1340 4930
16009 2 2 0 0 1340 9670 4937
16010 2 2 0 0 9670 2482 4937
16011 2 2 0 0 137 9671 4930
16012 2 2 0 0 9671 2482 4930
16013 2 2 0 0 137 9671 4938
16014 2 2 0 0 9671 2482 4938
16015 2 2 0 0 2480 9672 4931
16016 2 2 0 0 9672 1342 4931
16017 2 2 0 0 1342 9672 4932
16018 2 2 0 0 9672 2480 4932
16019 2 2 0 0 1342 9673 4931
16020 2 2 0 0 9673 2483 4931
16021 2 2 0 0 2483 9673 4947
16022 2 2 0 0 9673 1342 4947
16023 2 2 0 0 2486 9674 4932
16024 2 2 0 0 9674 1342 4932
16025 2 2 0 0 1342 9674 4950
16026 2 2 0 0 9674 2486 4950
16027 2 2 0 0 137 9675 4932
16028 2 2 0 0 9675 2486 4932
16029 2 2 0 0 2486 9675 4938
16030 2 2 0 0 9675 137 4938
16031 2 2 0 0 2481 9676 4933
16032 2 2 0 0 9676 462 4933
16033 2 2 0 0 462 9676 4936
16034 2 2 0 0 9676 2481 4936
16035 2 2 0 0 1340 9677 4936
16036 2 2 0 0 9677 4935 4936
16037 2 2 0 0 4935 9677 4937
16038 2 2 0 0 9677 1340 4937
16039 2 2 0 0 2482 9678 4937
16040 2 2 0 0 9678 1339 4937
16041 2 2 0 0 2482 9678 4945
16042 2 2 0 0 9678 1339 4945
16043 2 2 0 0 2482 9679 4938
16044 2 2 0 0 9679 1352 4938
16045 2 2 0 0 1352 9679 4945
16046 2 2 0 0 9679 2482 4945
16047 2 2 0 0 1352 9680 4938
16048 2 2 0 0 9680 2486 4938
16049 2 2 0 0 2486 9680 4953
16050 2 2 0 0 9680 1352 4953
16051 2 2 0 0 4944 9681 4945
16052 2 2 0 0 9681 1352 4945
16053 2 2 0 0 1352 9681 4987
16054 2 2 0 0 9681 4944 4987
16055 2 2 0 0 2483 9682 4946
16056 2 2 0 0 9682 464 4946
16057 2 2 0 0 464 9682 4947
16058 2 2 0 0 9682 2483 4947
16059 2 2 0 0 464 9683 4946
16060 2 2 0 0 9683 2484 4946
16061 2 2 0 0 2484 9683 4949
16062 2 2 0 0 9683 464 4949
16063 2 2 0 0 2485 9684 4947
16064 2 2 0 0 9684 464 4947
16065 2 2 0 0 464 9684 4951
16066 2 2 0 0 9684 2485 4951
16067 2 2 0 0 1342 9685 4947
16068 2 2 0 0 9685 2485 4947
16069 2 2 0 0 2485 9685 4950
16070 2 2 0 0 9685 1342 4950
16071 2 2 0 0 2484 9686 4948
16072 2 2 0 0 9686 1344 4948
16073 2 2 0 0 1344 9686 4949
16074 2 2 0 0 9686 2484 4949
16075 2 2 0 0 1344 9687 4948
16076 2 2 0 0 9687 2487 4948
16077 2 2 0 0 2487 9687 4955
16078 2 2 0 0 9687 1344 4955
16079 2 2 0 0 2490 9688 4949
16080 2 2 0 0 9688 1344 4949
16081 2 2 0 0 1344 9688 4958
16082 2 2 0 0 9688 2490 4958
16083 2 2 0 0 464 9689 4949
16084 2 2 0 0 9689 2490 4949
16085 2 2 0 0 2490 9689 4951
16086 2 2 0 0 9689 464 4951
16087 2 2 0 0 768 9690 4950
16088 2 2 0 0 9690 2485 4950
16089 2 2 0 0 2485 9690 4952
16090 2 2 0 0 9690 768 4952
16091 2 2 0 0 2486 9691 4950
16092 2 2 0 0 9691 768 4950
16093 2 2 0 0 768 9691 4953
16094 2 2 0 0 9691 2486 4953
16095 2 2 0 0 2485 9692 4951
16096 2 2 0 0 9692 1347 4951
16097 2 2 0 0 1347 9692 4952
16098 2 2 0 0 9692 2485 4952
16099 2 2 0 0 1347 9693 4951
16100 2 2 0 0 9693 2490 4951
16101 2 2 0 0 2490 9693 4961
16102 2 2 0 0 9693 1347 4961
16103 2 2 0 0 2496 9694 4952
16104 2 2 0 0 9694 1347 4952
16105 2 2 0 0 1347 9694 4970
16106 2 2 0 0 9694 2496 4970
16107 2 2 0 0 768 9695 4952
16108 2 2 0 0 9695 2496 4952
16109 2 2 0 0 2496 9695 4974
16110 2 2 0 0 9695 768 4974
16111 2 2 0 0 2501 9696 4953
16112 2 2 0 0 9696 768 4953
16113 2 2 0 0 768 9696 4974
16114 2 2 0 0 9696 2501 4974
16115 2 2 0 0 1352 9697 4953
16116 2 2 0 0 9697 2501 4953
16117 2 2 0 0 2501 9697 4987
16118 2 2 0 0 9697 1352 4987
16119 2 2 0 0 2487 9698 4954
16120 2 2 0 0 9698 176 4954
16121 2 2 0 0 176 9698 4955
16122 2 2 0 0 9698 2487 4955
16123 2 2 0 0 176 9699 4954
16124 2 2 0 0 9699 2488 4954
16125 2 2 0 0 2488 9699 4957
16126 2 2 0 0 9699 176 4957
16127 2 2 0 0 2489 9700 4955
16128 2 2 0 0 9700 176 4955
16129 2 2 0 0 176 9700 4959
16130 2 2 0 0 9700 2489 4959
16131 2 2 0 0 1344 9701 4955
16132 2 2 0 0 9701 2489 4955
16133 2 2 0 0 2489 9701 4958
16134 2 2 0 0 9701 1344 4958
16135 2 2 0 0 2488 9702 4956
16136 2 2 0 0 9702 1346 4956
16137 2 2 0 0 1346 9702 4957
16138 2 2 0 0 9702 2488 4957
16139 2 2 0 0 1346 9703 4956
16140 2 2 0 0 9703 2491 4956
16141 2 2 0 0 2491 9703 4963
16142 2 2 0 0 9703 1346 4963
16143 2 2 0 0 2494 9704 4957
16144 2 2 0 0 9704 1346 4957
16145 2 2 0 0 1346 9704 4966
16146 2 2 0 0 9704 2494 4966
16147 2 2 0 0 176 9705 4957
16148 2 2 0 0 9705 2494 4957
16149 2 2 0 0 2494 9705 4959
16150 2 2 0 0 9705 176 4959
16151 2 2 0 0 767 9706 4958
16152 2 2 0 0 9706 2489 4958
16153 2 2 0 0 2489 9706 4960
16154 2 2 0 0 9706 767 4960
16155 2 2 0 0 2490 9707 4958
16156 2 2 0 0 9707 767 4958
16157 2 2 0 0 767 9707 4961
16158 2 2 0 0 9707 2490 4961
16159 2 2 0 0 2489 9708 4959
16160 2 2 0 0 9708 1348 4959
16161 2 2 0 0 1348 9708 4960
16162 2 2 0 0 9708 2489 4960
16163 2 2 0 0 1348 9709 4959
16164 2 2 0 0 9709 2494 4959
16165 2 2 0 0 2494 9709 4969
16166 2 2 0 0 9709 1348 4969
16167 2 2 0 0 2497 9710 4960
16168 2 2 0 0 9710 1348 4960
16169 2 2 0 0 1348 9710 4975
16170 2 2 0 0 9710 2497 4975
16171 2 2 0 0 767 9711 4960
16172 2 2 0 0 9711 2497 4960
16173 2 2 0 0 2497 9711 4971
16174 2 2 0 0 9711 767 4971
16175 2 2 0 0 2495 9712 4961
16176 2 2 0 0 9712 767 4961
16177 2 2 0 0 767 9712 4971
16178 2 2 0 0 9712 2495 4971
16179 2 2 0 0 1347 9713 4961
16180 2 2 0 0 9713 2495 4961
16181 2 2 0 0 2495 9713 4970
16182 2 2 0 0 9713 1347 4970
16183 2 2 0 0 2491 9714 4962
16184 2 2 0 0 9714 472 4962
16185 2 2 0 0 472 9714 4963
16186 2 2 0 0 9714 2491 4963
16187 2 2 0 0 472 9715 4962
16188 2 2 0 0 9715 2492 4962
16189 2 2 0 0 2492 9715 4965
16190 2 2 0 0 9715 472 4965
16191 2 2 0 0 2493 9716 4963
16192 2 2 0 0 9716 472 4963
16193 2 2 0 0 472 9716 4967
16194 2 2 0 0 9716 2493 4967
16195 2 2 0 0 1346 9717 4963
16196 2 2 0 0 9717 2493 4963
16197 2 2 0 0 2493 9717 4966
16198 2 2 0 0 9717 1346 4966
16199 2 2 0 0 2492 9718 4964
16200 2 2 0 0 9718 1372 4964
16201 2 2 0 0 1372 9718 4965
16202 2 2 0 0 9718 2492 4965
16203 2 2 0 0 1372 9719 4964
16204 2 2 0 0 9719 2536 4964
16205 2 2 0 0 2536 9719 5061
16206 2 2 0 0 9719 1372 5061
16207 2 2 0 0 2542 9720 4965
16208 2 2 0 0 9720 1372 4965
16209 2 2 0 0 1372 9720 5071
16210 2 2 0 0 9720 2542 5071
16211 2 2 0 0 472 9721 4965
16212 2 2 0 0 9721 2542 4965
16213 2 2 0 0 2542 9721 4967
16214 2 2 0 0 9721 472 4967
16215 2 2 0 0 784 9722 4966
16216 2 2 0 0 9722 2493 4966
16217 2 2 0 0 2493 9722 4968
16218 2 2 0 0 9722 784 4968
16219 2 2 0 0 2494 9723 4966
16220 2 2 0 0 9723 784 4966
16221 2 2 0 0 784 9723 4969
16222 2 2 0 0 9723 2494 4969
16223 2 2 0 0 2493 9724 4967
16224 2 2 0 0 9724 1382 4967
16225 2 2 0 0 1382 9724 4968
16226 2 2 0 0 9724 2493 4968
16227 2 2 0 0 1382 9725 4967
16228 2 2 0 0 9725 2542 4967
16229 2 2 0 0 2542 9725 5073
16230 2 2 0 0 9725 1382 5073
16231 2 2 0 0 2562 9726 4968
16232 2 2 0 0 9726 1382 4968
16233 2 2 0 0 1382 9726 5112
16234 2 2 0 0 9726 2562 5112
16235 2 2 0 0 784 9727 4968
16236 2 2 0 0 9727 2562 4968
16237 2 2 0 0 2562 9727 4977
16238 2 2 0 0 9727 784 4977
16239 2 2 0 0 2498 9728 4969
16240 2 2 0 0 9728 784 4969
16241 2 2 0 0 784 9728 4977
16242 2 2 0 0 9728 2498 4977
16243 2 2 0 0 1348 9729 4969
16244 2 2 0 0 9729 2498 4969
16245 2 2 0 0 2498 9729 4975
16246 2 2 0 0 9729 1348 4975
16247 2 2 0 0 312 9730 4970
16248 2 2 0 0 9730 2495 4970
16249 2 2 0 0 2495 9730 4972
16250 2 2 0 0 9730 312 4972
16251 2 2 0 0 2496 9731 4970
16252 2 2 0 0 9731 312 4970
16253 2 2 0 0 312 9731 4973
16254 2 2 0 0 9731 2496 4973
16255 2 2 0 0 2495 9732 4971
16256 2 2 0 0 9732 1349 4971
16257 2 2 0 0 1349 9732 4972
16258 2 2 0 0 9732 2495 4972
16259 2 2 0 0 1349 9733 4971
16260 2 2 0 0 9733 2497 4971
16261 2 2 0 0 2497 9733 4976
16262 2 2 0 0 9733 1349 4976
16263 2 2 0 0 2500 9734 4972
16264 2 2 0 0 9734 1349 4972
16265 2 2 0 0 1349 9734 4979
16266 2 2 0 0 9734 2500 4979
16267 2 2 0 0 312 9735 4972
16268 2 2 0 0 9735 2500 4972
16269 2 2 0 0 2500 9735 4983
16270 2 2 0 0 9735 312 4983
16271 2 2 0 0 2496 9736 4973
16272 2 2 0 0 9736 1351 4973
16273 2 2 0 0 1351 9736 4974
16274 2 2 0 0 9736 2496 4974
16275 2 2 0 0 2502 9737 4973
16276 2 2 0 0 9737 312 4973
16277 2 2 0 0 312 9737 4983
16278 2 2 0 0 9737 2502 4983
16279 2 2 0 0 1351 9738 4973
16280 2 2 0 0 9738 2502 4973
16281 2 2 0 0 2502 9738 4988
16282 2 2 0 0 9738 1351 4988
16283 2 2 0 0 2501 9739 4974
16284 2 2 0 0 9739 1351 4974
16285 2 2 0 0 1351 9739 4986
16286 2 2 0 0 9739 2501 4986
16287 2 2 0 0 2497 9740 4975
16288 2 2 0 0 9740 528 4975
16289 2 2 0 0 528 9740 4976
16290 2 2 0 0 9740 2497 4976
16291 2 2 0 0 528 9741 4975
16292 2 2 0 0 9741 2498 4975
16293 2 2 0 0 2498 9741 4978
16294 2 2 0 0 9741 528 4978
16295 2 2 0 0 2499 9742 4976
16296 2 2 0 0 9742 528 4976
16297 2 2 0 0 528 9742 4980
16298 2 2 0 0 9742 2499 4980
16299 2 2 0 0 1349 9743 4976
16300 2 2 0 0 9743 2499 4976
16301 2 2 0 0 2499 9743 4979
16302 2 2 0 0 9743 1349 4979
16303 2 2 0 0 2498 9744 4977
16304 2 2 0 0 9744 1384 4977
16305 2 2 0 0 1384 9744 4978
16306 2 2 0 0 9744 2498 4978
16307 2 2 0 0 1384 9745 4977
16308 2 2 0 0 9745 2562 4977
16309 2 2 0 0 2562 9745 5114
16310 2 2 0 0 9745 1384 5114
16311 2 2 0 0 2566 9746 4978
16312 2 2 0 0 9746 1384 4978
16313 2 2 0 0 1384 9746 5119
16314 2 2 0 0 9746 2566 5119
16315 2 2 0 0 528 9747 4978
16316 2 2 0 0 9747 2566 4978
16317 2 2 0 0 2566 9747 4980
16318 2 2 0 0 9747 528 4980
16319 2 2 0 0 844 9748 4979
16320 2 2 0 0 9748 2499 4979
16321 2 2 0 0 2499 9748 4981
16322 2 2 0 0 9748 844 4981
16323 2 2 0 0 2500 9749 4979
16324 2 2 0 0 9749 844 4979
16325 2 2 0 0 844 9749 4982
16326 2 2 0 0 9749 2500 4982
16327 2 2 0 0 2499 9750 4980
16328 2 2 0 0 9750 1526 4980
16329 2 2 0 0 1526 9750 4981
16330 2 2 0 0 9750 2499 4981
16331 2 2 0 0 1526 9751 4980
16332 2 2 0 0 9751 2566 4980
16333 2 2 0 0 2566 9751 5121
16334 2 2 0 0 9751 1526 5121
16335 2 2 0 0 2795 9752 4981
16336 2 2 0 0 9752 1526 4981
16337 2 2 0 0 1526 9752 5707
16338 2 2 0 0 9752 2795 5707
16339 2 2 0 0 844 9753 4981
16340 2 2 0 0 9753 2795 4981
16341 2 2 0 0 2795 9753 5709
16342 2 2 0 0 9753 844 5709
16343 2 2 0 0 2500 9754 4982
16344 2 2 0 0 9754 1529 4982
16345 2 2 0 0 1529 9754 4983
16346 2 2 0 0 9754 2500 4983
16347 2 2 0 0 2797 9755 4982
16348 2 2 0 0 9755 844 4982
16349 2 2 0 0 844 9755 5709
16350 2 2 0 0 9755 2797 5709
16351 2 2 0 0 1529 9756 4982
16352 2 2 0 0 9756 2797 4982
16353 2 2 0 0 2797 9756 5715
16354 2 2 0 0 9756 1529 5715
16355 2 2 0 0 2502 9757 4983
16356 2 2 0 0 9757 1529 4983
16357 2 2 0 0 1529 9757 4993
16358 2 2 0 0 9757 2502 4993
16359 2 2 0 0 2501 9758 4986
16360 2 2 0 0 9758 531 4986
16361 2 2 0 0 531 9758 4987
16362 2 2 0 0 9758 2501 4987
16363 2 2 0 0 4985 9759 4986
16364 2 2 0 0 9759 1351 4986
16365 2 2 0 0 1351 9759 4988
16366 2 2 0 0 9759 4985 4988
16367 2 2 0 0 1350 9760 4988
16368 2 2 0 0 9760 2502 4988
16369 2 2 0 0 2502 9760 4993
16370 2 2 0 0 9760 1350 4993
16371 2 2 0 0 4992 9761 4993
16372 2 2 0 0 9761 1529 4993
16373 2 2 0 0 1529 9761 5715
16374 2 2 0 0 9761 4992 5715
16375 2 2 0 0 2503 9762 4994
16376 2 2 0 0 9762 108 4994
16377 2 2 0 0 108 9762 4995
16378 2 2 0 0 9762 2503 4995
16379 2 2 0 0 108 9763 4994
16380 2 2 0 0 9763 2504 4994
16381 2 2 0 0 2504 9763 4997
16382 2 2 0 0 9763 108 4997
16383 2 2 0 0 2505 9764 4995
16384 2 2 0 0 9764 108 4995
16385 2 2 0 0 108 9764 4999
16386 2 2 0 0 9764 2505 4999
16387 2 2 0 0 1354 9765 4995
16388 2 2 0 0 9765 2505 4995
16389 2 2 0 0 2505 9765 4998
16390 2 2 0 0 9765 1354 4998
16391 2 2 0 0 2504 9766 4996
16392 2 2 0 0 9766 1356 4996
16393 2 2 0 0 1356 9766 4997
16394 2 2 0 0 9766 2504 4997
16395 2 2 0 0 1356 9767 4996
16396 2 2 0 0 9767 2507 4996
16397 2 2 0 0 2507 9767 5003
16398 2 2 0 0 9767 1356 5003
16399 2 2 0 0 2510 9768 4997
16400 2 2 0 0 9768 1356 4997
16401 2 2 0 0 1356 9768 5006
16402 2 2 0 0 9768 2510 5006
16403 2 2 0 0 108 9769 4997
16404 2 2 0 0 9769 2510 4997
16405 2 2 0 0 2510 9769 4999
16406 2 2 0 0 9769 108 4999
16407 2 2 0 0 771 9770 4998
16408 2 2 0 0 9770 2505 4998
16409 2 2 0 0 2505 9770 5000
16410 2 2 0 0 9770 771 5000
16411 2 2 0 0 2506 9771 4998
16412 2 2 0 0 9771 771 4998
16413 2 2 0 0 771 9771 5001
16414 2 2 0 0 9771 2506 5001
16415 2 2 0 0 2505 9772 4999
16416 2 2 0 0 9772 1358 4999
16417 2 2 0 0 1358 9772 5000
16418 2 2 0 0 9772 2505 5000
16419 2 2 0 0 1358 9773 4999
16420 2 2 0 0 9773 2510 4999
16421 2 2 0 0 2510 9773 5009
16422 2 2 0 0 9773 1358 5009
16423 2 2 0 0 2513 9774 5000
16424 2 2 0 0 9774 1358 5000
16425 2 2 0 0 1358 9774 5014
16426 2 2 0 0 9774 2513 5014
16427 2 2 0 0 771 9775 5000
16428 2 2 0 0 9775 2513 5000
16429 2 2 0 0 2513 9775 5011
16430 2 2 0 0 9775 771 5011
16431 2 2 0 0 2511 9776 5001
16432 2 2 0 0 9776 771 5001
16433 2 2 0 0 771 9776 5011
16434 2 2 0 0 9776 2511 5011
16435 2 2 0 0 1357 9777 5001
16436 2 2 0 0 9777 2511 5001
16437 2 2 0 0 2511 9777 5010
16438 2 2 0 0 9777 1357 5010
16439 2 2 0 0 2507 9778 5002
16440 2 2 0 0 9778 468 5002
16441 2 2 0 0 468 9778 5003
16442 2 2 0 0 9778 2507 5003
16443 2 2 0 0 468 9779 5002
16444 2 2 0 0 9779 2508 5002
16445 2 2 0 0 2508 9779 5005
16446 2 2 0 0 9779 468 5005
16447 2 2 0 0 2509 9780 5003
16448 2 2 0 0 9780 468 5003
16449 2 2 0 0 468 9780 5007
16450 2 2 0 0 9780 2509 5007
16451 2 2 0 0 1356 9781 5003
16452 2 2 0 0 9781 2509 5003
16453 2 2 0 0 2509 9781 5006
16454 2 2 0 0 9781 1356 5006
16455 2 2 0 0 2508 9782 5004
16456 2 2 0 0 9782 1362 5004
16457 2 2 0 0 1362 9782 5005
16458 2 2 0 0 9782 2508 5005
16459 2 2 0 0 1362 9783 5004
16460 2 2 0 0 9783 2519 5004
16461 2 2 0 0 2519 9783 5027
16462 2 2 0 0 9783 1362 5027
16463 2 2 0 0 2522 9784 5005
16464 2 2 0 0 9784 1362 5005
16465 2 2 0 0 1362 9784 5030
16466 2 2 0 0 9784 2522 5030
16467 2 2 0 0 468 9785 5005
16468 2 2 0 0 9785 2522 5005
16469 2 2 0 0 2522 9785 5007
16470 2 2 0 0 9785 468 5007
16471 2 2 0 0 776 9786 5006
16472 2 2 0 0 9786 2509 5006
16473 2 2 0 0 2509 9786 5008
16474 2 2 0 0 9786 776 5008
16475 2 2 0 0 2510 9787 5006
16476 2 2 0 0 9787 776 5006
16477 2 2 0 0 776 9787 5009
16478 2 2 0 0 9787 2510 5009
16479 2 2 0 0 2509 9788 5007
16480 2 2 0 0 9788 1365 5007
16481 2 2 0 0 1365 9788 5008
16482 2 2 0 0 9788 2509 5008
16483 2 2 0 0 1365 9789 5007
16484 2 2 0 0 9789 2522 5007
16485 2 2 0 0 2522 9789 5033
16486 2 2 0 0 9789 1365 5033
16487 2 2 0 0 2528 9790 5008
16488 2 2 0 0 9790 1365 5008
16489 2 2 0 0 1365 9790 5042
16490 2 2 0 0 9790 2528 5042
16491 2 2 0 0 776 9791 5008
16492 2 2 0 0 9791 2528 5008
16493 2 2 0 0 2528 9791 5016
16494 2 2 0 0 9791 776 5016
16495 2 2 0 0 2514 9792 5009
16496 2 2 0 0 9792 776 5009
16497 2 2 0 0 776 9792 5016
16498 2 2 0 0 9792 2514 5016
16499 2 2 0 0 1358 9793 5009
16500 2 2 0 0 9793 2514 5009
16501 2 2 0 0 2514 9793 5014
16502 2 2 0 0 9793 1358 5014
16503 2 2 0 0 260 9794 5010
16504 2 2 0 0 9794 2511 5010
16505 2 2 0 0 2511 9794 5012
16506 2 2 0 0 9794 260 5012
16507 2 2 0 0 2512 9795 5010
16508 2 2 0 0 9795 260 5010
16509 2 2 0 0 260 9795 5013
16510 2 2 0 0 9795 2512 5013
16511 2 2 0 0 2511 9796 5011
16512 2 2 0 0 9796 1359 5011
16513 2 2 0 0 1359 9796 5012
16514 2 2 0 0 9796 2511 5012
16515 2 2 0 0 1359 9797 5011
16516 2 2 0 0 9797 2513 5011
16517 2 2 0 0 2513 9797 5015
16518 2 2 0 0 9797 1359 5015
16519 2 2 0 0 2516 9798 5012
16520 2 2 0 0 9798 1359 5012
16521 2 2 0 0 1359 9798 5018
16522 2 2 0 0 9798 2516 5018
16523 2 2 0 0 260 9799 5012
16524 2 2 0 0 9799 2516 5012
16525 2 2 0 0 2516 9799 5022
16526 2 2 0 0 9799 260 5022
16527 2 2 0 0 2517 9800 5013
16528 2 2 0 0 9800 260 5013
16529 2 2 0 0 260 9800 5022
16530 2 2 0 0 9800 2517 5022
16531 2 2 0 0 1360 9801 5013
16532 2 2 0 0 9801 2517 5013
16533 2 2 0 0 2517 9801 5023
16534 2 2 0 0 9801 1360 5023
16535 2 2 0 0 2513 9802 5014
16536 2 2 0 0 9802 470 5014
16537 2 2 0 0 470 9802 5015
16538 2 2 0 0 9802 2513 5015
16539 2 2 0 0 470 9803 5014
16540 2 2 0 0 9803 2514 5014
16541 2 2 0 0 2514 9803 5017
16542 2 2 0 0 9803 470 5017
16543 2 2 0 0 2515 9804 5015
16544 2 2 0 0 9804 470 5015
16545 2 2 0 0 470 9804 5019
16546 2 2 0 0 9804 2515 5019
16547 2 2 0 0 1359 9805 5015
16548 2 2 0 0 9805 2515 5015
16549 2 2 0 0 2515 9805 5018
16550 2 2 0 0 9805 1359 5018
16551 2 2 0 0 2514 9806 5016
16552 2 2 0 0 9806 1368 5016
16553 2 2 0 0 1368 9806 5017
16554 2 2 0 0 9806 2514 5017
16555 2 2 0 0 1368 9807 5016
16556 2 2 0 0 9807 2528 5016
16557 2 2 0 0 2528 9807 5045
16558 2 2 0 0 9807 1368 5045
16559 2 2 0 0 2534 9808 5017
16560 2 2 0 0 9808 1368 5017
16561 2 2 0 0 1368 9808 5055
16562 2 2 0 0 9808 2534 5055
16563 2 2 0 0 470 9809 5017
16564 2 2 0 0 9809 2534 5017
16565 2 2 0 0 2534 9809 5019
16566 2 2 0 0 9809 470 5019
16567 2 2 0 0 779 9810 5018
16568 2 2 0 0 9810 2515 5018
16569 2 2 0 0 2515 9810 5020
16570 2 2 0 0 9810 779 5020
16571 2 2 0 0 2516 9811 5018
16572 2 2 0 0 9811 779 5018
16573 2 2 0 0 779 9811 5021
16574 2 2 0 0 9811 2516 5021
16575 2 2 0 0 2515 9812 5019
16576 2 2 0 0 9812 1373 5019
16577 2 2 0 0 1373 9812 5020
16578 2 2 0 0 9812 2515 5020
16579 2 2 0 0 1373 9813 5019
16580 2 2 0 0 9813 2534 5019
16581 2 2 0 0 2534 9813 5057
16582 2 2 0 0 9813 1373 5057
16583 2 2 0 0 2543 9814 5020
16584 2 2 0 0 9814 1373 5020
16585 2 2 0 0 1373 9814 5074
16586 2 2 0 0 9814 2543 5074
16587 2 2 0 0 779 9815 5020
16588 2 2 0 0 9815 2543 5020
16589 2 2 0 0 2543 9815 5064
16590 2 2 0 0 9815 779 5064
16591 2 2 0 0 2516 9816 5021
16592 2 2 0 0 9816 1370 5021
16593 2 2 0 0 1370 9816 5022
16594 2 2 0 0 9816 2516 5022
16595 2 2 0 0 2538 9817 5021
16596 2 2 0 0 9817 779 5021
16597 2 2 0 0 779 9817 5064
16598 2 2 0 0 9817 2538 5064
16599 2 2 0 0 1370 9818 5021
16600 2 2 0 0 9818 2538 5021
16601 2 2 0 0 2538 9818 5062
16602 2 2 0 0 9818 1370 5062
16603 2 2 0 0 2517 9819 5022
16604 2 2 0 0 9819 1370 5022
16605 2 2 0 0 1370 9819 5024
16606 2 2 0 0 9819 2517 5024
16607 2 2 0 0 777 9820 5023
16608 2 2 0 0 9820 2517 5023
16609 2 2 0 0 2517 9820 5024
16610 2 2 0 0 9820 777 5024
16611 2 2 0 0 2518 9821 5023
16612 2 2 0 0 9821 777 5023
16613 2 2 0 0 777 9821 5025
16614 2 2 0 0 9821 2518 5025
16615 2 2 0 0 2537 9822 5024
16616 2 2 0 0 9822 1370 5024
16617 2 2 0 0 1370 9822 5062
16618 2 2 0 0 9822 2537 5062
16619 2 2 0 0 777 9823 5024
16620 2 2 0 0 9823 2537 5024
16621 2 2 0 0 2537 9823 5059
16622 2 2 0 0 9823 777 5059
16623 2 2 0 0 2535 9824 5025
16624 2 2 0 0 9824 777 5025
16625 2 2 0 0 777 9824 5059
16626 2 2 0 0 9824 2535 5059
16627 2 2 0 0 1369 9825 5025
16628 2 2 0 0 9825 2535 5025
16629 2 2 0 0 2535 9825 5058
16630 2 2 0 0 9825 1369 5058
16631 2 2 0 0 2519 9826 5026
16632 2 2 0 0 9826 173 5026
16633 2 2 0 0 173 9826 5027
16634 2 2 0 0 9826 2519 5027
16635 2 2 0 0 173 9827 5026
16636 2 2 0 0 9827 2520 5026
16637 2 2 0 0 2520 9827 5029
16638 2 2 0 0 9827 173 5029
16639 2 2 0 0 2521 9828 5027
16640 2 2 0 0 9828 173 5027
16641 2 2 0 0 173 9828 5031
16642 2 2 0 0 9828 2521 5031
16643 2 2 0 0 1362 9829 5027
16644 2 2 0 0 9829 2521 5027
16645 2 2 0 0 2521 9829 5030
16646 2 2 0 0 9829 1362 5030
16647 2 2 0 0 2520 9830 5028
16648 2 2 0 0 9830 1364 5028
16649 2 2 0 0 1364 9830 5029
16650 2 2 0 0 9830 2520 5029
16651 2 2 0 0 1364 9831 5028
16652 2 2 0 0 9831 2523 5028
16653 2 2 0 0 2523 9831 5035
16654 2 2 0 0 9831 1364 5035
16655 2 2 0 0 2526 9832 5029
16656 2 2 0 0 9832 1364 5029
16657 2 2 0 0 1364 9832 5038
16658 2 2 0 0 9832 2526 5038
16659 2 2 0 0 173 9833 5029
16660 2 2 0 0 9833 2526 5029
16661 2 2 0 0 2526 9833 5031
16662 2 2 0 0 9833 173 5031
16663 2 2 0 0 775 9834 5030
16664 2 2 0 0 9834 2521 5030
16665 2 2 0 0 2521 9834 5032
16666 2 2 0 0 9834 775 5032
16667 2 2 0 0 2522 9835 5030
16668 2 2 0 0 9835 775 5030
16669 2 2 0 0 775 9835 5033
16670 2 2 0 0 9835 2522 5033
16671 2 2 0 0 2521 9836 5031
16672 2 2 0 0 9836 1366 5031
16673 2 2 0 0 1366 9836 5032
16674 2 2 0 0 9836 2521 5032
16675 2 2 0 0 1366 9837 5031
16676 2 2 0 0 9837 2526 5031
16677 2 2 0 0 2526 9837 5041
16678 2 2 0 0 9837 1366 5041
16679 2 2 0 0 2529 9838 5032
16680 2 2 0 0 9838 1366 5032
16681 2 2 0 0 1366 9838 5046
16682 2 2 0 0 9838 2529 5046
16683 2 2 0 0 775 9839 5032
16684 2 2 0 0 9839 2529 5032
16685 2 2 0 0 2529 9839 5043
16686 2 2 0 0 9839 775 5043
16687 2 2 0 0 2527 9840 5033
16688 2 2 0 0 9840 775 5033
16689 2 2 0 0 775 9840 5043
16690 2 2 0 0 9840 2527 5043
16691 2 2 0 0 1365 9841 5033
16692 2 2 0 0 9841 2527 5033
16693 2 2 0 0 2527 9841 5042
16694 2 2 0 0 9841 1365 5042
16695 2 2 0 0 2523 9842 5034
16696 2 2 0 0 9842 511 5034
16697 2 2 0 0 511 9842 5035
16698 2 2 0 0 9842 2523 5035
16699 2 2 0 0 511 9843 5034
16700 2 2 0 0 9843 2524 5034
16701 2 2 0 0 2524 9843 5037
16702 2 2 0 0 9843 511 5037
16703 2 2 0 0 2525 9844 5035
16704 2 2 0 0 9844 511 5035
16705 2 2 0 0 511 9844 5039
16706 2 2 0 0 9844 2525 5039
16707 2 2 0 0 1364 9845 5035
16708 2 2 0 0 9845 2525 5035
16709 2 2 0 0 2525 9845 5038
16710 2 2 0 0 9845 1364 5038
16711 2 2 0 0 2524 9846 5036
16712 2 2 0 0 9846 1475 5036
16713 2 2 0 0 1475 9846 5037
16714 2 2 0 0 9846 2524 5037
16715 2 2 0 0 1475 9847 5036
16716 2 2 0 0 9847 2707 5036
16717 2 2 0 0 2707 9847 5503
16718 2 2 0 0 9847 1475 5503
16719 2 2 0 0 2710 9848 5037
16720 2 2 0 0 9848 1475 5037
16721 2 2 0 0 1475 9848 5506
16722 2 2 0 0 9848 2710 5506
16723 2 2 0 0 511 9849 5037
16724 2 2 0 0 9849 2710 5037
16725 2 2 0 0 2710 9849 5039
16726 2 2 0 0 9849 511 5039
16727 2 2 0 0 823 9850 5038
16728 2 2 0 0 9850 2525 5038
16729 2 2 0 0 2525 9850 5040
16730 2 2 0 0 9850 823 5040
16731 2 2 0 0 2526 9851 5038
16732 2 2 0 0 9851 823 5038
16733 2 2 0 0 823 9851 5041
16734 2 2 0 0 9851 2526 5041
16735 2 2 0 0 2525 9852 5039
16736 2 2 0 0 9852 1478 5039
16737 2 2 0 0 1478 9852 5040
16738 2 2 0 0 9852 2525 5040
16739 2 2 0 0 1478 9853 5039
16740 2 2 0 0 9853 2710 5039
16741 2 2 0 0 2710 9853 5509
16742 2 2 0 0 9853 1478 5509
16743 2 2 0 0 2716 9854 5040
16744 2 2 0 0 9854 1478 5040
16745 2 2 0 0 1478 9854 5518
16746 2 2 0 0 9854 2716 5518
16747 2 2 0 0 823 9855 5040
16748 2 2 0 0 9855 2716 5040
16749 2 2 0 0 2716 9855 5048
16750 2 2 0 0 9855 823 5048
16751 2 2 0 0 2530 9856 5041
16752 2 2 0 0 9856 823 5041
16753 2 2 0 0 823 9856 5048
16754 2 2 0 0 9856 2530 5048
16755 2 2 0 0 1366 9857 5041
16756 2 2 0 0 9857 2530 5041
16757 2 2 0 0 2530 9857 5046
16758 2 2 0 0 9857 1366 5046
16759 2 2 0 0 299 9858 5042
16760 2 2 0 0 9858 2527 5042
16761 2 2 0 0 2527 9858 5044
16762 2 2 0 0 9858 299 5044
16763 2 2 0 0 2528 9859 5042
16764 2 2 0 0 9859 299 5042
16765 2 2 0 0 299 9859 5045
16766 2 2 0 0 9859 2528 5045
16767 2 2 0 0 2527 9860 5043
16768 2 2 0 0 9860 1367 5043
16769 2 2 0 0 1367 9860 5044
16770 2 2 0 0 9860 2527 5044
16771 2 2 0 0 1367 9861 5043
16772 2 2 0 0 9861 2529 5043
16773 2 2 0 0 2529 9861 5047
16774 2 2 0 0 9861 1367 5047
16775 2 2 0 0 2532 9862 5044
16776 2 2 0 0 9862 1367 5044
16777 2 2 0 0 1367 9862 5050
16778 2 2 0 0 9862 2532 5050
16779 2 2 0 0 299 9863 5044
16780 2 2 0 0 9863 2532 5044
16781 2 2 0 0 2532 9863 5054
16782 2 2 0 0 9863 299 5054
16783 2 2 0 0 2533 9864 5045
16784 2 2 0 0 9864 299 5045
16785 2 2 0 0 299 9864 5054
16786 2 2 0 0 9864 2533 5054
16787 2 2 0 0 1368 9865 5045
16788 2 2 0 0 9865 2533 5045
16789 2 2 0 0 2533 9865 5055
16790 2 2 0 0 9865 1368 5055
16791 2 2 0 0 2529 9866 5046
16792 2 2 0 0 9866 514 5046
16793 2 2 0 0 514 9866 5047
16794 2 2 0 0 9866 2529 5047
16795 2 2 0 0 514 9867 5046
16796 2 2 0 0 9867 2530 5046
16797 2 2 0 0 2530 9867 5049
16798 2 2 0 0 9867 514 5049
16799 2 2 0 0 2531 9868 5047
16800 2 2 0 0 9868 514 5047
16801 2 2 0 0 514 9868 5051
16802 2 2 0 0 9868 2531 5051
16803 2 2 0 0 1367 9869 5047
16804 2 2 0 0 9869 2531 5047
16805 2 2 0 0 2531 9869 5050
16806 2 2 0 0 9869 1367 5050
16807 2 2 0 0 2530 9870 5048
16808 2 2 0 0 9870 1481 5048
16809 2 2 0 0 1481 9870 5049
16810 2 2 0 0 9870 2530 5049
16811 2 2 0 0 1481 9871 5048
16812 2 2 0 0 9871 2716 5048
16813 2 2 0 0 2716 9871 5521
16814 2 2 0 0 9871 1481 5521
16815 2 2 0 0 2722 9872 5049
16816 2 2 0 0 9872 1481 5049
16817 2 2 0 0 1481 9872 5531
16818 2 2 0 0 9872 2722 5531
16819 2 2 0 0 514 9873 5049
16820 2 2 0 0 9873 2722 5049
16821 2 2 0 0 2722 9873 5051
16822 2 2 0 0 9873 514 5051
16823 2 2 0 0 829 9874 5050
16824 2 2 0 0 9874 2531 5050
16825 2 2 0 0 2531 9874 5052
16826 2 2 0 0 9874 829 5052
16827 2 2 0 0 2532 9875 5050
16828 2 2 0 0 9875 829 5050
16829 2 2 0 0 829 9875 5053
16830 2 2 0 0 9875 2532 5053
16831 2 2 0 0 2531 9876 5051
16832 2 2 0 0 9876 1490 5051
16833 2 2 0 0 1490 9876 5052
16834 2 2 0 0 9876 2531 5052
16835 2 2 0 0 1490 9877 5051
16836 2 2 0 0 9877 2722 5051
16837 2 2 0 0 2722 9877 5533
16838 2 2 0 0 9877 1490 5533
16839 2 2 0 0 2740 9878 5052
16840 2 2 0 0 9878 1490 5052
16841 2 2 0 0 1490 9878 5566
16842 2 2 0 0 9878 2740 5566
16843 2 2 0 0 829 9879 5052
16844 2 2 0 0 9879 2740 5052
16845 2 2 0 0 2740 9879 5084
16846 2 2 0 0 9879 829 5084
16847 2 2 0 0 2532 9880 5053
16848 2 2 0 0 9880 1375 5053
16849 2 2 0 0 1375 9880 5054
16850 2 2 0 0 9880 2532 5054
16851 2 2 0 0 2548 9881 5053
16852 2 2 0 0 9881 829 5053
16853 2 2 0 0 829 9881 5084
16854 2 2 0 0 9881 2548 5084
16855 2 2 0 0 1375 9882 5053
16856 2 2 0 0 9882 2548 5053
16857 2 2 0 0 2548 9882 5082
16858 2 2 0 0 9882 1375 5082
16859 2 2 0 0 2533 9883 5054
16860 2 2 0 0 9883 1375 5054
16861 2 2 0 0 1375 9883 5056
16862 2 2 0 0 9883 2533 5056
16863 2 2 0 0 780 9884 5055
16864 2 2 0 0 9884 2533 5055
16865 2 2 0 0 2533 9884 5056
16866 2 2 0 0 9884 780 5056
16867 2 2 0 0 2534 9885 5055
16868 2 2 0 0 9885 780 5055
16869 2 2 0 0 780 9885 5057
16870 2 2 0 0 9885 2534 5057
16871 2 2 0 0 2547 9886 5056
16872 2 2 0 0 9886 1375 5056
16873 2 2 0 0 1375 9886 5082
16874 2 2 0 0 9886 2547 5082
16875 2 2 0 0 780 9887 5056
16876 2 2 0 0 9887 2547 5056
16877 2 2 0 0 2547 9887 5076
16878 2 2 0 0 9887 780 5076
16879 2 2 0 0 2544 9888 5057
16880 2 2 0 0 9888 780 5057
16881 2 2 0 0 780 9888 5076
16882 2 2 0 0 9888 2544 5076
16883 2 2 0 0 1373 9889 5057
16884 2 2 0 0 9889 2544 5057
16885 2 2 0 0 2544 9889 5074
16886 2 2 0 0 9889 1373 5074
16887 2 2 0 0 139 9890 5058
16888 2 2 0 0 9890 2535 5058
16889 2 2 0 0 2535 9890 5060
16890 2 2 0 0 9890 139 5060
16891 2 2 0 0 2536 9891 5058
16892 2 2 0 0 9891 139 5058
16893 2 2 0 0 139 9891 5061
16894 2 2 0 0 9891 2536 5061
16895 2 2 0 0 2535 9892 5059
16896 2 2 0 0 9892 1371 5059
16897 2 2 0 0 1371 9892 5060
16898 2 2 0 0 9892 2535 5060
16899 2 2 0 0 1371 9893 5059
16900 2 2 0 0 9893 2537 5059
16901 2 2 0 0 2537 9893 5063
16902 2 2 0 0 9893 1371 5063
16903 2 2 0 0 2540 9894 5060
16904 2 2 0 0 9894 1371 5060
16905 2 2 0 0 1371 9894 5066
16906 2 2 0 0 9894 2540 5066
16907 2 2 0 0 139 9895 5060
16908 2 2 0 0 9895 2540 5060
16909 2 2 0 0 2540 9895 5070
16910 2 2 0 0 9895 139 5070
16911 2 2 0 0 2541 9896 5061
16912 2 2 0 0 9896 139 5061
16913 2 2 0 0 139 9896 5070
16914 2 2 0 0 9896 2541 5070
16915 2 2 0 0 1372 9897 5061
16916 2 2 0 0 9897 2541 5061
16917 2 2 0 0 2541 9897 5071
16918 2 2 0 0 9897 1372 5071
16919 2 2 0 0 2537 9898 5062
16920 2 2 0 0 9898 471 5062
16921 2 2 0 0 471 9898 5063
16922 2 2 0 0 9898 2537 5063
16923 2 2 0 0 471 9899 5062
16924 2 2 0 0 9899 2538 5062
16925 2 2 0 0 2538 9899 5065
16926 2 2 0 0 9899 471 5065
16927 2 2 0 0 2539 9900 5063
16928 2 2 0 0 9900 471 5063
16929 2 2 0 0 471 9900 5067
16930 2 2 0 0 9900 2539 5067
16931 2 2 0 0 1371 9901 5063
16932 2 2 0 0 9901 2539 5063
16933 2 2 0 0 2539 9901 5066
16934 2 2 0 0 9901 1371 5066
16935 2 2 0 0 2538 9902 5064
16936 2 2 0 0 9902 1374 5064
16937 2 2 0 0 1374 9902 5065
16938 2 2 0 0 9902 2538 5065
16939 2 2 0 0 1374 9903 5064
16940 2 2 0 0 9903 2543 5064
16941 2 2 0 0 2543 9903 5075
16942 2 2 0 0 9903 1374 5075
16943 2 2 0 0 2546 9904 5065
16944 2 2 0 0 9904 1374 5065
16945 2 2 0 0 1374 9904 5078
16946 2 2 0 0 9904 2546 5078
16947 2 2 0 0 471 9905 5065
16948 2 2 0 0 9905 2546 5065
16949 2 2 0 0 2546 9905 5067
16950 2 2 0 0 9905 471 5067
16951 2 2 0 0 782 9906 5066
16952 2 2 0 0 9906 2539 5066
16953 2 2 0 0 2539 9906 5068
16954 2 2 0 0 9906 782 5068
16955 2 2 0 0 2540 9907 5066
16956 2 2 0 0 9907 782 5066
16957 2 2 0 0 782 9907 5069
16958 2 2 0 0 9907 2540 5069
16959 2 2 0 0 2539 9908 5067
16960 2 2 0 0 9908 1377 5067
16961 2 2 0 0 1377 9908 5068
16962 2 2 0 0 9908 2539 5068
16963 2 2 0 0 1377 9909 5067
16964 2 2 0 0 9909 2546 5067
16965 2 2 0 0 2546 9909 5081
16966 2 2 0 0 9909 1377 5081
16967 2 2 0 0 2552 9910 5068
16968 2 2 0 0 9910 1377 5068
16969 2 2 0 0 1377 9910 5090
16970 2 2 0 0 9910 2552 5090
16971 2 2 0 0 782 9911 5068
16972 2 2 0 0 9911 2552 5068
16973 2 2 0 0 2552 9911 5094
16974 2 2 0 0 9911 782 5094
16975 2 2 0 0 2540 9912 5069
16976 2 2 0 0 9912 1381 5069
16977 2 2 0 0 1381 9912 5070
16978 2 2 0 0 9912 2540 5070
16979 2 2 0 0 2557 9913 5069
16980 2 2 0 0 9913 782 5069
16981 2 2 0 0 782 9913 5094
16982 2 2 0 0 9913 2557 5094
16983 2 2 0 0 1381 9914 5069
16984 2 2 0 0 9914 2557 5069
16985 2 2 0 0 2557 9914 5105
16986 2 2 0 0 9914 1381 5105
16987 2 2 0 0 2541 9915 5070
16988 2 2 0 0 9915 1381 5070
16989 2 2 0 0 1381 9915 5072
16990 2 2 0 0 9915 2541 5072
16991 2 2 0 0 783 9916 5071
16992 2 2 0 0 9916 2541 5071
16993 2 2 0 0 2541 9916 5072
16994 2 2 0 0 9916 783 5072
16995 2 2 0 0 2542 9917 5071
16996 2 2 0 0 9917 783 5071
16997 2 2 0 0 783 9917 5073
16998 2 2 0 0 9917 2542 5073
16999 2 2 0 0 2560 9918 5072
17000 2 2 0 0 9918 1381 5072
17001 2 2 0 0 1381 9918 5105
17002 2 2 0 0 9918 2560 5105
17003 2 2 0 0 783 9919 5072
17004 2 2 0 0 9919 2560 5072
17005 2 2 0 0 2560 9919 5111
17006 2 2 0 0 9919 783 5111
17007 2 2 0 0 2561 9920 5073
17008 2 2 0 0 9920 783 5073
17009 2 2 0 0 783 9920 5111
17010 2 2 0 0 9920 2561 5111
17011 2 2 0 0 1382 9921 5073
17012 2 2 0 0 9921 2561 5073
17013 2 2 0 0 2561 9921 5112
17014 2 2 0 0 9921 1382 5112
17015 2 2 0 0 2543 9922 5074
17016 2 2 0 0 9922 177 5074
17017 2 2 0 0 177 9922 5075
17018 2 2 0 0 9922 2543 5075
17019 2 2 0 0 177 9923 5074
17020 2 2 0 0 9923 2544 5074
17021 2 2 0 0 2544 9923 5077
17022 2 2 0 0 9923 177 5077
17023 2 2 0 0 2545 9924 5075
17024 2 2 0 0 9924 177 5075
17025 2 2 0 0 177 9924 5079
17026 2 2 0 0 9924 2545 5079
17027 2 2 0 0 1374 9925 5075
17028 2 2 0 0 9925 2545 5075
17029 2 2 0 0 2545 9925 5078
17030 2 2 0 0 9925 1374 5078
17031 2 2 0 0 2544 9926 5076
17032 2 2 0 0 9926 1376 5076
17033 2 2 0 0 1376 9926 5077
17034 2 2 0 0 9926 2544 5077
17035 2 2 0 0 1376 9927 5076
17036 2 2 0 0 9927 2547 5076
17037 2 2 0 0 2547 9927 5083
17038 2 2 0 0 9927 1376 5083
17039 2 2 0 0 2550 9928 5077
17040 2 2 0 0 9928 1376 5077
17041 2 2 0 0 1376 9928 5086
17042 2 2 0 0 9928 2550 5086
17043 2 2 0 0 177 9929 5077
17044 2 2 0 0 9929 2550 5077
17045 2 2 0 0 2550 9929 5079
17046 2 2 0 0 9929 177 5079
17047 2 2 0 0 781 9930 5078
17048 2 2 0 0 9930 2545 5078
17049 2 2 0 0 2545 9930 5080
17050 2 2 0 0 9930 781 5080
17051 2 2 0 0 2546 9931 5078
17052 2 2 0 0 9931 781 5078
17053 2 2 0 0 781 9931 5081
17054 2 2 0 0 9931 2546 5081
17055 2 2 0 0 2545 9932 5079
17056 2 2 0 0 9932 1378 5079
17057 2 2 0 0 1378 9932 5080
17058 2 2 0 0 9932 2545 5080
17059 2 2 0 0 1378 9933 5079
17060 2 2 0 0 9933 2550 5079
17061 2 2 0 0 2550 9933 5089
17062 2 2 0 0 9933 1378 5089
17063 2 2 0 0 2553 9934 5080
17064 2 2 0 0 9934 1378 5080
17065 2 2 0 0 1378 9934 5095
17066 2 2 0 0 9934 2553 5095
17067 2 2 0 0 781 9935 5080
17068 2 2 0 0 9935 2553 5080
17069 2 2 0 0 2553 9935 5091
17070 2 2 0 0 9935 781 5091
17071 2 2 0 0 2551 9936 5081
17072 2 2 0 0 9936 781 5081
17073 2 2 0 0 781 9936 5091
17074 2 2 0 0 9936 2551 5091
17075 2 2 0 0 1377 9937 5081
17076 2 2 0 0 9937 2551 5081
17077 2 2 0 0 2551 9937 5090
17078 2 2 0 0 9937 1377 5090
17079 2 2 0 0 2547 9938 5082
17080 2 2 0 0 9938 517 5082
17081 2 2 0 0 517 9938 5083
17082 2 2 0 0 9938 2547 5083
17083 2 2 0 0 517 9939 5082
17084 2 2 0 0 9939 2548 5082
17085 2 2 0 0 2548 9939 5085
17086 2 2 0 0 9939 517 5085
17087 2 2 0 0 2549 9940 5083
17088 2 2 0 0 9940 517 5083
17089 2 2 0 0 517 9940 5087
17090 2 2 0 0 9940 2549 5087
17091 2 2 0 0 1376 9941 5083
17092 2 2 0 0 9941 2549 5083
17093 2 2 0 0 2549 9941 5086
17094 2 2 0 0 9941 1376 5086
17095 2 2 0 0 2548 9942 5084
17096 2 2 0 0 9942 1493 5084
17097 2 2 0 0 1493 9942 5085
17098 2 2 0 0 9942 2548 5085
17099 2 2 0 0 1493 9943 5084
17100 2 2 0 0 9943 2740 5084
17101 2 2 0 0 2740 9943 5569
17102 2 2 0 0 9943 1493 5569
17103 2 2 0 0 2746 9944 5085
17104 2 2 0 0 9944 1493 5085
17105 2 2 0 0 1493 9944 5579
17106 2 2 0 0 9944 2746 5579
17107 2 2 0 0 517 9945 5085
17108 2 2 0 0 9945 2746 5085
17109 2 2 0 0 2746 9945 5087
17110 2 2 0 0 9945 517 5087
17111 2 2 0 0 835 9946 5086
17112 2 2 0 0 9946 2549 5086
17113 2 2 0 0 2549 9946 5088
17114 2 2 0 0 9946 835 5088
17115 2 2 0 0 2550 9947 5086
17116 2 2 0 0 9947 835 5086
17117 2 2 0 0 835 9947 5089
17118 2 2 0 0 9947 2550 5089
17119 2 2 0 0 2549 9948 5087
17120 2 2 0 0 9948 1503 5087
17121 2 2 0 0 1503 9948 5088
17122 2 2 0 0 9948 2549 5088
17123 2 2 0 0 1503 9949 5087
17124 2 2 0 0 9949 2746 5087
17125 2 2 0 0 2746 9949 5581
17126 2 2 0 0 9949 1503 5581
17127 2 2 0 0 2766 9950 5088
17128 2 2 0 0 9950 1503 5088
17129 2 2 0 0 1503 9950 5620
17130 2 2 0 0 9950 2766 5620
17131 2 2 0 0 835 9951 5088
17132 2 2 0 0 9951 2766 5088
17133 2 2 0 0 2766 9951 5097
17134 2 2 0 0 9951 835 5097
17135 2 2 0 0 2554 9952 5089
17136 2 2 0 0 9952 835 5089
17137 2 2 0 0 835 9952 5097
17138 2 2 0 0 9952 2554 5097
17139 2 2 0 0 1378 9953 5089
17140 2 2 0 0 9953 2554 5089
17141 2 2 0 0 2554 9953 5095
17142 2 2 0 0 9953 1378 5095
17143 2 2 0 0 314 9954 5090
17144 2 2 0 0 9954 2551 5090
17145 2 2 0 0 2551 9954 5092
17146 2 2 0 0 9954 314 5092
17147 2 2 0 0 2552 9955 5090
17148 2 2 0 0 9955 314 5090
17149 2 2 0 0 314 9955 5093
17150 2 2 0 0 9955 2552 5093
17151 2 2 0 0 2551 9956 5091
17152 2 2 0 0 9956 1379 5091
17153 2 2 0 0 1379 9956 5092
17154 2 2 0 0 9956 2551 5092
17155 2 2 0 0 1379 9957 5091
17156 2 2 0 0 9957 2553 5091
17157 2 2 0 0 2553 9957 5096
17158 2 2 0 0 9957 1379 5096
17159 2 2 0 0 2556 9958 5092
17160 2 2 0 0 9958 1379 5092
17161 2 2 0 0 1379 9958 5099
17162 2 2 0 0 9958 2556 5099
17163 2 2 0 0 314 9959 5092
17164 2 2 0 0 9959 2556 5092
17165 2 2 0 0 2556 9959 5103
17166 2 2 0 0 9959 314 5103
17167 2 2 0 0 2552 9960 5093
17168 2 2 0 0 9960 1380 5093
17169 2 2 0 0 1380 9960 5094
17170 2 2 0 0 9960 2552 5094
17171 2 2 0 0 2558 9961 5093
17172 2 2 0 0 9961 314 5093
17173 2 2 0 0 314 9961 5103
17174 2 2 0 0 9961 2558 5103
17175 2 2 0 0 1380 9962 5093
17176 2 2 0 0 9962 2558 5093
17177 2 2 0 0 2558 9962 5106
17178 2 2 0 0 9962 1380 5106
17179 2 2 0 0 2557 9963 5094
17180 2 2 0 0 9963 1380 5094
17181 2 2 0 0 1380 9963 5104
17182 2 2 0 0 9963 2557 5104
17183 2 2 0 0 2553 9964 5095
17184 2 2 0 0 9964 534 5095
17185 2 2 0 0 534 9964 5096
17186 2 2 0 0 9964 2553 5096
17187 2 2 0 0 534 9965 5095
17188 2 2 0 0 9965 2554 5095
17189 2 2 0 0 2554 9965 5098
17190 2 2 0 0 9965 534 5098
17191 2 2 0 0 2555 9966 5096
17192 2 2 0 0 9966 534 5096
17193 2 2 0 0 534 9966 5100
17194 2 2 0 0 9966 2555 5100
17195 2 2 0 0 1379 9967 5096
17196 2 2 0 0 9967 2555 5096
17197 2 2 0 0 2555 9967 5099
17198 2 2 0 0 9967 1379 5099
17199 2 2 0 0 2554 9968 5097
17200 2 2 0 0 9968 1505 5097
17201 2 2 0 0 1505 9968 5098
17202 2 2 0 0 9968 2554 5098
17203 2 2 0 0 1505 9969 5097
17204 2 2 0 0 9969 2766 5097
17205 2 2 0 0 2766 9969 5622
17206 2 2 0 0 9969 1505 5622
17207 2 2 0 0 2770 9970 5098
17208 2 2 0 0 9970 1505 5098
17209 2 2 0 0 1505 9970 5627
17210 2 2 0 0 9970 2770 5627
17211 2 2 0 0 534 9971 5098
17212 2 2 0 0 9971 2770 5098
17213 2 2 0 0 2770 9971 5100
17214 2 2 0 0 9971 534 5100
17215 2 2 0 0 850 9972 5099
17216 2 2 0 0 9972 2555 5099
17217 2 2 0 0 2555 9972 5101
17218 2 2 0 0 9972 850 5101
17219 2 2 0 0 2556 9973 5099
17220 2 2 0 0 9973 850 5099
17221 2 2 0 0 850 9973 5102
17222 2 2 0 0 9973 2556 5102
17223 2 2 0 0 2555 9974 5100
17224 2 2 0 0 9974 1542 5100
17225 2 2 0 0 1542 9974 5101
17226 2 2 0 0 9974 2555 5101
17227 2 2 0 0 1542 9975 5100
17228 2 2 0 0 9975 2770 5100
17229 2 2 0 0 2770 9975 5629
17230 2 2 0 0 9975 1542 5629
17231 2 2 0 0 2819 9976 5101
17232 2 2 0 0 9976 1542 5101
17233 2 2 0 0 1542 9976 5774
17234 2 2 0 0 9976 2819 5774
17235 2 2 0 0 850 9977 5101
17236 2 2 0 0 9977 2819 5101
17237 2 2 0 0 2819 9977 5744
17238 2 2 0 0 9977 850 5744
17239 2 2 0 0 2556 9978 5102
17240 2 2 0 0 9978 1534 5102
17241 2 2 0 0 1534 9978 5103
17242 2 2 0 0 9978 2556 5103
17243 2 2 0 0 2808 9979 5102
17244 2 2 0 0 9979 850 5102
17245 2 2 0 0 850 9979 5744
17246 2 2 0 0 9979 2808 5744
17247 2 2 0 0 1534 9980 5102
17248 2 2 0 0 9980 2808 5102
17249 2 2 0 0 2808 9980 5742
17250 2 2 0 0 9980 1534 5742
17251 2 2 0 0 2558 9981 5103
17252 2 2 0 0 9981 1534 5103
17253 2 2 0 0 1534 9981 5107
17254 2 2 0 0 9981 2558 5107
17255 2 2 0 0 2557 9982 5104
17256 2 2 0 0 9982 532 5104
17257 2 2 0 0 532 9982 5105
17258 2 2 0 0 9982 2557 5105
17259 2 2 0 0 2559 9983 5104
17260 2 2 0 0 9983 1380 5104
17261 2 2 0 0 1380 9983 5106
17262 2 2 0 0 9983 2559 5106
17263 2 2 0 0 532 9984 5104
17264 2 2 0 0 9984 2559 5104
17265 2 2 0 0 2559 9984 5109
17266 2 2 0 0 9984 532 5109
17267 2 2 0 0 2560 9985 5105
17268 2 2 0 0 9985 532 5105
17269 2 2 0 0 532 9985 5110
17270 2 2 0 0 9985 2560 5110
17271 2 2 0 0 847 9986 5106
17272 2 2 0 0 9986 2558 5106
17273 2 2 0 0 2558 9986 5107
17274 2 2 0 0 9986 847 5107
17275 2 2 0 0 2559 9987 5106
17276 2 2 0 0 9987 847 5106
17277 2 2 0 0 847 9987 5108
17278 2 2 0 0 9987 2559 5108
17279 2 2 0 0 2807 9988 5107
17280 2 2 0 0 9988 1534 5107
17281 2 2 0 0 1534 9988 5742
17282 2 2 0 0 9988 2807 5742
17283 2 2 0 0 847 9989 5107
17284 2 2 0 0 9989 2807 5107
17285 2 2 0 0 2807 9989 5736
17286 2 2 0 0 9989 847 5736
17287 2 2 0 0 2559 9990 5108
17288 2 2 0 0 9990 1532 5108
17289 2 2 0 0 1532 9990 5109
17290 2 2 0 0 9990 2559 5109
17291 2 2 0 0 2804 9991 5108
17292 2 2 0 0 9991 847 5108
17293 2 2 0 0 847 9991 5736
17294 2 2 0 0 9991 2804 5736
17295 2 2 0 0 1532 9992 5108
17296 2 2 0 0 9992 2804 5108
17297 2 2 0 0 2804 9992 5734
17298 2 2 0 0 9992 1532 5734
17299 2 2 0 0 2563 9993 5109
17300 2 2 0 0 9993 1532 5109
17301 2 2 0 0 1532 9993 5116
17302 2 2 0 0 9993 2563 5116
17303 2 2 0 0 532 9994 5109
17304 2 2 0 0 9994 2563 5109
17305 2 2 0 0 2563 9994 5110
17306 2 2 0 0 9994 532 5110
17307 2 2 0 0 2560 9995 5110
17308 2 2 0 0 9995 1383 5110
17309 2 2 0 0 1383 9995 5111
17310 2 2 0 0 9995 2560 5111
17311 2 2 0 0 1383 9996 5110
17312 2 2 0 0 9996 2563 5110
17313 2 2 0 0 2563 9996 5115
17314 2 2 0 0 9996 1383 5115
17315 2 2 0 0 2561 9997 5111
17316 2 2 0 0 9997 1383 5111
17317 2 2 0 0 1383 9997 5113
17318 2 2 0 0 9997 2561 5113
17319 2 2 0 0 313 9998 5112
17320 2 2 0 0 9998 2561 5112
17321 2 2 0 0 2561 9998 5113
17322 2 2 0 0 9998 313 5113
17323 2 2 0 0 2562 9999 5112
17324 2 2 0 0 9999 313 5112
17325 2 2 0 0 313 9999 5114
17326 2 2 0 0 9999 2562 5114
17327 2 2 0 0 2564 10000 5113
17328 2 2 0 0 10000 1383 5113
17329 2 2 0 0 1383 10000 5115
17330 2 2 0 0 10000 2564 5115
17331 2 2 0 0 313 10001 5113
17332 2 2 0 0 10001 2564 5113
17333 2 2 0 0 2564 10001 5118
17334 2 2 0 0 10001 313 5118
17335 2 2 0 0 2565 10002 5114
17336 2 2 0 0 10002 313 5114
17337 2 2 0 0 313 10002 5118
17338 2 2 0 0 10002 2565 5118
17339 2 2 0 0 1384 10003 5114
17340 2 2 0 0 10003 2565 5114
17341 2 2 0 0 2565 10003 5119
17342 2 2 0 0 10003 1384 5119
17343 2 2 0 0 846 10004 5115
17344 2 2 0 0 10004 2563 5115
17345 2 2 0 0 2563 10004 5116
17346 2 2 0 0 10004 846 5116
17347 2 2 0 0 2564 10005 5115
17348 2 2 0 0 10005 846 5115
17349 2 2 0 0 846 10005 5117
17350 2 2 0 0 10005 2564 5117
17351 2 2 0 0 2803 10006 5116
17352 2 2 0 0 10006 1532 5116
17353 2 2 0 0 1532 10006 5734
17354 2 2 0 0 10006 2803 5734
17355 2 2 0 0 846 10007 5116
17356 2 2 0 0 10007 2803 5116
17357 2 2 0 0 2803 10007 5728
17358 2 2 0 0 10007 846 5728
17359 2 2 0 0 2564 10008 5117
17360 2 2 0 0 10008 1530 5117
17361 2 2 0 0 1530 10008 5118
17362 2 2 0 0 10008 2564 5118
17363 2 2 0 0 2800 10009 5117
17364 2 2 0 0 10009 846 5117
17365 2 2 0 0 846 10009 5728
17366 2 2 0 0 10009 2800 5728
17367 2 2 0 0 1530 10010 5117
17368 2 2 0 0 10010 2800 5117
17369 2 2 0 0 2800 10010 5726
17370 2 2 0 0 10010 1530 5726
17371 2 2 0 0 2565 10011 5118
17372 2 2 0 0 10011 1530 5118
17373 2 2 0 0 1530 10011 5120
17374 2 2 0 0 10011 2565 5120
17375 2 2 0 0 845 10012 5119
17376 2 2 0 0 10012 2565 5119
17377 2 2 0 0 2565 10012 5120
17378 2 2 0 0 10012 845 5120
17379 2 2 0 0 2566 10013 5119
17380 2 2 0 0 10013 845 5119
17381 2 2 0 0 845 10013 5121
17382 2 2 0 0 10013 2566 5121
17383 2 2 0 0 2799 10014 5120
17384 2 2 0 0 10014 1530 5120
17385 2 2 0 0 1530 10014 5726
17386 2 2 0 0 10014 2799 5726
17387 2 2 0 0 845 10015 5120
17388 2 2 0 0 10015 2799 5120
17389 2 2 0 0 2799 10015 5710
17390 2 2 0 0 10015 845 5710
17391 2 2 0 0 2796 10016 5121
17392 2 2 0 0 10016 845 5121
17393 2 2 0 0 845 10016 5710
17394 2 2 0 0 10016 2796 5710
17395 2 2 0 0 1526 10017 5121
17396 2 2 0 0 10017 2796 5121
17397 2 2 0 0 2796 10017 5707
17398 2 2 0 0 10017 1526 5707
17399 2 2 0 0 2567 10018 5122
17400 2 2 0 0 10018 128 5122
17401 2 2 0 0 128 10018 5123
17402 2 2 0 0 10018 2567 5123
17403 2 2 0 0 2568 10019 5122
17404 2 2 0 0 10019 128 5122
17405 2 2 0 0 128 10019 5125
17406 2 2 0 0 10019 2568 5125
17407 2 2 0 0 2567 10020 5123
17408 2 2 0 0 10020 1388 5123
17409 2 2 0 0 1388 10020 5124
17410 2 2 0 0 10020 2567 5124
17411 2 2 0 0 2571 10021 5123
17412 2 2 0 0 10021 128 5123
17413 2 2 0 0 128 10021 5132
17414 2 2 0 0 10021 2571 5132
17415 2 2 0 0 1388 10022 5123
17416 2 2 0 0 10022 2571 5123
17417 2 2 0 0 2571 10022 5131
17418 2 2 0 0 10022 1388 5131
17419 2 2 0 0 2570 10023 5124
17420 2 2 0 0 10023 1388 5124
17421 2 2 0 0 1388 10023 5129
17422 2 2 0 0 10023 2570 5129
17423 2 2 0 0 2568 10024 5125
17424 2 2 0 0 10024 1391 5125
17425 2 2 0 0 1391 10024 5126
17426 2 2 0 0 10024 2568 5126
17427 2 2 0 0 2573 10025 5125
17428 2 2 0 0 10025 128 5125
17429 2 2 0 0 128 10025 5132
17430 2 2 0 0 10025 2573 5132
17431 2 2 0 0 1391 10026 5125
17432 2 2 0 0 10026 2573 5125
17433 2 2 0 0 2573 10026 5146
17434 2 2 0 0 10026 1391 5146
17435 2 2 0 0 2572 10027 5126
17436 2 2 0 0 10027 1391 5126
17437 2 2 0 0 1391 10027 5144
17438 2 2 0 0 10027 2572 5144
17439 2 2 0 0 2570 10028 5129
17440 2 2 0 0 10028 476 5129
17441 2 2 0 0 476 10028 5130
17442 2 2 0 0 10028 2570 5130
17443 2 2 0 0 5128 10029 5129
17444 2 2 0 0 10029 1388 5129
17445 2 2 0 0 1388 10029 5131
17446 2 2 0 0 10029 5128 5131
17447 2 2 0 0 1387 10030 5131
17448 2 2 0 0 10030 2571 5131
17449 2 2 0 0 2571 10030 5141
17450 2 2 0 0 10030 1387 5141
17451 2 2 0 0 2571 10031 5132
17452 2 2 0 0 10031 2569 5132
17453 2 2 0 0 2569 10031 5141
17454 2 2 0 0 10031 2571 5141
17455 2 2 0 0 2573 10032 5132
17456 2 2 0 0 10032 2569 5132
17457 2 2 0 0 2569 10032 5154
17458 2 2 0 0 10032 2573 5154
17459 2 2 0 0 1386 10033 5140
17460 2 2 0 0 1386 10033 5153
17461 2 2 0 0 5140 10034 5141
17462 2 2 0 0 10034 2569 5141
17463 2 2 0 0 2569 10034 10033
17464 2 2 0 0 10034 5140 10033
17465 2 2 0 0 2572 10035 5144
17466 2 2 0 0 10035 479 5144
17467 2 2 0 0 479 10035 5145
17468 2 2 0 0 10035 2572 5145
17469 2 2 0 0 5143 10036 5144
17470 2 2 0 0 10036 1391 5144
17471 2 2 0 0 1391 10036 5146
17472 2 2 0 0 10036 5143 5146
17473 2 2 0 0 1390 10037 5146
17474 2 2 0 0 10037 2573 5146
17475 2 2 0 0 2573 10037 5154
17476 2 2 0 0 10037 1390 5154
17477 2 2 0 0 5153 10038 5154
17478 2 2 0 0 10038 2569 5154
17479 2 2 0 0 2569 10038 10033
17480 2 2 0 0 10038 5153 10033
17481 2 2 0 0 103 10039 5155
17482 2 2 0 0 10039 2574 5155
17483 2 2 0 0 2574 10039 5157
17484 2 2 0 0 10039 103 5157
17485 2 2 0 0 2575 10040 5155
17486 2 2 0 0 10040 103 5155
17487 2 2 0 0 103 10040 5158
17488 2 2 0 0 10040 2575 5158
17489 2 2 0 0 2574 10041 5156
17490 2 2 0 0 10041 1396 5156
17491 2 2 0 0 1396 10041 5157
17492 2 2 0 0 10041 2574 5157
17493 2 2 0 0 1396 10042 5156
17494 2 2 0 0 10042 2576 5156
17495 2 2 0 0 2576 10042 5163
17496 2 2 0 0 10042 1396 5163
17497 2 2 0 0 2577 10043 5157
17498 2 2 0 0 10043 1396 5157
17499 2 2 0 0 1396 10043 5164
17500 2 2 0 0 10043 2577 5164
17501 2 2 0 0 103 10044 5157
17502 2 2 0 0 10044 2577 5157
17503 2 2 0 0 2577 10044 5173
17504 2 2 0 0 10044 103 5173
17505 2 2 0 0 2575 10045 5158
17506 2 2 0 0 10045 1397 5158
17507 2 2 0 0 1397 10045 5159
17508 2 2 0 0 10045 2575 5159
17509 2 2 0 0 2579 10046 5158
17510 2 2 0 0 10046 103 5158
17511 2 2 0 0 103 10046 5173
17512 2 2 0 0 10046 2579 5173
17513 2 2 0 0 1397 10047 5158
17514 2 2 0 0 10047 2579 5158
17515 2 2 0 0 2579 10047 5176
17516 2 2 0 0 10047 1397 5176
17517 2 2 0 0 2578 10048 5159
17518 2 2 0 0 10048 1397 5159
17519 2 2 0 0 1397 10048 5174
17520 2 2 0 0 10048 2578 5174
17521 2 2 0 0 2576 10049 5160
17522 2 2 0 0 10049 484 5160
17523 2 2 0 0 484 10049 5163
17524 2 2 0 0 10049 2576 5163
17525 2 2 0 0 1396 10050 5163
17526 2 2 0 0 10050 5162 5163
17527 2 2 0 0 5162 10050 5164
17528 2 2 0 0 10050 1396 5164
17529 2 2 0 0 2577 10051 5164
17530 2 2 0 0 10051 1395 5164
17531 2 2 0 0 1395 10051 5172
17532 2 2 0 0 10051 2577 5172
17533 2 2 0 0 2577 10052 5172
17534 2 2 0 0 10052 1402 5172
17535 2 2 0 0 1402 10052 5173
17536 2 2 0 0 10052 2577 5173
17537 2 2 0 0 1402 10053 5172
17538 2 2 0 0 10053 5171 5172
17539 2 2 0 0 5171 10053 5195
17540 2 2 0 0 10053 1402 5195
17541 2 2 0 0 2579 10054 5173
17542 2 2 0 0 10054 1402 5173
17543 2 2 0 0 1402 10054 5177
17544 2 2 0 0 10054 2579 5177
17545 2 2 0 0 2578 10055 5174
17546 2 2 0 0 10055 485 5174
17547 2 2 0 0 485 10055 5175
17548 2 2 0 0 10055 2578 5175
17549 2 2 0 0 2580 10056 5174
17550 2 2 0 0 10056 1397 5174
17551 2 2 0 0 1397 10056 5176
17552 2 2 0 0 10056 2580 5176
17553 2 2 0 0 485 10057 5174
17554 2 2 0 0 10057 2580 5174
17555 2 2 0 0 2580 10057 5179
17556 2 2 0 0 10057 485 5179
17557 2 2 0 0 2581 10058 5175
17558 2 2 0 0 10058 485 5175
17559 2 2 0 0 485 10058 5180
17560 2 2 0 0 10058 2581 5180
17561 2 2 0 0 790 10059 5176
17562 2 2 0 0 10059 2579 5176
17563 2 2 0 0 2579 10059 5177
17564 2 2 0 0 10059 790 5177
17565 2 2 0 0 2580 10060 5176
17566 2 2 0 0 10060 790 5176
17567 2 2 0 0 790 10060 5178
17568 2 2 0 0 10060 2580 5178
17569 2 2 0 0 2588 10061 5177
17570 2 2 0 0 10061 1402 5177
17571 2 2 0 0 1402 10061 5195
17572 2 2 0 0 10061 2588 5195
17573 2 2 0 0 790 10062 5177
17574 2 2 0 0 10062 2588 5177
17575 2 2 0 0 2588 10062 5191
17576 2 2 0 0 10062 790 5191
17577 2 2 0 0 2580 10063 5178
17578 2 2 0 0 10063 1401 5178
17579 2 2 0 0 1401 10063 5179
17580 2 2 0 0 10063 2580 5179
17581 2 2 0 0 2586 10064 5178
17582 2 2 0 0 10064 790 5178
17583 2 2 0 0 790 10064 5191
17584 2 2 0 0 10064 2586 5191
17585 2 2 0 0 1401 10065 5178
17586 2 2 0 0 10065 2586 5178
17587 2 2 0 0 2586 10065 5190
17588 2 2 0 0 10065 1401 5190
17589 2 2 0 0 2583 10066 5179
17590 2 2 0 0 10066 1401 5179
17591 2 2 0 0 1401 10066 5185
17592 2 2 0 0 10066 2583 5185
17593 2 2 0 0 485 10067 5179
17594 2 2 0 0 10067 2583 5179
17595 2 2 0 0 2583 10067 5180
17596 2 2 0 0 10067 485 5180
17597 2 2 0 0 2581 10068 5180
17598 2 2 0 0 10068 1399 5180
17599 2 2 0 0 1399 10068 5181
17600 2 2 0 0 10068 2581 5181
17601 2 2 0 0 1399 10069 5180
17602 2 2 0 0 10069 2583 5180
17603 2 2 0 0 2583 10069 5184
17604 2 2 0 0 10069 1399 5184
17605 2 2 0 0 2582 10070 5181
17606 2 2 0 0 10070 1399 5181
17607 2 2 0 0 1399 10070 5182
17608 2 2 0 0 10070 2582 5182
17609 2 2 0 0 2582 10071 5182
17610 2 2 0 0 10071 169 5182
17611 2 2 0 0 169 10071 5183
17612 2 2 0 0 10071 2582 5183
17613 2 2 0 0 2584 10072 5182
17614 2 2 0 0 10072 1399 5182
17615 2 2 0 0 1399 10072 5184
17616 2 2 0 0 10072 2584 5184
17617 2 2 0 0 169 10073 5182
17618 2 2 0 0 10073 2584 5182
17619 2 2 0 0 2584 10073 5187
17620 2 2 0 0 10073 169 5187
17621 2 2 0 0 2585 10074 5183
17622 2 2 0 0 10074 169 5183
17623 2 2 0 0 169 10074 5188
17624 2 2 0 0 10074 2585 5188
17625 2 2 0 0 791 10075 5184
17626 2 2 0 0 10075 2583 5184
17627 2 2 0 0 2583 10075 5185
17628 2 2 0 0 10075 791 5185
17629 2 2 0 0 2584 10076 5184
17630 2 2 0 0 10076 791 5184
17631 2 2 0 0 791 10076 5186
17632 2 2 0 0 10076 2584 5186
17633 2 2 0 0 2587 10077 5185
17634 2 2 0 0 10077 1401 5185
17635 2 2 0 0 1401 10077 5190
17636 2 2 0 0 10077 2587 5190
17637 2 2 0 0 791 10078 5185
17638 2 2 0 0 10078 2587 5185
17639 2 2 0 0 2587 10078 5194
17640 2 2 0 0 10078 791 5194
17641 2 2 0 0 2584 10079 5186
17642 2 2 0 0 10079 1406 5186
17643 2 2 0 0 1406 10079 5187
17644 2 2 0 0 10079 2584 5187
17645 2 2 0 0 2590 10080 5186
17646 2 2 0 0 10080 791 5186
17647 2 2 0 0 791 10080 5194
17648 2 2 0 0 10080 2590 5194
17649 2 2 0 0 1406 10081 5186
17650 2 2 0 0 10081 2590 5186
17651 2 2 0 0 2590 10081 5207
17652 2 2 0 0 10081 1406 5207
17653 2 2 0 0 2594 10082 5187
17654 2 2 0 0 10082 1406 5187
17655 2 2 0 0 1406 10082 5212
17656 2 2 0 0 10082 2594 5212
17657 2 2 0 0 169 10083 5187
17658 2 2 0 0 10083 2594 5187
17659 2 2 0 0 2594 10083 5188
17660 2 2 0 0 10083 169 5188
17661 2 2 0 0 2585 10084 5188
17662 2 2 0 0 10084 1407 5188
17663 2 2 0 0 1407 10084 5189
17664 2 2 0 0 10084 2585 5189
17665 2 2 0 0 1407 10085 5188
17666 2 2 0 0 10085 2594 5188
17667 2 2 0 0 2594 10085 5215
17668 2 2 0 0 10085 1407 5215
17669 2 2 0 0 2595 10086 5189
17670 2 2 0 0 10086 1407 5189
17671 2 2 0 0 1407 10086 5216
17672 2 2 0 0 10086 2595 5216
17673 2 2 0 0 280 10087 5190
17674 2 2 0 0 10087 2586 5190
17675 2 2 0 0 2586 10087 5192
17676 2 2 0 0 10087 280 5192
17677 2 2 0 0 2587 10088 5190
17678 2 2 0 0 10088 280 5190
17679 2 2 0 0 280 10088 5193
17680 2 2 0 0 10088 2587 5193
17681 2 2 0 0 2586 10089 5191
17682 2 2 0 0 10089 1404 5191
17683 2 2 0 0 1404 10089 5192
17684 2 2 0 0 10089 2586 5192
17685 2 2 0 0 1404 10090 5191
17686 2 2 0 0 10090 2588 5191
17687 2 2 0 0 2588 10090 5198
17688 2 2 0 0 10090 1404 5198
17689 2 2 0 0 2589 10091 5192
17690 2 2 0 0 10091 1404 5192
17691 2 2 0 0 1404 10091 5199
17692 2 2 0 0 10091 2589 5199
17693 2 2 0 0 280 10092 5192
17694 2 2 0 0 10092 2589 5192
17695 2 2 0 0 2589 10092 5205
17696 2 2 0 0 10092 280 5205
17697 2 2 0 0 2587 10093 5193
17698 2 2 0 0 10093 1405 5193
17699 2 2 0 0 1405 10093 5194
17700 2 2 0 0 10093 2587 5194
17701 2 2 0 0 2591 10094 5193
17702 2 2 0 0 10094 280 5193
17703 2 2 0 0 280 10094 5205
17704 2 2 0 0 10094 2591 5205
17705 2 2 0 0 1405 10095 5193
17706 2 2 0 0 10095 2591 5193
17707 2 2 0 0 2591 10095 5208
17708 2 2 0 0 10095 1405 5208
17709 2 2 0 0 2590 10096 5194
17710 2 2 0 0 10096 1405 5194
17711 2 2 0 0 1405 10096 5206
17712 2 2 0 0 10096 2590 5206
17713 2 2 0 0 2588 10097 5195
17714 2 2 0 0 10097 490 5195
17715 2 2 0 0 490 10097 5198
17716 2 2 0 0 10097 2588 5198
17717 2 2 0 0 1404 10098 5198
17718 2 2 0 0 10098 5197 5198
17719 2 2 0 0 5197 10098 5199
17720 2 2 0 0 10098 1404 5199
17721 2 2 0 0 2589 10099 5199
17722 2 2 0 0 10099 1403 5199
17723 2 2 0 0 1403 10099 5204
17724 2 2 0 0 10099 2589 5204
17725 2 2 0 0 2589 10100 5204
17726 2 2 0 0 10100 1420 5204
17727 2 2 0 0 1420 10100 5205
17728 2 2 0 0 10100 2589 5205
17729 2 2 0 0 1420 10101 5204
17730 2 2 0 0 10101 5203 5204
17731 2 2 0 0 5203 10101 5271
17732 2 2 0 0 10101 1420 5271
17733 2 2 0 0 2591 10102 5205
17734 2 2 0 0 10102 1420 5205
17735 2 2 0 0 1420 10102 5209
17736 2 2 0 0 10102 2591 5209
17737 2 2 0 0 2590 10103 5206
17738 2 2 0 0 10103 489 5206
17739 2 2 0 0 489 10103 5207
17740 2 2 0 0 10103 2590 5207
17741 2 2 0 0 2592 10104 5206
17742 2 2 0 0 10104 1405 5206
17743 2 2 0 0 1405 10104 5208
17744 2 2 0 0 10104 2592 5208
17745 2 2 0 0 489 10105 5206
17746 2 2 0 0 10105 2592 5206
17747 2 2 0 0 2592 10105 5211
17748 2 2 0 0 10105 489 5211
17749 2 2 0 0 2593 10106 5207
17750 2 2 0 0 10106 489 5207
17751 2 2 0 0 489 10106 5213
17752 2 2 0 0 10106 2593 5213
17753 2 2 0 0 1406 10107 5207
17754 2 2 0 0 10107 2593 5207
17755 2 2 0 0 2593 10107 5212
17756 2 2 0 0 10107 1406 5212
17757 2 2 0 0 798 10108 5208
17758 2 2 0 0 10108 2591 5208
17759 2 2 0 0 2591 10108 5209
17760 2 2 0 0 10108 798 5209
17761 2 2 0 0 2592 10109 5208
17762 2 2 0 0 10109 798 5208
17763 2 2 0 0 798 10109 5210
17764 2 2 0 0 10109 2592 5210
17765 2 2 0 0 2622 10110 5209
17766 2 2 0 0 10110 1420 5209
17767 2 2 0 0 1420 10110 5271
17768 2 2 0 0 10110 2622 5271
17769 2 2 0 0 798 10111 5209
17770 2 2 0 0 10111 2622 5209
17771 2 2 0 0 2622 10111 5267
17772 2 2 0 0 10111 798 5267
17773 2 2 0 0 2592 10112 5210
17774 2 2 0 0 10112 1419 5210
17775 2 2 0 0 1419 10112 5211
17776 2 2 0 0 10112 2592 5211
17777 2 2 0 0 2620 10113 5210
17778 2 2 0 0 10113 798 5210
17779 2 2 0 0 798 10113 5267
17780 2 2 0 0 10113 2620 5267
17781 2 2 0 0 1419 10114 5210
17782 2 2 0 0 10114 2620 5210
17783 2 2 0 0 2620 10114 5266
17784 2 2 0 0 10114 1419 5266
17785 2 2 0 0 2605 10115 5211
17786 2 2 0 0 10115 1419 5211
17787 2 2 0 0 1419 10115 5237
17788 2 2 0 0 10115 2605 5237
17789 2 2 0 0 489 10116 5211
17790 2 2 0 0 10116 2605 5211
17791 2 2 0 0 2605 10116 5213
17792 2 2 0 0 10116 489 5213
17793 2 2 0 0 794 10117 5212
17794 2 2 0 0 10117 2593 5212
17795 2 2 0 0 2593 10117 5214
17796 2 2 0 0 10117 794 5214
17797 2 2 0 0 2594 10118 5212
17798 2 2 0 0 10118 794 5212
17799 2 2 0 0 794 10118 5215
17800 2 2 0 0 10118 2594 5215
17801 2 2 0 0 2593 10119 5213
17802 2 2 0 0 10119 1412 5213
17803 2 2 0 0 1412 10119 5214
17804 2 2 0 0 10119 2593 5214
17805 2 2 0 0 1412 10120 5213
17806 2 2 0 0 10120 2605 5213
17807 2 2 0 0 2605 10120 5236
17808 2 2 0 0 10120 1412 5236
17809 2 2 0 0 2603 10121 5214
17810 2 2 0 0 10121 1412 5214
17811 2 2 0 0 1412 10121 5233
17812 2 2 0 0 10121 2603 5233
17813 2 2 0 0 794 10122 5214
17814 2 2 0 0 10122 2603 5214
17815 2 2 0 0 2603 10122 5218
17816 2 2 0 0 10122 794 5218
17817 2 2 0 0 2596 10123 5215
17818 2 2 0 0 10123 794 5215
17819 2 2 0 0 794 10123 5218
17820 2 2 0 0 10123 2596 5218
17821 2 2 0 0 1407 10124 5215
17822 2 2 0 0 10124 2596 5215
17823 2 2 0 0 2596 10124 5216
17824 2 2 0 0 10124 1407 5216
17825 2 2 0 0 2595 10125 5216
17826 2 2 0 0 10125 487 5216
17827 2 2 0 0 487 10125 5217
17828 2 2 0 0 10125 2595 5217
17829 2 2 0 0 487 10126 5216
17830 2 2 0 0 10126 2596 5216
17831 2 2 0 0 2596 10126 5219
17832 2 2 0 0 10126 487 5219
17833 2 2 0 0 2597 10127 5217
17834 2 2 0 0 10127 487 5217
17835 2 2 0 0 487 10127 5220
17836 2 2 0 0 10127 2597 5220
17837 2 2 0 0 2596 10128 5218
17838 2 2 0 0 10128 1411 5218
17839 2 2 0 0 1411 10128 5219
17840 2 2 0 0 10128 2596 5219
17841 2 2 0 0 1411 10129 5218
17842 2 2 0 0 10129 2603 5218
17843 2 2 0 0 2603 10129 5232
17844 2 2 0 0 10129 1411 5232
17845 2 2 0 0 2599 10130 5219
17846 2 2 0 0 10130 1411 5219
17847 2 2 0 0 1411 10130 5225
17848 2 2 0 0 10130 2599 5225
17849 2 2 0 0 487 10131 5219
17850 2 2 0 0 10131 2599 5219
17851 2 2 0 0 2599 10131 5220
17852 2 2 0 0 10131 487 5220
17853 2 2 0 0 2597 10132 5220
17854 2 2 0 0 10132 1409 5220
17855 2 2 0 0 1409 10132 5221
17856 2 2 0 0 10132 2597 5221
17857 2 2 0 0 1409 10133 5220
17858 2 2 0 0 10133 2599 5220
17859 2 2 0 0 2599 10133 5224
17860 2 2 0 0 10133 1409 5224
17861 2 2 0 0 2598 10134 5221
17862 2 2 0 0 10134 1409 5221
17863 2 2 0 0 1409 10134 5222
17864 2 2 0 0 10134 2598 5222
17865 2 2 0 0 2598 10135 5222
17866 2 2 0 0 10135 84 5222
17867 2 2 0 0 84 10135 5223
17868 2 2 0 0 10135 2598 5223
17869 2 2 0 0 2600 10136 5222
17870 2 2 0 0 10136 1409 5222
17871 2 2 0 0 1409 10136 5224
17872 2 2 0 0 10136 2600 5224
17873 2 2 0 0 84 10137 5222
17874 2 2 0 0 10137 2600 5222
17875 2 2 0 0 2600 10137 5227
17876 2 2 0 0 10137 84 5227
17877 2 2 0 0 2602 10138 5223
17878 2 2 0 0 10138 1410 5223
17879 2 2 0 0 1410 10138 5228
17880 2 2 0 0 10138 2602 5228
17881 2 2 0 0 84 10139 5223
17882 2 2 0 0 10139 2602 5223
17883 2 2 0 0 2602 10139 5231
17884 2 2 0 0 10139 84 5231
17885 2 2 0 0 795 10140 5224
17886 2 2 0 0 10140 2599 5224
17887 2 2 0 0 2599 10140 5225
17888 2 2 0 0 10140 795 5225
17889 2 2 0 0 2600 10141 5224
17890 2 2 0 0 10141 795 5224
17891 2 2 0 0 795 10141 5226
17892 2 2 0 0 10141 2600 5226
17893 2 2 0 0 2604 10142 5225
17894 2 2 0 0 10142 1411 5225
17895 2 2 0 0 1411 10142 5232
17896 2 2 0 0 10142 2604 5232
17897 2 2 0 0 795 10143 5225
17898 2 2 0 0 10143 2604 5225
17899 2 2 0 0 2604 10143 5235
17900 2 2 0 0 10143 795 5235
17901 2 2 0 0 2600 10144 5226
17902 2 2 0 0 10144 1414 5226
17903 2 2 0 0 1414 10144 5227
17904 2 2 0 0 10144 2600 5227
17905 2 2 0 0 2607 10145 5226
17906 2 2 0 0 10145 795 5226
17907 2 2 0 0 795 10145 5235
17908 2 2 0 0 10145 2607 5235
17909 2 2 0 0 1414 10146 5226
17910 2 2 0 0 10146 2607 5226
17911 2 2 0 0 2607 10146 5241
17912 2 2 0 0 10146 1414 5241
17913 2 2 0 0 2610 10147 5227
17914 2 2 0 0 10147 84 5227
17915 2 2 0 0 84 10147 5231
17916 2 2 0 0 10147 2610 5231
17917 2 2 0 0 1414 10148 5227
17918 2 2 0 0 10148 2610 5227
17919 2 2 0 0 2610 10148 5246
17920 2 2 0 0 10148 1414 5246
17921 2 2 0 0 797 10149 5228
17922 2 2 0 0 10149 2601 5228
17923 2 2 0 0 2601 10149 5229
17924 2 2 0 0 10149 797 5229
17925 2 2 0 0 2602 10150 5228
17926 2 2 0 0 10150 797 5228
17927 2 2 0 0 797 10150 5230
17928 2 2 0 0 10150 2602 5230
17929 2 2 0 0 2613 10151 5229
17930 2 2 0 0 10151 1415 5229
17931 2 2 0 0 1415 10151 5250
17932 2 2 0 0 10151 2613 5250
17933 2 2 0 0 797 10152 5229
17934 2 2 0 0 10152 2613 5229
17935 2 2 0 0 2613 10152 5253
17936 2 2 0 0 10152 797 5253
17937 2 2 0 0 2602 10153 5230
17938 2 2 0 0 10153 1418 5230
17939 2 2 0 0 1418 10153 5231
17940 2 2 0 0 10153 2602 5231
17941 2 2 0 0 2616 10154 5230
17942 2 2 0 0 10154 797 5230
17943 2 2 0 0 797 10154 5253
17944 2 2 0 0 10154 2616 5253
17945 2 2 0 0 1418 10155 5230
17946 2 2 0 0 10155 2616 5230
17947 2 2 0 0 2616 10155 5259
17948 2 2 0 0 10155 1418 5259
17949 2 2 0 0 2610 10156 5231
17950 2 2 0 0 10156 1418 5231
17951 2 2 0 0 1418 10156 5247
17952 2 2 0 0 10156 2610 5247
17953 2 2 0 0 281 10157 5232
17954 2 2 0 0 10157 2603 5232
17955 2 2 0 0 2603 10157 5233
17956 2 2 0 0 10157 281 5233
17957 2 2 0 0 2604 10158 5232
17958 2 2 0 0 10158 281 5232
17959 2 2 0 0 281 10158 5234
17960 2 2 0 0 10158 2604 5234
17961 2 2 0 0 2606 10159 5233
17962 2 2 0 0 10159 1412 5233
17963 2 2 0 0 1412 10159 5236
17964 2 2 0 0 10159 2606 5236
17965 2 2 0 0 281 10160 5233
17966 2 2 0 0 10160 2606 5233
17967 2 2 0 0 2606 10160 5239
17968 2 2 0 0 10160 281 5239
17969 2 2 0 0 2604 10161 5234
17970 2 2 0 0 10161 1413 5234
17971 2 2 0 0 1413 10161 5235
17972 2 2 0 0 10161 2604 5235
17973 2 2 0 0 2608 10162 5234
17974 2 2 0 0 10162 281 5234
17975 2 2 0 0 281 10162 5239
17976 2 2 0 0 10162 2608 5239
17977 2 2 0 0 1413 10163 5234
17978 2 2 0 0 10163 2608 5234
17979 2 2 0 0 2608 10163 5242
17980 2 2 0 0 10163 1413 5242
17981 2 2 0 0 2607 10164 5235
17982 2 2 0 0 10164 1413 5235
17983 2 2 0 0 1413 10164 5240
17984 2 2 0 0 10164 2607 5240
17985 2 2 0 0 799 10165 5236
17986 2 2 0 0 10165 2605 5236
17987 2 2 0 0 2605 10165 5237
17988 2 2 0 0 10165 799 5237
17989 2 2 0 0 2606 10166 5236
17990 2 2 0 0 10166 799 5236
17991 2 2 0 0 799 10166 5238
17992 2 2 0 0 10166 2606 5238
17993 2 2 0 0 2621 10167 5237
17994 2 2 0 0 10167 1419 5237
17995 2 2 0 0 1419 10167 5266
17996 2 2 0 0 10167 2621 5266
17997 2 2 0 0 799 10168 5237
17998 2 2 0 0 10168 2621 5237
17999 2 2 0 0 2621 10168 5270
18000 2 2 0 0 10168 799 5270
18001 2 2 0 0 2606 10169 5238
18002 2 2 0 0 10169 1424 5238
18003 2 2 0 0 1424 10169 5239
18004 2 2 0 0 10169 2606 5239
18005 2 2 0 0 2624 10170 5238
18006 2 2 0 0 10170 799 5238
18007 2 2 0 0 799 10170 5270
18008 2 2 0 0 10170 2624 5270
18009 2 2 0 0 1424 10171 5238
18010 2 2 0 0 10171 2624 5238
18011 2 2 0 0 2624 10171 5285
18012 2 2 0 0 10171 1424 5285
18013 2 2 0 0 2608 10172 5239
18014 2 2 0 0 10172 1424 5239
18015 2 2 0 0 1424 10172 5243
18016 2 2 0 0 10172 2608 5243
18017 2 2 0 0 2607 10173 5240
18018 2 2 0 0 10173 494 5240
18019 2 2 0 0 494 10173 5241
18020 2 2 0 0 10173 2607 5241
18021 2 2 0 0 2609 10174 5240
18022 2 2 0 0 10174 1413 5240
18023 2 2 0 0 1413 10174 5242
18024 2 2 0 0 10174 2609 5242
18025 2 2 0 0 494 10175 5240
18026 2 2 0 0 10175 2609 5240
18027 2 2 0 0 2609 10175 5245
18028 2 2 0 0 10175 494 5245
18029 2 2 0 0 2611 10176 5241
18030 2 2 0 0 10176 1414 5241
18031 2 2 0 0 1414 10176 5246
18032 2 2 0 0 10176 2611 5246
18033 2 2 0 0 494 10177 5241
18034 2 2 0 0 10177 2611 5241
18035 2 2 0 0 2611 10177 5249
18036 2 2 0 0 10177 494 5249
18037 2 2 0 0 800 10178 5242
18038 2 2 0 0 10178 2608 5242
18039 2 2 0 0 2608 10178 5243
18040 2 2 0 0 10178 800 5243
18041 2 2 0 0 2609 10179 5242
18042 2 2 0 0 10179 800 5242
18043 2 2 0 0 800 10179 5244
18044 2 2 0 0 10179 2609 5244
18045 2 2 0 0 2627 10180 5243
18046 2 2 0 0 10180 1424 5243
18047 2 2 0 0 1424 10180 5285
18048 2 2 0 0 10180 2627 5285
18049 2 2 0 0 800 10181 5243
18050 2 2 0 0 10181 2627 5243
18051 2 2 0 0 2627 10181 5291
18052 2 2 0 0 10181 800 5291
18053 2 2 0 0 2609 10182 5244
18054 2 2 0 0 10182 1426 5244
18055 2 2 0 0 1426 10182 5245
18056 2 2 0 0 10182 2609 5245
18057 2 2 0 0 2628 10183 5244
18058 2 2 0 0 10183 800 5244
18059 2 2 0 0 800 10183 5291
18060 2 2 0 0 10183 2628 5291
18061 2 2 0 0 1426 10184 5244
18062 2 2 0 0 10184 2628 5244
18063 2 2 0 0 2628 10184 5293
18064 2 2 0 0 10184 1426 5293
18065 2 2 0 0 2631 10185 5245
18066 2 2 0 0 10185 494 5245
18067 2 2 0 0 494 10185 5249
18068 2 2 0 0 10185 2631 5249
18069 2 2 0 0 1426 10186 5245
18070 2 2 0 0 10186 2631 5245
18071 2 2 0 0 2631 10186 5298
18072 2 2 0 0 10186 1426 5298
18073 2 2 0 0 803 10187 5246
18074 2 2 0 0 10187 2610 5246
18075 2 2 0 0 2610 10187 5247
18076 2 2 0 0 10187 803 5247
18077 2 2 0 0 2611 10188 5246
18078 2 2 0 0 10188 803 5246
18079 2 2 0 0 803 10188 5248
18080 2 2 0 0 10188 2611 5248
18081 2 2 0 0 2619 10189 5247
18082 2 2 0 0 10189 1418 5247
18083 2 2 0 0 1418 10189 5259
18084 2 2 0 0 10189 2619 5259
18085 2 2 0 0 803 10190 5247
18086 2 2 0 0 10190 2619 5247
18087 2 2 0 0 2619 10190 5265
18088 2 2 0 0 10190 803 5265
18089 2 2 0 0 2611 10191 5248
18090 2 2 0 0 10191 1433 5248
18091 2 2 0 0 1433 10191 5249
18092 2 2 0 0 10191 2611 5249
18093 2 2 0 0 2642 10192 5248
18094 2 2 0 0 10192 803 5248
18095 2 2 0 0 803 10192 5265
18096 2 2 0 0 10192 2642 5265
18097 2 2 0 0 1433 10193 5248
18098 2 2 0 0 10193 2642 5248
18099 2 2 0 0 2642 10193 5328
18100 2 2 0 0 10193 1433 5328
18101 2 2 0 0 2631 10194 5249
18102 2 2 0 0 10194 1433 5249
18103 2 2 0 0 1433 10194 5299
18104 2 2 0 0 10194 2631 5299
18105 2 2 0 0 283 10195 5250
18106 2 2 0 0 10195 2612 5250
18107 2 2 0 0 2612 10195 5251
18108 2 2 0 0 10195 283 5251
18109 2 2 0 0 2613 10196 5250
18110 2 2 0 0 10196 283 5250
18111 2 2 0 0 283 10196 5252
18112 2 2 0 0 10196 2613 5252
18113 2 2 0 0 2615 10197 5251
18114 2 2 0 0 10197 1416 5251
18115 2 2 0 0 1416 10197 5254
18116 2 2 0 0 10197 2615 5254
18117 2 2 0 0 283 10198 5251
18118 2 2 0 0 10198 2615 5251
18119 2 2 0 0 2615 10198 5257
18120 2 2 0 0 10198 283 5257
18121 2 2 0 0 2613 10199 5252
18122 2 2 0 0 10199 1417 5252
18123 2 2 0 0 1417 10199 5253
18124 2 2 0 0 10199 2613 5253
18125 2 2 0 0 2617 10200 5252
18126 2 2 0 0 10200 283 5252
18127 2 2 0 0 283 10200 5257
18128 2 2 0 0 10200 2617 5257
18129 2 2 0 0 1417 10201 5252
18130 2 2 0 0 10201 2617 5252
18131 2 2 0 0 2617 10201 5260
18132 2 2 0 0 10201 1417 5260
18133 2 2 0 0 2616 10202 5253
18134 2 2 0 0 10202 1417 5253
18135 2 2 0 0 1417 10202 5258
18136 2 2 0 0 10202 2616 5258
18137 2 2 0 0 806 10203 5254
18138 2 2 0 0 10203 2614 5254
18139 2 2 0 0 2614 10203 5255
18140 2 2 0 0 10203 806 5255
18141 2 2 0 0 2615 10204 5254
18142 2 2 0 0 10204 806 5254
18143 2 2 0 0 806 10204 5256
18144 2 2 0 0 10204 2615 5256
18145 2 2 0 0 2651 10205 5255
18146 2 2 0 0 10205 1437 5255
18147 2 2 0 0 1437 10205 5344
18148 2 2 0 0 10205 2651 5344
18149 2 2 0 0 806 10206 5255
18150 2 2 0 0 10206 2651 5255
18151 2 2 0 0 2651 10206 5347
18152 2 2 0 0 10206 806 5347
18153 2 2 0 0 2615 10207 5256
18154 2 2 0 0 10207 1440 5256
18155 2 2 0 0 1440 10207 5257
18156 2 2 0 0 10207 2615 5257
18157 2 2 0 0 2654 10208 5256
18158 2 2 0 0 10208 806 5256
18159 2 2 0 0 806 10208 5347
18160 2 2 0 0 10208 2654 5347
18161 2 2 0 0 1440 10209 5256
18162 2 2 0 0 10209 2654 5256
18163 2 2 0 0 2654 10209 5353
18164 2 2 0 0 10209 1440 5353
18165 2 2 0 0 2617 10210 5257
18166 2 2 0 0 10210 1440 5257
18167 2 2 0 0 1440 10210 5261
18168 2 2 0 0 10210 2617 5261
18169 2 2 0 0 2616 10211 5258
18170 2 2 0 0 10211 498 5258
18171 2 2 0 0 498 10211 5259
18172 2 2 0 0 10211 2616 5259
18173 2 2 0 0 2618 10212 5258
18174 2 2 0 0 10212 1417 5258
18175 2 2 0 0 1417 10212 5260
18176 2 2 0 0 10212 2618 5260
18177 2 2 0 0 498 10213 5258
18178 2 2 0 0 10213 2618 5258
18179 2 2 0 0 2618 10213 5263
18180 2 2 0 0 10213 498 5263
18181 2 2 0 0 2619 10214 5259
18182 2 2 0 0 10214 498 5259
18183 2 2 0 0 498 10214 5264
18184 2 2 0 0 10214 2619 5264
18185 2 2 0 0 809 10215 5260
18186 2 2 0 0 10215 2617 5260
18187 2 2 0 0 2617 10215 5261
18188 2 2 0 0 10215 809 5261
18189 2 2 0 0 2618 10216 5260
18190 2 2 0 0 10216 809 5260
18191 2 2 0 0 809 10216 5262
18192 2 2 0 0 10216 2618 5262
18193 2 2 0 0 2657 10217 5261
18194 2 2 0 0 10217 1440 5261
18195 2 2 0 0 1440 10217 5353
18196 2 2 0 0 10217 2657 5353
18197 2 2 0 0 809 10218 5261
18198 2 2 0 0 10218 2657 5261
18199 2 2 0 0 2657 10218 5359
18200 2 2 0 0 10218 809 5359
18201 2 2 0 0 2618 10219 5262
18202 2 2 0 0 10219 1446 5262
18203 2 2 0 0 1446 10219 5263
18204 2 2 0 0 10219 2618 5263
18205 2 2 0 0 2666 10220 5262
18206 2 2 0 0 10220 809 5262
18207 2 2 0 0 809 10220 5359
18208 2 2 0 0 10220 2666 5359
18209 2 2 0 0 1446 10221 5262
18210 2 2 0 0 10221 2666 5262
18211 2 2 0 0 2666 10221 5377
18212 2 2 0 0 10221 1446 5377
18213 2 2 0 0 2644 10222 5263
18214 2 2 0 0 10222 1446 5263
18215 2 2 0 0 1446 10222 5333
18216 2 2 0 0 10222 2644 5333
18217 2 2 0 0 498 10223 5263
18218 2 2 0 0 10223 2644 5263
18219 2 2 0 0 2644 10223 5264
18220 2 2 0 0 10223 498 5264
18221 2 2 0 0 2619 10224 5264
18222 2 2 0 0 10224 1434 5264
18223 2 2 0 0 1434 10224 5265
18224 2 2 0 0 10224 2619 5265
18225 2 2 0 0 1434 10225 5264
18226 2 2 0 0 10225 2644 5264
18227 2 2 0 0 2644 10225 5332
18228 2 2 0 0 10225 1434 5332
18229 2 2 0 0 2642 10226 5265
18230 2 2 0 0 10226 1434 5265
18231 2 2 0 0 1434 10226 5329
18232 2 2 0 0 10226 2642 5329
18233 2 2 0 0 134 10227 5266
18234 2 2 0 0 10227 2620 5266
18235 2 2 0 0 2620 10227 5268
18236 2 2 0 0 10227 134 5268
18237 2 2 0 0 2621 10228 5266
18238 2 2 0 0 10228 134 5266
18239 2 2 0 0 134 10228 5269
18240 2 2 0 0 10228 2621 5269
18241 2 2 0 0 2620 10229 5267
18242 2 2 0 0 10229 1422 5267
18243 2 2 0 0 1422 10229 5268
18244 2 2 0 0 10229 2620 5268
18245 2 2 0 0 1422 10230 5267
18246 2 2 0 0 10230 2622 5267
18247 2 2 0 0 2622 10230 5274
18248 2 2 0 0 10230 1422 5274
18249 2 2 0 0 2623 10231 5268
18250 2 2 0 0 10231 1422 5268
18251 2 2 0 0 1422 10231 5275
18252 2 2 0 0 10231 2623 5275
18253 2 2 0 0 134 10232 5268
18254 2 2 0 0 10232 2623 5268
18255 2 2 0 0 2623 10232 5283
18256 2 2 0 0 10232 134 5283
18257 2 2 0 0 2621 10233 5269
18258 2 2 0 0 10233 1423 5269
18259 2 2 0 0 1423 10233 5270
18260 2 2 0 0 10233 2621 5270
18261 2 2 0 0 2625 10234 5269
18262 2 2 0 0 10234 134 5269
18263 2 2 0 0 134 10234 5283
18264 2 2 0 0 10234 2625 5283
18265 2 2 0 0 1423 10235 5269
18266 2 2 0 0 10235 2625 5269
18267 2 2 0 0 2625 10235 5286
18268 2 2 0 0 10235 1423 5286
18269 2 2 0 0 2624 10236 5270
18270 2 2 0 0 10236 1423 5270
18271 2 2 0 0 1423 10236 5284
18272 2 2 0 0 10236 2624 5284
18273 2 2 0 0 2622 10237 5271
18274 2 2 0 0 10237 492 5271
18275 2 2 0 0 492 10237 5274
18276 2 2 0 0 10237 2622 5274
18277 2 2 0 0 1422 10238 5274
18278 2 2 0 0 10238 5273 5274
18279 2 2 0 0 5273 10238 5275
18280 2 2 0 0 10238 1422 5275
18281 2 2 0 0 2623 10239 5275
18282 2 2 0 0 10239 1421 5275
18283 2 2 0 0 1421 10239 5282
18284 2 2 0 0 10239 2623 5282
18285 2 2 0 0 2623 10240 5282
18286 2 2 0 0 10240 1428 5282
18287 2 2 0 0 1428 10240 5283
18288 2 2 0 0 10240 2623 5283
18289 2 2 0 0 1428 10241 5282
18290 2 2 0 0 10241 5281 5282
18291 2 2 0 0 5281 10241 5307
18292 2 2 0 0 10241 1428 5307
18293 2 2 0 0 2625 10242 5283
18294 2 2 0 0 10242 1428 5283
18295 2 2 0 0 1428 10242 5287
18296 2 2 0 0 10242 2625 5287
18297 2 2 0 0 2624 10243 5284
18298 2 2 0 0 10243 493 5284
18299 2 2 0 0 493 10243 5285
18300 2 2 0 0 10243 2624 5285
18301 2 2 0 0 2626 10244 5284
18302 2 2 0 0 10244 1423 5284
18303 2 2 0 0 1423 10244 5286
18304 2 2 0 0 10244 2626 5286
18305 2 2 0 0 493 10245 5284
18306 2 2 0 0 10245 2626 5284
18307 2 2 0 0 2626 10245 5289
18308 2 2 0 0 10245 493 5289
18309 2 2 0 0 2627 10246 5285
18310 2 2 0 0 10246 493 5285
18311 2 2 0 0 493 10246 5290
18312 2 2 0 0 10246 2627 5290
18313 2 2 0 0 801 10247 5286
18314 2 2 0 0 10247 2625 5286
18315 2 2 0 0 2625 10247 5287
18316 2 2 0 0 10247 801 5287
18317 2 2 0 0 2626 10248 5286
18318 2 2 0 0 10248 801 5286
18319 2 2 0 0 801 10248 5288
18320 2 2 0 0 10248 2626 5288
18321 2 2 0 0 2635 10249 5287
18322 2 2 0 0 10249 1428 5287
18323 2 2 0 0 1428 10249 5307
18324 2 2 0 0 10249 2635 5307
18325 2 2 0 0 801 10250 5287
18326 2 2 0 0 10250 2635 5287
18327 2 2 0 0 2635 10250 5303
18328 2 2 0 0 10250 801 5303
18329 2 2 0 0 2626 10251 5288
18330 2 2 0 0 10251 1427 5288
18331 2 2 0 0 1427 10251 5289
18332 2 2 0 0 10251 2626 5289
18333 2 2 0 0 2633 10252 5288
18334 2 2 0 0 10252 801 5288
18335 2 2 0 0 801 10252 5303
18336 2 2 0 0 10252 2633 5303
18337 2 2 0 0 1427 10253 5288
18338 2 2 0 0 10253 2633 5288
18339 2 2 0 0 2633 10253 5302
18340 2 2 0 0 10253 1427 5302
18341 2 2 0 0 2629 10254 5289
18342 2 2 0 0 10254 1427 5289
18343 2 2 0 0 1427 10254 5295
18344 2 2 0 0 10254 2629 5295
18345 2 2 0 0 493 10255 5289
18346 2 2 0 0 10255 2629 5289
18347 2 2 0 0 2629 10255 5290
18348 2 2 0 0 10255 493 5290
18349 2 2 0 0 2627 10256 5290
18350 2 2 0 0 10256 1425 5290
18351 2 2 0 0 1425 10256 5291
18352 2 2 0 0 10256 2627 5291
18353 2 2 0 0 1425 10257 5290
18354 2 2 0 0 10257 2629 5290
18355 2 2 0 0 2629 10257 5294
18356 2 2 0 0 10257 1425 5294
18357 2 2 0 0 2628 10258 5291
18358 2 2 0 0 10258 1425 5291
18359 2 2 0 0 1425 10258 5292
18360 2 2 0 0 10258 2628 5292
18361 2 2 0 0 2628 10259 5292
18362 2 2 0 0 10259 171 5292
18363 2 2 0 0 171 10259 5293
18364 2 2 0 0 10259 2628 5293
18365 2 2 0 0 2630 10260 5292
18366 2 2 0 0 10260 1425 5292
18367 2 2 0 0 1425 10260 5294
18368 2 2 0 0 10260 2630 5294
18369 2 2 0 0 171 10261 5292
18370 2 2 0 0 10261 2630 5292
18371 2 2 0 0 2630 10261 5297
18372 2 2 0 0 10261 171 5297
18373 2 2 0 0 2632 10262 5293
18374 2 2 0 0 10262 1426 5293
18375 2 2 0 0 1426 10262 5298
18376 2 2 0 0 10262 2632 5298
18377 2 2 0 0 171 10263 5293
18378 2 2 0 0 10263 2632 5293
18379 2 2 0 0 2632 10263 5301
18380 2 2 0 0 10263 171 5301
18381 2 2 0 0 802 10264 5294
18382 2 2 0 0 10264 2629 5294
18383 2 2 0 0 2629 10264 5295
18384 2 2 0 0 10264 802 5295
18385 2 2 0 0 2630 10265 5294
18386 2 2 0 0 10265 802 5294
18387 2 2 0 0 802 10265 5296
18388 2 2 0 0 10265 2630 5296
18389 2 2 0 0 2634 10266 5295
18390 2 2 0 0 10266 1427 5295
18391 2 2 0 0 1427 10266 5302
18392 2 2 0 0 10266 2634 5302
18393 2 2 0 0 802 10267 5295
18394 2 2 0 0 10267 2634 5295
18395 2 2 0 0 2634 10267 5306
18396 2 2 0 0 10267 802 5306
18397 2 2 0 0 2630 10268 5296
18398 2 2 0 0 10268 1432 5296
18399 2 2 0 0 1432 10268 5297
18400 2 2 0 0 10268 2630 5297
18401 2 2 0 0 2637 10269 5296
18402 2 2 0 0 10269 802 5296
18403 2 2 0 0 802 10269 5306
18404 2 2 0 0 10269 2637 5306
18405 2 2 0 0 1432 10270 5296
18406 2 2 0 0 10270 2637 5296
18407 2 2 0 0 2637 10270 5319
18408 2 2 0 0 10270 1432 5319
18409 2 2 0 0 2640 10271 5297
18410 2 2 0 0 10271 171 5297
18411 2 2 0 0 171 10271 5301
18412 2 2 0 0 10271 2640 5301
18413 2 2 0 0 1432 10272 5297
18414 2 2 0 0 10272 2640 5297
18415 2 2 0 0 2640 10272 5324
18416 2 2 0 0 10272 1432 5324
18417 2 2 0 0 804 10273 5298
18418 2 2 0 0 10273 2631 5298
18419 2 2 0 0 2631 10273 5299
18420 2 2 0 0 10273 804 5299
18421 2 2 0 0 2632 10274 5298
18422 2 2 0 0 10274 804 5298
18423 2 2 0 0 804 10274 5300
18424 2 2 0 0 10274 2632 5300
18425 2 2 0 0 2643 10275 5299
18426 2 2 0 0 10275 1433 5299
18427 2 2 0 0 1433 10275 5328
18428 2 2 0 0 10275 2643 5328
18429 2 2 0 0 804 10276 5299
18430 2 2 0 0 10276 2643 5299
18431 2 2 0 0 2643 10276 5331
18432 2 2 0 0 10276 804 5331
18433 2 2 0 0 2632 10277 5300
18434 2 2 0 0 10277 1436 5300
18435 2 2 0 0 1436 10277 5301
18436 2 2 0 0 10277 2632 5301
18437 2 2 0 0 2646 10278 5300
18438 2 2 0 0 10278 804 5300
18439 2 2 0 0 804 10278 5331
18440 2 2 0 0 10278 2646 5331
18441 2 2 0 0 1436 10279 5300
18442 2 2 0 0 10279 2646 5300
18443 2 2 0 0 2646 10279 5337
18444 2 2 0 0 10279 1436 5337
18445 2 2 0 0 2640 10280 5301
18446 2 2 0 0 10280 1436 5301
18447 2 2 0 0 1436 10280 5325
18448 2 2 0 0 10280 2640 5325
18449 2 2 0 0 289 10281 5302
18450 2 2 0 0 10281 2633 5302
18451 2 2 0 0 2633 10281 5304
18452 2 2 0 0 10281 289 5304
18453 2 2 0 0 2634 10282 5302
18454 2 2 0 0 10282 289 5302
18455 2 2 0 0 289 10282 5305
18456 2 2 0 0 10282 2634 5305
18457 2 2 0 0 2633 10283 5303
18458 2 2 0 0 10283 1430 5303
18459 2 2 0 0 1430 10283 5304
18460 2 2 0 0 10283 2633 5304
18461 2 2 0 0 1430 10284 5303
18462 2 2 0 0 10284 2635 5303
18463 2 2 0 0 2635 10284 5310
18464 2 2 0 0 10284 1430 5310
18465 2 2 0 0 2636 10285 5304
18466 2 2 0 0 10285 1430 5304
18467 2 2 0 0 1430 10285 5311
18468 2 2 0 0 10285 2636 5311
18469 2 2 0 0 289 10286 5304
18470 2 2 0 0 10286 2636 5304
18471 2 2 0 0 2636 10286 5317
18472 2 2 0 0 10286 289 5317
18473 2 2 0 0 2634 10287 5305
18474 2 2 0 0 10287 1431 5305
18475 2 2 0 0 1431 10287 5306
18476 2 2 0 0 10287 2634 5306
18477 2 2 0 0 2638 10288 5305
18478 2 2 0 0 10288 289 5305
18479 2 2 0 0 289 10288 5317
18480 2 2 0 0 10288 2638 5317
18481 2 2 0 0 1431 10289 5305
18482 2 2 0 0 10289 2638 5305
18483 2 2 0 0 2638 10289 5320
18484 2 2 0 0 10289 1431 5320
18485 2 2 0 0 2637 10290 5306
18486 2 2 0 0 10290 1431 5306
18487 2 2 0 0 1431 10290 5318
18488 2 2 0 0 10290 2637 5318
18489 2 2 0 0 2635 10291 5307
18490 2 2 0 0 10291 500 5307
18491 2 2 0 0 500 10291 5310
18492 2 2 0 0 10291 2635 5310
18493 2 2 0 0 1430 10292 5310
18494 2 2 0 0 10292 5309 5310
18495 2 2 0 0 5309 10292 5311
18496 2 2 0 0 10292 1430 5311
18497 2 2 0 0 2636 10293 5311
18498 2 2 0 0 10293 1429 5311
18499 2 2 0 0 1429 10293 5316
18500 2 2 0 0 10293 2636 5316
18501 2 2 0 0 2636 10294 5316
18502 2 2 0 0 10294 1454 5316
18503 2 2 0 0 1454 10294 5317
18504 2 2 0 0 10294 2636 5317
18505 2 2 0 0 1454 10295 5316
18506 2 2 0 0 10295 5315 5316
18507 2 2 0 0 5315 10295 5415
18508 2 2 0 0 10295 1454 5415
18509 2 2 0 0 2638 10296 5317
18510 2 2 0 0 10296 1454 5317
18511 2 2 0 0 1454 10296 5321
18512 2 2 0 0 10296 2638 5321
18513 2 2 0 0 2637 10297 5318
18514 2 2 0 0 10297 499 5318
18515 2 2 0 0 499 10297 5319
18516 2 2 0 0 10297 2637 5319
18517 2 2 0 0 2639 10298 5318
18518 2 2 0 0 10298 1431 5318
18519 2 2 0 0 1431 10298 5320
18520 2 2 0 0 10298 2639 5320
18521 2 2 0 0 499 10299 5318
18522 2 2 0 0 10299 2639 5318
18523 2 2 0 0 2639 10299 5323
18524 2 2 0 0 10299 499 5323
18525 2 2 0 0 2641 10300 5319
18526 2 2 0 0 10300 1432 5319
18527 2 2 0 0 1432 10300 5324
18528 2 2 0 0 10300 2641 5324
18529 2 2 0 0 499 10301 5319
18530 2 2 0 0 10301 2641 5319
18531 2 2 0 0 2641 10301 5327
18532 2 2 0 0 10301 499 5327
18533 2 2 0 0 813 10302 5320
18534 2 2 0 0 10302 2638 5320
18535 2 2 0 0 2638 10302 5321
18536 2 2 0 0 10302 813 5321
18537 2 2 0 0 2639 10303 5320
18538 2 2 0 0 10303 813 5320
18539 2 2 0 0 813 10303 5322
18540 2 2 0 0 10303 2639 5322
18541 2 2 0 0 2685 10304 5321
18542 2 2 0 0 10304 1454 5321
18543 2 2 0 0 1454 10304 5415
18544 2 2 0 0 10304 2685 5415
18545 2 2 0 0 813 10305 5321
18546 2 2 0 0 10305 2685 5321
18547 2 2 0 0 2685 10305 5409
18548 2 2 0 0 10305 813 5409
18549 2 2 0 0 2639 10306 5322
18550 2 2 0 0 10306 1453 5322
18551 2 2 0 0 1453 10306 5323
18552 2 2 0 0 10306 2639 5323
18553 2 2 0 0 2682 10307 5322
18554 2 2 0 0 10307 813 5322
18555 2 2 0 0 813 10307 5409
18556 2 2 0 0 10307 2682 5409
18557 2 2 0 0 1453 10308 5322
18558 2 2 0 0 10308 2682 5322
18559 2 2 0 0 2682 10308 5408
18560 2 2 0 0 10308 1453 5408
18561 2 2 0 0 2683 10309 5323
18562 2 2 0 0 10309 499 5323
18563 2 2 0 0 499 10309 5327
18564 2 2 0 0 10309 2683 5327
18565 2 2 0 0 1453 10310 5323
18566 2 2 0 0 10310 2683 5323
18567 2 2 0 0 2683 10310 5411
18568 2 2 0 0 10310 1453 5411
18569 2 2 0 0 814 10311 5324
18570 2 2 0 0 10311 2640 5324
18571 2 2 0 0 2640 10311 5325
18572 2 2 0 0 10311 814 5325
18573 2 2 0 0 2641 10312 5324
18574 2 2 0 0 10312 814 5324
18575 2 2 0 0 814 10312 5326
18576 2 2 0 0 10312 2641 5326
18577 2 2 0 0 2649 10313 5325
18578 2 2 0 0 10313 1436 5325
18579 2 2 0 0 1436 10313 5337
18580 2 2 0 0 10313 2649 5337
18581 2 2 0 0 814 10314 5325
18582 2 2 0 0 10314 2649 5325
18583 2 2 0 0 2649 10314 5343
18584 2 2 0 0 10314 814 5343
18585 2 2 0 0 2641 10315 5326
18586 2 2 0 0 10315 1458 5326
18587 2 2 0 0 1458 10315 5327
18588 2 2 0 0 10315 2641 5327
18589 2 2 0 0 2688 10316 5326
18590 2 2 0 0 10316 814 5326
18591 2 2 0 0 814 10316 5343
18592 2 2 0 0 10316 2688 5343
18593 2 2 0 0 1458 10317 5326
18594 2 2 0 0 10317 2688 5326
18595 2 2 0 0 2688 10317 5430
18596 2 2 0 0 10317 1458 5430
18597 2 2 0 0 2683 10318 5327
18598 2 2 0 0 10318 1458 5327
18599 2 2 0 0 1458 10318 5412
18600 2 2 0 0 10318 2683 5412
18601 2 2 0 0 290 10319 5328
18602 2 2 0 0 10319 2642 5328
18603 2 2 0 0 2642 10319 5329
18604 2 2 0 0 10319 290 5329
18605 2 2 0 0 2643 10320 5328
18606 2 2 0 0 10320 290 5328
18607 2 2 0 0 290 10320 5330
18608 2 2 0 0 10320 2643 5330
18609 2 2 0 0 2645 10321 5329
18610 2 2 0 0 10321 1434 5329
18611 2 2 0 0 1434 10321 5332
18612 2 2 0 0 10321 2645 5332
18613 2 2 0 0 290 10322 5329
18614 2 2 0 0 10322 2645 5329
18615 2 2 0 0 2645 10322 5335
18616 2 2 0 0 10322 290 5335
18617 2 2 0 0 2643 10323 5330
18618 2 2 0 0 10323 1435 5330
18619 2 2 0 0 1435 10323 5331
18620 2 2 0 0 10323 2643 5331
18621 2 2 0 0 2647 10324 5330
18622 2 2 0 0 10324 290 5330
18623 2 2 0 0 290 10324 5335
18624 2 2 0 0 10324 2647 5335
18625 2 2 0 0 1435 10325 5330
18626 2 2 0 0 10325 2647 5330
18627 2 2 0 0 2647 10325 5338
18628 2 2 0 0 10325 1435 5338
18629 2 2 0 0 2646 10326 5331
18630 2 2 0 0 10326 1435 5331
18631 2 2 0 0 1435 10326 5336
18632 2 2 0 0 10326 2646 5336
18633 2 2 0 0 812 10327 5332
18634 2 2 0 0 10327 2644 5332
18635 2 2 0 0 2644 10327 5333
18636 2 2 0 0 10327 812 5333
18637 2 2 0 0 2645 10328 5332
18638 2 2 0 0 10328 812 5332
18639 2 2 0 0 812 10328 5334
18640 2 2 0 0 10328 2645 5334
18641 2 2 0 0 2669 10329 5333
18642 2 2 0 0 10329 1446 5333
18643 2 2 0 0 1446 10329 5377
18644 2 2 0 0 10329 2669 5377
18645 2 2 0 0 812 10330 5333
18646 2 2 0 0 10330 2669 5333
18647 2 2 0 0 2669 10330 5383
18648 2 2 0 0 10330 812 5383
18649 2 2 0 0 2645 10331 5334
18650 2 2 0 0 10331 1452 5334
18651 2 2 0 0 1452 10331 5335
18652 2 2 0 0 10331 2645 5335
18653 2 2 0 0 2679 10332 5334
18654 2 2 0 0 10332 812 5334
18655 2 2 0 0 812 10332 5383
18656 2 2 0 0 10332 2679 5383
18657 2 2 0 0 1452 10333 5334
18658 2 2 0 0 10333 2679 5334
18659 2 2 0 0 2679 10333 5403
18660 2 2 0 0 10333 1452 5403
18661 2 2 0 0 2647 10334 5335
18662 2 2 0 0 10334 1452 5335
18663 2 2 0 0 1452 10334 5339
18664 2 2 0 0 10334 2647 5339
18665 2 2 0 0 2646 10335 5336
18666 2 2 0 0 10335 504 5336
18667 2 2 0 0 504 10335 5337
18668 2 2 0 0 10335 2646 5337
18669 2 2 0 0 2648 10336 5336
18670 2 2 0 0 10336 1435 5336
18671 2 2 0 0 1435 10336 5338
18672 2 2 0 0 10336 2648 5338
18673 2 2 0 0 504 10337 5336
18674 2 2 0 0 10337 2648 5336
18675 2 2 0 0 2648 10337 5341
18676 2 2 0 0 10337 504 5341
18677 2 2 0 0 2649 10338 5337
18678 2 2 0 0 10338 504 5337
18679 2 2 0 0 504 10338 5342
18680 2 2 0 0 10338 2649 5342
18681 2 2 0 0 816 10339 5338
18682 2 2 0 0 10339 2647 5338
18683 2 2 0 0 2647 10339 5339
18684 2 2 0 0 10339 816 5339
18685 2 2 0 0 2648 10340 5338
18686 2 2 0 0 10340 816 5338
18687 2 2 0 0 816 10340 5340
18688 2 2 0 0 10340 2648 5340
18689 2 2 0 0 2681 10341 5339
18690 2 2 0 0 10341 1452 5339
18691 2 2 0 0 1452 10341 5403
18692 2 2 0 0 10341 2681 5403
18693 2 2 0 0 816 10342 5339
18694 2 2 0 0 10342 2681 5339
18695 2 2 0 0 2681 10342 5407
18696 2 2 0 0 10342 816 5407
18697 2 2 0 0 2648 10343 5340
18698 2 2 0 0 10343 1464 5340
18699 2 2 0 0 1464 10343 5341
18700 2 2 0 0 10343 2648 5341
18701 2 2 0 0 2695 10344 5340
18702 2 2 0 0 10344 816 5340
18703 2 2 0 0 816 10344 5407
18704 2 2 0 0 10344 2695 5407
18705 2 2 0 0 1464 10345 5340
18706 2 2 0 0 10345 2695 5340
18707 2 2 0 0 2695 10345 5464
18708 2 2 0 0 10345 1464 5464
18709 2 2 0 0 2690 10346 5341
18710 2 2 0 0 10346 1464 5341
18711 2 2 0 0 1464 10346 5435
18712 2 2 0 0 10346 2690 5435
18713 2 2 0 0 504 10347 5341
18714 2 2 0 0 10347 2690 5341
18715 2 2 0 0 2690 10347 5342
18716 2 2 0 0 10347 504 5342
18717 2 2 0 0 2649 10348 5342
18718 2 2 0 0 10348 1459 5342
18719 2 2 0 0 1459 10348 5343
18720 2 2 0 0 10348 2649 5343
18721 2 2 0 0 1459 10349 5342
18722 2 2 0 0 10349 2690 5342
18723 2 2 0 0 2690 10349 5434
18724 2 2 0 0 10349 1459 5434
18725 2 2 0 0 2688 10350 5343
18726 2 2 0 0 10350 1459 5343
18727 2 2 0 0 1459 10350 5431
18728 2 2 0 0 10350 2688 5431
18729 2 2 0 0 136 10351 5344
18730 2 2 0 0 10351 2650 5344
18731 2 2 0 0 2650 10351 5345
18732 2 2 0 0 10351 136 5345
18733 2 2 0 0 2651 10352 5344
18734 2 2 0 0 10352 136 5344
18735 2 2 0 0 136 10352 5346
18736 2 2 0 0 10352 2651 5346
18737 2 2 0 0 2653 10353 5345
18738 2 2 0 0 10353 1438 5345
18739 2 2 0 0 1438 10353 5348
18740 2 2 0 0 10353 2653 5348
18741 2 2 0 0 136 10354 5345
18742 2 2 0 0 10354 2653 5345
18743 2 2 0 0 2653 10354 5351
18744 2 2 0 0 10354 136 5351
18745 2 2 0 0 2651 10355 5346
18746 2 2 0 0 10355 1439 5346
18747 2 2 0 0 1439 10355 5347
18748 2 2 0 0 10355 2651 5347
18749 2 2 0 0 2655 10356 5346
18750 2 2 0 0 10356 136 5346
18751 2 2 0 0 136 10356 5351
18752 2 2 0 0 10356 2655 5351
18753 2 2 0 0 1439 10357 5346
18754 2 2 0 0 10357 2655 5346
18755 2 2 0 0 2655 10357 5354
18756 2 2 0 0 10357 1439 5354
18757 2 2 0 0 2654 10358 5347
18758 2 2 0 0 10358 1439 5347
18759 2 2 0 0 1439 10358 5352
18760 2 2 0 0 10358 2654 5352
18761 2 2 0 0 808 10359 5348
18762 2 2 0 0 10359 2652 5348
18763 2 2 0 0 2652 10359 5349
18764 2 2 0 0 10359 808 5349
18765 2 2 0 0 2653 10360 5348
18766 2 2 0 0 10360 808 5348
18767 2 2 0 0 808 10360 5350
18768 2 2 0 0 10360 2653 5350
18769 2 2 0 0 2659 10361 5349
18770 2 2 0 0 10361 1441 5349
18771 2 2 0 0 1441 10361 5360
18772 2 2 0 0 10361 2659 5360
18773 2 2 0 0 808 10362 5349
18774 2 2 0 0 10362 2659 5349
18775 2 2 0 0 2659 10362 5363
18776 2 2 0 0 10362 808 5363
18777 2 2 0 0 2653 10363 5350
18778 2 2 0 0 10363 1444 5350
18779 2 2 0 0 1444 10363 5351
18780 2 2 0 0 10363 2653 5351
18781 2 2 0 0 2662 10364 5350
18782 2 2 0 0 10364 808 5350
18783 2 2 0 0 808 10364 5363
18784 2 2 0 0 10364 2662 5363
18785 2 2 0 0 1444 10365 5350
18786 2 2 0 0 10365 2662 5350
18787 2 2 0 0 2662 10365 5369
18788 2 2 0 0 10365 1444 5369
18789 2 2 0 0 2655 10366 5351
18790 2 2 0 0 10366 1444 5351
18791 2 2 0 0 1444 10366 5355
18792 2 2 0 0 10366 2655 5355
18793 2 2 0 0 2654 10367 5352
18794 2 2 0 0 10367 497 5352
18795 2 2 0 0 497 10367 5353
18796 2 2 0 0 10367 2654 5353
18797 2 2 0 0 2656 10368 5352
18798 2 2 0 0 10368 1439 5352
18799 2 2 0 0 1439 10368 5354
18800 2 2 0 0 10368 2656 5354
18801 2 2 0 0 497 10369 5352
18802 2 2 0 0 10369 2656 5352
18803 2 2 0 0 2656 10369 5357
18804 2 2 0 0 10369 497 5357
18805 2 2 0 0 2657 10370 5353
18806 2 2 0 0 10370 497 5353
18807 2 2 0 0 497 10370 5358
18808 2 2 0 0 10370 2657 5358
18809 2 2 0 0 810 10371 5354
18810 2 2 0 0 10371 2655 5354
18811 2 2 0 0 2655 10371 5355
18812 2 2 0 0 10371 810 5355
18813 2 2 0 0 2656 10372 5354
18814 2 2 0 0 10372 810 5354
18815 2 2 0 0 810 10372 5356
18816 2 2 0 0 10372 2656 5356
18817 2 2 0 0 2665 10373 5355
18818 2 2 0 0 10373 1444 5355
18819 2 2 0 0 1444 10373 5369
18820 2 2 0 0 10373 2665 5369
18821 2 2 0 0 810 10374 5355
18822 2 2 0 0 10374 2665 5355
18823 2 2 0 0 2665 10374 5375
18824 2 2 0 0 10374 810 5375
18825 2 2 0 0 2656 10375 5356
18826 2 2 0 0 10375 1447 5356
18827 2 2 0 0 1447 10375 5357
18828 2 2 0 0 10375 2656 5357
18829 2 2 0 0 2670 10376 5356
18830 2 2 0 0 10376 810 5356
18831 2 2 0 0 810 10376 5375
18832 2 2 0 0 10376 2670 5375
18833 2 2 0 0 1447 10377 5356
18834 2 2 0 0 10377 2670 5356
18835 2 2 0 0 2670 10377 5384
18836 2 2 0 0 10377 1447 5384
18837 2 2 0 0 2667 10378 5357
18838 2 2 0 0 10378 1447 5357
18839 2 2 0 0 1447 10378 5379
18840 2 2 0 0 10378 2667 5379
18841 2 2 0 0 497 10379 5357
18842 2 2 0 0 10379 2667 5357
18843 2 2 0 0 2667 10379 5358
18844 2 2 0 0 10379 497 5358
18845 2 2 0 0 2657 10380 5358
18846 2 2 0 0 10380 1445 5358
18847 2 2 0 0 1445 10380 5359
18848 2 2 0 0 10380 2657 5359
18849 2 2 0 0 1445 10381 5358
18850 2 2 0 0 10381 2667 5358
18851 2 2 0 0 2667 10381 5378
18852 2 2 0 0 10381 1445 5378
18853 2 2 0 0 2666 10382 5359
18854 2 2 0 0 10382 1445 5359
18855 2 2 0 0 1445 10382 5376
18856 2 2 0 0 10382 2666 5376
18857 2 2 0 0 297 10383 5360
18858 2 2 0 0 10383 2658 5360
18859 2 2 0 0 2658 10383 5361
18860 2 2 0 0 10383 297 5361
18861 2 2 0 0 2659 10384 5360
18862 2 2 0 0 10384 297 5360
18863 2 2 0 0 297 10384 5362
18864 2 2 0 0 10384 2659 5362
18865 2 2 0 0 2661 10385 5361
18866 2 2 0 0 10385 1442 5361
18867 2 2 0 0 1442 10385 5364
18868 2 2 0 0 10385 2661 5364
18869 2 2 0 0 297 10386 5361
18870 2 2 0 0 10386 2661 5361
18871 2 2 0 0 2661 10386 5367
18872 2 2 0 0 10386 297 5367
18873 2 2 0 0 2659 10387 5362
18874 2 2 0 0 10387 1443 5362
18875 2 2 0 0 1443 10387 5363
18876 2 2 0 0 10387 2659 5363
18877 2 2 0 0 2663 10388 5362
18878 2 2 0 0 10388 297 5362
18879 2 2 0 0 297 10388 5367
18880 2 2 0 0 10388 2663 5367
18881 2 2 0 0 1443 10389 5362
18882 2 2 0 0 10389 2663 5362
18883 2 2 0 0 2663 10389 5370
18884 2 2 0 0 10389 1443 5370
18885 2 2 0 0 2662 10390 5363
18886 2 2 0 0 10390 1443 5363
18887 2 2 0 0 1443 10390 5368
18888 2 2 0 0 10390 2662 5368
18889 2 2 0 0 821 10391 5364
18890 2 2 0 0 10391 2660 5364
18891 2 2 0 0 2660 10391 5365
18892 2 2 0 0 10391 821 5365
18893 2 2 0 0 2661 10392 5364
18894 2 2 0 0 10392 821 5364
18895 2 2 0 0 821 10392 5366
18896 2 2 0 0 10392 2661 5366
18897 2 2 0 0 2708 10393 5365
18898 2 2 0 0 10393 1474 5365
18899 2 2 0 0 1474 10393 5502
18900 2 2 0 0 10393 2708 5502
18901 2 2 0 0 821 10394 5365
18902 2 2 0 0 10394 2708 5365
18903 2 2 0 0 2708 10394 5505
18904 2 2 0 0 10394 821 5505
18905 2 2 0 0 2661 10395 5366
18906 2 2 0 0 10395 1477 5366
18907 2 2 0 0 1477 10395 5367
18908 2 2 0 0 10395 2661 5367
18909 2 2 0 0 2711 10396 5366
18910 2 2 0 0 10396 821 5366
18911 2 2 0 0 821 10396 5505
18912 2 2 0 0 10396 2711 5505
18913 2 2 0 0 1477 10397 5366
18914 2 2 0 0 10397 2711 5366
18915 2 2 0 0 2711 10397 5511
18916 2 2 0 0 10397 1477 5511
18917 2 2 0 0 2663 10398 5367
18918 2 2 0 0 10398 1477 5367
18919 2 2 0 0 1477 10398 5371
18920 2 2 0 0 10398 2663 5371
18921 2 2 0 0 2662 10399 5368
18922 2 2 0 0 10399 513 5368
18923 2 2 0 0 513 10399 5369
18924 2 2 0 0 10399 2662 5369
18925 2 2 0 0 2664 10400 5368
18926 2 2 0 0 10400 1443 5368
18927 2 2 0 0 1443 10400 5370
18928 2 2 0 0 10400 2664 5370
18929 2 2 0 0 513 10401 5368
18930 2 2 0 0 10401 2664 5368
18931 2 2 0 0 2664 10401 5373
18932 2 2 0 0 10401 513 5373
18933 2 2 0 0 2665 10402 5369
18934 2 2 0 0 10402 513 5369
18935 2 2 0 0 513 10402 5374
18936 2 2 0 0 10402 2665 5374
18937 2 2 0 0 824 10403 5370
18938 2 2 0 0 10403 2663 5370
18939 2 2 0 0 2663 10403 5371
18940 2 2 0 0 10403 824 5371
18941 2 2 0 0 2664 10404 5370
18942 2 2 0 0 10404 824 5370
18943 2 2 0 0 824 10404 5372
18944 2 2 0 0 10404 2664 5372
18945 2 2 0 0 2714 10405 5371
18946 2 2 0 0 10405 1477 5371
18947 2 2 0 0 1477 10405 5511
18948 2 2 0 0 10405 2714 5511
18949 2 2 0 0 824 10406 5371
18950 2 2 0 0 10406 2714 5371
18951 2 2 0 0 2714 10406 5517
18952 2 2 0 0 10406 824 5517
18953 2 2 0 0 2664 10407 5372
18954 2 2 0 0 10407 1483 5372
18955 2 2 0 0 1483 10407 5373
18956 2 2 0 0 10407 2664 5373
18957 2 2 0 0 2723 10408 5372
18958 2 2 0 0 10408 824 5372
18959 2 2 0 0 824 10408 5517
18960 2 2 0 0 10408 2723 5517
18961 2 2 0 0 1483 10409 5372
18962 2 2 0 0 10409 2723 5372
18963 2 2 0 0 2723 10409 5535
18964 2 2 0 0 10409 1483 5535
18965 2 2 0 0 2672 10410 5373
18966 2 2 0 0 10410 1483 5373
18967 2 2 0 0 1483 10410 5389
18968 2 2 0 0 10410 2672 5389
18969 2 2 0 0 513 10411 5373
18970 2 2 0 0 10411 2672 5373
18971 2 2 0 0 2672 10411 5374
18972 2 2 0 0 10411 513 5374
18973 2 2 0 0 2665 10412 5374
18974 2 2 0 0 10412 1448 5374
18975 2 2 0 0 1448 10412 5375
18976 2 2 0 0 10412 2665 5375
18977 2 2 0 0 1448 10413 5374
18978 2 2 0 0 10413 2672 5374
18979 2 2 0 0 2672 10413 5388
18980 2 2 0 0 10413 1448 5388
18981 2 2 0 0 2670 10414 5375
18982 2 2 0 0 10414 1448 5375
18983 2 2 0 0 1448 10414 5385
18984 2 2 0 0 10414 2670 5385
18985 2 2 0 0 2666 10415 5376
18986 2 2 0 0 10415 175 5376
18987 2 2 0 0 175 10415 5377
18988 2 2 0 0 10415 2666 5377
18989 2 2 0 0 2668 10416 5376
18990 2 2 0 0 10416 1445 5376
18991 2 2 0 0 1445 10416 5378
18992 2 2 0 0 10416 2668 5378
18993 2 2 0 0 175 10417 5376
18994 2 2 0 0 10417 2668 5376
18995 2 2 0 0 2668 10417 5381
18996 2 2 0 0 10417 175 5381
18997 2 2 0 0 2669 10418 5377
18998 2 2 0 0 10418 175 5377
18999 2 2 0 0 175 10418 5382
19000 2 2 0 0 10418 2669 5382
19001 2 2 0 0 811 10419 5378
19002 2 2 0 0 10419 2667 5378
19003 2 2 0 0 2667 10419 5379
19004 2 2 0 0 10419 811 5379
19005 2 2 0 0 2668 10420 5378
19006 2 2 0 0 10420 811 5378
19007 2 2 0 0 811 10420 5380
19008 2 2 0 0 10420 2668 5380
19009 2 2 0 0 2671 10421 5379
19010 2 2 0 0 10421 1447 5379
19011 2 2 0 0 1447 10421 5384
19012 2 2 0 0 10421 2671 5384
19013 2 2 0 0 811 10422 5379
19014 2 2 0 0 10422 2671 5379
19015 2 2 0 0 2671 10422 5387
19016 2 2 0 0 10422 811 5387
19017 2 2 0 0 2668 10423 5380
19018 2 2 0 0 10423 1450 5380
19019 2 2 0 0 1450 10423 5381
19020 2 2 0 0 10423 2668 5381
19021 2 2 0 0 2674 10424 5380
19022 2 2 0 0 10424 811 5380
19023 2 2 0 0 811 10424 5387
19024 2 2 0 0 10424 2674 5387
19025 2 2 0 0 1450 10425 5380
19026 2 2 0 0 10425 2674 5380
19027 2 2 0 0 2674 10425 5393
19028 2 2 0 0 10425 1450 5393
19029 2 2 0 0 2678 10426 5381
19030 2 2 0 0 10426 1450 5381
19031 2 2 0 0 1450 10426 5398
19032 2 2 0 0 10426 2678 5398
19033 2 2 0 0 175 10427 5381
19034 2 2 0 0 10427 2678 5381
19035 2 2 0 0 2678 10427 5382
19036 2 2 0 0 10427 175 5382
19037 2 2 0 0 2669 10428 5382
19038 2 2 0 0 10428 1451 5382
19039 2 2 0 0 1451 10428 5383
19040 2 2 0 0 10428 2669 5383
19041 2 2 0 0 1451 10429 5382
19042 2 2 0 0 10429 2678 5382
19043 2 2 0 0 2678 10429 5401
19044 2 2 0 0 10429 1451 5401
19045 2 2 0 0 2679 10430 5383
19046 2 2 0 0 10430 1451 5383
19047 2 2 0 0 1451 10430 5402
19048 2 2 0 0 10430 2679 5402
19049 2 2 0 0 300 10431 5384
19050 2 2 0 0 10431 2670 5384
19051 2 2 0 0 2670 10431 5385
19052 2 2 0 0 10431 300 5385
19053 2 2 0 0 2671 10432 5384
19054 2 2 0 0 10432 300 5384
19055 2 2 0 0 300 10432 5386
19056 2 2 0 0 10432 2671 5386
19057 2 2 0 0 2673 10433 5385
19058 2 2 0 0 10433 1448 5385
19059 2 2 0 0 1448 10433 5388
19060 2 2 0 0 10433 2673 5388
19061 2 2 0 0 300 10434 5385
19062 2 2 0 0 10434 2673 5385
19063 2 2 0 0 2673 10434 5391
19064 2 2 0 0 10434 300 5391
19065 2 2 0 0 2671 10435 5386
19066 2 2 0 0 10435 1449 5386
19067 2 2 0 0 1449 10435 5387
19068 2 2 0 0 10435 2671 5387
19069 2 2 0 0 2675 10436 5386
19070 2 2 0 0 10436 300 5386
19071 2 2 0 0 300 10436 5391
19072 2 2 0 0 10436 2675 5391
19073 2 2 0 0 1449 10437 5386
19074 2 2 0 0 10437 2675 5386
19075 2 2 0 0 2675 10437 5394
19076 2 2 0 0 10437 1449 5394
19077 2 2 0 0 2674 10438 5387
19078 2 2 0 0 10438 1449 5387
19079 2 2 0 0 1449 10438 5392
19080 2 2 0 0 10438 2674 5392
19081 2 2 0 0 827 10439 5388
19082 2 2 0 0 10439 2672 5388
19083 2 2 0 0 2672 10439 5389
19084 2 2 0 0 10439 827 5389
19085 2 2 0 0 2673 10440 5388
19086 2 2 0 0 10440 827 5388
19087 2 2 0 0 827 10440 5390
19088 2 2 0 0 10440 2673 5390
19089 2 2 0 0 2726 10441 5389
19090 2 2 0 0 10441 1483 5389
19091 2 2 0 0 1483 10441 5535
19092 2 2 0 0 10441 2726 5535
19093 2 2 0 0 827 10442 5389
19094 2 2 0 0 10442 2726 5389
19095 2 2 0 0 2726 10442 5541
19096 2 2 0 0 10442 827 5541
19097 2 2 0 0 2673 10443 5390
19098 2 2 0 0 10443 1489 5390
19099 2 2 0 0 1489 10443 5391
19100 2 2 0 0 10443 2673 5391
19101 2 2 0 0 2736 10444 5390
19102 2 2 0 0 10444 827 5390
19103 2 2 0 0 827 10444 5541
19104 2 2 0 0 10444 2736 5541
19105 2 2 0 0 1489 10445 5390
19106 2 2 0 0 10445 2736 5390
19107 2 2 0 0 2736 10445 5561
19108 2 2 0 0 10445 1489 5561
19109 2 2 0 0 2675 10446 5391
19110 2 2 0 0 10446 1489 5391
19111 2 2 0 0 1489 10446 5395
19112 2 2 0 0 10446 2675 5395
19113 2 2 0 0 2674 10447 5392
19114 2 2 0 0 10447 519 5392
19115 2 2 0 0 519 10447 5393
19116 2 2 0 0 10447 2674 5393
19117 2 2 0 0 2676 10448 5392
19118 2 2 0 0 10448 1449 5392
19119 2 2 0 0 1449 10448 5394
19120 2 2 0 0 10448 2676 5394
19121 2 2 0 0 519 10449 5392
19122 2 2 0 0 10449 2676 5392
19123 2 2 0 0 2676 10449 5397
19124 2 2 0 0 10449 519 5397
19125 2 2 0 0 2677 10450 5393
19126 2 2 0 0 10450 519 5393
19127 2 2 0 0 519 10450 5399
19128 2 2 0 0 10450 2677 5399
19129 2 2 0 0 1450 10451 5393
19130 2 2 0 0 10451 2677 5393
19131 2 2 0 0 2677 10451 5398
19132 2 2 0 0 10451 1450 5398
19133 2 2 0 0 836 10452 5394
19134 2 2 0 0 10452 2675 5394
19135 2 2 0 0 2675 10452 5395
19136 2 2 0 0 10452 836 5395
19137 2 2 0 0 2676 10453 5394
19138 2 2 0 0 10453 836 5394
19139 2 2 0 0 836 10453 5396
19140 2 2 0 0 10453 2676 5396
19141 2 2 0 0 2738 10454 5395
19142 2 2 0 0 10454 1489 5395
19143 2 2 0 0 1489 10454 5561
19144 2 2 0 0 10454 2738 5561
19145 2 2 0 0 836 10455 5395
19146 2 2 0 0 10455 2738 5395
19147 2 2 0 0 2738 10455 5565
19148 2 2 0 0 10455 836 5565
19149 2 2 0 0 2676 10456 5396
19150 2 2 0 0 10456 1507 5396
19151 2 2 0 0 1507 10456 5397
19152 2 2 0 0 10456 2676 5397
19153 2 2 0 0 2771 10457 5396
19154 2 2 0 0 10457 836 5396
19155 2 2 0 0 836 10457 5565
19156 2 2 0 0 10457 2771 5565
19157 2 2 0 0 1507 10458 5396
19158 2 2 0 0 10458 2771 5396
19159 2 2 0 0 2771 10458 5631
19160 2 2 0 0 10458 1507 5631
19161 2 2 0 0 2703 10459 5397
19162 2 2 0 0 10459 1507 5397
19163 2 2 0 0 1507 10459 5489
19164 2 2 0 0 10459 2703 5489
19165 2 2 0 0 519 10460 5397
19166 2 2 0 0 10460 2703 5397
19167 2 2 0 0 2703 10460 5399
19168 2 2 0 0 10460 519 5399
19169 2 2 0 0 818 10461 5398
19170 2 2 0 0 10461 2677 5398
19171 2 2 0 0 2677 10461 5400
19172 2 2 0 0 10461 818 5400
19173 2 2 0 0 2678 10462 5398
19174 2 2 0 0 10462 818 5398
19175 2 2 0 0 818 10462 5401
19176 2 2 0 0 10462 2678 5401
19177 2 2 0 0 2677 10463 5399
19178 2 2 0 0 10463 1470 5399
19179 2 2 0 0 1470 10463 5400
19180 2 2 0 0 10463 2677 5400
19181 2 2 0 0 1470 10464 5399
19182 2 2 0 0 10464 2703 5399
19183 2 2 0 0 2703 10464 5488
19184 2 2 0 0 10464 1470 5488
19185 2 2 0 0 2701 10465 5400
19186 2 2 0 0 10465 1470 5400
19187 2 2 0 0 1470 10465 5485
19188 2 2 0 0 10465 2701 5485
19189 2 2 0 0 818 10466 5400
19190 2 2 0 0 10466 2701 5400
19191 2 2 0 0 2701 10466 5404
19192 2 2 0 0 10466 818 5404
19193 2 2 0 0 2680 10467 5401
19194 2 2 0 0 10467 818 5401
19195 2 2 0 0 818 10467 5404
19196 2 2 0 0 10467 2680 5404
19197 2 2 0 0 1451 10468 5401
19198 2 2 0 0 10468 2680 5401
19199 2 2 0 0 2680 10468 5402
19200 2 2 0 0 10468 1451 5402
19201 2 2 0 0 2679 10469 5402
19202 2 2 0 0 10469 505 5402
19203 2 2 0 0 505 10469 5403
19204 2 2 0 0 10469 2679 5403
19205 2 2 0 0 505 10470 5402
19206 2 2 0 0 10470 2680 5402
19207 2 2 0 0 2680 10470 5405
19208 2 2 0 0 10470 505 5405
19209 2 2 0 0 2681 10471 5403
19210 2 2 0 0 10471 505 5403
19211 2 2 0 0 505 10471 5406
19212 2 2 0 0 10471 2681 5406
19213 2 2 0 0 2680 10472 5404
19214 2 2 0 0 10472 1469 5404
19215 2 2 0 0 1469 10472 5405
19216 2 2 0 0 10472 2680 5405
19217 2 2 0 0 1469 10473 5404
19218 2 2 0 0 10473 2701 5404
19219 2 2 0 0 2701 10473 5484
19220 2 2 0 0 10473 1469 5484
19221 2 2 0 0 2697 10474 5405
19222 2 2 0 0 10474 1469 5405
19223 2 2 0 0 1469 10474 5469
19224 2 2 0 0 10474 2697 5469
19225 2 2 0 0 505 10475 5405
19226 2 2 0 0 10475 2697 5405
19227 2 2 0 0 2697 10475 5406
19228 2 2 0 0 10475 505 5406
19229 2 2 0 0 2681 10476 5406
19230 2 2 0 0 10476 1465 5406
19231 2 2 0 0 1465 10476 5407
19232 2 2 0 0 10476 2681 5407
19233 2 2 0 0 1465 10477 5406
19234 2 2 0 0 10477 2697 5406
19235 2 2 0 0 2697 10477 5468
19236 2 2 0 0 10477 1465 5468
19237 2 2 0 0 2695 10478 5407
19238 2 2 0 0 10478 1465 5407
19239 2 2 0 0 1465 10478 5465
19240 2 2 0 0 10478 2695 5465
19241 2 2 0 0 133 10479 5408
19242 2 2 0 0 10479 2682 5408
19243 2 2 0 0 2682 10479 5410
19244 2 2 0 0 10479 133 5410
19245 2 2 0 0 2684 10480 5408
19246 2 2 0 0 10480 1453 5408
19247 2 2 0 0 1453 10480 5411
19248 2 2 0 0 10480 2684 5411
19249 2 2 0 0 133 10481 5408
19250 2 2 0 0 10481 2684 5408
19251 2 2 0 0 2684 10481 5414
19252 2 2 0 0 10481 133 5414
19253 2 2 0 0 2682 10482 5409
19254 2 2 0 0 10482 1457 5409
19255 2 2 0 0 1457 10482 5410
19256 2 2 0 0 10482 2682 5410
19257 2 2 0 0 1457 10483 5409
19258 2 2 0 0 10483 2685 5409
19259 2 2 0 0 2685 10483 5418
19260 2 2 0 0 10483 1457 5418
19261 2 2 0 0 2687 10484 5410
19262 2 2 0 0 10484 1457 5410
19263 2 2 0 0 1457 10484 5419
19264 2 2 0 0 10484 2687 5419
19265 2 2 0 0 133 10485 5410
19266 2 2 0 0 10485 2687 5410
19267 2 2 0 0 2687 10485 5429
19268 2 2 0 0 10485 133 5429
19269 2 2 0 0 815 10486 5411
19270 2 2 0 0 10486 2683 5411
19271 2 2 0 0 2683 10486 5412
19272 2 2 0 0 10486 815 5412
19273 2 2 0 0 2684 10487 5411
19274 2 2 0 0 10487 815 5411
19275 2 2 0 0 815 10487 5413
19276 2 2 0 0 10487 2684 5413
19277 2 2 0 0 2689 10488 5412
19278 2 2 0 0 10488 1458 5412
19279 2 2 0 0 1458 10488 5430
19280 2 2 0 0 10488 2689 5430
19281 2 2 0 0 815 10489 5412
19282 2 2 0 0 10489 2689 5412
19283 2 2 0 0 2689 10489 5433
19284 2 2 0 0 10489 815 5433
19285 2 2 0 0 2684 10490 5413
19286 2 2 0 0 10490 1463 5413
19287 2 2 0 0 1463 10490 5414
19288 2 2 0 0 10490 2684 5414
19289 2 2 0 0 2692 10491 5413
19290 2 2 0 0 10491 815 5413
19291 2 2 0 0 815 10491 5433
19292 2 2 0 0 10491 2692 5433
19293 2 2 0 0 1463 10492 5413
19294 2 2 0 0 10492 2692 5413
19295 2 2 0 0 2692 10492 5448
19296 2 2 0 0 10492 1463 5448
19297 2 2 0 0 2694 10493 5414
19298 2 2 0 0 10493 1463 5414
19299 2 2 0 0 1463 10493 5455
19300 2 2 0 0 10493 2694 5455
19301 2 2 0 0 133 10494 5414
19302 2 2 0 0 10494 2694 5414
19303 2 2 0 0 2694 10494 5429
19304 2 2 0 0 10494 133 5429
19305 2 2 0 0 2685 10495 5415
19306 2 2 0 0 10495 503 5415
19307 2 2 0 0 503 10495 5418
19308 2 2 0 0 10495 2685 5418
19309 2 2 0 0 1457 10496 5418
19310 2 2 0 0 10496 5417 5418
19311 2 2 0 0 5417 10496 5419
19312 2 2 0 0 10496 1457 5419
19313 2 2 0 0 2687 10497 5419
19314 2 2 0 0 10497 1456 5419
19315 2 2 0 0 1456 10497 5428
19316 2 2 0 0 10497 2687 5428
19317 2 2 0 0 2687 10498 5428
19318 2 2 0 0 10498 2686 5428
19319 2 2 0 0 2686 10498 5429
19320 2 2 0 0 10498 2687 5429
19321 2 2 0 0 10499 1455 5427
19322 2 2 0 0 10499 1455 5462
19323 2 2 0 0 2686 10500 5428
19324 2 2 0 0 10500 5427 5428
19325 2 2 0 0 5427 10500 10499
19326 2 2 0 0 10500 2686 10499
19327 2 2 0 0 2686 10501 5429
19328 2 2 0 0 10501 2694 5429
19329 2 2 0 0 2694 10501 5463
19330 2 2 0 0 10501 2686 5463
19331 2 2 0 0 295 10502 5430
19332 2 2 0 0 10502 2688 5430
19333 2 2 0 0 2688 10502 5431
19334 2 2 0 0 10502 295 5431
19335 2 2 0 0 2689 10503 5430
19336 2 2 0 0 10503 295 5430
19337 2 2 0 0 295 10503 5432
19338 2 2 0 0 10503 2689 5432
19339 2 2 0 0 2691 10504 5431
19340 2 2 0 0 10504 1459 5431
19341 2 2 0 0 1459 10504 5434
19342 2 2 0 0 10504 2691 5434
19343 2 2 0 0 295 10505 5431
19344 2 2 0 0 10505 2691 5431
19345 2 2 0 0 2691 10505 5437
19346 2 2 0 0 10505 295 5437
19347 2 2 0 0 2689 10506 5432
19348 2 2 0 0 10506 1461 5432
19349 2 2 0 0 1461 10506 5433
19350 2 2 0 0 10506 2689 5433
19351 2 2 0 0 2693 10507 5432
19352 2 2 0 0 10507 295 5432
19353 2 2 0 0 295 10507 5437
19354 2 2 0 0 10507 2693 5437
19355 2 2 0 0 1461 10508 5432
19356 2 2 0 0 10508 2693 5432
19357 2 2 0 0 2693 10508 5449
19358 2 2 0 0 10508 1461 5449
19359 2 2 0 0 2692 10509 5433
19360 2 2 0 0 10509 1461 5433
19361 2 2 0 0 1461 10509 5445
19362 2 2 0 0 10509 2692 5445
19363 2 2 0 0 817 10510 5434
19364 2 2 0 0 10510 2690 5434
19365 2 2 0 0 2690 10510 5435
19366 2 2 0 0 10510 817 5435
19367 2 2 0 0 2691 10511 5434
19368 2 2 0 0 10511 817 5434
19369 2 2 0 0 817 10511 5436
19370 2 2 0 0 10511 2691 5436
19371 2 2 0 0 2696 10512 5435
19372 2 2 0 0 10512 1464 5435
19373 2 2 0 0 1464 10512 5464
19374 2 2 0 0 10512 2696 5464
19375 2 2 0 0 817 10513 5435
19376 2 2 0 0 10513 2696 5435
19377 2 2 0 0 2696 10513 5467
19378 2 2 0 0 10513 817 5467
19379 2 2 0 0 2691 10514 5436
19380 2 2 0 0 10514 1468 5436
19381 2 2 0 0 1468 10514 5437
19382 2 2 0 0 10514 2691 5437
19383 2 2 0 0 2699 10515 5436
19384 2 2 0 0 10515 817 5436
19385 2 2 0 0 817 10515 5467
19386 2 2 0 0 10515 2699 5467
19387 2 2 0 0 1468 10516 5436
19388 2 2 0 0 10516 2699 5436
19389 2 2 0 0 2699 10516 5475
19390 2 2 0 0 10516 1468 5475
19391 2 2 0 0 2693 10517 5437
19392 2 2 0 0 10517 1468 5437
19393 2 2 0 0 1468 10517 5454
19394 2 2 0 0 10517 2693 5454
19395 2 2 0 0 2692 10518 5445
19396 2 2 0 0 10518 509 5445
19397 2 2 0 0 509 10518 5448
19398 2 2 0 0 10518 2692 5448
19399 2 2 0 0 5444 10519 5445
19400 2 2 0 0 10519 1461 5445
19401 2 2 0 0 1461 10519 5449
19402 2 2 0 0 10519 5444 5449
19403 2 2 0 0 1463 10520 5448
19404 2 2 0 0 10520 5447 5448
19405 2 2 0 0 5447 10520 5455
19406 2 2 0 0 10520 1463 5455
19407 2 2 0 0 1460 10521 5449
19408 2 2 0 0 10521 2693 5449
19409 2 2 0 0 2693 10521 5454
19410 2 2 0 0 10521 1460 5454
19411 2 2 0 0 5453 10522 5454
19412 2 2 0 0 10522 1468 5454
19413 2 2 0 0 1468 10522 5475
19414 2 2 0 0 10522 5453 5475
19415 2 2 0 0 2694 10523 5455
19416 2 2 0 0 10523 1462 5455
19417 2 2 0 0 1462 10523 5463
19418 2 2 0 0 10523 2694 5463
19419 2 2 0 0 2686 10524 5463
19420 2 2 0 0 10524 5462 5463
19421 2 2 0 0 5462 10524 10499
19422 2 2 0 0 10524 2686 10499
19423 2 2 0 0 144 10525 5464
19424 2 2 0 0 10525 2695 5464
19425 2 2 0 0 2695 10525 5465
19426 2 2 0 0 10525 144 5465
19427 2 2 0 0 2696 10526 5464
19428 2 2 0 0 10526 144 5464
19429 2 2 0 0 144 10526 5466
19430 2 2 0 0 10526 2696 5466
19431 2 2 0 0 2698 10527 5465
19432 2 2 0 0 10527 1465 5465
19433 2 2 0 0 1465 10527 5468
19434 2 2 0 0 10527 2698 5468
19435 2 2 0 0 144 10528 5465
19436 2 2 0 0 10528 2698 5465
19437 2 2 0 0 2698 10528 5471
19438 2 2 0 0 10528 144 5471
19439 2 2 0 0 2696 10529 5466
19440 2 2 0 0 10529 1467 5466
19441 2 2 0 0 1467 10529 5467
19442 2 2 0 0 10529 2696 5467
19443 2 2 0 0 2700 10530 5466
19444 2 2 0 0 10530 144 5466
19445 2 2 0 0 144 10530 5471
19446 2 2 0 0 10530 2700 5471
19447 2 2 0 0 1467 10531 5466
19448 2 2 0 0 10531 2700 5466
19449 2 2 0 0 2700 10531 5476
19450 2 2 0 0 10531 1467 5476
19451 2 2 0 0 2699 10532 5467
19452 2 2 0 0 10532 1467 5467
19453 2 2 0 0 1467 10532 5474
19454 2 2 0 0 10532 2699 5474
19455 2 2 0 0 819 10533 5468
19456 2 2 0 0 10533 2697 5468
19457 2 2 0 0 2697 10533 5469
19458 2 2 0 0 10533 819 5469
19459 2 2 0 0 2698 10534 5468
19460 2 2 0 0 10534 819 5468
19461 2 2 0 0 819 10534 5470
19462 2 2 0 0 10534 2698 5470
19463 2 2 0 0 2702 10535 5469
19464 2 2 0 0 10535 1469 5469
19465 2 2 0 0 1469 10535 5484
19466 2 2 0 0 10535 2702 5484
19467 2 2 0 0 819 10536 5469
19468 2 2 0 0 10536 2702 5469
19469 2 2 0 0 2702 10536 5487
19470 2 2 0 0 10536 819 5487
19471 2 2 0 0 2698 10537 5470
19472 2 2 0 0 10537 1473 5470
19473 2 2 0 0 1473 10537 5471
19474 2 2 0 0 10537 2698 5471
19475 2 2 0 0 2705 10538 5470
19476 2 2 0 0 10538 819 5470
19477 2 2 0 0 819 10538 5487
19478 2 2 0 0 10538 2705 5487
19479 2 2 0 0 1473 10539 5470
19480 2 2 0 0 10539 2705 5470
19481 2 2 0 0 2705 10539 5495
19482 2 2 0 0 10539 1473 5495
19483 2 2 0 0 2700 10540 5471
19484 2 2 0 0 10540 1473 5471
19485 2 2 0 0 1473 10540 5483
19486 2 2 0 0 10540 2700 5483
19487 2 2 0 0 2699 10541 5474
19488 2 2 0 0 10541 507 5474
19489 2 2 0 0 507 10541 5475
19490 2 2 0 0 10541 2699 5475
19491 2 2 0 0 5473 10542 5474
19492 2 2 0 0 10542 1467 5474
19493 2 2 0 0 1467 10542 5476
19494 2 2 0 0 10542 5473 5476
19495 2 2 0 0 1466 10543 5476
19496 2 2 0 0 10543 2700 5476
19497 2 2 0 0 2700 10543 5483
19498 2 2 0 0 10543 1466 5483
19499 2 2 0 0 5482 10544 5483
19500 2 2 0 0 10544 1473 5483
19501 2 2 0 0 1473 10544 5495
19502 2 2 0 0 10544 5482 5495
19503 2 2 0 0 308 10545 5484
19504 2 2 0 0 10545 2701 5484
19505 2 2 0 0 2701 10545 5485
19506 2 2 0 0 10545 308 5485
19507 2 2 0 0 2702 10546 5484
19508 2 2 0 0 10546 308 5484
19509 2 2 0 0 308 10546 5486
19510 2 2 0 0 10546 2702 5486
19511 2 2 0 0 2704 10547 5485
19512 2 2 0 0 10547 1470 5485
19513 2 2 0 0 1470 10547 5488
19514 2 2 0 0 10547 2704 5488
19515 2 2 0 0 308 10548 5485
19516 2 2 0 0 10548 2704 5485
19517 2 2 0 0 2704 10548 5491
19518 2 2 0 0 10548 308 5491
19519 2 2 0 0 2702 10549 5486
19520 2 2 0 0 10549 1472 5486
19521 2 2 0 0 1472 10549 5487
19522 2 2 0 0 10549 2702 5487
19523 2 2 0 0 2706 10550 5486
19524 2 2 0 0 10550 308 5486
19525 2 2 0 0 308 10550 5491
19526 2 2 0 0 10550 2706 5491
19527 2 2 0 0 1472 10551 5486
19528 2 2 0 0 10551 2706 5486
19529 2 2 0 0 2706 10551 5496
19530 2 2 0 0 10551 1472 5496
19531 2 2 0 0 2705 10552 5487
19532 2 2 0 0 10552 1472 5487
19533 2 2 0 0 1472 10552 5494
19534 2 2 0 0 10552 2705 5494
19535 2 2 0 0 839 10553 5488
19536 2 2 0 0 10553 2703 5488
19537 2 2 0 0 2703 10553 5489
19538 2 2 0 0 10553 839 5489
19539 2 2 0 0 2704 10554 5488
19540 2 2 0 0 10554 839 5488
19541 2 2 0 0 839 10554 5490
19542 2 2 0 0 10554 2704 5490
19543 2 2 0 0 2774 10555 5489
19544 2 2 0 0 10555 1507 5489
19545 2 2 0 0 1507 10555 5631
19546 2 2 0 0 10555 2774 5631
19547 2 2 0 0 839 10556 5489
19548 2 2 0 0 10556 2774 5489
19549 2 2 0 0 2774 10556 5637
19550 2 2 0 0 10556 839 5637
19551 2 2 0 0 2704 10557 5490
19552 2 2 0 0 10557 1515 5490
19553 2 2 0 0 1515 10557 5491
19554 2 2 0 0 10557 2704 5491
19555 2 2 0 0 2782 10558 5490
19556 2 2 0 0 10558 839 5490
19557 2 2 0 0 839 10558 5637
19558 2 2 0 0 10558 2782 5637
19559 2 2 0 0 1515 10559 5490
19560 2 2 0 0 10559 2782 5490
19561 2 2 0 0 2782 10559 5668
19562 2 2 0 0 10559 1515 5668
19563 2 2 0 0 2706 10560 5491
19564 2 2 0 0 10560 1515 5491
19565 2 2 0 0 1515 10560 5501
19566 2 2 0 0 10560 2706 5501
19567 2 2 0 0 2705 10561 5494
19568 2 2 0 0 10561 527 5494
19569 2 2 0 0 527 10561 5495
19570 2 2 0 0 10561 2705 5495
19571 2 2 0 0 5493 10562 5494
19572 2 2 0 0 10562 1472 5494
19573 2 2 0 0 1472 10562 5496
19574 2 2 0 0 10562 5493 5496
19575 2 2 0 0 1471 10563 5496
19576 2 2 0 0 10563 2706 5496
19577 2 2 0 0 2706 10563 5501
19578 2 2 0 0 10563 1471 5501
19579 2 2 0 0 5500 10564 5501
19580 2 2 0 0 10564 1515 5501
19581 2 2 0 0 1515 10564 5668
19582 2 2 0 0 10564 5500 5668
19583 2 2 0 0 89 10565 5502
19584 2 2 0 0 10565 2707 5502
19585 2 2 0 0 89 10565 5503
19586 2 2 0 0 10565 2707 5503
19587 2 2 0 0 2708 10566 5502
19588 2 2 0 0 10566 89 5502
19589 2 2 0 0 89 10566 5504
19590 2 2 0 0 10566 2708 5504
19591 2 2 0 0 2709 10567 5503
19592 2 2 0 0 10567 89 5503
19593 2 2 0 0 89 10567 5507
19594 2 2 0 0 10567 2709 5507
19595 2 2 0 0 1475 10568 5503
19596 2 2 0 0 10568 2709 5503
19597 2 2 0 0 2709 10568 5506
19598 2 2 0 0 10568 1475 5506
19599 2 2 0 0 2708 10569 5504
19600 2 2 0 0 10569 1476 5504
19601 2 2 0 0 1476 10569 5505
19602 2 2 0 0 10569 2708 5505
19603 2 2 0 0 2712 10570 5504
19604 2 2 0 0 10570 89 5504
19605 2 2 0 0 2712 10570 5507
19606 2 2 0 0 10570 89 5507
19607 2 2 0 0 1476 10571 5504
19608 2 2 0 0 10571 2712 5504
19609 2 2 0 0 2712 10571 5512
19610 2 2 0 0 10571 1476 5512
19611 2 2 0 0 2711 10572 5505
19612 2 2 0 0 10572 1476 5505
19613 2 2 0 0 1476 10572 5510
19614 2 2 0 0 10572 2711 5510
19615 2 2 0 0 822 10573 5506
19616 2 2 0 0 10573 2709 5506
19617 2 2 0 0 2709 10573 5508
19618 2 2 0 0 10573 822 5508
19619 2 2 0 0 2710 10574 5506
19620 2 2 0 0 10574 822 5506
19621 2 2 0 0 822 10574 5509
19622 2 2 0 0 10574 2710 5509
19623 2 2 0 0 2709 10575 5507
19624 2 2 0 0 10575 1479 5507
19625 2 2 0 0 1479 10575 5508
19626 2 2 0 0 10575 2709 5508
19627 2 2 0 0 1479 10576 5507
19628 2 2 0 0 10576 2712 5507
19629 2 2 0 0 2712 10576 5513
19630 2 2 0 0 10576 1479 5513
19631 2 2 0 0 2717 10577 5508
19632 2 2 0 0 10577 1479 5508
19633 2 2 0 0 1479 10577 5522
19634 2 2 0 0 10577 2717 5522
19635 2 2 0 0 822 10578 5508
19636 2 2 0 0 10578 2717 5508
19637 2 2 0 0 2717 10578 5519
19638 2 2 0 0 10578 822 5519
19639 2 2 0 0 2715 10579 5509
19640 2 2 0 0 10579 822 5509
19641 2 2 0 0 822 10579 5519
19642 2 2 0 0 10579 2715 5519
19643 2 2 0 0 1478 10580 5509
19644 2 2 0 0 10580 2715 5509
19645 2 2 0 0 2715 10580 5518
19646 2 2 0 0 10580 1478 5518
19647 2 2 0 0 2711 10581 5510
19648 2 2 0 0 10581 512 5510
19649 2 2 0 0 512 10581 5511
19650 2 2 0 0 10581 2711 5511
19651 2 2 0 0 2713 10582 5510
19652 2 2 0 0 10582 1476 5510
19653 2 2 0 0 1476 10582 5512
19654 2 2 0 0 10582 2713 5512
19655 2 2 0 0 512 10583 5510
19656 2 2 0 0 10583 2713 5510
19657 2 2 0 0 2713 10583 5515
19658 2 2 0 0 10583 512 5515
19659 2 2 0 0 2714 10584 5511
19660 2 2 0 0 10584 512 5511
19661 2 2 0 0 512 10584 5516
19662 2 2 0 0 10584 2714 5516
19663 2 2 0 0 825 10585 5512
19664 2 2 0 0 10585 2712 5512
19665 2 2 0 0 825 10585 5513
19666 2 2 0 0 10585 2712 5513
19667 2 2 0 0 2713 10586 5512
19668 2 2 0 0 10586 825 5512
19669 2 2 0 0 825 10586 5514
19670 2 2 0 0 10586 2713 5514
19671 2 2 0 0 2718 10587 5513
19672 2 2 0 0 10587 825 5513
19673 2 2 0 0 825 10587 5524
19674 2 2 0 0 10587 2718 5524
19675 2 2 0 0 1479 10588 5513
19676 2 2 0 0 10588 2718 5513
19677 2 2 0 0 2718 10588 5522
19678 2 2 0 0 10588 1479 5522
19679 2 2 0 0 2713 10589 5514
19680 2 2 0 0 10589 1484 5514
19681 2 2 0 0 1484 10589 5515
19682 2 2 0 0 10589 2713 5515
19683 2 2 0 0 2727 10590 5514
19684 2 2 0 0 10590 825 5514
19685 2 2 0 0 2727 10590 5524
19686 2 2 0 0 10590 825 5524
19687 2 2 0 0 1484 10591 5514
19688 2 2 0 0 10591 2727 5514
19689 2 2 0 0 2727 10591 5542
19690 2 2 0 0 10591 1484 5542
19691 2 2 0 0 2724 10592 5515
19692 2 2 0 0 10592 1484 5515
19693 2 2 0 0 1484 10592 5537
19694 2 2 0 0 10592 2724 5537
19695 2 2 0 0 512 10593 5515
19696 2 2 0 0 10593 2724 5515
19697 2 2 0 0 2724 10593 5516
19698 2 2 0 0 10593 512 5516
19699 2 2 0 0 2714 10594 5516
19700 2 2 0 0 10594 1482 5516
19701 2 2 0 0 1482 10594 5517
19702 2 2 0 0 10594 2714 5517
19703 2 2 0 0 1482 10595 5516
19704 2 2 0 0 10595 2724 5516
19705 2 2 0 0 2724 10595 5536
19706 2 2 0 0 10595 1482 5536
19707 2 2 0 0 2723 10596 5517
19708 2 2 0 0 10596 1482 5517
19709 2 2 0 0 1482 10596 5534
19710 2 2 0 0 10596 2723 5534
19711 2 2 0 0 298 10597 5518
19712 2 2 0 0 10597 2715 5518
19713 2 2 0 0 2715 10597 5520
19714 2 2 0 0 10597 298 5520
19715 2 2 0 0 2716 10598 5518
19716 2 2 0 0 10598 298 5518
19717 2 2 0 0 298 10598 5521
19718 2 2 0 0 10598 2716 5521
19719 2 2 0 0 2715 10599 5519
19720 2 2 0 0 10599 1480 5519
19721 2 2 0 0 1480 10599 5520
19722 2 2 0 0 10599 2715 5520
19723 2 2 0 0 1480 10600 5519
19724 2 2 0 0 10600 2717 5519
19725 2 2 0 0 2717 10600 5523
19726 2 2 0 0 10600 1480 5523
19727 2 2 0 0 2720 10601 5520
19728 2 2 0 0 10601 1480 5520
19729 2 2 0 0 1480 10601 5526
19730 2 2 0 0 10601 2720 5526
19731 2 2 0 0 298 10602 5520
19732 2 2 0 0 10602 2720 5520
19733 2 2 0 0 2720 10602 5530
19734 2 2 0 0 10602 298 5530
19735 2 2 0 0 2721 10603 5521
19736 2 2 0 0 10603 298 5521
19737 2 2 0 0 298 10603 5530
19738 2 2 0 0 10603 2721 5530
19739 2 2 0 0 1481 10604 5521
19740 2 2 0 0 10604 2721 5521
19741 2 2 0 0 2721 10604 5531
19742 2 2 0 0 10604 1481 5531
19743 2 2 0 0 2717 10605 5522
19744 2 2 0 0 10605 515 5522
19745 2 2 0 0 515 10605 5523
19746 2 2 0 0 10605 2717 5523
19747 2 2 0 0 515 10606 5522
19748 2 2 0 0 10606 2718 5522
19749 2 2 0 0 2718 10606 5525
19750 2 2 0 0 10606 515 5525
19751 2 2 0 0 2719 10607 5523
19752 2 2 0 0 10607 515 5523
19753 2 2 0 0 515 10607 5527
19754 2 2 0 0 10607 2719 5527
19755 2 2 0 0 1480 10608 5523
19756 2 2 0 0 10608 2719 5523
19757 2 2 0 0 2719 10608 5526
19758 2 2 0 0 10608 1480 5526
19759 2 2 0 0 2718 10609 5524
19760 2 2 0 0 10609 1485 5524
19761 2 2 0 0 1485 10609 5525
19762 2 2 0 0 10609 2718 5525
19763 2 2 0 0 1485 10610 5524
19764 2 2 0 0 10610 2727 5524
19765 2 2 0 0 2727 10610 5543
19766 2 2 0 0 10610 1485 5543
19767 2 2 0 0 2730 10611 5525
19768 2 2 0 0 10611 1485 5525
19769 2 2 0 0 1485 10611 5546
19770 2 2 0 0 10611 2730 5546
19771 2 2 0 0 515 10612 5525
19772 2 2 0 0 10612 2730 5525
19773 2 2 0 0 2730 10612 5527
19774 2 2 0 0 10612 515 5527
19775 2 2 0 0 830 10613 5526
19776 2 2 0 0 10613 2719 5526
19777 2 2 0 0 2719 10613 5528
19778 2 2 0 0 10613 830 5528
19779 2 2 0 0 2720 10614 5526
19780 2 2 0 0 10614 830 5526
19781 2 2 0 0 830 10614 5529
19782 2 2 0 0 10614 2720 5529
19783 2 2 0 0 2719 10615 5527
19784 2 2 0 0 10615 1494 5527
19785 2 2 0 0 1494 10615 5528
19786 2 2 0 0 10615 2719 5528
19787 2 2 0 0 1494 10616 5527
19788 2 2 0 0 10616 2730 5527
19789 2 2 0 0 2730 10616 5549
19790 2 2 0 0 10616 1494 5549
19791 2 2 0 0 2747 10617 5528
19792 2 2 0 0 10617 1494 5528
19793 2 2 0 0 1494 10617 5582
19794 2 2 0 0 10617 2747 5582
19795 2 2 0 0 830 10618 5528
19796 2 2 0 0 10618 2747 5528
19797 2 2 0 0 2747 10618 5572
19798 2 2 0 0 10618 830 5572
19799 2 2 0 0 2720 10619 5529
19800 2 2 0 0 10619 1491 5529
19801 2 2 0 0 1491 10619 5530
19802 2 2 0 0 10619 2720 5530
19803 2 2 0 0 2742 10620 5529
19804 2 2 0 0 10620 830 5529
19805 2 2 0 0 830 10620 5572
19806 2 2 0 0 10620 2742 5572
19807 2 2 0 0 1491 10621 5529
19808 2 2 0 0 10621 2742 5529
19809 2 2 0 0 2742 10621 5570
19810 2 2 0 0 10621 1491 5570
19811 2 2 0 0 2721 10622 5530
19812 2 2 0 0 10622 1491 5530
19813 2 2 0 0 1491 10622 5532
19814 2 2 0 0 10622 2721 5532
19815 2 2 0 0 828 10623 5531
19816 2 2 0 0 10623 2721 5531
19817 2 2 0 0 2721 10623 5532
19818 2 2 0 0 10623 828 5532
19819 2 2 0 0 2722 10624 5531
19820 2 2 0 0 10624 828 5531
19821 2 2 0 0 828 10624 5533
19822 2 2 0 0 10624 2722 5533
19823 2 2 0 0 2741 10625 5532
19824 2 2 0 0 10625 1491 5532
19825 2 2 0 0 1491 10625 5570
19826 2 2 0 0 10625 2741 5570
19827 2 2 0 0 828 10626 5532
19828 2 2 0 0 10626 2741 5532
19829 2 2 0 0 2741 10626 5567
19830 2 2 0 0 10626 828 5567
19831 2 2 0 0 2739 10627 5533
19832 2 2 0 0 10627 828 5533
19833 2 2 0 0 828 10627 5567
19834 2 2 0 0 10627 2739 5567
19835 2 2 0 0 1490 10628 5533
19836 2 2 0 0 10628 2739 5533
19837 2 2 0 0 2739 10628 5566
19838 2 2 0 0 10628 1490 5566
19839 2 2 0 0 2723 10629 5534
19840 2 2 0 0 10629 174 5534
19841 2 2 0 0 174 10629 5535
19842 2 2 0 0 10629 2723 5535
19843 2 2 0 0 2725 10630 5534
19844 2 2 0 0 10630 1482 5534
19845 2 2 0 0 1482 10630 5536
19846 2 2 0 0 10630 2725 5536
19847 2 2 0 0 174 10631 5534
19848 2 2 0 0 10631 2725 5534
19849 2 2 0 0 2725 10631 5539
19850 2 2 0 0 10631 174 5539
19851 2 2 0 0 2726 10632 5535
19852 2 2 0 0 10632 174 5535
19853 2 2 0 0 174 10632 5540
19854 2 2 0 0 10632 2726 5540
19855 2 2 0 0 826 10633 5536
19856 2 2 0 0 10633 2724 5536
19857 2 2 0 0 2724 10633 5537
19858 2 2 0 0 10633 826 5537
19859 2 2 0 0 2725 10634 5536
19860 2 2 0 0 10634 826 5536
19861 2 2 0 0 826 10634 5538
19862 2 2 0 0 10634 2725 5538
19863 2 2 0 0 2728 10635 5537
19864 2 2 0 0 10635 1484 5537
19865 2 2 0 0 1484 10635 5542
19866 2 2 0 0 10635 2728 5542
19867 2 2 0 0 826 10636 5537
19868 2 2 0 0 10636 2728 5537
19869 2 2 0 0 2728 10636 5545
19870 2 2 0 0 10636 826 5545
19871 2 2 0 0 2725 10637 5538
19872 2 2 0 0 10637 1487 5538
19873 2 2 0 0 1487 10637 5539
19874 2 2 0 0 10637 2725 5539
19875 2 2 0 0 2731 10638 5538
19876 2 2 0 0 10638 826 5538
19877 2 2 0 0 826 10638 5545
19878 2 2 0 0 10638 2731 5545
19879 2 2 0 0 1487 10639 5538
19880 2 2 0 0 10639 2731 5538
19881 2 2 0 0 2731 10639 5551
19882 2 2 0 0 10639 1487 5551
19883 2 2 0 0 2735 10640 5539
19884 2 2 0 0 10640 1487 5539
19885 2 2 0 0 1487 10640 5556
19886 2 2 0 0 10640 2735 5556
19887 2 2 0 0 174 10641 5539
19888 2 2 0 0 10641 2735 5539
19889 2 2 0 0 2735 10641 5540
19890 2 2 0 0 10641 174 5540
19891 2 2 0 0 2726 10642 5540
19892 2 2 0 0 10642 1488 5540
19893 2 2 0 0 1488 10642 5541
19894 2 2 0 0 10642 2726 5541
19895 2 2 0 0 1488 10643 5540
19896 2 2 0 0 10643 2735 5540
19897 2 2 0 0 2735 10643 5559
19898 2 2 0 0 10643 1488 5559
19899 2 2 0 0 2736 10644 5541
19900 2 2 0 0 10644 1488 5541
19901 2 2 0 0 1488 10644 5560
19902 2 2 0 0 10644 2736 5560
19903 2 2 0 0 301 10645 5542
19904 2 2 0 0 10645 2727 5542
19905 2 2 0 0 301 10645 5543
19906 2 2 0 0 10645 2727 5543
19907 2 2 0 0 2728 10646 5542
19908 2 2 0 0 10646 301 5542
19909 2 2 0 0 301 10646 5544
19910 2 2 0 0 10646 2728 5544
19911 2 2 0 0 2729 10647 5543
19912 2 2 0 0 10647 301 5543
19913 2 2 0 0 301 10647 5547
19914 2 2 0 0 10647 2729 5547
19915 2 2 0 0 1485 10648 5543
19916 2 2 0 0 10648 2729 5543
19917 2 2 0 0 2729 10648 5546
19918 2 2 0 0 10648 1485 5546
19919 2 2 0 0 2728 10649 5544
19920 2 2 0 0 10649 1486 5544
19921 2 2 0 0 1486 10649 5545
19922 2 2 0 0 10649 2728 5545
19923 2 2 0 0 2732 10650 5544
19924 2 2 0 0 10650 301 5544
19925 2 2 0 0 2732 10650 5547
19926 2 2 0 0 10650 301 5547
19927 2 2 0 0 1486 10651 5544
19928 2 2 0 0 10651 2732 5544
19929 2 2 0 0 2732 10651 5552
19930 2 2 0 0 10651 1486 5552
19931 2 2 0 0 2731 10652 5545
19932 2 2 0 0 10652 1486 5545
19933 2 2 0 0 1486 10652 5550
19934 2 2 0 0 10652 2731 5550
19935 2 2 0 0 831 10653 5546
19936 2 2 0 0 10653 2729 5546
19937 2 2 0 0 2729 10653 5548
19938 2 2 0 0 10653 831 5548
19939 2 2 0 0 2730 10654 5546
19940 2 2 0 0 10654 831 5546
19941 2 2 0 0 831 10654 5549
19942 2 2 0 0 10654 2730 5549
19943 2 2 0 0 2729 10655 5547
19944 2 2 0 0 10655 1496 5547
19945 2 2 0 0 1496 10655 5548
19946 2 2 0 0 10655 2729 5548
19947 2 2 0 0 1496 10656 5547
19948 2 2 0 0 10656 2732 5547
19949 2 2 0 0 2732 10656 5553
19950 2 2 0 0 10656 1496 5553
19951 2 2 0 0 2751 10657 5548
19952 2 2 0 0 10657 1496 5548
19953 2 2 0 0 1496 10657 5590
19954 2 2 0 0 10657 2751 5590
19955 2 2 0 0 831 10658 5548
19956 2 2 0 0 10658 2751 5548
19957 2 2 0 0 2751 10658 5584
19958 2 2 0 0 10658 831 5584
19959 2 2 0 0 2748 10659 5549
19960 2 2 0 0 10659 831 5549
19961 2 2 0 0 831 10659 5584
19962 2 2 0 0 10659 2748 5584
19963 2 2 0 0 1494 10660 5549
19964 2 2 0 0 10660 2748 5549
19965 2 2 0 0 2748 10660 5582
19966 2 2 0 0 10660 1494 5582
19967 2 2 0 0 2731 10661 5550
19968 2 2 0 0 10661 520 5550
19969 2 2 0 0 520 10661 5551
19970 2 2 0 0 10661 2731 5551
19971 2 2 0 0 2733 10662 5550
19972 2 2 0 0 10662 1486 5550
19973 2 2 0 0 1486 10662 5552
19974 2 2 0 0 10662 2733 5552
19975 2 2 0 0 520 10663 5550
19976 2 2 0 0 10663 2733 5550
19977 2 2 0 0 2733 10663 5555
19978 2 2 0 0 10663 520 5555
19979 2 2 0 0 2734 10664 5551
19980 2 2 0 0 10664 520 5551
19981 2 2 0 0 520 10664 5557
19982 2 2 0 0 10664 2734 5557
19983 2 2 0 0 1487 10665 5551
19984 2 2 0 0 10665 2734 5551
19985 2 2 0 0 2734 10665 5556
19986 2 2 0 0 10665 1487 5556
19987 2 2 0 0 840 10666 5552
19988 2 2 0 0 10666 2732 5552
19989 2 2 0 0 840 10666 5553
19990 2 2 0 0 10666 2732 5553
19991 2 2 0 0 2733 10667 5552
19992 2 2 0 0 10667 840 5552
19993 2 2 0 0 840 10667 5554
19994 2 2 0 0 10667 2733 5554
19995 2 2 0 0 2752 10668 5553
19996 2 2 0 0 10668 840 5553
19997 2 2 0 0 840 10668 5592
19998 2 2 0 0 10668 2752 5592
19999 2 2 0 0 1496 10669 5553
20000 2 2 0 0 10669 2752 5553
20001 2 2 0 0 2752 10669 5590
20002 2 2 0 0 10669 1496 5590
20003 2 2 0 0 2733 10670 5554
20004 2 2 0 0 10670 1516 5554
20005 2 2 0 0 1516 10670 5555
20006 2 2 0 0 10670 2733 5555
20007 2 2 0 0 2783 10671 5554
20008 2 2 0 0 10671 840 5554
20009 2 2 0 0 2783 10671 5592
20010 2 2 0 0 10671 840 5592
20011 2 2 0 0 1516 10672 5554
20012 2 2 0 0 10672 2783 5554
20013 2 2 0 0 2783 10672 5669
20014 2 2 0 0 10672 1516 5669
20015 2 2 0 0 2777 10673 5555
20016 2 2 0 0 10673 1516 5555
20017 2 2 0 0 1516 10673 5643
20018 2 2 0 0 10673 2777 5643
20019 2 2 0 0 520 10674 5555
20020 2 2 0 0 10674 2777 5555
20021 2 2 0 0 2777 10674 5557
20022 2 2 0 0 10674 520 5557
20023 2 2 0 0 837 10675 5556
20024 2 2 0 0 10675 2734 5556
20025 2 2 0 0 2734 10675 5558
20026 2 2 0 0 10675 837 5558
20027 2 2 0 0 2735 10676 5556
20028 2 2 0 0 10676 837 5556
20029 2 2 0 0 837 10676 5559
20030 2 2 0 0 10676 2735 5559
20031 2 2 0 0 2734 10677 5557
20032 2 2 0 0 10677 1509 5557
20033 2 2 0 0 1509 10677 5558
20034 2 2 0 0 10677 2734 5558
20035 2 2 0 0 1509 10678 5557
20036 2 2 0 0 10678 2777 5557
20037 2 2 0 0 2777 10678 5642
20038 2 2 0 0 10678 1509 5642
20039 2 2 0 0 2775 10679 5558
20040 2 2 0 0 10679 1509 5558
20041 2 2 0 0 1509 10679 5639
20042 2 2 0 0 10679 2775 5639
20043 2 2 0 0 837 10680 5558
20044 2 2 0 0 10680 2775 5558
20045 2 2 0 0 2775 10680 5562
20046 2 2 0 0 10680 837 5562
20047 2 2 0 0 2737 10681 5559
20048 2 2 0 0 10681 837 5559
20049 2 2 0 0 837 10681 5562
20050 2 2 0 0 10681 2737 5562
20051 2 2 0 0 1488 10682 5559
20052 2 2 0 0 10682 2737 5559
20053 2 2 0 0 2737 10682 5560
20054 2 2 0 0 10682 1488 5560
20055 2 2 0 0 2736 10683 5560
20056 2 2 0 0 10683 518 5560
20057 2 2 0 0 518 10683 5561
20058 2 2 0 0 10683 2736 5561
20059 2 2 0 0 518 10684 5560
20060 2 2 0 0 10684 2737 5560
20061 2 2 0 0 2737 10684 5563
20062 2 2 0 0 10684 518 5563
20063 2 2 0 0 2738 10685 5561
20064 2 2 0 0 10685 518 5561
20065 2 2 0 0 518 10685 5564
20066 2 2 0 0 10685 2738 5564
20067 2 2 0 0 2737 10686 5562
20068 2 2 0 0 10686 1508 5562
20069 2 2 0 0 1508 10686 5563
20070 2 2 0 0 10686 2737 5563
20071 2 2 0 0 1508 10687 5562
20072 2 2 0 0 10687 2775 5562
20073 2 2 0 0 2775 10687 5638
20074 2 2 0 0 10687 1508 5638
20075 2 2 0 0 2772 10688 5563
20076 2 2 0 0 10688 1508 5563
20077 2 2 0 0 1508 10688 5633
20078 2 2 0 0 10688 2772 5633
20079 2 2 0 0 518 10689 5563
20080 2 2 0 0 10689 2772 5563
20081 2 2 0 0 2772 10689 5564
20082 2 2 0 0 10689 518 5564
20083 2 2 0 0 2738 10690 5564
20084 2 2 0 0 10690 1506 5564
20085 2 2 0 0 1506 10690 5565
20086 2 2 0 0 10690 2738 5565
20087 2 2 0 0 1506 10691 5564
20088 2 2 0 0 10691 2772 5564
20089 2 2 0 0 2772 10691 5632
20090 2 2 0 0 10691 1506 5632
20091 2 2 0 0 2771 10692 5565
20092 2 2 0 0 10692 1506 5565
20093 2 2 0 0 1506 10692 5630
20094 2 2 0 0 10692 2771 5630
20095 2 2 0 0 140 10693 5566
20096 2 2 0 0 10693 2739 5566
20097 2 2 0 0 2739 10693 5568
20098 2 2 0 0 10693 140 5568
20099 2 2 0 0 2740 10694 5566
20100 2 2 0 0 10694 140 5566
20101 2 2 0 0 140 10694 5569
20102 2 2 0 0 10694 2740 5569
20103 2 2 0 0 2739 10695 5567
20104 2 2 0 0 10695 1492 5567
20105 2 2 0 0 1492 10695 5568
20106 2 2 0 0 10695 2739 5568
20107 2 2 0 0 1492 10696 5567
20108 2 2 0 0 10696 2741 5567
20109 2 2 0 0 2741 10696 5571
20110 2 2 0 0 10696 1492 5571
20111 2 2 0 0 2744 10697 5568
20112 2 2 0 0 10697 1492 5568
20113 2 2 0 0 1492 10697 5574
20114 2 2 0 0 10697 2744 5574
20115 2 2 0 0 140 10698 5568
20116 2 2 0 0 10698 2744 5568
20117 2 2 0 0 2744 10698 5578
20118 2 2 0 0 10698 140 5578
20119 2 2 0 0 2745 10699 5569
20120 2 2 0 0 10699 140 5569
20121 2 2 0 0 140 10699 5578
20122 2 2 0 0 10699 2745 5578
20123 2 2 0 0 1493 10700 5569
20124 2 2 0 0 10700 2745 5569
20125 2 2 0 0 2745 10700 5579
20126 2 2 0 0 10700 1493 5579
20127 2 2 0 0 2741 10701 5570
20128 2 2 0 0 10701 516 5570
20129 2 2 0 0 516 10701 5571
20130 2 2 0 0 10701 2741 5571
20131 2 2 0 0 516 10702 5570
20132 2 2 0 0 10702 2742 5570
20133 2 2 0 0 2742 10702 5573
20134 2 2 0 0 10702 516 5573
20135 2 2 0 0 2743 10703 5571
20136 2 2 0 0 10703 516 5571
20137 2 2 0 0 516 10703 5575
20138 2 2 0 0 10703 2743 5575
20139 2 2 0 0 1492 10704 5571
20140 2 2 0 0 10704 2743 5571
20141 2 2 0 0 2743 10704 5574
20142 2 2 0 0 10704 1492 5574
20143 2 2 0 0 2742 10705 5572
20144 2 2 0 0 10705 1495 5572
20145 2 2 0 0 1495 10705 5573
20146 2 2 0 0 10705 2742 5573
20147 2 2 0 0 1495 10706 5572
20148 2 2 0 0 10706 2747 5572
20149 2 2 0 0 2747 10706 5583
20150 2 2 0 0 10706 1495 5583
20151 2 2 0 0 2750 10707 5573
20152 2 2 0 0 10707 1495 5573
20153 2 2 0 0 1495 10707 5586
20154 2 2 0 0 10707 2750 5586
20155 2 2 0 0 516 10708 5573
20156 2 2 0 0 10708 2750 5573
20157 2 2 0 0 2750 10708 5575
20158 2 2 0 0 10708 516 5575
20159 2 2 0 0 833 10709 5574
20160 2 2 0 0 10709 2743 5574
20161 2 2 0 0 2743 10709 5576
20162 2 2 0 0 10709 833 5576
20163 2 2 0 0 2744 10710 5574
20164 2 2 0 0 10710 833 5574
20165 2 2 0 0 833 10710 5577
20166 2 2 0 0 10710 2744 5577
20167 2 2 0 0 2743 10711 5575
20168 2 2 0 0 10711 1498 5575
20169 2 2 0 0 1498 10711 5576
20170 2 2 0 0 10711 2743 5576
20171 2 2 0 0 1498 10712 5575
20172 2 2 0 0 10712 2750 5575
20173 2 2 0 0 2750 10712 5589
20174 2 2 0 0 10712 1498 5589
20175 2 2 0 0 2756 10713 5576
20176 2 2 0 0 10713 1498 5576
20177 2 2 0 0 1498 10713 5598
20178 2 2 0 0 10713 2756 5598
20179 2 2 0 0 833 10714 5576
20180 2 2 0 0 10714 2756 5576
20181 2 2 0 0 2756 10714 5602
20182 2 2 0 0 10714 833 5602
20183 2 2 0 0 2744 10715 5577
20184 2 2 0 0 10715 1502 5577
20185 2 2 0 0 1502 10715 5578
20186 2 2 0 0 10715 2744 5578
20187 2 2 0 0 2761 10716 5577
20188 2 2 0 0 10716 833 5577
20189 2 2 0 0 833 10716 5602
20190 2 2 0 0 10716 2761 5602
20191 2 2 0 0 1502 10717 5577
20192 2 2 0 0 10717 2761 5577
20193 2 2 0 0 2761 10717 5613
20194 2 2 0 0 10717 1502 5613
20195 2 2 0 0 2745 10718 5578
20196 2 2 0 0 10718 1502 5578
20197 2 2 0 0 1502 10718 5580
20198 2 2 0 0 10718 2745 5580
20199 2 2 0 0 834 10719 5579
20200 2 2 0 0 10719 2745 5579
20201 2 2 0 0 2745 10719 5580
20202 2 2 0 0 10719 834 5580
20203 2 2 0 0 2746 10720 5579
20204 2 2 0 0 10720 834 5579
20205 2 2 0 0 834 10720 5581
20206 2 2 0 0 10720 2746 5581
20207 2 2 0 0 2764 10721 5580
20208 2 2 0 0 10721 1502 5580
20209 2 2 0 0 1502 10721 5613
20210 2 2 0 0 10721 2764 5613
20211 2 2 0 0 834 10722 5580
20212 2 2 0 0 10722 2764 5580
20213 2 2 0 0 2764 10722 5619
20214 2 2 0 0 10722 834 5619
20215 2 2 0 0 2765 10723 5581
20216 2 2 0 0 10723 834 5581
20217 2 2 0 0 834 10723 5619
20218 2 2 0 0 10723 2765 5619
20219 2 2 0 0 1503 10724 5581
20220 2 2 0 0 10724 2765 5581
20221 2 2 0 0 2765 10724 5620
20222 2 2 0 0 10724 1503 5620
20223 2 2 0 0 2747 10725 5582
20224 2 2 0 0 10725 179 5582
20225 2 2 0 0 179 10725 5583
20226 2 2 0 0 10725 2747 5583
20227 2 2 0 0 179 10726 5582
20228 2 2 0 0 10726 2748 5582
20229 2 2 0 0 2748 10726 5585
20230 2 2 0 0 10726 179 5585
20231 2 2 0 0 2749 10727 5583
20232 2 2 0 0 10727 179 5583
20233 2 2 0 0 179 10727 5587
20234 2 2 0 0 10727 2749 5587
20235 2 2 0 0 1495 10728 5583
20236 2 2 0 0 10728 2749 5583
20237 2 2 0 0 2749 10728 5586
20238 2 2 0 0 10728 1495 5586
20239 2 2 0 0 2748 10729 5584
20240 2 2 0 0 10729 1497 5584
20241 2 2 0 0 1497 10729 5585
20242 2 2 0 0 10729 2748 5585
20243 2 2 0 0 1497 10730 5584
20244 2 2 0 0 10730 2751 5584
20245 2 2 0 0 2751 10730 5591
20246 2 2 0 0 10730 1497 5591
20247 2 2 0 0 2754 10731 5585
20248 2 2 0 0 10731 1497 5585
20249 2 2 0 0 1497 10731 5594
20250 2 2 0 0 10731 2754 5594
20251 2 2 0 0 179 10732 5585
20252 2 2 0 0 10732 2754 5585
20253 2 2 0 0 2754 10732 5587
20254 2 2 0 0 10732 179 5587
20255 2 2 0 0 832 10733 5586
20256 2 2 0 0 10733 2749 5586
20257 2 2 0 0 2749 10733 5588
20258 2 2 0 0 10733 832 5588
20259 2 2 0 0 2750 10734 5586
20260 2 2 0 0 10734 832 5586
20261 2 2 0 0 832 10734 5589
20262 2 2 0 0 10734 2750 5589
20263 2 2 0 0 2749 10735 5587
20264 2 2 0 0 10735 1499 5587
20265 2 2 0 0 1499 10735 5588
20266 2 2 0 0 10735 2749 5588
20267 2 2 0 0 1499 10736 5587
20268 2 2 0 0 10736 2754 5587
20269 2 2 0 0 2754 10736 5597
20270 2 2 0 0 10736 1499 5597
20271 2 2 0 0 2757 10737 5588
20272 2 2 0 0 10737 1499 5588
20273 2 2 0 0 1499 10737 5603
20274 2 2 0 0 10737 2757 5603
20275 2 2 0 0 832 10738 5588
20276 2 2 0 0 10738 2757 5588
20277 2 2 0 0 2757 10738 5599
20278 2 2 0 0 10738 832 5599
20279 2 2 0 0 2755 10739 5589
20280 2 2 0 0 10739 832 5589
20281 2 2 0 0 832 10739 5599
20282 2 2 0 0 10739 2755 5599
20283 2 2 0 0 1498 10740 5589
20284 2 2 0 0 10740 2755 5589
20285 2 2 0 0 2755 10740 5598
20286 2 2 0 0 10740 1498 5598
20287 2 2 0 0 2751 10741 5590
20288 2 2 0 0 10741 521 5590
20289 2 2 0 0 521 10741 5591
20290 2 2 0 0 10741 2751 5591
20291 2 2 0 0 521 10742 5590
20292 2 2 0 0 10742 2752 5590
20293 2 2 0 0 2752 10742 5593
20294 2 2 0 0 10742 521 5593
20295 2 2 0 0 2753 10743 5591
20296 2 2 0 0 10743 521 5591
20297 2 2 0 0 521 10743 5595
20298 2 2 0 0 10743 2753 5595
20299 2 2 0 0 1497 10744 5591
20300 2 2 0 0 10744 2753 5591
20301 2 2 0 0 2753 10744 5594
20302 2 2 0 0 10744 1497 5594
20303 2 2 0 0 2752 10745 5592
20304 2 2 0 0 10745 1517 5592
20305 2 2 0 0 1517 10745 5593
20306 2 2 0 0 10745 2752 5593
20307 2 2 0 0 1517 10746 5592
20308 2 2 0 0 10746 2783 5592
20309 2 2 0 0 2783 10746 5670
20310 2 2 0 0 10746 1517 5670
20311 2 2 0 0 2786 10747 5593
20312 2 2 0 0 10747 1517 5593
20313 2 2 0 0 1517 10747 5673
20314 2 2 0 0 10747 2786 5673
20315 2 2 0 0 521 10748 5593
20316 2 2 0 0 10748 2786 5593
20317 2 2 0 0 2786 10748 5595
20318 2 2 0 0 10748 521 5595
20319 2 2 0 0 843 10749 5594
20320 2 2 0 0 10749 2753 5594
20321 2 2 0 0 2753 10749 5596
20322 2 2 0 0 10749 843 5596
20323 2 2 0 0 2754 10750 5594
20324 2 2 0 0 10750 843 5594
20325 2 2 0 0 843 10750 5597
20326 2 2 0 0 10750 2754 5597
20327 2 2 0 0 2753 10751 5595
20328 2 2 0 0 10751 1521 5595
20329 2 2 0 0 1521 10751 5596
20330 2 2 0 0 10751 2753 5596
20331 2 2 0 0 1521 10752 5595
20332 2 2 0 0 10752 2786 5595
20333 2 2 0 0 2786 10752 5676
20334 2 2 0 0 10752 1521 5676
20335 2 2 0 0 2790 10753 5596
20336 2 2 0 0 10753 1521 5596
20337 2 2 0 0 1521 10753 5689
20338 2 2 0 0 10753 2790 5689
20339 2 2 0 0 843 10754 5596
20340 2 2 0 0 10754 2790 5596
20341 2 2 0 0 2790 10754 5605
20342 2 2 0 0 10754 843 5605
20343 2 2 0 0 2758 10755 5597
20344 2 2 0 0 10755 843 5597
20345 2 2 0 0 843 10755 5605
20346 2 2 0 0 10755 2758 5605
20347 2 2 0 0 1499 10756 5597
20348 2 2 0 0 10756 2758 5597
20349 2 2 0 0 2758 10756 5603
20350 2 2 0 0 10756 1499 5603
20351 2 2 0 0 319 10757 5598
20352 2 2 0 0 10757 2755 5598
20353 2 2 0 0 2755 10757 5600
20354 2 2 0 0 10757 319 5600
20355 2 2 0 0 2756 10758 5598
20356 2 2 0 0 10758 319 5598
20357 2 2 0 0 319 10758 5601
20358 2 2 0 0 10758 2756 5601
20359 2 2 0 0 2755 10759 5599
20360 2 2 0 0 10759 1500 5599
20361 2 2 0 0 1500 10759 5600
20362 2 2 0 0 10759 2755 5600
20363 2 2 0 0 1500 10760 5599
20364 2 2 0 0 10760 2757 5599
20365 2 2 0 0 2757 10760 5604
20366 2 2 0 0 10760 1500 5604
20367 2 2 0 0 2760 10761 5600
20368 2 2 0 0 10761 1500 5600
20369 2 2 0 0 1500 10761 5607
20370 2 2 0 0 10761 2760 5607
20371 2 2 0 0 319 10762 5600
20372 2 2 0 0 10762 2760 5600
20373 2 2 0 0 2760 10762 5611
20374 2 2 0 0 10762 319 5611
20375 2 2 0 0 2756 10763 5601
20376 2 2 0 0 10763 1501 5601
20377 2 2 0 0 1501 10763 5602
20378 2 2 0 0 10763 2756 5602
20379 2 2 0 0 2762 10764 5601
20380 2 2 0 0 10764 319 5601
20381 2 2 0 0 319 10764 5611
20382 2 2 0 0 10764 2762 5611
20383 2 2 0 0 1501 10765 5601
20384 2 2 0 0 10765 2762 5601
20385 2 2 0 0 2762 10765 5614
20386 2 2 0 0 10765 1501 5614
20387 2 2 0 0 2761 10766 5602
20388 2 2 0 0 10766 1501 5602
20389 2 2 0 0 1501 10766 5612
20390 2 2 0 0 10766 2761 5612
20391 2 2 0 0 2757 10767 5603
20392 2 2 0 0 10767 544 5603
20393 2 2 0 0 544 10767 5604
20394 2 2 0 0 10767 2757 5604
20395 2 2 0 0 544 10768 5603
20396 2 2 0 0 10768 2758 5603
20397 2 2 0 0 2758 10768 5606
20398 2 2 0 0 10768 544 5606
20399 2 2 0 0 2759 10769 5604
20400 2 2 0 0 10769 544 5604
20401 2 2 0 0 544 10769 5608
20402 2 2 0 0 10769 2759 5608
20403 2 2 0 0 1500 10770 5604
20404 2 2 0 0 10770 2759 5604
20405 2 2 0 0 2759 10770 5607
20406 2 2 0 0 10770 1500 5607
20407 2 2 0 0 2758 10771 5605
20408 2 2 0 0 10771 1525 5605
20409 2 2 0 0 1525 10771 5606
20410 2 2 0 0 10771 2758 5606
20411 2 2 0 0 1525 10772 5605
20412 2 2 0 0 10772 2790 5605
20413 2 2 0 0 2790 10772 5692
20414 2 2 0 0 10772 1525 5692
20415 2 2 0 0 2794 10773 5606
20416 2 2 0 0 10773 1525 5606
20417 2 2 0 0 1525 10773 5704
20418 2 2 0 0 10773 2794 5704
20419 2 2 0 0 544 10774 5606
20420 2 2 0 0 10774 2794 5606
20421 2 2 0 0 2794 10774 5608
20422 2 2 0 0 10774 544 5608
20423 2 2 0 0 864 10775 5607
20424 2 2 0 0 10775 2759 5607
20425 2 2 0 0 2759 10775 5609
20426 2 2 0 0 10775 864 5609
20427 2 2 0 0 2760 10776 5607
20428 2 2 0 0 10776 864 5607
20429 2 2 0 0 864 10776 5610
20430 2 2 0 0 10776 2760 5610
20431 2 2 0 0 2759 10777 5608
20432 2 2 0 0 10777 1574 5608
20433 2 2 0 0 1574 10777 5609
20434 2 2 0 0 10777 2759 5609
20435 2 2 0 0 1574 10778 5608
20436 2 2 0 0 10778 2794 5608
20437 2 2 0 0 2794 10778 5706
20438 2 2 0 0 10778 1574 5706
20439 2 2 0 0 2875 10779 5609
20440 2 2 0 0 10779 1574 5609
20441 2 2 0 0 1574 10779 5904
20442 2 2 0 0 10779 2875 5904
20443 2 2 0 0 864 10780 5609
20444 2 2 0 0 10780 2875 5609
20445 2 2 0 0 2875 10780 5816
20446 2 2 0 0 10780 864 5816
20447 2 2 0 0 2760 10781 5610
20448 2 2 0 0 10781 1552 5610
20449 2 2 0 0 1552 10781 5611
20450 2 2 0 0 10781 2760 5611
20451 2 2 0 0 2840 10782 5610
20452 2 2 0 0 10782 864 5610
20453 2 2 0 0 864 10782 5816
20454 2 2 0 0 10782 2840 5816
20455 2 2 0 0 1552 10783 5610
20456 2 2 0 0 10783 2840 5610
20457 2 2 0 0 2840 10783 5814
20458 2 2 0 0 10783 1552 5814
20459 2 2 0 0 2762 10784 5611
20460 2 2 0 0 10784 1552 5611
20461 2 2 0 0 1552 10784 5615
20462 2 2 0 0 10784 2762 5615
20463 2 2 0 0 2761 10785 5612
20464 2 2 0 0 10785 536 5612
20465 2 2 0 0 536 10785 5613
20466 2 2 0 0 10785 2761 5613
20467 2 2 0 0 2763 10786 5612
20468 2 2 0 0 10786 1501 5612
20469 2 2 0 0 1501 10786 5614
20470 2 2 0 0 10786 2763 5614
20471 2 2 0 0 536 10787 5612
20472 2 2 0 0 10787 2763 5612
20473 2 2 0 0 2763 10787 5617
20474 2 2 0 0 10787 536 5617
20475 2 2 0 0 2764 10788 5613
20476 2 2 0 0 10788 536 5613
20477 2 2 0 0 536 10788 5618
20478 2 2 0 0 10788 2764 5618
20479 2 2 0 0 855 10789 5614
20480 2 2 0 0 10789 2762 5614
20481 2 2 0 0 2762 10789 5615
20482 2 2 0 0 10789 855 5615
20483 2 2 0 0 2763 10790 5614
20484 2 2 0 0 10790 855 5614
20485 2 2 0 0 855 10790 5616
20486 2 2 0 0 10790 2763 5616
20487 2 2 0 0 2839 10791 5615
20488 2 2 0 0 10791 1552 5615
20489 2 2 0 0 1552 10791 5814
20490 2 2 0 0 10791 2839 5814
20491 2 2 0 0 855 10792 5615
20492 2 2 0 0 10792 2839 5615
20493 2 2 0 0 2839 10792 5808
20494 2 2 0 0 10792 855 5808
20495 2 2 0 0 2763 10793 5616
20496 2 2 0 0 10793 1550 5616
20497 2 2 0 0 1550 10793 5617
20498 2 2 0 0 10793 2763 5617
20499 2 2 0 0 2836 10794 5616
20500 2 2 0 0 10794 855 5616
20501 2 2 0 0 855 10794 5808
20502 2 2 0 0 10794 2836 5808
20503 2 2 0 0 1550 10795 5616
20504 2 2 0 0 10795 2836 5616
20505 2 2 0 0 2836 10795 5806
20506 2 2 0 0 10795 1550 5806
20507 2 2 0 0 2767 10796 5617
20508 2 2 0 0 10796 1550 5617
20509 2 2 0 0 1550 10796 5624
20510 2 2 0 0 10796 2767 5624
20511 2 2 0 0 536 10797 5617
20512 2 2 0 0 10797 2767 5617
20513 2 2 0 0 2767 10797 5618
20514 2 2 0 0 10797 536 5618
20515 2 2 0 0 2764 10798 5618
20516 2 2 0 0 10798 1504 5618
20517 2 2 0 0 1504 10798 5619
20518 2 2 0 0 10798 2764 5619
20519 2 2 0 0 1504 10799 5618
20520 2 2 0 0 10799 2767 5618
20521 2 2 0 0 2767 10799 5623
20522 2 2 0 0 10799 1504 5623
20523 2 2 0 0 2765 10800 5619
20524 2 2 0 0 10800 1504 5619
20525 2 2 0 0 1504 10800 5621
20526 2 2 0 0 10800 2765 5621
20527 2 2 0 0 315 10801 5620
20528 2 2 0 0 10801 2765 5620
20529 2 2 0 0 2765 10801 5621
20530 2 2 0 0 10801 315 5621
20531 2 2 0 0 2766 10802 5620
20532 2 2 0 0 10802 315 5620
20533 2 2 0 0 315 10802 5622
20534 2 2 0 0 10802 2766 5622
20535 2 2 0 0 2768 10803 5621
20536 2 2 0 0 10803 1504 5621
20537 2 2 0 0 1504 10803 5623
20538 2 2 0 0 10803 2768 5623
20539 2 2 0 0 315 10804 5621
20540 2 2 0 0 10804 2768 5621
20541 2 2 0 0 2768 10804 5626
20542 2 2 0 0 10804 315 5626
20543 2 2 0 0 2769 10805 5622
20544 2 2 0 0 10805 315 5622
20545 2 2 0 0 315 10805 5626
20546 2 2 0 0 10805 2769 5626
20547 2 2 0 0 1505 10806 5622
20548 2 2 0 0 10806 2769 5622
20549 2 2 0 0 2769 10806 5627
20550 2 2 0 0 10806 1505 5627
20551 2 2 0 0 854 10807 5623
20552 2 2 0 0 10807 2767 5623
20553 2 2 0 0 2767 10807 5624
20554 2 2 0 0 10807 854 5624
20555 2 2 0 0 2768 10808 5623
20556 2 2 0 0 10808 854 5623
20557 2 2 0 0 854 10808 5625
20558 2 2 0 0 10808 2768 5625
20559 2 2 0 0 2835 10809 5624
20560 2 2 0 0 10809 1550 5624
20561 2 2 0 0 1550 10809 5806
20562 2 2 0 0 10809 2835 5806
20563 2 2 0 0 854 10810 5624
20564 2 2 0 0 10810 2835 5624
20565 2 2 0 0 2835 10810 5784
20566 2 2 0 0 10810 854 5784
20567 2 2 0 0 2768 10811 5625
20568 2 2 0 0 10811 1544 5625
20569 2 2 0 0 1544 10811 5626
20570 2 2 0 0 10811 2768 5626
20571 2 2 0 0 2824 10812 5625
20572 2 2 0 0 10812 854 5625
20573 2 2 0 0 854 10812 5784
20574 2 2 0 0 10812 2824 5784
20575 2 2 0 0 1544 10813 5625
20576 2 2 0 0 10813 2824 5625
20577 2 2 0 0 2824 10813 5782
20578 2 2 0 0 10813 1544 5782
20579 2 2 0 0 2769 10814 5626
20580 2 2 0 0 10814 1544 5626
20581 2 2 0 0 1544 10814 5628
20582 2 2 0 0 10814 2769 5628
20583 2 2 0 0 851 10815 5627
20584 2 2 0 0 10815 2769 5627
20585 2 2 0 0 2769 10815 5628
20586 2 2 0 0 10815 851 5628
20587 2 2 0 0 2770 10816 5627
20588 2 2 0 0 10816 851 5627
20589 2 2 0 0 851 10816 5629
20590 2 2 0 0 10816 2770 5629
20591 2 2 0 0 2823 10817 5628
20592 2 2 0 0 10817 1544 5628
20593 2 2 0 0 1544 10817 5782
20594 2 2 0 0 10817 2823 5782
20595 2 2 0 0 851 10818 5628
20596 2 2 0 0 10818 2823 5628
20597 2 2 0 0 2823 10818 5776
20598 2 2 0 0 10818 851 5776
20599 2 2 0 0 2820 10819 5629
20600 2 2 0 0 10819 851 5629
20601 2 2 0 0 851 10819 5776
20602 2 2 0 0 10819 2820 5776
20603 2 2 0 0 1542 10820 5629
20604 2 2 0 0 10820 2820 5629
20605 2 2 0 0 2820 10820 5774
20606 2 2 0 0 10820 1542 5774
20607 2 2 0 0 2771 10821 5630
20608 2 2 0 0 10821 114 5630
20609 2 2 0 0 114 10821 5631
20610 2 2 0 0 10821 2771 5631
20611 2 2 0 0 2773 10822 5630
20612 2 2 0 0 10822 1506 5630
20613 2 2 0 0 1506 10822 5632
20614 2 2 0 0 10822 2773 5632
20615 2 2 0 0 114 10823 5630
20616 2 2 0 0 10823 2773 5630
20617 2 2 0 0 2773 10823 5635
20618 2 2 0 0 10823 114 5635
20619 2 2 0 0 2774 10824 5631
20620 2 2 0 0 10824 114 5631
20621 2 2 0 0 114 10824 5636
20622 2 2 0 0 10824 2774 5636
20623 2 2 0 0 838 10825 5632
20624 2 2 0 0 10825 2772 5632
20625 2 2 0 0 2772 10825 5633
20626 2 2 0 0 10825 838 5633
20627 2 2 0 0 2773 10826 5632
20628 2 2 0 0 10826 838 5632
20629 2 2 0 0 838 10826 5634
20630 2 2 0 0 10826 2773 5634
20631 2 2 0 0 2776 10827 5633
20632 2 2 0 0 10827 1508 5633
20633 2 2 0 0 1508 10827 5638
20634 2 2 0 0 10827 2776 5638
20635 2 2 0 0 838 10828 5633
20636 2 2 0 0 10828 2776 5633
20637 2 2 0 0 2776 10828 5641
20638 2 2 0 0 10828 838 5641
20639 2 2 0 0 2773 10829 5634
20640 2 2 0 0 10829 1513 5634
20641 2 2 0 0 1513 10829 5635
20642 2 2 0 0 10829 2773 5635
20643 2 2 0 0 2779 10830 5634
20644 2 2 0 0 10830 838 5634
20645 2 2 0 0 838 10830 5641
20646 2 2 0 0 10830 2779 5641
20647 2 2 0 0 1513 10831 5634
20648 2 2 0 0 10831 2779 5634
20649 2 2 0 0 2779 10831 5656
20650 2 2 0 0 10831 1513 5656
20651 2 2 0 0 2781 10832 5635
20652 2 2 0 0 10832 1513 5635
20653 2 2 0 0 1513 10832 5663
20654 2 2 0 0 10832 2781 5663
20655 2 2 0 0 114 10833 5635
20656 2 2 0 0 10833 2781 5635
20657 2 2 0 0 2781 10833 5636
20658 2 2 0 0 10833 114 5636
20659 2 2 0 0 2774 10834 5636
20660 2 2 0 0 10834 1514 5636
20661 2 2 0 0 1514 10834 5637
20662 2 2 0 0 10834 2774 5637
20663 2 2 0 0 1514 10835 5636
20664 2 2 0 0 10835 2781 5636
20665 2 2 0 0 2781 10835 5666
20666 2 2 0 0 10835 1514 5666
20667 2 2 0 0 2782 10836 5637
20668 2 2 0 0 10836 1514 5637
20669 2 2 0 0 1514 10836 5667
20670 2 2 0 0 10836 2782 5667
20671 2 2 0 0 306 10837 5638
20672 2 2 0 0 10837 2775 5638
20673 2 2 0 0 2775 10837 5639
20674 2 2 0 0 10837 306 5639
20675 2 2 0 0 2776 10838 5638
20676 2 2 0 0 10838 306 5638
20677 2 2 0 0 306 10838 5640
20678 2 2 0 0 10838 2776 5640
20679 2 2 0 0 2778 10839 5639
20680 2 2 0 0 10839 1509 5639
20681 2 2 0 0 1509 10839 5642
20682 2 2 0 0 10839 2778 5642
20683 2 2 0 0 306 10840 5639
20684 2 2 0 0 10840 2778 5639
20685 2 2 0 0 2778 10840 5645
20686 2 2 0 0 10840 306 5645
20687 2 2 0 0 2776 10841 5640
20688 2 2 0 0 10841 1511 5640
20689 2 2 0 0 1511 10841 5641
20690 2 2 0 0 10841 2776 5641
20691 2 2 0 0 2780 10842 5640
20692 2 2 0 0 10842 306 5640
20693 2 2 0 0 306 10842 5645
20694 2 2 0 0 10842 2780 5645
20695 2 2 0 0 1511 10843 5640
20696 2 2 0 0 10843 2780 5640
20697 2 2 0 0 2780 10843 5657
20698 2 2 0 0 10843 1511 5657
20699 2 2 0 0 2779 10844 5641
20700 2 2 0 0 10844 1511 5641
20701 2 2 0 0 1511 10844 5653
20702 2 2 0 0 10844 2779 5653
20703 2 2 0 0 841 10845 5642
20704 2 2 0 0 10845 2777 5642
20705 2 2 0 0 2777 10845 5643
20706 2 2 0 0 10845 841 5643
20707 2 2 0 0 2778 10846 5642
20708 2 2 0 0 10846 841 5642
20709 2 2 0 0 841 10846 5644
20710 2 2 0 0 10846 2778 5644
20711 2 2 0 0 2784 10847 5643
20712 2 2 0 0 10847 1516 5643
20713 2 2 0 0 1516 10847 5669
20714 2 2 0 0 10847 2784 5669
20715 2 2 0 0 841 10848 5643
20716 2 2 0 0 10848 2784 5643
20717 2 2 0 0 2784 10848 5672
20718 2 2 0 0 10848 841 5672
20719 2 2 0 0 2778 10849 5644
20720 2 2 0 0 10849 1520 5644
20721 2 2 0 0 1520 10849 5645
20722 2 2 0 0 10849 2778 5645
20723 2 2 0 0 2787 10850 5644
20724 2 2 0 0 10850 841 5644
20725 2 2 0 0 841 10850 5672
20726 2 2 0 0 10850 2787 5672
20727 2 2 0 0 1520 10851 5644
20728 2 2 0 0 10851 2787 5644
20729 2 2 0 0 2787 10851 5680
20730 2 2 0 0 10851 1520 5680
20731 2 2 0 0 2780 10852 5645
20732 2 2 0 0 10852 1520 5645
20733 2 2 0 0 1520 10852 5662
20734 2 2 0 0 10852 2780 5662
20735 2 2 0 0 2779 10853 5653
20736 2 2 0 0 10853 525 5653
20737 2 2 0 0 525 10853 5656
20738 2 2 0 0 10853 2779 5656
20739 2 2 0 0 5652 10854 5653
20740 2 2 0 0 10854 1511 5653
20741 2 2 0 0 1511 10854 5657
20742 2 2 0 0 10854 5652 5657
20743 2 2 0 0 1513 10855 5656
20744 2 2 0 0 10855 5655 5656
20745 2 2 0 0 5655 10855 5663
20746 2 2 0 0 10855 1513 5663
20747 2 2 0 0 1510 10856 5657
20748 2 2 0 0 10856 2780 5657
20749 2 2 0 0 2780 10856 5662
20750 2 2 0 0 10856 1510 5662
20751 2 2 0 0 5661 10857 5662
20752 2 2 0 0 10857 1520 5662
20753 2 2 0 0 1520 10857 5680
20754 2 2 0 0 10857 5661 5680
20755 2 2 0 0 2781 10858 5663
20756 2 2 0 0 10858 1512 5663
20757 2 2 0 0 1512 10858 5666
20758 2 2 0 0 10858 2781 5666
20759 2 2 0 0 1514 10859 5666
20760 2 2 0 0 10859 5665 5666
20761 2 2 0 0 5665 10859 5667
20762 2 2 0 0 10859 1514 5667
20763 2 2 0 0 2782 10860 5667
20764 2 2 0 0 10860 526 5667
20765 2 2 0 0 526 10860 5668
20766 2 2 0 0 10860 2782 5668
20767 2 2 0 0 143 10861 5669
20768 2 2 0 0 10861 2783 5669
20769 2 2 0 0 143 10861 5670
20770 2 2 0 0 10861 2783 5670
20771 2 2 0 0 2784 10862 5669
20772 2 2 0 0 10862 143 5669
20773 2 2 0 0 143 10862 5671
20774 2 2 0 0 10862 2784 5671
20775 2 2 0 0 2785 10863 5670
20776 2 2 0 0 10863 143 5670
20777 2 2 0 0 143 10863 5674
20778 2 2 0 0 10863 2785 5674
20779 2 2 0 0 1517 10864 5670
20780 2 2 0 0 10864 2785 5670
20781 2 2 0 0 2785 10864 5673
20782 2 2 0 0 10864 1517 5673
20783 2 2 0 0 2784 10865 5671
20784 2 2 0 0 10865 1519 5671
20785 2 2 0 0 1519 10865 5672
20786 2 2 0 0 10865 2784 5672
20787 2 2 0 0 2788 10866 5671
20788 2 2 0 0 10866 143 5671
20789 2 2 0 0 2788 10866 5674
20790 2 2 0 0 10866 143 5674
20791 2 2 0 0 1519 10867 5671
20792 2 2 0 0 10867 2788 5671
20793 2 2 0 0 2788 10867 5681
20794 2 2 0 0 10867 1519 5681
20795 2 2 0 0 2787 10868 5672
20796 2 2 0 0 10868 1519 5672
20797 2 2 0 0 1519 10868 5679
20798 2 2 0 0 10868 2787 5679
20799 2 2 0 0 842 10869 5673
20800 2 2 0 0 10869 2785 5673
20801 2 2 0 0 2785 10869 5675
20802 2 2 0 0 10869 842 5675
20803 2 2 0 0 2786 10870 5673
20804 2 2 0 0 10870 842 5673
20805 2 2 0 0 842 10870 5676
20806 2 2 0 0 10870 2786 5676
20807 2 2 0 0 2785 10871 5674
20808 2 2 0 0 10871 1522 5674
20809 2 2 0 0 1522 10871 5675
20810 2 2 0 0 10871 2785 5675
20811 2 2 0 0 1522 10872 5674
20812 2 2 0 0 10872 2788 5674
20813 2 2 0 0 2788 10872 5688
20814 2 2 0 0 10872 1522 5688
20815 2 2 0 0 2791 10873 5675
20816 2 2 0 0 10873 1522 5675
20817 2 2 0 0 1522 10873 5693
20818 2 2 0 0 10873 2791 5693
20819 2 2 0 0 842 10874 5675
20820 2 2 0 0 10874 2791 5675
20821 2 2 0 0 2791 10874 5690
20822 2 2 0 0 10874 842 5690
20823 2 2 0 0 2789 10875 5676
20824 2 2 0 0 10875 842 5676
20825 2 2 0 0 842 10875 5690
20826 2 2 0 0 10875 2789 5690
20827 2 2 0 0 1521 10876 5676
20828 2 2 0 0 10876 2789 5676
20829 2 2 0 0 2789 10876 5689
20830 2 2 0 0 10876 1521 5689
20831 2 2 0 0 2787 10877 5679
20832 2 2 0 0 10877 523 5679
20833 2 2 0 0 523 10877 5680
20834 2 2 0 0 10877 2787 5680
20835 2 2 0 0 5678 10878 5679
20836 2 2 0 0 10878 1519 5679
20837 2 2 0 0 1519 10878 5681
20838 2 2 0 0 10878 5678 5681
20839 2 2 0 0 1518 10879 5681
20840 2 2 0 0 10879 2788 5681
20841 2 2 0 0 1518 10879 5688
20842 2 2 0 0 10879 2788 5688
20843 2 2 0 0 1522 10880 5688
20844 2 2 0 0 10880 5687 5688
20845 2 2 0 0 5687 10880 5693
20846 2 2 0 0 10880 1522 5693
20847 2 2 0 0 323 10881 5689
20848 2 2 0 0 10881 2789 5689
20849 2 2 0 0 2789 10881 5691
20850 2 2 0 0 10881 323 5691
20851 2 2 0 0 2790 10882 5689
20852 2 2 0 0 10882 323 5689
20853 2 2 0 0 323 10882 5692
20854 2 2 0 0 10882 2790 5692
20855 2 2 0 0 2789 10883 5690
20856 2 2 0 0 10883 1524 5690
20857 2 2 0 0 1524 10883 5691
20858 2 2 0 0 10883 2789 5691
20859 2 2 0 0 1524 10884 5690
20860 2 2 0 0 10884 2791 5690
20861 2 2 0 0 2791 10884 5696
20862 2 2 0 0 10884 1524 5696
20863 2 2 0 0 2792 10885 5691
20864 2 2 0 0 10885 1524 5691
20865 2 2 0 0 1524 10885 5697
20866 2 2 0 0 10885 2792 5697
20867 2 2 0 0 323 10886 5691
20868 2 2 0 0 10886 2792 5691
20869 2 2 0 0 2792 10886 5703
20870 2 2 0 0 10886 323 5703
20871 2 2 0 0 2793 10887 5692
20872 2 2 0 0 10887 323 5692
20873 2 2 0 0 323 10887 5703
20874 2 2 0 0 10887 2793 5703
20875 2 2 0 0 1525 10888 5692
20876 2 2 0 0 10888 2793 5692
20877 2 2 0 0 2793 10888 5704
20878 2 2 0 0 10888 1525 5704
20879 2 2 0 0 2791 10889 5693
20880 2 2 0 0 10889 546 5693
20881 2 2 0 0 546 10889 5696
20882 2 2 0 0 10889 2791 5696
20883 2 2 0 0 1524 10890 5696
20884 2 2 0 0 10890 5695 5696
20885 2 2 0 0 5695 10890 5697
20886 2 2 0 0 10890 1524 5697
20887 2 2 0 0 2792 10891 5697
20888 2 2 0 0 10891 1523 5697
20889 2 2 0 0 1523 10891 5702
20890 2 2 0 0 10891 2792 5702
20891 2 2 0 0 2792 10892 5702
20892 2 2 0 0 10892 1576 5702
20893 2 2 0 0 1576 10892 5703
20894 2 2 0 0 10892 2792 5703
20895 2 2 0 0 1576 10893 5702
20896 2 2 0 0 10893 5701 5702
20897 2 2 0 0 5701 10893 5912
20898 2 2 0 0 10893 1576 5912
20899 2 2 0 0 2793 10894 5703
20900 2 2 0 0 10894 1576 5703
20901 2 2 0 0 1576 10894 5705
20902 2 2 0 0 10894 2793 5705
20903 2 2 0 0 865 10895 5704
20904 2 2 0 0 10895 2793 5704
20905 2 2 0 0 2793 10895 5705
20906 2 2 0 0 10895 865 5705
20907 2 2 0 0 2794 10896 5704
20908 2 2 0 0 10896 865 5704
20909 2 2 0 0 865 10896 5706
20910 2 2 0 0 10896 2794 5706
20911 2 2 0 0 2879 10897 5705
20912 2 2 0 0 10897 1576 5705
20913 2 2 0 0 1576 10897 5912
20914 2 2 0 0 10897 2879 5912
20915 2 2 0 0 865 10898 5705
20916 2 2 0 0 10898 2879 5705
20917 2 2 0 0 2879 10898 5906
20918 2 2 0 0 10898 865 5906
20919 2 2 0 0 2876 10899 5706
20920 2 2 0 0 10899 865 5706
20921 2 2 0 0 865 10899 5906
20922 2 2 0 0 10899 2876 5906
20923 2 2 0 0 1574 10900 5706
20924 2 2 0 0 10900 2876 5706
20925 2 2 0 0 2876 10900 5904
20926 2 2 0 0 10900 1574 5904
20927 2 2 0 0 2795 10901 5707
20928 2 2 0 0 10901 111 5707
20929 2 2 0 0 111 10901 5708
20930 2 2 0 0 10901 2795 5708
20931 2 2 0 0 111 10902 5707
20932 2 2 0 0 10902 2796 5707
20933 2 2 0 0 2796 10902 5711
20934 2 2 0 0 10902 111 5711
20935 2 2 0 0 2795 10903 5708
20936 2 2 0 0 10903 1528 5708
20937 2 2 0 0 1528 10903 5709
20938 2 2 0 0 10903 2795 5709
20939 2 2 0 0 2798 10904 5708
20940 2 2 0 0 10904 1528 5708
20941 2 2 0 0 1528 10904 5716
20942 2 2 0 0 10904 2798 5716
20943 2 2 0 0 111 10905 5708
20944 2 2 0 0 10905 2798 5708
20945 2 2 0 0 2798 10905 5725
20946 2 2 0 0 10905 111 5725
20947 2 2 0 0 2797 10906 5709
20948 2 2 0 0 10906 1528 5709
20949 2 2 0 0 1528 10906 5714
20950 2 2 0 0 10906 2797 5714
20951 2 2 0 0 2796 10907 5710
20952 2 2 0 0 10907 1531 5710
20953 2 2 0 0 1531 10907 5711
20954 2 2 0 0 10907 2796 5711
20955 2 2 0 0 1531 10908 5710
20956 2 2 0 0 10908 2799 5710
20957 2 2 0 0 2799 10908 5727
20958 2 2 0 0 10908 1531 5727
20959 2 2 0 0 2801 10909 5711
20960 2 2 0 0 10909 111 5711
20961 2 2 0 0 111 10909 5725
20962 2 2 0 0 10909 2801 5725
20963 2 2 0 0 1531 10910 5711
20964 2 2 0 0 10910 2801 5711
20965 2 2 0 0 2801 10910 5730
20966 2 2 0 0 10910 1531 5730
20967 2 2 0 0 2797 10911 5714
20968 2 2 0 0 10911 530 5714
20969 2 2 0 0 530 10911 5715
20970 2 2 0 0 10911 2797 5715
20971 2 2 0 0 1528 10912 5714
20972 2 2 0 0 10912 5713 5714
20973 2 2 0 0 5713 10912 5716
20974 2 2 0 0 10912 1528 5716
20975 2 2 0 0 2798 10913 5716
20976 2 2 0 0 10913 1527 5716
20977 2 2 0 0 1527 10913 5724
20978 2 2 0 0 10913 2798 5724
20979 2 2 0 0 2798 10914 5724
20980 2 2 0 0 10914 1537 5724
20981 2 2 0 0 1537 10914 5725
20982 2 2 0 0 10914 2798 5725
20983 2 2 0 0 1537 10915 5724
20984 2 2 0 0 10915 5723 5724
20985 2 2 0 0 5723 10915 5755
20986 2 2 0 0 10915 1537 5755
20987 2 2 0 0 2801 10916 5725
20988 2 2 0 0 10916 1537 5725
20989 2 2 0 0 1537 10916 5731
20990 2 2 0 0 10916 2801 5731
20991 2 2 0 0 2799 10917 5726
20992 2 2 0 0 10917 533 5726
20993 2 2 0 0 533 10917 5727
20994 2 2 0 0 10917 2799 5727
20995 2 2 0 0 533 10918 5726
20996 2 2 0 0 10918 2800 5726
20997 2 2 0 0 2800 10918 5729
20998 2 2 0 0 10918 533 5729
20999 2 2 0 0 2802 10919 5727
21000 2 2 0 0 10919 1531 5727
21001 2 2 0 0 1531 10919 5730
21002 2 2 0 0 10919 2802 5730
21003 2 2 0 0 533 10920 5727
21004 2 2 0 0 10920 2802 5727
21005 2 2 0 0 2802 10920 5733
21006 2 2 0 0 10920 533 5733
21007 2 2 0 0 2800 10921 5728
21008 2 2 0 0 10921 1533 5728
21009 2 2 0 0 1533 10921 5729
21010 2 2 0 0 10921 2800 5729
21011 2 2 0 0 1533 10922 5728
21012 2 2 0 0 10922 2803 5728
21013 2 2 0 0 2803 10922 5735
21014 2 2 0 0 10922 1533 5735
21015 2 2 0 0 2805 10923 5729
21016 2 2 0 0 10923 533 5729
21017 2 2 0 0 533 10923 5733
21018 2 2 0 0 10923 2805 5733
21019 2 2 0 0 1533 10924 5729
21020 2 2 0 0 10924 2805 5729
21021 2 2 0 0 2805 10924 5738
21022 2 2 0 0 10924 1533 5738
21023 2 2 0 0 848 10925 5730
21024 2 2 0 0 10925 2801 5730
21025 2 2 0 0 2801 10925 5731
21026 2 2 0 0 10925 848 5731
21027 2 2 0 0 2802 10926 5730
21028 2 2 0 0 10926 848 5730
21029 2 2 0 0 848 10926 5732
21030 2 2 0 0 10926 2802 5732
21031 2 2 0 0 2813 10927 5731
21032 2 2 0 0 10927 1537 5731
21033 2 2 0 0 1537 10927 5755
21034 2 2 0 0 10927 2813 5755
21035 2 2 0 0 848 10928 5731
21036 2 2 0 0 10928 2813 5731
21037 2 2 0 0 2813 10928 5751
21038 2 2 0 0 10928 848 5751
21039 2 2 0 0 2802 10929 5732
21040 2 2 0 0 10929 1536 5732
21041 2 2 0 0 1536 10929 5733
21042 2 2 0 0 10929 2802 5733
21043 2 2 0 0 2811 10930 5732
21044 2 2 0 0 10930 848 5732
21045 2 2 0 0 848 10930 5751
21046 2 2 0 0 10930 2811 5751
21047 2 2 0 0 1536 10931 5732
21048 2 2 0 0 10931 2811 5732
21049 2 2 0 0 2811 10931 5750
21050 2 2 0 0 10931 1536 5750
21051 2 2 0 0 2805 10932 5733
21052 2 2 0 0 10932 1536 5733
21053 2 2 0 0 1536 10932 5739
21054 2 2 0 0 10932 2805 5739
21055 2 2 0 0 2803 10933 5734
21056 2 2 0 0 10933 178 5734
21057 2 2 0 0 178 10933 5735
21058 2 2 0 0 10933 2803 5735
21059 2 2 0 0 178 10934 5734
21060 2 2 0 0 10934 2804 5734
21061 2 2 0 0 2804 10934 5737
21062 2 2 0 0 10934 178 5737
21063 2 2 0 0 2806 10935 5735
21064 2 2 0 0 10935 1533 5735
21065 2 2 0 0 1533 10935 5738
21066 2 2 0 0 10935 2806 5738
21067 2 2 0 0 178 10936 5735
21068 2 2 0 0 10936 2806 5735
21069 2 2 0 0 2806 10936 5741
21070 2 2 0 0 10936 178 5741
21071 2 2 0 0 2804 10937 5736
21072 2 2 0 0 10937 1535 5736
21073 2 2 0 0 1535 10937 5737
21074 2 2 0 0 10937 2804 5737
21075 2 2 0 0 1535 10938 5736
21076 2 2 0 0 10938 2807 5736
21077 2 2 0 0 2807 10938 5743
21078 2 2 0 0 10938 1535 5743
21079 2 2 0 0 2809 10939 5737
21080 2 2 0 0 10939 178 5737
21081 2 2 0 0 178 10939 5741
21082 2 2 0 0 10939 2809 5741
21083 2 2 0 0 1535 10940 5737
21084 2 2 0 0 10940 2809 5737
21085 2 2 0 0 2809 10940 5746
21086 2 2 0 0 10940 1535 5746
21087 2 2 0 0 849 10941 5738
21088 2 2 0 0 10941 2805 5738
21089 2 2 0 0 2805 10941 5739
21090 2 2 0 0 10941 849 5739
21091 2 2 0 0 2806 10942 5738
21092 2 2 0 0 10942 849 5738
21093 2 2 0 0 849 10942 5740
21094 2 2 0 0 10942 2806 5740
21095 2 2 0 0 2812 10943 5739
21096 2 2 0 0 10943 1536 5739
21097 2 2 0 0 1536 10943 5750
21098 2 2 0 0 10943 2812 5750
21099 2 2 0 0 849 10944 5739
21100 2 2 0 0 10944 2812 5739
21101 2 2 0 0 2812 10944 5754
21102 2 2 0 0 10944 849 5754
21103 2 2 0 0 2806 10945 5740
21104 2 2 0 0 10945 1541 5740
21105 2 2 0 0 1541 10945 5741
21106 2 2 0 0 10945 2806 5741
21107 2 2 0 0 2815 10946 5740
21108 2 2 0 0 10946 849 5740
21109 2 2 0 0 849 10946 5754
21110 2 2 0 0 10946 2815 5754
21111 2 2 0 0 1541 10947 5740
21112 2 2 0 0 10947 2815 5740
21113 2 2 0 0 2815 10947 5767
21114 2 2 0 0 10947 1541 5767
21115 2 2 0 0 2809 10948 5741
21116 2 2 0 0 10948 1541 5741
21117 2 2 0 0 1541 10948 5747
21118 2 2 0 0 10948 2809 5747
21119 2 2 0 0 2807 10949 5742
21120 2 2 0 0 10949 535 5742
21121 2 2 0 0 535 10949 5743
21122 2 2 0 0 10949 2807 5743
21123 2 2 0 0 535 10950 5742
21124 2 2 0 0 10950 2808 5742
21125 2 2 0 0 2808 10950 5745
21126 2 2 0 0 10950 535 5745
21127 2 2 0 0 2810 10951 5743
21128 2 2 0 0 10951 1535 5743
21129 2 2 0 0 1535 10951 5746
21130 2 2 0 0 10951 2810 5746
21131 2 2 0 0 535 10952 5743
21132 2 2 0 0 10952 2810 5743
21133 2 2 0 0 2810 10952 5749
21134 2 2 0 0 10952 535 5749
21135 2 2 0 0 2808 10953 5744
21136 2 2 0 0 10953 1543 5744
21137 2 2 0 0 1543 10953 5745
21138 2 2 0 0 10953 2808 5745
21139 2 2 0 0 1543 10954 5744
21140 2 2 0 0 10954 2819 5744
21141 2 2 0 0 2819 10954 5775
21142 2 2 0 0 10954 1543 5775
21143 2 2 0 0 2821 10955 5745
21144 2 2 0 0 10955 535 5745
21145 2 2 0 0 535 10955 5749
21146 2 2 0 0 10955 2821 5749
21147 2 2 0 0 1543 10956 5745
21148 2 2 0 0 10956 2821 5745
21149 2 2 0 0 2821 10956 5778
21150 2 2 0 0 10956 1543 5778
21151 2 2 0 0 852 10957 5746
21152 2 2 0 0 10957 2809 5746
21153 2 2 0 0 2809 10957 5747
21154 2 2 0 0 10957 852 5747
21155 2 2 0 0 2810 10958 5746
21156 2 2 0 0 10958 852 5746
21157 2 2 0 0 852 10958 5748
21158 2 2 0 0 10958 2810 5748
21159 2 2 0 0 2818 10959 5747
21160 2 2 0 0 10959 1541 5747
21161 2 2 0 0 1541 10959 5767
21162 2 2 0 0 10959 2818 5767
21163 2 2 0 0 852 10960 5747
21164 2 2 0 0 10960 2818 5747
21165 2 2 0 0 2818 10960 5773
21166 2 2 0 0 10960 852 5773
21167 2 2 0 0 2810 10961 5748
21168 2 2 0 0 10961 1546 5748
21169 2 2 0 0 1546 10961 5749
21170 2 2 0 0 10961 2810 5749
21171 2 2 0 0 2827 10962 5748
21172 2 2 0 0 10962 852 5748
21173 2 2 0 0 852 10962 5773
21174 2 2 0 0 10962 2827 5773
21175 2 2 0 0 1546 10963 5748
21176 2 2 0 0 10963 2827 5748
21177 2 2 0 0 2827 10963 5790
21178 2 2 0 0 10963 1546 5790
21179 2 2 0 0 2821 10964 5749
21180 2 2 0 0 10964 1546 5749
21181 2 2 0 0 1546 10964 5779
21182 2 2 0 0 10964 2821 5779
21183 2 2 0 0 317 10965 5750
21184 2 2 0 0 10965 2811 5750
21185 2 2 0 0 2811 10965 5752
21186 2 2 0 0 10965 317 5752
21187 2 2 0 0 2812 10966 5750
21188 2 2 0 0 10966 317 5750
21189 2 2 0 0 317 10966 5753
21190 2 2 0 0 10966 2812 5753
21191 2 2 0 0 2811 10967 5751
21192 2 2 0 0 10967 1539 5751
21193 2 2 0 0 1539 10967 5752
21194 2 2 0 0 10967 2811 5752
21195 2 2 0 0 1539 10968 5751
21196 2 2 0 0 10968 2813 5751
21197 2 2 0 0 2813 10968 5758
21198 2 2 0 0 10968 1539 5758
21199 2 2 0 0 2814 10969 5752
21200 2 2 0 0 10969 1539 5752
21201 2 2 0 0 1539 10969 5759
21202 2 2 0 0 10969 2814 5759
21203 2 2 0 0 317 10970 5752
21204 2 2 0 0 10970 2814 5752
21205 2 2 0 0 2814 10970 5765
21206 2 2 0 0 10970 317 5765
21207 2 2 0 0 2812 10971 5753
21208 2 2 0 0 10971 1540 5753
21209 2 2 0 0 1540 10971 5754
21210 2 2 0 0 10971 2812 5754
21211 2 2 0 0 2816 10972 5753
21212 2 2 0 0 10972 317 5753
21213 2 2 0 0 317 10972 5765
21214 2 2 0 0 10972 2816 5765
21215 2 2 0 0 1540 10973 5753
21216 2 2 0 0 10973 2816 5753
21217 2 2 0 0 2816 10973 5768
21218 2 2 0 0 10973 1540 5768
21219 2 2 0 0 2815 10974 5754
21220 2 2 0 0 10974 1540 5754
21221 2 2 0 0 1540 10974 5766
21222 2 2 0 0 10974 2815 5766
21223 2 2 0 0 2813 10975 5755
21224 2 2 0 0 10975 539 5755
21225 2 2 0 0 539 10975 5758
21226 2 2 0 0 10975 2813 5758
21227 2 2 0 0 1539 10976 5758
21228 2 2 0 0 10976 5757 5758
21229 2 2 0 0 5757 10976 5759
21230 2 2 0 0 10976 1539 5759
21231 2 2 0 0 2814 10977 5759
21232 2 2 0 0 10977 1538 5759
21233 2 2 0 0 1538 10977 5764
21234 2 2 0 0 10977 2814 5764
21235 2 2 0 0 2814 10978 5764
21236 2 2 0 0 10978 1559 5764
21237 2 2 0 0 1559 10978 5765
21238 2 2 0 0 10978 2814 5765
21239 2 2 0 0 1559 10979 5764
21240 2 2 0 0 10979 5763 5764
21241 2 2 0 0 5763 10979 5843
21242 2 2 0 0 10979 1559 5843
21243 2 2 0 0 2816 10980 5765
21244 2 2 0 0 10980 1559 5765
21245 2 2 0 0 1559 10980 5769
21246 2 2 0 0 10980 2816 5769
21247 2 2 0 0 2815 10981 5766
21248 2 2 0 0 10981 538 5766
21249 2 2 0 0 538 10981 5767
21250 2 2 0 0 10981 2815 5767
21251 2 2 0 0 2817 10982 5766
21252 2 2 0 0 10982 1540 5766
21253 2 2 0 0 1540 10982 5768
21254 2 2 0 0 10982 2817 5768
21255 2 2 0 0 538 10983 5766
21256 2 2 0 0 10983 2817 5766
21257 2 2 0 0 2817 10983 5771
21258 2 2 0 0 10983 538 5771
21259 2 2 0 0 2818 10984 5767
21260 2 2 0 0 10984 538 5767
21261 2 2 0 0 538 10984 5772
21262 2 2 0 0 10984 2818 5772
21263 2 2 0 0 858 10985 5768
21264 2 2 0 0 10985 2816 5768
21265 2 2 0 0 2816 10985 5769
21266 2 2 0 0 10985 858 5769
21267 2 2 0 0 2817 10986 5768
21268 2 2 0 0 10986 858 5768
21269 2 2 0 0 858 10986 5770
21270 2 2 0 0 10986 2817 5770
21271 2 2 0 0 2853 10987 5769
21272 2 2 0 0 10987 1559 5769
21273 2 2 0 0 1559 10987 5843
21274 2 2 0 0 10987 2853 5843
21275 2 2 0 0 858 10988 5769
21276 2 2 0 0 10988 2853 5769
21277 2 2 0 0 2853 10988 5839
21278 2 2 0 0 10988 858 5839
21279 2 2 0 0 2817 10989 5770
21280 2 2 0 0 10989 1558 5770
21281 2 2 0 0 1558 10989 5771
21282 2 2 0 0 10989 2817 5771
21283 2 2 0 0 2851 10990 5770
21284 2 2 0 0 10990 858 5770
21285 2 2 0 0 858 10990 5839
21286 2 2 0 0 10990 2851 5839
21287 2 2 0 0 1558 10991 5770
21288 2 2 0 0 10991 2851 5770
21289 2 2 0 0 2851 10991 5838
21290 2 2 0 0 10991 1558 5838
21291 2 2 0 0 2829 10992 5771
21292 2 2 0 0 10992 1558 5771
21293 2 2 0 0 1558 10992 5795
21294 2 2 0 0 10992 2829 5795
21295 2 2 0 0 538 10993 5771
21296 2 2 0 0 10993 2829 5771
21297 2 2 0 0 2829 10993 5772
21298 2 2 0 0 10993 538 5772
21299 2 2 0 0 2818 10994 5772
21300 2 2 0 0 10994 1547 5772
21301 2 2 0 0 1547 10994 5773
21302 2 2 0 0 10994 2818 5773
21303 2 2 0 0 1547 10995 5772
21304 2 2 0 0 10995 2829 5772
21305 2 2 0 0 2829 10995 5794
21306 2 2 0 0 10995 1547 5794
21307 2 2 0 0 2827 10996 5773
21308 2 2 0 0 10996 1547 5773
21309 2 2 0 0 1547 10996 5791
21310 2 2 0 0 10996 2827 5791
21311 2 2 0 0 2819 10997 5774
21312 2 2 0 0 10997 85 5774
21313 2 2 0 0 85 10997 5775
21314 2 2 0 0 10997 2819 5775
21315 2 2 0 0 85 10998 5774
21316 2 2 0 0 10998 2820 5774
21317 2 2 0 0 2820 10998 5777
21318 2 2 0 0 10998 85 5777
21319 2 2 0 0 2822 10999 5775
21320 2 2 0 0 10999 1543 5775
21321 2 2 0 0 1543 10999 5778
21322 2 2 0 0 10999 2822 5778
21323 2 2 0 0 85 11000 5775
21324 2 2 0 0 11000 2822 5775
21325 2 2 0 0 2822 11000 5781
21326 2 2 0 0 11000 85 5781
21327 2 2 0 0 2820 11001 5776
21328 2 2 0 0 11001 1545 5776
21329 2 2 0 0 1545 11001 5777
21330 2 2 0 0 11001 2820 5777
21331 2 2 0 0 1545 11002 5776
21332 2 2 0 0 11002 2823 5776
21333 2 2 0 0 2823 11002 5783
21334 2 2 0 0 11002 1545 5783
21335 2 2 0 0 2825 11003 5777
21336 2 2 0 0 11003 85 5777
21337 2 2 0 0 85 11003 5781
21338 2 2 0 0 11003 2825 5781
21339 2 2 0 0 1545 11004 5777
21340 2 2 0 0 11004 2825 5777
21341 2 2 0 0 2825 11004 5786
21342 2 2 0 0 11004 1545 5786
21343 2 2 0 0 853 11005 5778
21344 2 2 0 0 11005 2821 5778
21345 2 2 0 0 2821 11005 5779
21346 2 2 0 0 11005 853 5779
21347 2 2 0 0 2822 11006 5778
21348 2 2 0 0 11006 853 5778
21349 2 2 0 0 853 11006 5780
21350 2 2 0 0 11006 2822 5780
21351 2 2 0 0 2828 11007 5779
21352 2 2 0 0 11007 1546 5779
21353 2 2 0 0 1546 11007 5790
21354 2 2 0 0 11007 2828 5790
21355 2 2 0 0 853 11008 5779
21356 2 2 0 0 11008 2828 5779
21357 2 2 0 0 2828 11008 5793
21358 2 2 0 0 11008 853 5793
21359 2 2 0 0 2822 11009 5780
21360 2 2 0 0 11009 1549 5780
21361 2 2 0 0 1549 11009 5781
21362 2 2 0 0 11009 2822 5781
21363 2 2 0 0 2831 11010 5780
21364 2 2 0 0 11010 853 5780
21365 2 2 0 0 853 11010 5793
21366 2 2 0 0 11010 2831 5793
21367 2 2 0 0 1549 11011 5780
21368 2 2 0 0 11011 2831 5780
21369 2 2 0 0 2831 11011 5799
21370 2 2 0 0 11011 1549 5799
21371 2 2 0 0 2825 11012 5781
21372 2 2 0 0 11012 1549 5781
21373 2 2 0 0 1549 11012 5787
21374 2 2 0 0 11012 2825 5787
21375 2 2 0 0 2823 11013 5782
21376 2 2 0 0 11013 537 5782
21377 2 2 0 0 537 11013 5783
21378 2 2 0 0 11013 2823 5783
21379 2 2 0 0 537 11014 5782
21380 2 2 0 0 11014 2824 5782
21381 2 2 0 0 2824 11014 5785
21382 2 2 0 0 11014 537 5785
21383 2 2 0 0 2826 11015 5783
21384 2 2 0 0 11015 1545 5783
21385 2 2 0 0 1545 11015 5786
21386 2 2 0 0 11015 2826 5786
21387 2 2 0 0 537 11016 5783
21388 2 2 0 0 11016 2826 5783
21389 2 2 0 0 2826 11016 5789
21390 2 2 0 0 11016 537 5789
21391 2 2 0 0 2824 11017 5784
21392 2 2 0 0 11017 1551 5784
21393 2 2 0 0 1551 11017 5785
21394 2 2 0 0 11017 2824 5785
21395 2 2 0 0 1551 11018 5784
21396 2 2 0 0 11018 2835 5784
21397 2 2 0 0 2835 11018 5807
21398 2 2 0 0 11018 1551 5807
21399 2 2 0 0 2837 11019 5785
21400 2 2 0 0 11019 537 5785
21401 2 2 0 0 537 11019 5789
21402 2 2 0 0 11019 2837 5789
21403 2 2 0 0 1551 11020 5785
21404 2 2 0 0 11020 2837 5785
21405 2 2 0 0 2837 11020 5810
21406 2 2 0 0 11020 1551 5810
21407 2 2 0 0 856 11021 5786
21408 2 2 0 0 11021 2825 5786
21409 2 2 0 0 2825 11021 5787
21410 2 2 0 0 11021 856 5787
21411 2 2 0 0 2826 11022 5786
21412 2 2 0 0 11022 856 5786
21413 2 2 0 0 856 11022 5788
21414 2 2 0 0 11022 2826 5788
21415 2 2 0 0 2834 11023 5787
21416 2 2 0 0 11023 1549 5787
21417 2 2 0 0 1549 11023 5799
21418 2 2 0 0 11023 2834 5799
21419 2 2 0 0 856 11024 5787
21420 2 2 0 0 11024 2834 5787
21421 2 2 0 0 2834 11024 5805
21422 2 2 0 0 11024 856 5805
21423 2 2 0 0 2826 11025 5788
21424 2 2 0 0 11025 1554 5788
21425 2 2 0 0 1554 11025 5789
21426 2 2 0 0 11025 2826 5789
21427 2 2 0 0 2843 11026 5788
21428 2 2 0 0 11026 856 5788
21429 2 2 0 0 856 11026 5805
21430 2 2 0 0 11026 2843 5805
21431 2 2 0 0 1554 11027 5788
21432 2 2 0 0 11027 2843 5788
21433 2 2 0 0 2843 11027 5822
21434 2 2 0 0 11027 1554 5822
21435 2 2 0 0 2837 11028 5789
21436 2 2 0 0 11028 1554 5789
21437 2 2 0 0 1554 11028 5811
21438 2 2 0 0 11028 2837 5811
21439 2 2 0 0 318 11029 5790
21440 2 2 0 0 11029 2827 5790
21441 2 2 0 0 2827 11029 5791
21442 2 2 0 0 11029 318 5791
21443 2 2 0 0 2828 11030 5790
21444 2 2 0 0 11030 318 5790
21445 2 2 0 0 318 11030 5792
21446 2 2 0 0 11030 2828 5792
21447 2 2 0 0 2830 11031 5791
21448 2 2 0 0 11031 1547 5791
21449 2 2 0 0 1547 11031 5794
21450 2 2 0 0 11031 2830 5794
21451 2 2 0 0 318 11032 5791
21452 2 2 0 0 11032 2830 5791
21453 2 2 0 0 2830 11032 5797
21454 2 2 0 0 11032 318 5797
21455 2 2 0 0 2828 11033 5792
21456 2 2 0 0 11033 1548 5792
21457 2 2 0 0 1548 11033 5793
21458 2 2 0 0 11033 2828 5793
21459 2 2 0 0 2832 11034 5792
21460 2 2 0 0 11034 318 5792
21461 2 2 0 0 318 11034 5797
21462 2 2 0 0 11034 2832 5797
21463 2 2 0 0 1548 11035 5792
21464 2 2 0 0 11035 2832 5792
21465 2 2 0 0 2832 11035 5800
21466 2 2 0 0 11035 1548 5800
21467 2 2 0 0 2831 11036 5793
21468 2 2 0 0 11036 1548 5793
21469 2 2 0 0 1548 11036 5798
21470 2 2 0 0 11036 2831 5798
21471 2 2 0 0 859 11037 5794
21472 2 2 0 0 11037 2829 5794
21473 2 2 0 0 2829 11037 5795
21474 2 2 0 0 11037 859 5795
21475 2 2 0 0 2830 11038 5794
21476 2 2 0 0 11038 859 5794
21477 2 2 0 0 859 11038 5796
21478 2 2 0 0 11038 2830 5796
21479 2 2 0 0 2852 11039 5795
21480 2 2 0 0 11039 1558 5795
21481 2 2 0 0 1558 11039 5838
21482 2 2 0 0 11039 2852 5838
21483 2 2 0 0 859 11040 5795
21484 2 2 0 0 11040 2852 5795
21485 2 2 0 0 2852 11040 5842
21486 2 2 0 0 11040 859 5842
21487 2 2 0 0 2830 11041 5796
21488 2 2 0 0 11041 1563 5796
21489 2 2 0 0 1563 11041 5797
21490 2 2 0 0 11041 2830 5797
21491 2 2 0 0 2855 11042 5796
21492 2 2 0 0 11042 859 5796
21493 2 2 0 0 859 11042 5842
21494 2 2 0 0 11042 2855 5842
21495 2 2 0 0 1563 11043 5796
21496 2 2 0 0 11043 2855 5796
21497 2 2 0 0 2855 11043 5857
21498 2 2 0 0 11043 1563 5857
21499 2 2 0 0 2832 11044 5797
21500 2 2 0 0 11044 1563 5797
21501 2 2 0 0 1563 11044 5801
21502 2 2 0 0 11044 2832 5801
21503 2 2 0 0 2831 11045 5798
21504 2 2 0 0 11045 543 5798
21505 2 2 0 0 543 11045 5799
21506 2 2 0 0 11045 2831 5799
21507 2 2 0 0 2833 11046 5798
21508 2 2 0 0 11046 1548 5798
21509 2 2 0 0 1548 11046 5800
21510 2 2 0 0 11046 2833 5800
21511 2 2 0 0 543 11047 5798
21512 2 2 0 0 11047 2833 5798
21513 2 2 0 0 2833 11047 5803
21514 2 2 0 0 11047 543 5803
21515 2 2 0 0 2834 11048 5799
21516 2 2 0 0 11048 543 5799
21517 2 2 0 0 543 11048 5804
21518 2 2 0 0 11048 2834 5804
21519 2 2 0 0 860 11049 5800
21520 2 2 0 0 11049 2832 5800
21521 2 2 0 0 2832 11049 5801
21522 2 2 0 0 11049 860 5801
21523 2 2 0 0 2833 11050 5800
21524 2 2 0 0 11050 860 5800
21525 2 2 0 0 860 11050 5802
21526 2 2 0 0 11050 2833 5802
21527 2 2 0 0 2858 11051 5801
21528 2 2 0 0 11051 1563 5801
21529 2 2 0 0 1563 11051 5857
21530 2 2 0 0 11051 2858 5857
21531 2 2 0 0 860 11052 5801
21532 2 2 0 0 11052 2858 5801
21533 2 2 0 0 2858 11052 5863
21534 2 2 0 0 11052 860 5863
21535 2 2 0 0 2833 11053 5802
21536 2 2 0 0 11053 1565 5802
21537 2 2 0 0 1565 11053 5803
21538 2 2 0 0 11053 2833 5803
21539 2 2 0 0 2859 11054 5802
21540 2 2 0 0 11054 860 5802
21541 2 2 0 0 860 11054 5863
21542 2 2 0 0 11054 2859 5863
21543 2 2 0 0 1565 11055 5802
21544 2 2 0 0 11055 2859 5802
21545 2 2 0 0 2859 11055 5865
21546 2 2 0 0 11055 1565 5865
21547 2 2 0 0 2845 11056 5803
21548 2 2 0 0 11056 1565 5803
21549 2 2 0 0 1565 11056 5827
21550 2 2 0 0 11056 2845 5827
21551 2 2 0 0 543 11057 5803
21552 2 2 0 0 11057 2845 5803
21553 2 2 0 0 2845 11057 5804
21554 2 2 0 0 11057 543 5804
21555 2 2 0 0 2834 11058 5804
21556 2 2 0 0 11058 1555 5804
21557 2 2 0 0 1555 11058 5805
21558 2 2 0 0 11058 2834 5805
21559 2 2 0 0 1555 11059 5804
21560 2 2 0 0 11059 2845 5804
21561 2 2 0 0 2845 11059 5826
21562 2 2 0 0 11059 1555 5826
21563 2 2 0 0 2843 11060 5805
21564 2 2 0 0 11060 1555 5805
21565 2 2 0 0 1555 11060 5823
21566 2 2 0 0 11060 2843 5823
21567 2 2 0 0 2835 11061 5806
21568 2 2 0 0 11061 180 5806
21569 2 2 0 0 180 11061 5807
21570 2 2 0 0 11061 2835 5807
21571 2 2 0 0 180 11062 5806
21572 2 2 0 0 11062 2836 5806
21573 2 2 0 0 2836 11062 5809
21574 2 2 0 0 11062 180 5809
21575 2 2 0 0 2838 11063 5807
21576 2 2 0 0 11063 1551 5807
21577 2 2 0 0 1551 11063 5810
21578 2 2 0 0 11063 2838 5810
21579 2 2 0 0 180 11064 5807
21580 2 2 0 0 11064 2838 5807
21581 2 2 0 0 2838 11064 5813
21582 2 2 0 0 11064 180 5813
21583 2 2 0 0 2836 11065 5808
21584 2 2 0 0 11065 1553 5808
21585 2 2 0 0 1553 11065 5809
21586 2 2 0 0 11065 2836 5809
21587 2 2 0 0 1553 11066 5808
21588 2 2 0 0 11066 2839 5808
21589 2 2 0 0 2839 11066 5815
21590 2 2 0 0 11066 1553 5815
21591 2 2 0 0 2841 11067 5809
21592 2 2 0 0 11067 180 5809
21593 2 2 0 0 180 11067 5813
21594 2 2 0 0 11067 2841 5813
21595 2 2 0 0 1553 11068 5809
21596 2 2 0 0 11068 2841 5809
21597 2 2 0 0 2841 11068 5818
21598 2 2 0 0 11068 1553 5818
21599 2 2 0 0 857 11069 5810
21600 2 2 0 0 11069 2837 5810
21601 2 2 0 0 2837 11069 5811
21602 2 2 0 0 11069 857 5811
21603 2 2 0 0 2838 11070 5810
21604 2 2 0 0 11070 857 5810
21605 2 2 0 0 857 11070 5812
21606 2 2 0 0 11070 2838 5812
21607 2 2 0 0 2844 11071 5811
21608 2 2 0 0 11071 1554 5811
21609 2 2 0 0 1554 11071 5822
21610 2 2 0 0 11071 2844 5822
21611 2 2 0 0 857 11072 5811
21612 2 2 0 0 11072 2844 5811
21613 2 2 0 0 2844 11072 5825
21614 2 2 0 0 11072 857 5825
21615 2 2 0 0 2838 11073 5812
21616 2 2 0 0 11073 1557 5812
21617 2 2 0 0 1557 11073 5813
21618 2 2 0 0 11073 2838 5813
21619 2 2 0 0 2847 11074 5812
21620 2 2 0 0 11074 857 5812
21621 2 2 0 0 857 11074 5825
21622 2 2 0 0 11074 2847 5825
21623 2 2 0 0 1557 11075 5812
21624 2 2 0 0 11075 2847 5812
21625 2 2 0 0 2847 11075 5831
21626 2 2 0 0 11075 1557 5831
21627 2 2 0 0 2841 11076 5813
21628 2 2 0 0 11076 1557 5813
21629 2 2 0 0 1557 11076 5819
21630 2 2 0 0 11076 2841 5819
21631 2 2 0 0 2839 11077 5814
21632 2 2 0 0 11077 545 5814
21633 2 2 0 0 545 11077 5815
21634 2 2 0 0 11077 2839 5815
21635 2 2 0 0 545 11078 5814
21636 2 2 0 0 11078 2840 5814
21637 2 2 0 0 2840 11078 5817
21638 2 2 0 0 11078 545 5817
21639 2 2 0 0 2842 11079 5815
21640 2 2 0 0 11079 1553 5815
21641 2 2 0 0 1553 11079 5818
21642 2 2 0 0 11079 2842 5818
21643 2 2 0 0 545 11080 5815
21644 2 2 0 0 11080 2842 5815
21645 2 2 0 0 2842 11080 5821
21646 2 2 0 0 11080 545 5821
21647 2 2 0 0 2840 11081 5816
21648 2 2 0 0 11081 1575 5816
21649 2 2 0 0 1575 11081 5817
21650 2 2 0 0 11081 2840 5817
21651 2 2 0 0 1575 11082 5816
21652 2 2 0 0 11082 2875 5816
21653 2 2 0 0 2875 11082 5905
21654 2 2 0 0 11082 1575 5905
21655 2 2 0 0 2877 11083 5817
21656 2 2 0 0 11083 545 5817
21657 2 2 0 0 545 11083 5821
21658 2 2 0 0 11083 2877 5821
21659 2 2 0 0 1575 11084 5817
21660 2 2 0 0 11084 2877 5817
21661 2 2 0 0 2877 11084 5908
21662 2 2 0 0 11084 1575 5908
21663 2 2 0 0 866 11085 5818
21664 2 2 0 0 11085 2841 5818
21665 2 2 0 0 2841 11085 5819
21666 2 2 0 0 11085 866 5819
21667 2 2 0 0 2842 11086 5818
21668 2 2 0 0 11086 866 5818
21669 2 2 0 0 866 11086 5820
21670 2 2 0 0 11086 2842 5820
21671 2 2 0 0 2850 11087 5819
21672 2 2 0 0 11087 1557 5819
21673 2 2 0 0 1557 11087 5831
21674 2 2 0 0 11087 2850 5831
21675 2 2 0 0 866 11088 5819
21676 2 2 0 0 11088 2850 5819
21677 2 2 0 0 2850 11088 5837
21678 2 2 0 0 11088 866 5837
21679 2 2 0 0 2842 11089 5820
21680 2 2 0 0 11089 1579 5820
21681 2 2 0 0 1579 11089 5821
21682 2 2 0 0 11089 2842 5821
21683 2 2 0 0 2881 11090 5820
21684 2 2 0 0 11090 866 5820
21685 2 2 0 0 866 11090 5837
21686 2 2 0 0 11090 2881 5837
21687 2 2 0 0 1579 11091 5820
21688 2 2 0 0 11091 2881 5820
21689 2 2 0 0 2881 11091 5925
21690 2 2 0 0 11091 1579 5925
21691 2 2 0 0 2877 11092 5821
21692 2 2 0 0 11092 1579 5821
21693 2 2 0 0 1579 11092 5909
21694 2 2 0 0 11092 2877 5909
21695 2 2 0 0 324 11093 5822
21696 2 2 0 0 11093 2843 5822
21697 2 2 0 0 2843 11093 5823
21698 2 2 0 0 11093 324 5823
21699 2 2 0 0 2844 11094 5822
21700 2 2 0 0 11094 324 5822
21701 2 2 0 0 324 11094 5824
21702 2 2 0 0 11094 2844 5824
21703 2 2 0 0 2846 11095 5823
21704 2 2 0 0 11095 1555 5823
21705 2 2 0 0 1555 11095 5826
21706 2 2 0 0 11095 2846 5826
21707 2 2 0 0 324 11096 5823
21708 2 2 0 0 11096 2846 5823
21709 2 2 0 0 2846 11096 5829
21710 2 2 0 0 11096 324 5829
21711 2 2 0 0 2844 11097 5824
21712 2 2 0 0 11097 1556 5824
21713 2 2 0 0 1556 11097 5825
21714 2 2 0 0 11097 2844 5825
21715 2 2 0 0 2848 11098 5824
21716 2 2 0 0 11098 324 5824
21717 2 2 0 0 324 11098 5829
21718 2 2 0 0 11098 2848 5829
21719 2 2 0 0 1556 11099 5824
21720 2 2 0 0 11099 2848 5824
21721 2 2 0 0 2848 11099 5832
21722 2 2 0 0 11099 1556 5832
21723 2 2 0 0 2847 11100 5825
21724 2 2 0 0 11100 1556 5825
21725 2 2 0 0 1556 11100 5830
21726 2 2 0 0 11100 2847 5830
21727 2 2 0 0 863 11101 5826
21728 2 2 0 0 11101 2845 5826
21729 2 2 0 0 2845 11101 5827
21730 2 2 0 0 11101 863 5827
21731 2 2 0 0 2846 11102 5826
21732 2 2 0 0 11102 863 5826
21733 2 2 0 0 863 11102 5828
21734 2 2 0 0 11102 2846 5828
21735 2 2 0 0 2862 11103 5827
21736 2 2 0 0 11103 1565 5827
21737 2 2 0 0 1565 11103 5865
21738 2 2 0 0 11103 2862 5865
21739 2 2 0 0 863 11104 5827
21740 2 2 0 0 11104 2862 5827
21741 2 2 0 0 2862 11104 5871
21742 2 2 0 0 11104 863 5871
21743 2 2 0 0 2846 11105 5828
21744 2 2 0 0 11105 1573 5828
21745 2 2 0 0 1573 11105 5829
21746 2 2 0 0 11105 2846 5829
21747 2 2 0 0 2872 11106 5828
21748 2 2 0 0 11106 863 5828
21749 2 2 0 0 863 11106 5871
21750 2 2 0 0 11106 2872 5871
21751 2 2 0 0 1573 11107 5828
21752 2 2 0 0 11107 2872 5828
21753 2 2 0 0 2872 11107 5899
21754 2 2 0 0 11107 1573 5899
21755 2 2 0 0 2848 11108 5829
21756 2 2 0 0 11108 1573 5829
21757 2 2 0 0 1573 11108 5833
21758 2 2 0 0 11108 2848 5833
21759 2 2 0 0 2847 11109 5830
21760 2 2 0 0 11109 549 5830
21761 2 2 0 0 549 11109 5831
21762 2 2 0 0 11109 2847 5831
21763 2 2 0 0 2849 11110 5830
21764 2 2 0 0 11110 1556 5830
21765 2 2 0 0 1556 11110 5832
21766 2 2 0 0 11110 2849 5832
21767 2 2 0 0 549 11111 5830
21768 2 2 0 0 11111 2849 5830
21769 2 2 0 0 2849 11111 5835
21770 2 2 0 0 11111 549 5835
21771 2 2 0 0 2850 11112 5831
21772 2 2 0 0 11112 549 5831
21773 2 2 0 0 549 11112 5836
21774 2 2 0 0 11112 2850 5836
21775 2 2 0 0 868 11113 5832
21776 2 2 0 0 11113 2848 5832
21777 2 2 0 0 2848 11113 5833
21778 2 2 0 0 11113 868 5833
21779 2 2 0 0 2849 11114 5832
21780 2 2 0 0 11114 868 5832
21781 2 2 0 0 868 11114 5834
21782 2 2 0 0 11114 2849 5834
21783 2 2 0 0 2874 11115 5833
21784 2 2 0 0 11115 1573 5833
21785 2 2 0 0 1573 11115 5899
21786 2 2 0 0 11115 2874 5899
21787 2 2 0 0 868 11116 5833
21788 2 2 0 0 11116 2874 5833
21789 2 2 0 0 2874 11116 5903
21790 2 2 0 0 11116 868 5903
21791 2 2 0 0 2849 11117 5834
21792 2 2 0 0 11117 1584 5834
21793 2 2 0 0 1584 11117 5835
21794 2 2 0 0 11117 2849 5835
21795 2 2 0 0 2887 11118 5834
21796 2 2 0 0 11118 868 5834
21797 2 2 0 0 868 11118 5903
21798 2 2 0 0 11118 2887 5903
21799 2 2 0 0 1584 11119 5834
21800 2 2 0 0 11119 2887 5834
21801 2 2 0 0 2887 11119 5943
21802 2 2 0 0 11119 1584 5943
21803 2 2 0 0 2883 11120 5835
21804 2 2 0 0 11120 1584 5835
21805 2 2 0 0 1584 11120 5930
21806 2 2 0 0 11120 2883 5930
21807 2 2 0 0 549 11121 5835
21808 2 2 0 0 11121 2883 5835
21809 2 2 0 0 2883 11121 5836
21810 2 2 0 0 11121 549 5836
21811 2 2 0 0 2850 11122 5836
21812 2 2 0 0 11122 1580 5836
21813 2 2 0 0 1580 11122 5837
21814 2 2 0 0 11122 2850 5837
21815 2 2 0 0 1580 11123 5836
21816 2 2 0 0 11123 2883 5836
21817 2 2 0 0 2883 11123 5929
21818 2 2 0 0 11123 1580 5929
21819 2 2 0 0 2881 11124 5837
21820 2 2 0 0 11124 1580 5837
21821 2 2 0 0 1580 11124 5926
21822 2 2 0 0 11124 2881 5926
21823 2 2 0 0 142 11125 5838
21824 2 2 0 0 11125 2851 5838
21825 2 2 0 0 2851 11125 5840
21826 2 2 0 0 11125 142 5840
21827 2 2 0 0 2852 11126 5838
21828 2 2 0 0 11126 142 5838
21829 2 2 0 0 142 11126 5841
21830 2 2 0 0 11126 2852 5841
21831 2 2 0 0 2851 11127 5839
21832 2 2 0 0 11127 1561 5839
21833 2 2 0 0 1561 11127 5840
21834 2 2 0 0 11127 2851 5840
21835 2 2 0 0 1561 11128 5839
21836 2 2 0 0 11128 2853 5839
21837 2 2 0 0 2853 11128 5846
21838 2 2 0 0 11128 1561 5846
21839 2 2 0 0 2854 11129 5840
21840 2 2 0 0 11129 1561 5840
21841 2 2 0 0 1561 11129 5847
21842 2 2 0 0 11129 2854 5847
21843 2 2 0 0 142 11130 5840
21844 2 2 0 0 11130 2854 5840
21845 2 2 0 0 2854 11130 5855
21846 2 2 0 0 11130 142 5855
21847 2 2 0 0 2852 11131 5841
21848 2 2 0 0 11131 1562 5841
21849 2 2 0 0 1562 11131 5842
21850 2 2 0 0 11131 2852 5842
21851 2 2 0 0 2856 11132 5841
21852 2 2 0 0 11132 142 5841
21853 2 2 0 0 142 11132 5855
21854 2 2 0 0 11132 2856 5855
21855 2 2 0 0 1562 11133 5841
21856 2 2 0 0 11133 2856 5841
21857 2 2 0 0 2856 11133 5858
21858 2 2 0 0 11133 1562 5858
21859 2 2 0 0 2855 11134 5842
21860 2 2 0 0 11134 1562 5842
21861 2 2 0 0 1562 11134 5856
21862 2 2 0 0 11134 2855 5856
21863 2 2 0 0 2853 11135 5843
21864 2 2 0 0 11135 541 5843
21865 2 2 0 0 541 11135 5846
21866 2 2 0 0 11135 2853 5846
21867 2 2 0 0 1561 11136 5846
21868 2 2 0 0 11136 5845 5846
21869 2 2 0 0 5845 11136 5847
21870 2 2 0 0 11136 1561 5847
21871 2 2 0 0 2854 11137 5847
21872 2 2 0 0 11137 1560 5847
21873 2 2 0 0 1560 11137 5854
21874 2 2 0 0 11137 2854 5854
21875 2 2 0 0 2854 11138 5854
21876 2 2 0 0 11138 1567 5854
21877 2 2 0 0 1567 11138 5855
21878 2 2 0 0 11138 2854 5855
21879 2 2 0 0 1567 11139 5854
21880 2 2 0 0 11139 5853 5854
21881 2 2 0 0 5853 11139 5877
21882 2 2 0 0 11139 1567 5877
21883 2 2 0 0 2856 11140 5855
21884 2 2 0 0 11140 1567 5855
21885 2 2 0 0 1567 11140 5859
21886 2 2 0 0 11140 2856 5859
21887 2 2 0 0 2855 11141 5856
21888 2 2 0 0 11141 542 5856
21889 2 2 0 0 542 11141 5857
21890 2 2 0 0 11141 2855 5857
21891 2 2 0 0 2857 11142 5856
21892 2 2 0 0 11142 1562 5856
21893 2 2 0 0 1562 11142 5858
21894 2 2 0 0 11142 2857 5858
21895 2 2 0 0 542 11143 5856
21896 2 2 0 0 11143 2857 5856
21897 2 2 0 0 2857 11143 5861
21898 2 2 0 0 11143 542 5861
21899 2 2 0 0 2858 11144 5857
21900 2 2 0 0 11144 542 5857
21901 2 2 0 0 542 11144 5862
21902 2 2 0 0 11144 2858 5862
21903 2 2 0 0 861 11145 5858
21904 2 2 0 0 11145 2856 5858
21905 2 2 0 0 2856 11145 5859
21906 2 2 0 0 11145 861 5859
21907 2 2 0 0 2857 11146 5858
21908 2 2 0 0 11146 861 5858
21909 2 2 0 0 861 11146 5860
21910 2 2 0 0 11146 2857 5860
21911 2 2 0 0 2865 11147 5859
21912 2 2 0 0 11147 1567 5859
21913 2 2 0 0 1567 11147 5877
21914 2 2 0 0 11147 2865 5877
21915 2 2 0 0 861 11148 5859
21916 2 2 0 0 11148 2865 5859
21917 2 2 0 0 2865 11148 5873
21918 2 2 0 0 11148 861 5873
21919 2 2 0 0 2857 11149 5860
21920 2 2 0 0 11149 1566 5860
21921 2 2 0 0 1566 11149 5861
21922 2 2 0 0 11149 2857 5861
21923 2 2 0 0 2863 11150 5860
21924 2 2 0 0 11150 861 5860
21925 2 2 0 0 861 11150 5873
21926 2 2 0 0 11150 2863 5873
21927 2 2 0 0 1566 11151 5860
21928 2 2 0 0 11151 2863 5860
21929 2 2 0 0 2863 11151 5872
21930 2 2 0 0 11151 1566 5872
21931 2 2 0 0 2860 11152 5861
21932 2 2 0 0 11152 1566 5861
21933 2 2 0 0 1566 11152 5867
21934 2 2 0 0 11152 2860 5867
21935 2 2 0 0 542 11153 5861
21936 2 2 0 0 11153 2860 5861
21937 2 2 0 0 2860 11153 5862
21938 2 2 0 0 11153 542 5862
21939 2 2 0 0 2858 11154 5862
21940 2 2 0 0 11154 1564 5862
21941 2 2 0 0 1564 11154 5863
21942 2 2 0 0 11154 2858 5863
21943 2 2 0 0 1564 11155 5862
21944 2 2 0 0 11155 2860 5862
21945 2 2 0 0 2860 11155 5866
21946 2 2 0 0 11155 1564 5866
21947 2 2 0 0 2859 11156 5863
21948 2 2 0 0 11156 1564 5863
21949 2 2 0 0 1564 11156 5864
21950 2 2 0 0 11156 2859 5864
21951 2 2 0 0 2859 11157 5864
21952 2 2 0 0 11157 181 5864
21953 2 2 0 0 181 11157 5865
21954 2 2 0 0 11157 2859 5865
21955 2 2 0 0 2861 11158 5864
21956 2 2 0 0 11158 1564 5864
21957 2 2 0 0 1564 11158 5866
21958 2 2 0 0 11158 2861 5866
21959 2 2 0 0 181 11159 5864
21960 2 2 0 0 11159 2861 5864
21961 2 2 0 0 2861 11159 5869
21962 2 2 0 0 11159 181 5869
21963 2 2 0 0 2862 11160 5865
21964 2 2 0 0 11160 181 5865
21965 2 2 0 0 181 11160 5870
21966 2 2 0 0 11160 2862 5870
21967 2 2 0 0 862 11161 5866
21968 2 2 0 0 11161 2860 5866
21969 2 2 0 0 2860 11161 5867
21970 2 2 0 0 11161 862 5867
21971 2 2 0 0 2861 11162 5866
21972 2 2 0 0 11162 862 5866
21973 2 2 0 0 862 11162 5868
21974 2 2 0 0 11162 2861 5868
21975 2 2 0 0 2864 11163 5867
21976 2 2 0 0 11163 1566 5867
21977 2 2 0 0 1566 11163 5872
21978 2 2 0 0 11163 2864 5872
21979 2 2 0 0 862 11164 5867
21980 2 2 0 0 11164 2864 5867
21981 2 2 0 0 2864 11164 5876
21982 2 2 0 0 11164 862 5876
21983 2 2 0 0 2861 11165 5868
21984 2 2 0 0 11165 1571 5868
21985 2 2 0 0 1571 11165 5869
21986 2 2 0 0 11165 2861 5869
21987 2 2 0 0 2867 11166 5868
21988 2 2 0 0 11166 862 5868
21989 2 2 0 0 862 11166 5876
21990 2 2 0 0 11166 2867 5876
21991 2 2 0 0 1571 11167 5868
21992 2 2 0 0 11167 2867 5868
21993 2 2 0 0 2867 11167 5889
21994 2 2 0 0 11167 1571 5889
21995 2 2 0 0 2871 11168 5869
21996 2 2 0 0 11168 1571 5869
21997 2 2 0 0 1571 11168 5894
21998 2 2 0 0 11168 2871 5894
21999 2 2 0 0 181 11169 5869
22000 2 2 0 0 11169 2871 5869
22001 2 2 0 0 2871 11169 5870
22002 2 2 0 0 11169 181 5870
22003 2 2 0 0 2862 11170 5870
22004 2 2 0 0 11170 1572 5870
22005 2 2 0 0 1572 11170 5871
22006 2 2 0 0 11170 2862 5871
22007 2 2 0 0 1572 11171 5870
22008 2 2 0 0 11171 2871 5870
22009 2 2 0 0 2871 11171 5897
22010 2 2 0 0 11171 1572 5897
22011 2 2 0 0 2872 11172 5871
22012 2 2 0 0 11172 1572 5871
22013 2 2 0 0 1572 11172 5898
22014 2 2 0 0 11172 2872 5898
22015 2 2 0 0 332 11173 5872
22016 2 2 0 0 11173 2863 5872
22017 2 2 0 0 2863 11173 5874
22018 2 2 0 0 11173 332 5874
22019 2 2 0 0 2864 11174 5872
22020 2 2 0 0 11174 332 5872
22021 2 2 0 0 332 11174 5875
22022 2 2 0 0 11174 2864 5875
22023 2 2 0 0 2863 11175 5873
22024 2 2 0 0 11175 1569 5873
22025 2 2 0 0 1569 11175 5874
22026 2 2 0 0 11175 2863 5874
22027 2 2 0 0 1569 11176 5873
22028 2 2 0 0 11176 2865 5873
22029 2 2 0 0 2865 11176 5880
22030 2 2 0 0 11176 1569 5880
22031 2 2 0 0 2866 11177 5874
22032 2 2 0 0 11177 1569 5874
22033 2 2 0 0 1569 11177 5881
22034 2 2 0 0 11177 2866 5881
22035 2 2 0 0 332 11178 5874
22036 2 2 0 0 11178 2866 5874
22037 2 2 0 0 2866 11178 5887
22038 2 2 0 0 11178 332 5887
22039 2 2 0 0 2864 11179 5875
22040 2 2 0 0 11179 1570 5875
22041 2 2 0 0 1570 11179 5876
22042 2 2 0 0 11179 2864 5876
22043 2 2 0 0 2868 11180 5875
22044 2 2 0 0 11180 332 5875
22045 2 2 0 0 332 11180 5887
22046 2 2 0 0 11180 2868 5887
22047 2 2 0 0 1570 11181 5875
22048 2 2 0 0 11181 2868 5875
22049 2 2 0 0 2868 11181 5890
22050 2 2 0 0 11181 1570 5890
22051 2 2 0 0 2867 11182 5876
22052 2 2 0 0 11182 1570 5876
22053 2 2 0 0 1570 11182 5888
22054 2 2 0 0 11182 2867 5888
22055 2 2 0 0 2865 11183 5877
22056 2 2 0 0 11183 555 5877
22057 2 2 0 0 555 11183 5880
22058 2 2 0 0 11183 2865 5880
22059 2 2 0 0 1569 11184 5880
22060 2 2 0 0 11184 5879 5880
22061 2 2 0 0 5879 11184 5881
22062 2 2 0 0 11184 1569 5881
22063 2 2 0 0 2866 11185 5881
22064 2 2 0 0 11185 1568 5881
22065 2 2 0 0 1568 11185 5886
22066 2 2 0 0 11185 2866 5886
22067 2 2 0 0 2866 11186 5886
22068 2 2 0 0 11186 1595 5886
22069 2 2 0 0 1595 11186 5887
22070 2 2 0 0 11186 2866 5887
22071 2 2 0 0 1595 11187 5886
22072 2 2 0 0 11187 5885 5886
22073 2 2 0 0 5885 11187 5986
22074 2 2 0 0 11187 1595 5986
22075 2 2 0 0 2868 11188 5887
22076 2 2 0 0 11188 1595 5887
22077 2 2 0 0 1595 11188 5891
22078 2 2 0 0 11188 2868 5891
22079 2 2 0 0 2867 11189 5888
22080 2 2 0 0 11189 554 5888
22081 2 2 0 0 554 11189 5889
22082 2 2 0 0 11189 2867 5889
22083 2 2 0 0 2869 11190 5888
22084 2 2 0 0 11190 1570 5888
22085 2 2 0 0 1570 11190 5890
22086 2 2 0 0 11190 2869 5890
22087 2 2 0 0 554 11191 5888
22088 2 2 0 0 11191 2869 5888
22089 2 2 0 0 2869 11191 5893
22090 2 2 0 0 11191 554 5893
22091 2 2 0 0 2870 11192 5889
22092 2 2 0 0 11192 554 5889
22093 2 2 0 0 554 11192 5895
22094 2 2 0 0 11192 2870 5895
22095 2 2 0 0 1571 11193 5889
22096 2 2 0 0 11193 2870 5889
22097 2 2 0 0 2870 11193 5894
22098 2 2 0 0 11193 1571 5894
22099 2 2 0 0 872 11194 5890
22100 2 2 0 0 11194 2868 5890
22101 2 2 0 0 2868 11194 5891
22102 2 2 0 0 11194 872 5891
22103 2 2 0 0 2869 11195 5890
22104 2 2 0 0 11195 872 5890
22105 2 2 0 0 872 11195 5892
22106 2 2 0 0 11195 2869 5892
22107 2 2 0 0 2901 11196 5891
22108 2 2 0 0 11196 1595 5891
22109 2 2 0 0 1595 11196 5986
22110 2 2 0 0 11196 2901 5986
22111 2 2 0 0 872 11197 5891
22112 2 2 0 0 11197 2901 5891
22113 2 2 0 0 2901 11197 5982
22114 2 2 0 0 11197 872 5982
22115 2 2 0 0 2869 11198 5892
22116 2 2 0 0 11198 1594 5892
22117 2 2 0 0 1594 11198 5893
22118 2 2 0 0 11198 2869 5893
22119 2 2 0 0 2899 11199 5892
22120 2 2 0 0 11199 872 5892
22121 2 2 0 0 872 11199 5982
22122 2 2 0 0 11199 2899 5982
22123 2 2 0 0 1594 11200 5892
22124 2 2 0 0 11200 2899 5892
22125 2 2 0 0 2899 11200 5981
22126 2 2 0 0 11200 1594 5981
22127 2 2 0 0 2895 11201 5893
22128 2 2 0 0 11201 1594 5893
22129 2 2 0 0 1594 11201 5968
22130 2 2 0 0 11201 2895 5968
22131 2 2 0 0 554 11202 5893
22132 2 2 0 0 11202 2895 5893
22133 2 2 0 0 2895 11202 5895
22134 2 2 0 0 11202 554 5895
22135 2 2 0 0 870 11203 5894
22136 2 2 0 0 11203 2870 5894
22137 2 2 0 0 2870 11203 5896
22138 2 2 0 0 11203 870 5896
22139 2 2 0 0 2871 11204 5894
22140 2 2 0 0 11204 870 5894
22141 2 2 0 0 870 11204 5897
22142 2 2 0 0 11204 2871 5897
22143 2 2 0 0 2870 11205 5895
22144 2 2 0 0 11205 1590 5895
22145 2 2 0 0 1590 11205 5896
22146 2 2 0 0 11205 2870 5896
22147 2 2 0 0 1590 11206 5895
22148 2 2 0 0 11206 2895 5895
22149 2 2 0 0 2895 11206 5967
22150 2 2 0 0 11206 1590 5967
22151 2 2 0 0 2893 11207 5896
22152 2 2 0 0 11207 1590 5896
22153 2 2 0 0 1590 11207 5964
22154 2 2 0 0 11207 2893 5964
22155 2 2 0 0 870 11208 5896
22156 2 2 0 0 11208 2893 5896
22157 2 2 0 0 2893 11208 5900
22158 2 2 0 0 11208 870 5900
22159 2 2 0 0 2873 11209 5897
22160 2 2 0 0 11209 870 5897
22161 2 2 0 0 870 11209 5900
22162 2 2 0 0 11209 2873 5900
22163 2 2 0 0 1572 11210 5897
22164 2 2 0 0 11210 2873 5897
22165 2 2 0 0 2873 11210 5898
22166 2 2 0 0 11210 1572 5898
22167 2 2 0 0 2872 11211 5898
22168 2 2 0 0 11211 550 5898
22169 2 2 0 0 550 11211 5899
22170 2 2 0 0 11211 2872 5899
22171 2 2 0 0 550 11212 5898
22172 2 2 0 0 11212 2873 5898
22173 2 2 0 0 2873 11212 5901
22174 2 2 0 0 11212 550 5901
22175 2 2 0 0 2874 11213 5899
22176 2 2 0 0 11213 550 5899
22177 2 2 0 0 550 11213 5902
22178 2 2 0 0 11213 2874 5902
22179 2 2 0 0 2873 11214 5900
22180 2 2 0 0 11214 1589 5900
22181 2 2 0 0 1589 11214 5901
22182 2 2 0 0 11214 2873 5901
22183 2 2 0 0 1589 11215 5900
22184 2 2 0 0 11215 2893 5900
22185 2 2 0 0 2893 11215 5963
22186 2 2 0 0 11215 1589 5963
22187 2 2 0 0 2889 11216 5901
22188 2 2 0 0 11216 1589 5901
22189 2 2 0 0 1589 11216 5948
22190 2 2 0 0 11216 2889 5948
22191 2 2 0 0 550 11217 5901
22192 2 2 0 0 11217 2889 5901
22193 2 2 0 0 2889 11217 5902
22194 2 2 0 0 11217 550 5902
22195 2 2 0 0 2874 11218 5902
22196 2 2 0 0 11218 1585 5902
22197 2 2 0 0 1585 11218 5903
22198 2 2 0 0 11218 2874 5903
22199 2 2 0 0 1585 11219 5902
22200 2 2 0 0 11219 2889 5902
22201 2 2 0 0 2889 11219 5947
22202 2 2 0 0 11219 1585 5947
22203 2 2 0 0 2887 11220 5903
22204 2 2 0 0 11220 1585 5903
22205 2 2 0 0 1585 11220 5944
22206 2 2 0 0 11220 2887 5944
22207 2 2 0 0 2875 11221 5904
22208 2 2 0 0 11221 117 5904
22209 2 2 0 0 117 11221 5905
22210 2 2 0 0 11221 2875 5905
22211 2 2 0 0 117 11222 5904
22212 2 2 0 0 11222 2876 5904
22213 2 2 0 0 2876 11222 5907
22214 2 2 0 0 11222 117 5907
22215 2 2 0 0 2878 11223 5905
22216 2 2 0 0 11223 1575 5905
22217 2 2 0 0 1575 11223 5908
22218 2 2 0 0 11223 2878 5908
22219 2 2 0 0 117 11224 5905
22220 2 2 0 0 11224 2878 5905
22221 2 2 0 0 2878 11224 5911
22222 2 2 0 0 11224 117 5911
22223 2 2 0 0 2876 11225 5906
22224 2 2 0 0 11225 1578 5906
22225 2 2 0 0 1578 11225 5907
22226 2 2 0 0 11225 2876 5907
22227 2 2 0 0 1578 11226 5906
22228 2 2 0 0 11226 2879 5906
22229 2 2 0 0 2879 11226 5915
22230 2 2 0 0 11226 1578 5915
22231 2 2 0 0 2880 11227 5907
22232 2 2 0 0 11227 117 5907
22233 2 2 0 0 117 11227 5911
22234 2 2 0 0 11227 2880 5911
22235 2 2 0 0 1578 11228 5907
22236 2 2 0 0 11228 2880 5907
22237 2 2 0 0 2880 11228 5916
22238 2 2 0 0 11228 1578 5916
22239 2 2 0 0 867 11229 5908
22240 2 2 0 0 11229 2877 5908
22241 2 2 0 0 2877 11229 5909
22242 2 2 0 0 11229 867 5909
22243 2 2 0 0 2878 11230 5908
22244 2 2 0 0 11230 867 5908
22245 2 2 0 0 867 11230 5910
22246 2 2 0 0 11230 2878 5910
22247 2 2 0 0 2882 11231 5909
22248 2 2 0 0 11231 1579 5909
22249 2 2 0 0 1579 11231 5925
22250 2 2 0 0 11231 2882 5925
22251 2 2 0 0 867 11232 5909
22252 2 2 0 0 11232 2882 5909
22253 2 2 0 0 2882 11232 5928
22254 2 2 0 0 11232 867 5928
22255 2 2 0 0 2878 11233 5910
22256 2 2 0 0 11233 1583 5910
22257 2 2 0 0 1583 11233 5911
22258 2 2 0 0 11233 2878 5911
22259 2 2 0 0 2885 11234 5910
22260 2 2 0 0 11234 867 5910
22261 2 2 0 0 867 11234 5928
22262 2 2 0 0 11234 2885 5928
22263 2 2 0 0 1583 11235 5910
22264 2 2 0 0 11235 2885 5910
22265 2 2 0 0 2885 11235 5936
22266 2 2 0 0 11235 1583 5936
22267 2 2 0 0 2880 11236 5911
22268 2 2 0 0 11236 1583 5911
22269 2 2 0 0 1583 11236 5924
22270 2 2 0 0 11236 2880 5924
22271 2 2 0 0 2879 11237 5912
22272 2 2 0 0 11237 548 5912
22273 2 2 0 0 548 11237 5915
22274 2 2 0 0 11237 2879 5915
22275 2 2 0 0 5914 11238 5915
22276 2 2 0 0 11238 1578 5915
22277 2 2 0 0 1578 11238 5916
22278 2 2 0 0 11238 5914 5916
22279 2 2 0 0 1577 11239 5916
22280 2 2 0 0 11239 2880 5916
22281 2 2 0 0 2880 11239 5924
22282 2 2 0 0 11239 1577 5924
22283 2 2 0 0 5923 11240 5924
22284 2 2 0 0 11240 1583 5924
22285 2 2 0 0 1583 11240 5936
22286 2 2 0 0 11240 5923 5936
22287 2 2 0 0 326 11241 5925
22288 2 2 0 0 11241 2881 5925
22289 2 2 0 0 2881 11241 5926
22290 2 2 0 0 11241 326 5926
22291 2 2 0 0 2882 11242 5925
22292 2 2 0 0 11242 326 5925
22293 2 2 0 0 326 11242 5927
22294 2 2 0 0 11242 2882 5927
22295 2 2 0 0 2884 11243 5926
22296 2 2 0 0 11243 1580 5926
22297 2 2 0 0 1580 11243 5929
22298 2 2 0 0 11243 2884 5929
22299 2 2 0 0 326 11244 5926
22300 2 2 0 0 11244 2884 5926
22301 2 2 0 0 2884 11244 5932
22302 2 2 0 0 11244 326 5932
22303 2 2 0 0 2882 11245 5927
22304 2 2 0 0 11245 1582 5927
22305 2 2 0 0 1582 11245 5928
22306 2 2 0 0 11245 2882 5928
22307 2 2 0 0 2886 11246 5927
22308 2 2 0 0 11246 326 5927
22309 2 2 0 0 326 11246 5932
22310 2 2 0 0 11246 2886 5932
22311 2 2 0 0 1582 11247 5927
22312 2 2 0 0 11247 2886 5927
22313 2 2 0 0 2886 11247 5937
22314 2 2 0 0 11247 1582 5937
22315 2 2 0 0 2885 11248 5928
22316 2 2 0 0 11248 1582 5928
22317 2 2 0 0 1582 11248 5935
22318 2 2 0 0 11248 2885 5935
22319 2 2 0 0 869 11249 5929
22320 2 2 0 0 11249 2883 5929
22321 2 2 0 0 2883 11249 5930
22322 2 2 0 0 11249 869 5930
22323 2 2 0 0 2884 11250 5929
22324 2 2 0 0 11250 869 5929
22325 2 2 0 0 869 11250 5931
22326 2 2 0 0 11250 2884 5931
22327 2 2 0 0 2888 11251 5930
22328 2 2 0 0 11251 1584 5930
22329 2 2 0 0 1584 11251 5943
22330 2 2 0 0 11251 2888 5943
22331 2 2 0 0 869 11252 5930
22332 2 2 0 0 11252 2888 5930
22333 2 2 0 0 2888 11252 5946
22334 2 2 0 0 11252 869 5946
22335 2 2 0 0 2884 11253 5931
22336 2 2 0 0 11253 1588 5931
22337 2 2 0 0 1588 11253 5932
22338 2 2 0 0 11253 2884 5932
22339 2 2 0 0 2891 11254 5931
22340 2 2 0 0 11254 869 5931
22341 2 2 0 0 869 11254 5946
22342 2 2 0 0 11254 2891 5946
22343 2 2 0 0 1588 11255 5931
22344 2 2 0 0 11255 2891 5931
22345 2 2 0 0 2891 11255 5954
22346 2 2 0 0 11255 1588 5954
22347 2 2 0 0 2886 11256 5932
22348 2 2 0 0 11256 1588 5932
22349 2 2 0 0 1588 11256 5942
22350 2 2 0 0 11256 2886 5942
22351 2 2 0 0 2885 11257 5935
22352 2 2 0 0 11257 553 5935
22353 2 2 0 0 553 11257 5936
22354 2 2 0 0 11257 2885 5936
22355 2 2 0 0 5934 11258 5935
22356 2 2 0 0 11258 1582 5935
22357 2 2 0 0 1582 11258 5937
22358 2 2 0 0 11258 5934 5937
22359 2 2 0 0 1581 11259 5937
22360 2 2 0 0 11259 2886 5937
22361 2 2 0 0 2886 11259 5942
22362 2 2 0 0 11259 1581 5942
22363 2 2 0 0 5941 11260 5942
22364 2 2 0 0 11260 1588 5942
22365 2 2 0 0 1588 11260 5954
22366 2 2 0 0 11260 5941 5954
22367 2 2 0 0 145 11261 5943
22368 2 2 0 0 11261 2887 5943
22369 2 2 0 0 2887 11261 5944
22370 2 2 0 0 11261 145 5944
22371 2 2 0 0 2888 11262 5943
22372 2 2 0 0 11262 145 5943
22373 2 2 0 0 145 11262 5945
22374 2 2 0 0 11262 2888 5945
22375 2 2 0 0 2890 11263 5944
22376 2 2 0 0 11263 1585 5944
22377 2 2 0 0 1585 11263 5947
22378 2 2 0 0 11263 2890 5947
22379 2 2 0 0 145 11264 5944
22380 2 2 0 0 11264 2890 5944
22381 2 2 0 0 2890 11264 5950
22382 2 2 0 0 11264 145 5950
22383 2 2 0 0 2888 11265 5945
22384 2 2 0 0 11265 1587 5945
22385 2 2 0 0 1587 11265 5946
22386 2 2 0 0 11265 2888 5946
22387 2 2 0 0 2892 11266 5945
22388 2 2 0 0 11266 145 5945
22389 2 2 0 0 145 11266 5950
22390 2 2 0 0 11266 2892 5950
22391 2 2 0 0 1587 11267 5945
22392 2 2 0 0 11267 2892 5945
22393 2 2 0 0 2892 11267 5955
22394 2 2 0 0 11267 1587 5955
22395 2 2 0 0 2891 11268 5946
22396 2 2 0 0 11268 1587 5946
22397 2 2 0 0 1587 11268 5953
22398 2 2 0 0 11268 2891 5953
22399 2 2 0 0 871 11269 5947
22400 2 2 0 0 11269 2889 5947
22401 2 2 0 0 2889 11269 5948
22402 2 2 0 0 11269 871 5948
22403 2 2 0 0 2890 11270 5947
22404 2 2 0 0 11270 871 5947
22405 2 2 0 0 871 11270 5949
22406 2 2 0 0 11270 2890 5949
22407 2 2 0 0 2894 11271 5948
22408 2 2 0 0 11271 1589 5948
22409 2 2 0 0 1589 11271 5963
22410 2 2 0 0 11271 2894 5963
22411 2 2 0 0 871 11272 5948
22412 2 2 0 0 11272 2894 5948
22413 2 2 0 0 2894 11272 5966
22414 2 2 0 0 11272 871 5966
22415 2 2 0 0 2890 11273 5949
22416 2 2 0 0 11273 1593 5949
22417 2 2 0 0 1593 11273 5950
22418 2 2 0 0 11273 2890 5950
22419 2 2 0 0 2897 11274 5949
22420 2 2 0 0 11274 871 5949
22421 2 2 0 0 871 11274 5966
22422 2 2 0 0 11274 2897 5966
22423 2 2 0 0 1593 11275 5949
22424 2 2 0 0 11275 2897 5949
22425 2 2 0 0 2897 11275 5974
22426 2 2 0 0 11275 1593 5974
22427 2 2 0 0 2892 11276 5950
22428 2 2 0 0 11276 1593 5950
22429 2 2 0 0 1593 11276 5962
22430 2 2 0 0 11276 2892 5962
22431 2 2 0 0 2891 11277 5953
22432 2 2 0 0 11277 552 5953
22433 2 2 0 0 552 11277 5954
22434 2 2 0 0 11277 2891 5954
22435 2 2 0 0 5952 11278 5953
22436 2 2 0 0 11278 1587 5953
22437 2 2 0 0 1587 11278 5955
22438 2 2 0 0 11278 5952 5955
22439 2 2 0 0 1586 11279 5955
22440 2 2 0 0 11279 2892 5955
22441 2 2 0 0 2892 11279 5962
22442 2 2 0 0 11279 1586 5962
22443 2 2 0 0 5961 11280 5962
22444 2 2 0 0 11280 1593 5962
22445 2 2 0 0 1593 11280 5974
22446 2 2 0 0 11280 5961 5974
22447 2 2 0 0 337 11281 5963
22448 2 2 0 0 11281 2893 5963
22449 2 2 0 0 2893 11281 5964
22450 2 2 0 0 11281 337 5964
22451 2 2 0 0 2894 11282 5963
22452 2 2 0 0 11282 337 5963
22453 2 2 0 0 337 11282 5965
22454 2 2 0 0 11282 2894 5965
22455 2 2 0 0 2896 11283 5964
22456 2 2 0 0 11283 1590 5964
22457 2 2 0 0 1590 11283 5967
22458 2 2 0 0 11283 2896 5967
22459 2 2 0 0 337 11284 5964
22460 2 2 0 0 11284 2896 5964
22461 2 2 0 0 2896 11284 5970
22462 2 2 0 0 11284 337 5970
22463 2 2 0 0 2894 11285 5965
22464 2 2 0 0 11285 1592 5965
22465 2 2 0 0 1592 11285 5966
22466 2 2 0 0 11285 2894 5966
22467 2 2 0 0 2898 11286 5965
22468 2 2 0 0 11286 337 5965
22469 2 2 0 0 337 11286 5970
22470 2 2 0 0 11286 2898 5970
22471 2 2 0 0 1592 11287 5965
22472 2 2 0 0 11287 2898 5965
22473 2 2 0 0 2898 11287 5975
22474 2 2 0 0 11287 1592 5975
22475 2 2 0 0 2897 11288 5966
22476 2 2 0 0 11288 1592 5966
22477 2 2 0 0 1592 11288 5973
22478 2 2 0 0 11288 2897 5973
22479 2 2 0 0 873 11289 5967
22480 2 2 0 0 11289 2895 5967
22481 2 2 0 0 2895 11289 5968
22482 2 2 0 0 11289 873 5968
22483 2 2 0 0 2896 11290 5967
22484 2 2 0 0 11290 873 5967
22485 2 2 0 0 873 11290 5969
22486 2 2 0 0 11290 2896 5969
22487 2 2 0 0 2900 11291 5968
22488 2 2 0 0 11291 1594 5968
22489 2 2 0 0 1594 11291 5981
22490 2 2 0 0 11291 2900 5981
22491 2 2 0 0 873 11292 5968
22492 2 2 0 0 11292 2900 5968
22493 2 2 0 0 2900 11292 5985
22494 2 2 0 0 11292 873 5985
22495 2 2 0 0 2896 11293 5969
22496 2 2 0 0 11293 1601 5969
22497 2 2 0 0 1601 11293 5970
22498 2 2 0 0 11293 2896 5970
22499 2 2 0 0 2904 11294 5969
22500 2 2 0 0 11294 873 5969
22501 2 2 0 0 873 11294 5985
22502 2 2 0 0 11294 2904 5985
22503 2 2 0 0 1601 11295 5969
22504 2 2 0 0 11295 2904 5969
22505 2 2 0 0 2904 11295 6004
22506 2 2 0 0 11295 1601 6004
22507 2 2 0 0 2898 11296 5970
22508 2 2 0 0 11296 1601 5970
22509 2 2 0 0 1601 11296 5980
22510 2 2 0 0 11296 2898 5980
22511 2 2 0 0 2897 11297 5973
22512 2 2 0 0 11297 561 5973
22513 2 2 0 0 561 11297 5974
22514 2 2 0 0 11297 2897 5974
22515 2 2 0 0 5972 11298 5973
22516 2 2 0 0 11298 1592 5973
22517 2 2 0 0 1592 11298 5975
22518 2 2 0 0 11298 5972 5975
22519 2 2 0 0 1591 11299 5975
22520 2 2 0 0 11299 2898 5975
22521 2 2 0 0 2898 11299 5980
22522 2 2 0 0 11299 1591 5980
22523 2 2 0 0 5979 11300 5980
22524 2 2 0 0 11300 1601 5980
22525 2 2 0 0 1601 11300 6004
22526 2 2 0 0 11300 5979 6004
22527 2 2 0 0 141 11301 5981
22528 2 2 0 0 11301 2899 5981
22529 2 2 0 0 2899 11301 5983
22530 2 2 0 0 11301 141 5983
22531 2 2 0 0 2900 11302 5981
22532 2 2 0 0 11302 141 5981
22533 2 2 0 0 141 11302 5984
22534 2 2 0 0 11302 2900 5984
22535 2 2 0 0 2899 11303 5982
22536 2 2 0 0 11303 1598 5982
22537 2 2 0 0 1598 11303 5983
22538 2 2 0 0 11303 2899 5983
22539 2 2 0 0 1598 11304 5982
22540 2 2 0 0 11304 2901 5982
22541 2 2 0 0 2901 11304 5989
22542 2 2 0 0 11304 1598 5989
22543 2 2 0 0 2903 11305 5983
22544 2 2 0 0 11305 1598 5983
22545 2 2 0 0 1598 11305 5990
22546 2 2 0 0 11305 2903 5990
22547 2 2 0 0 141 11306 5983
22548 2 2 0 0 11306 2903 5983
22549 2 2 0 0 2903 11306 6000
22550 2 2 0 0 11306 141 6000
22551 2 2 0 0 2900 11307 5984
22552 2 2 0 0 11307 1600 5984
22553 2 2 0 0 1600 11307 5985
22554 2 2 0 0 11307 2900 5985
22555 2 2 0 0 2905 11308 5984
22556 2 2 0 0 11308 141 5984
22557 2 2 0 0 141 11308 6000
22558 2 2 0 0 11308 2905 6000
22559 2 2 0 0 1600 11309 5984
22560 2 2 0 0 11309 2905 5984
22561 2 2 0 0 2905 11309 6005
22562 2 2 0 0 11309 1600 6005
22563 2 2 0 0 2904 11310 5985
22564 2 2 0 0 11310 1600 5985
22565 2 2 0 0 1600 11310 6003
22566 2 2 0 0 11310 2904 6003
22567 2 2 0 0 2901 11311 5986
22568 2 2 0 0 11311 558 5986
22569 2 2 0 0 558 11311 5989
22570 2 2 0 0 11311 2901 5989
22571 2 2 0 0 1598 11312 5989
22572 2 2 0 0 11312 5988 5989
22573 2 2 0 0 5988 11312 5990
22574 2 2 0 0 11312 1598 5990
22575 2 2 0 0 2903 11313 5990
22576 2 2 0 0 11313 1597 5990
22577 2 2 0 0 1597 11313 5999
22578 2 2 0 0 11313 2903 5999
22579 2 2 0 0 2903 11314 5999
22580 2 2 0 0 11314 2902 5999
22581 2 2 0 0 2902 11314 6000
22582 2 2 0 0 11314 2903 6000
22583 2 2 0 0 11315 1596 5998
22584 2 2 0 0 1596 11315 6012
22585 2 2 0 0 2902 11316 5999
22586 2 2 0 0 11316 5998 5999
22587 2 2 0 0 5998 11316 11315
22588 2 2 0 0 11316 2902 11315
22589 2 2 0 0 2905 11317 6000
22590 2 2 0 0 11317 2902 6000
22591 2 2 0 0 2902 11317 6013
22592 2 2 0 0 11317 2905 6013
22593 2 2 0 0 2904 11318 6003
22594 2 2 0 0 11318 560 6003
22595 2 2 0 0 560 11318 6004
22596 2 2 0 0 11318 2904 6004
22597 2 2 0 0 6002 11319 6003
22598 2 2 0 0 11319 1600 6003
22599 2 2 0 0 1600 11319 6005
22600 2 2 0 0 11319 6002 6005
22601 2 2 0 0 1599 11320 6005
22602 2 2 0 0 11320 2905 6005
22603 2 2 0 0 2905 11320 6013
22604 2 2 0 0 11320 1599 6013
22605 2 2 0 0 6012 11321 6013
22606 2 2 0 0 11321 2902 6013
22607 2 2 0 0 2902 11321 11315
22608 2 2 0 0 11321 6012 11315
$EndElements
