$MeshFormat
2.200000 0 8
$EndMeshFormat
$Nodes
1377
1 0.000000 0.000000 0.000000
2 0.400000 0.000000 0.000000
3 0.000000 0.400000 0.000000
4 1.000000 0.000000 0.000000
5 1.000000 1.000000 0.000000
6 0.000000 1.000000 0.000000
7 0.400000 0.400000 0.000000
8 0.013664 0.000000 0.000000
9 0.027794 0.000000 0.000000
10 0.041825 0.000000 0.000000
11 0.055437 0.000000 0.000000
12 0.069937 0.000000 0.000000
13 0.083404 0.000000 0.000000
14 0.097339 0.000000 0.000000
15 0.110951 0.000000 0.000000
16 0.125546 0.000000 0.000000
17 0.139013 0.000000 0.000000
18 0.152480 0.000000 0.000000
19 0.165527 0.000000 0.000000
20 0.179414 0.000000 0.000000
21 0.193688 0.000000 0.000000
22 0.206363 0.000000 0.000000
23 0.219975 0.000000 0.000000
24 0.234098 0.000000 0.000000
25 0.248228 0.000000 0.000000
26 0.261958 0.000000 0.000000
27 0.275489 0.000000 0.000000
28 0.289707 0.000000 0.000000
29 0.302713 0.000000 0.000000
30 0.316641 0.000000 0.000000
31 0.330108 0.000000 0.000000
32 0.344391 0.000000 0.000000
33 0.358099 0.000000 0.000000
34 0.371711 0.000000 0.000000
35 0.386388 0.000000 0.000000
36 0.000000 0.385701 0.000000
37 0.000000 0.371851 0.000000
38 0.000000 0.358272 0.000000
39 0.000000 0.343643 0.000000
40 0.000000 0.330204 0.000000
41 0.000000 0.316467 0.000000
42 0.000000 0.303326 0.000000
43 0.000000 0.289308 0.000000
44 0.000000 0.275728 0.000000
45 0.000000 0.262148 0.000000
46 0.000000 0.248568 0.000000
47 0.000000 0.234501 0.000000
48 0.000000 0.220471 0.000000
49 0.000000 0.207623 0.000000
50 0.000000 0.194184 0.000000
51 0.000000 0.179930 0.000000
52 0.000000 0.166098 0.000000
53 0.000000 0.152126 0.000000
54 0.000000 0.138687 0.000000
55 0.000000 0.124221 0.000000
56 0.000000 0.110641 0.000000
57 0.000000 0.096629 0.000000
58 0.000000 0.083190 0.000000
59 0.000000 0.068964 0.000000
60 0.000000 0.055384 0.000000
61 0.000000 0.041804 0.000000
62 0.000000 0.027160 0.000000
63 0.000000 0.013580 0.000000
64 0.412483 0.000000 0.000000
65 0.428678 0.000000 0.000000
66 0.450291 0.000000 0.000000
67 0.478715 0.000000 0.000000
68 0.516552 0.000000 0.000000
69 0.566899 0.000000 0.000000
70 0.633923 0.000000 0.000000
71 0.723186 0.000000 0.000000
72 0.841936 0.000000 0.000000
73 1.000000 0.200000 0.000000
74 1.000000 0.400000 0.000000
75 1.000000 0.600000 0.000000
76 1.000000 0.800000 0.000000
77 0.800000 1.000000 0.000000
78 0.600000 1.000000 0.000000
79 0.400000 1.000000 0.000000
80 0.200000 1.000000 0.000000
81 0.000000 0.840069 0.000000
82 0.000000 0.721034 0.000000
83 0.000000 0.632102 0.000000
84 0.000000 0.565674 0.000000
85 0.000000 0.516051 0.000000
86 0.000000 0.478989 0.000000
87 0.000000 0.451311 0.000000
88 0.000000 0.430601 0.000000
89 0.000000 0.414264 0.000000
90 0.400000 0.013568 0.000000
91 0.400000 0.027137 0.000000
92 0.400000 0.041770 0.000000
93 0.400000 0.055338 0.000000
94 0.400000 0.068910 0.000000
95 0.400000 0.083241 0.000000
96 0.400000 0.097109 0.000000
97 0.400000 0.110677 0.000000
98 0.400000 0.124245 0.000000
99 0.400000 0.137814 0.000000
100 0.400000 0.152017 0.000000
101 0.400000 0.165958 0.000000
102 0.400000 0.179801 0.000000
103 0.400000 0.193230 0.000000
104 0.400000 0.207474 0.000000
105 0.400000 0.220289 0.000000
106 0.400000 0.234332 0.000000
107 0.400000 0.247761 0.000000
108 0.400000 0.262050 0.000000
109 0.400000 0.275627 0.000000
110 0.400000 0.289790 0.000000
111 0.400000 0.303219 0.000000
112 0.400000 0.316332 0.000000
113 0.400000 0.329901 0.000000
114 0.400000 0.343506 0.000000
115 0.400000 0.358103 0.000000
116 0.400000 0.371671 0.000000
117 0.400000 0.385239 0.000000
118 0.385230 0.400000 0.000000
119 0.371243 0.400000 0.000000
120 0.357148 0.400000 0.000000
121 0.343613 0.400000 0.000000
122 0.329310 0.400000 0.000000
123 0.315488 0.400000 0.000000
124 0.301956 0.400000 0.000000
125 0.289119 0.400000 0.000000
126 0.275722 0.400000 0.000000
127 0.261510 0.400000 0.000000
128 0.247784 0.400000 0.000000
129 0.233790 0.400000 0.000000
130 0.220392 0.400000 0.000000
131 0.206180 0.400000 0.000000
132 0.193576 0.400000 0.000000
133 0.179386 0.400000 0.000000
134 0.165989 0.400000 0.000000
135 0.151955 0.400000 0.000000
136 0.138269 0.400000 0.000000
137 0.124056 0.400000 0.000000
138 0.110383 0.400000 0.000000
139 0.096851 0.400000 0.000000
140 0.083320 0.400000 0.000000
141 0.069653 0.400000 0.000000
142 0.055192 0.400000 0.000000
143 0.041660 0.400000 0.000000
144 0.028128 0.400000 0.000000
145 0.013532 0.400000 0.000000
146 0.427575 0.019230 0.000000
147 0.544154 0.050885 0.000000
148 0.615079 0.059619 0.000000
149 0.808027 0.309451 0.000000
150 0.827537 0.477499 0.000000
151 0.834945 0.654420 0.000000
152 0.825276 0.830912 0.000000
153 0.646079 0.851034 0.000000
154 0.467746 0.863029 0.000000
155 0.296512 0.864192 0.000000
156 0.122011 0.840558 0.000000
157 0.105483 0.698814 0.000000
158 0.085650 0.614570 0.000000
159 0.028959 0.477865 0.000000
160 0.019222 0.424332 0.000000
161 0.410993 0.018321 0.000000
162 0.412094 0.032547 0.000000
163 0.411923 0.047575 0.000000
164 0.412993 0.062634 0.000000
165 0.410724 0.076153 0.000000
166 0.413235 0.089681 0.000000
167 0.412054 0.103939 0.000000
168 0.411692 0.118006 0.000000
169 0.411602 0.131430 0.000000
170 0.411917 0.145667 0.000000
171 0.412554 0.159429 0.000000
172 0.411797 0.173151 0.000000
173 0.412003 0.187583 0.000000
174 0.413289 0.201639 0.000000
175 0.412955 0.215566 0.000000
176 0.410321 0.227987 0.000000
177 0.412008 0.240532 0.000000
178 0.412025 0.254669 0.000000
179 0.411387 0.268377 0.000000
180 0.411491 0.282714 0.000000
181 0.412361 0.296894 0.000000
182 0.412371 0.310916 0.000000
183 0.409827 0.323434 0.000000
184 0.412667 0.336177 0.000000
185 0.413100 0.350770 0.000000
186 0.412560 0.365178 0.000000
187 0.412373 0.379862 0.000000
188 0.414392 0.395628 0.000000
189 0.396519 0.413860 0.000000
190 0.379119 0.414527 0.000000
191 0.363824 0.414110 0.000000
192 0.350266 0.411029 0.000000
193 0.337771 0.412565 0.000000
194 0.323533 0.413300 0.000000
195 0.308165 0.413480 0.000000
196 0.295806 0.410885 0.000000
197 0.283408 0.413445 0.000000
198 0.268327 0.413906 0.000000
199 0.253454 0.413557 0.000000
200 0.239329 0.411054 0.000000
201 0.226574 0.413133 0.000000
202 0.212563 0.412572 0.000000
203 0.200239 0.410393 0.000000
204 0.186917 0.412878 0.000000
205 0.173211 0.413680 0.000000
206 0.158835 0.413780 0.000000
207 0.144702 0.413538 0.000000
208 0.131068 0.411242 0.000000
209 0.117471 0.414064 0.000000
210 0.102859 0.414275 0.000000
211 0.088383 0.413182 0.000000
212 0.076019 0.410692 0.000000
213 0.063252 0.414221 0.000000
214 0.046855 0.414647 0.000000
215 0.032356 0.412907 0.000000
216 0.775834 0.159296 0.000000
217 0.028069 0.445791 0.000000
218 0.069910 0.551973 0.000000
219 0.410477 0.410478 0.000000
220 0.477282 0.037058 0.000000
221 0.444137 0.037741 0.000000
222 0.570781 0.112993 0.000000
223 0.666262 0.688365 0.000000
224 0.673340 0.400237 0.000000
225 0.370398 0.742627 0.000000
226 0.510867 0.722391 0.000000
227 0.151279 0.573052 0.000000
228 0.190430 0.637805 0.000000
229 0.063086 0.504746 0.000000
230 0.410118 0.427092 0.000000
231 0.424830 0.038533 0.000000
232 0.428575 0.055696 0.000000
233 0.428637 0.078070 0.000000
234 0.428765 0.098118 0.000000
235 0.424704 0.111744 0.000000
236 0.427357 0.125492 0.000000
237 0.424284 0.139073 0.000000
238 0.427734 0.152830 0.000000
239 0.428350 0.167342 0.000000
240 0.423877 0.180862 0.000000
241 0.428551 0.194951 0.000000
242 0.429330 0.211764 0.000000
243 0.427186 0.229949 0.000000
244 0.425105 0.247056 0.000000
245 0.427243 0.261509 0.000000
246 0.423504 0.275186 0.000000
247 0.425792 0.289020 0.000000
248 0.427045 0.305672 0.000000
249 0.425628 0.323375 0.000000
250 0.427816 0.342298 0.000000
251 0.429052 0.358724 0.000000
252 0.426151 0.373267 0.000000
253 0.430363 0.390450 0.000000
254 0.371278 0.430758 0.000000
255 0.349958 0.426486 0.000000
256 0.332938 0.426246 0.000000
257 0.315800 0.429524 0.000000
258 0.296683 0.426653 0.000000
259 0.276880 0.429394 0.000000
260 0.258388 0.429648 0.000000
261 0.237061 0.426699 0.000000
262 0.217098 0.427830 0.000000
263 0.200912 0.424018 0.000000
264 0.183122 0.428658 0.000000
265 0.166791 0.428384 0.000000
266 0.149864 0.428281 0.000000
267 0.130876 0.427299 0.000000
268 0.110571 0.430973 0.000000
269 0.092617 0.430131 0.000000
270 0.075902 0.424541 0.000000
271 0.036559 0.427198 0.000000
272 0.637462 0.264730 0.000000
273 0.018648 0.410901 0.000000
274 0.064155 0.464327 0.000000
275 0.390140 0.430610 0.000000
276 0.652788 0.143814 0.000000
277 0.121369 0.520229 0.000000
278 0.678060 0.537097 0.000000
279 0.232091 0.740507 0.000000
280 0.430747 0.414959 0.000000
281 0.187774 0.527555 0.000000
282 0.551026 0.183281 0.000000
283 0.580038 0.464870 0.000000
284 0.055202 0.434634 0.000000
285 0.430684 0.443414 0.000000
286 0.451733 0.401197 0.000000
287 0.478959 0.078750 0.000000
288 0.404893 0.448923 0.000000
289 0.304362 0.647142 0.000000
290 0.448963 0.090215 0.000000
291 0.444968 0.114220 0.000000
292 0.443648 0.137584 0.000000
293 0.443427 0.182449 0.000000
294 0.451215 0.202949 0.000000
295 0.454913 0.228374 0.000000
296 0.444093 0.250554 0.000000
297 0.444373 0.275477 0.000000
298 0.444270 0.296414 0.000000
299 0.446776 0.314363 0.000000
300 0.442693 0.332511 0.000000
301 0.447513 0.350461 0.000000
302 0.358983 0.449360 0.000000
303 0.334228 0.445682 0.000000
304 0.308543 0.449257 0.000000
305 0.286224 0.450343 0.000000
306 0.265623 0.450547 0.000000
307 0.243618 0.448497 0.000000
308 0.225010 0.443113 0.000000
309 0.202843 0.445563 0.000000
310 0.178558 0.449558 0.000000
311 0.159443 0.443799 0.000000
312 0.141529 0.448952 0.000000
313 0.120483 0.448193 0.000000
314 0.098569 0.454611 0.000000
315 0.077112 0.442677 0.000000
316 0.381396 0.451961 0.000000
317 0.533019 0.584051 0.000000
318 0.509560 0.117386 0.000000
319 0.251360 0.568412 0.000000
320 0.447652 0.374133 0.000000
321 0.524908 0.272915 0.000000
322 0.411899 0.635707 0.000000
323 0.449931 0.063568 0.000000
324 0.563873 0.365327 0.000000
325 0.094873 0.484495 0.000000
326 0.159170 0.496762 0.000000
327 0.369252 0.475587 0.000000
328 0.449300 0.465907 0.000000
329 0.504260 0.337427 0.000000
330 0.469016 0.106606 0.000000
331 0.469736 0.134827 0.000000
332 0.455096 0.160530 0.000000
333 0.467546 0.185832 0.000000
334 0.489526 0.216115 0.000000
335 0.474301 0.300505 0.000000
336 0.466449 0.331606 0.000000
337 0.471902 0.358597 0.000000
338 0.396957 0.477041 0.000000
339 0.345395 0.467327 0.000000
340 0.296062 0.473380 0.000000
341 0.192914 0.480903 0.000000
342 0.160033 0.467661 0.000000
343 0.126882 0.475398 0.000000
344 0.422138 0.467370 0.000000
345 0.494569 0.165113 0.000000
346 0.467205 0.431469 0.000000
347 0.486741 0.388648 0.000000
348 0.321048 0.474218 0.000000
349 0.249288 0.471846 0.000000
350 0.222956 0.467547 0.000000
351 0.341986 0.566052 0.000000
352 0.434659 0.554907 0.000000
353 0.516755 0.428632 0.000000
354 0.427980 0.499938 0.000000
355 0.489818 0.490568 0.000000
356 0.474671 0.264568 0.000000
357 0.297575 0.513027 0.000000
358 0.382979 0.514518 0.000000
359 0.342462 0.503151 0.000000
360 0.272337 0.482486 0.000000
361 0.237282 0.506398 0.000000
362 0.023302 0.013207 0.000000
363 0.036560 0.011384 0.000000
364 0.049473 0.011115 0.000000
365 0.062947 0.011042 0.000000
366 0.076931 0.011048 0.000000
367 0.090390 0.010994 0.000000
368 0.104216 0.010847 0.000000
369 0.118112 0.010836 0.000000
370 0.131944 0.010934 0.000000
371 0.145538 0.010887 0.000000
372 0.159032 0.010731 0.000000
373 0.172655 0.010883 0.000000
374 0.186355 0.010838 0.000000
375 0.199945 0.010726 0.000000
376 0.213450 0.010791 0.000000
377 0.227181 0.010957 0.000000
378 0.241062 0.010831 0.000000
379 0.254918 0.010616 0.000000
380 0.268679 0.010658 0.000000
381 0.282448 0.010806 0.000000
382 0.296062 0.010727 0.000000
383 0.309589 0.010869 0.000000
384 0.323146 0.010890 0.000000
385 0.336801 0.010762 0.000000
386 0.350558 0.010679 0.000000
387 0.364740 0.010663 0.000000
388 0.379862 0.011357 0.000000
389 0.011652 0.379723 0.000000
390 0.011073 0.364610 0.000000
391 0.010870 0.350631 0.000000
392 0.010834 0.336975 0.000000
393 0.010862 0.323145 0.000000
394 0.010928 0.309872 0.000000
395 0.010907 0.296054 0.000000
396 0.010927 0.282691 0.000000
397 0.010886 0.268902 0.000000
398 0.010826 0.255377 0.000000
399 0.010818 0.241228 0.000000
400 0.010926 0.227721 0.000000
401 0.011007 0.213903 0.000000
402 0.011013 0.200583 0.000000
403 0.010930 0.186996 0.000000
404 0.010944 0.172861 0.000000
405 0.011028 0.159134 0.000000
406 0.011035 0.145386 0.000000
407 0.010947 0.131640 0.000000
408 0.010952 0.117491 0.000000
409 0.010915 0.103946 0.000000
410 0.010942 0.089913 0.000000
411 0.010905 0.076394 0.000000
412 0.011012 0.062287 0.000000
413 0.011239 0.048658 0.000000
414 0.011203 0.034420 0.000000
415 0.011457 0.019408 0.000000
416 0.386096 0.023690 0.000000
417 0.388128 0.036969 0.000000
418 0.388698 0.050947 0.000000
419 0.388890 0.064507 0.000000
420 0.389060 0.078310 0.000000
421 0.389043 0.091716 0.000000
422 0.389133 0.105530 0.000000
423 0.389156 0.119144 0.000000
424 0.389208 0.132895 0.000000
425 0.389240 0.146705 0.000000
426 0.389185 0.160773 0.000000
427 0.389183 0.174250 0.000000
428 0.389079 0.188124 0.000000
429 0.389248 0.201780 0.000000
430 0.389162 0.215488 0.000000
431 0.389222 0.229075 0.000000
432 0.389087 0.242847 0.000000
433 0.389274 0.256510 0.000000
434 0.389121 0.270376 0.000000
435 0.389286 0.284006 0.000000
436 0.389127 0.297678 0.000000
437 0.389215 0.310926 0.000000
438 0.389178 0.324441 0.000000
439 0.388795 0.337932 0.000000
440 0.388471 0.351771 0.000000
441 0.387545 0.365158 0.000000
442 0.388179 0.377258 0.000000
443 0.380097 0.387852 0.000000
444 0.365250 0.387669 0.000000
445 0.350623 0.388453 0.000000
446 0.336563 0.389006 0.000000
447 0.322349 0.389166 0.000000
448 0.308943 0.389169 0.000000
449 0.295257 0.389110 0.000000
450 0.282011 0.389034 0.000000
451 0.268531 0.389100 0.000000
452 0.254556 0.389052 0.000000
453 0.240905 0.388995 0.000000
454 0.227375 0.389007 0.000000
455 0.213418 0.389071 0.000000
456 0.200049 0.388972 0.000000
457 0.186192 0.389027 0.000000
458 0.172628 0.388936 0.000000
459 0.159040 0.389064 0.000000
460 0.144972 0.389021 0.000000
461 0.131362 0.389057 0.000000
462 0.117344 0.389022 0.000000
463 0.103939 0.389059 0.000000
464 0.090166 0.389171 0.000000
465 0.076885 0.389337 0.000000
466 0.063494 0.389636 0.000000
467 0.050185 0.389374 0.000000
468 0.036869 0.388218 0.000000
469 0.023857 0.385739 0.000000
470 0.070229 0.021891 0.000000
471 0.043500 0.022429 0.000000
472 0.111029 0.021624 0.000000
473 0.083923 0.021845 0.000000
474 0.179625 0.021908 0.000000
475 0.138725 0.021814 0.000000
476 0.206855 0.021679 0.000000
477 0.193010 0.021719 0.000000
478 0.233960 0.021711 0.000000
479 0.261595 0.021638 0.000000
480 0.289194 0.021780 0.000000
481 0.316210 0.021850 0.000000
482 0.021510 0.356851 0.000000
483 0.356744 0.021306 0.000000
484 0.021518 0.316421 0.000000
485 0.021323 0.343285 0.000000
486 0.022145 0.370858 0.000000
487 0.021581 0.193759 0.000000
488 0.021542 0.329787 0.000000
489 0.021615 0.289240 0.000000
490 0.021752 0.275960 0.000000
491 0.021383 0.262414 0.000000
492 0.021289 0.247994 0.000000
493 0.021657 0.234362 0.000000
494 0.021749 0.220806 0.000000
495 0.021645 0.207111 0.000000
496 0.021750 0.179752 0.000000
497 0.021634 0.166196 0.000000
498 0.021631 0.152145 0.000000
499 0.021646 0.083324 0.000000
500 0.021612 0.110929 0.000000
501 0.022378 0.028029 0.000000
502 0.021825 0.055812 0.000000
503 0.377618 0.046861 0.000000
504 0.378161 0.059974 0.000000
505 0.378211 0.073191 0.000000
506 0.378266 0.086666 0.000000
507 0.378238 0.100317 0.000000
508 0.378282 0.113887 0.000000
509 0.378407 0.127642 0.000000
510 0.378449 0.141319 0.000000
511 0.378468 0.155254 0.000000
512 0.378648 0.168951 0.000000
513 0.378527 0.182834 0.000000
514 0.378533 0.196189 0.000000
515 0.378422 0.210073 0.000000
516 0.378409 0.223778 0.000000
517 0.378519 0.237663 0.000000
518 0.378543 0.250968 0.000000
519 0.378588 0.264972 0.000000
520 0.378588 0.278334 0.000000
521 0.378578 0.292205 0.000000
522 0.378552 0.305128 0.000000
523 0.378439 0.318597 0.000000
524 0.378301 0.331979 0.000000
525 0.377610 0.345346 0.000000
526 0.376124 0.359299 0.000000
527 0.342993 0.378109 0.000000
528 0.329042 0.378399 0.000000
529 0.357512 0.376937 0.000000
530 0.274941 0.378451 0.000000
531 0.315484 0.378663 0.000000
532 0.261619 0.378183 0.000000
533 0.247826 0.378486 0.000000
534 0.234141 0.378254 0.000000
535 0.206856 0.378365 0.000000
536 0.179455 0.378261 0.000000
537 0.138058 0.378345 0.000000
538 0.110702 0.378355 0.000000
539 0.057982 0.379785 0.000000
540 0.056701 0.022064 0.000000
541 0.045540 0.378348 0.000000
542 0.275615 0.021694 0.000000
543 0.097680 0.021856 0.000000
544 0.124902 0.021880 0.000000
545 0.152109 0.021794 0.000000
546 0.165853 0.021724 0.000000
547 0.220355 0.021483 0.000000
548 0.248024 0.021655 0.000000
549 0.302716 0.021788 0.000000
550 0.370925 0.021823 0.000000
551 0.329580 0.021794 0.000000
552 0.343257 0.021450 0.000000
553 0.021634 0.138570 0.000000
554 0.375426 0.033845 0.000000
555 0.021671 0.302878 0.000000
556 0.021787 0.124475 0.000000
557 0.022816 0.041575 0.000000
558 0.021635 0.097060 0.000000
559 0.021663 0.069711 0.000000
560 0.220510 0.378259 0.000000
561 0.032293 0.022006 0.000000
562 0.373898 0.374165 0.000000
563 0.301927 0.378481 0.000000
564 0.288399 0.378590 0.000000
565 0.193149 0.378206 0.000000
566 0.165643 0.378380 0.000000
567 0.152109 0.378218 0.000000
568 0.124510 0.378170 0.000000
569 0.070687 0.379203 0.000000
570 0.097159 0.378303 0.000000
571 0.083725 0.378753 0.000000
572 0.033753 0.375333 0.000000
573 0.077728 0.032911 0.000000
574 0.145368 0.032448 0.000000
575 0.032617 0.214070 0.000000
576 0.186206 0.032309 0.000000
577 0.367157 0.338234 0.000000
578 0.367547 0.299094 0.000000
579 0.090991 0.032631 0.000000
580 0.322828 0.032499 0.000000
581 0.032477 0.117723 0.000000
582 0.032393 0.282553 0.000000
583 0.032609 0.240668 0.000000
584 0.032470 0.172937 0.000000
585 0.032597 0.227695 0.000000
586 0.032280 0.200439 0.000000
587 0.367656 0.163289 0.000000
588 0.367416 0.122047 0.000000
589 0.032506 0.159137 0.000000
590 0.367128 0.108165 0.000000
591 0.032162 0.349228 0.000000
592 0.032408 0.104046 0.000000
593 0.035589 0.034715 0.000000
594 0.366858 0.055580 0.000000
595 0.367555 0.135444 0.000000
596 0.366906 0.094939 0.000000
597 0.367666 0.149289 0.000000
598 0.367712 0.258718 0.000000
599 0.366780 0.068506 0.000000
600 0.367684 0.176671 0.000000
601 0.032410 0.145333 0.000000
602 0.367646 0.204016 0.000000
603 0.032443 0.186701 0.000000
604 0.367622 0.231761 0.000000
605 0.365562 0.351235 0.000000
606 0.367563 0.245171 0.000000
607 0.367674 0.285981 0.000000
608 0.367702 0.272290 0.000000
609 0.367569 0.311867 0.000000
610 0.367657 0.324958 0.000000
611 0.200047 0.032433 0.000000
612 0.367619 0.190501 0.000000
613 0.362645 0.364443 0.000000
614 0.308229 0.367837 0.000000
615 0.254660 0.367773 0.000000
616 0.321382 0.367737 0.000000
617 0.032550 0.131516 0.000000
618 0.032700 0.269029 0.000000
619 0.240776 0.367558 0.000000
620 0.172773 0.367571 0.000000
621 0.032820 0.255637 0.000000
622 0.267956 0.367815 0.000000
623 0.334804 0.367456 0.000000
624 0.348558 0.366689 0.000000
625 0.053313 0.370240 0.000000
626 0.367514 0.217816 0.000000
627 0.077350 0.368026 0.000000
628 0.032309 0.090256 0.000000
629 0.033322 0.049620 0.000000
630 0.064044 0.032945 0.000000
631 0.366688 0.081308 0.000000
632 0.227314 0.032417 0.000000
633 0.281547 0.367628 0.000000
634 0.213429 0.032409 0.000000
635 0.294698 0.367782 0.000000
636 0.104026 0.367173 0.000000
637 0.064582 0.368754 0.000000
638 0.104396 0.032718 0.000000
639 0.050476 0.033306 0.000000
640 0.090367 0.367581 0.000000
641 0.131577 0.032623 0.000000
642 0.172828 0.032477 0.000000
643 0.309323 0.032307 0.000000
644 0.295871 0.032295 0.000000
645 0.336296 0.032741 0.000000
646 0.362570 0.031452 0.000000
647 0.240806 0.032379 0.000000
648 0.032513 0.323003 0.000000
649 0.032494 0.295953 0.000000
650 0.032299 0.335964 0.000000
651 0.213898 0.367419 0.000000
652 0.227385 0.367378 0.000000
653 0.366111 0.043197 0.000000
654 0.032546 0.309366 0.000000
655 0.032511 0.063686 0.000000
656 0.043485 0.366352 0.000000
657 0.032505 0.077010 0.000000
658 0.186221 0.367394 0.000000
659 0.200057 0.367314 0.000000
660 0.158935 0.367639 0.000000
661 0.117353 0.367260 0.000000
662 0.131225 0.367512 0.000000
663 0.145085 0.367422 0.000000
664 0.282258 0.032338 0.000000
665 0.159032 0.032676 0.000000
666 0.254726 0.032326 0.000000
667 0.349215 0.031471 0.000000
668 0.118200 0.032658 0.000000
669 0.268518 0.032459 0.000000
670 0.043245 0.207426 0.000000
671 0.193082 0.043410 0.000000
672 0.084942 0.044178 0.000000
673 0.274653 0.357178 0.000000
674 0.356925 0.292829 0.000000
675 0.302519 0.043205 0.000000
676 0.356920 0.129694 0.000000
677 0.043353 0.329198 0.000000
678 0.043332 0.234401 0.000000
679 0.032361 0.362030 0.000000
680 0.043272 0.166149 0.000000
681 0.356448 0.116131 0.000000
682 0.234078 0.356884 0.000000
683 0.043223 0.111010 0.000000
684 0.355990 0.102680 0.000000
685 0.220716 0.356888 0.000000
686 0.356998 0.170842 0.000000
687 0.058604 0.043995 0.000000
688 0.043318 0.124421 0.000000
689 0.355148 0.075887 0.000000
690 0.071809 0.044616 0.000000
691 0.355729 0.063197 0.000000
692 0.352845 0.355106 0.000000
693 0.043560 0.152205 0.000000
694 0.043204 0.220918 0.000000
695 0.043244 0.179654 0.000000
696 0.356841 0.305377 0.000000
697 0.043256 0.193595 0.000000
698 0.313931 0.357375 0.000000
699 0.247496 0.356967 0.000000
700 0.357136 0.252847 0.000000
701 0.356849 0.143322 0.000000
702 0.043383 0.275570 0.000000
703 0.326854 0.357254 0.000000
704 0.261295 0.357090 0.000000
705 0.356985 0.239029 0.000000
706 0.355439 0.089284 0.000000
707 0.043224 0.097344 0.000000
708 0.042775 0.341950 0.000000
709 0.356877 0.157026 0.000000
710 0.098104 0.044194 0.000000
711 0.355827 0.343417 0.000000
712 0.043137 0.083875 0.000000
713 0.045396 0.045163 0.000000
714 0.315753 0.043262 0.000000
715 0.043565 0.138371 0.000000
716 0.179639 0.043404 0.000000
717 0.356812 0.266086 0.000000
718 0.152380 0.043331 0.000000
719 0.234185 0.043416 0.000000
720 0.289181 0.043281 0.000000
721 0.043467 0.289152 0.000000
722 0.220237 0.043417 0.000000
723 0.043737 0.248059 0.000000
724 0.206668 0.043471 0.000000
725 0.042980 0.071091 0.000000
726 0.287303 0.357319 0.000000
727 0.206853 0.356703 0.000000
728 0.356890 0.184231 0.000000
729 0.355837 0.050777 0.000000
730 0.043170 0.058125 0.000000
731 0.179702 0.356709 0.000000
732 0.356720 0.318300 0.000000
733 0.356882 0.279634 0.000000
734 0.357112 0.330933 0.000000
735 0.329350 0.043828 0.000000
736 0.111641 0.043944 0.000000
737 0.357079 0.198082 0.000000
738 0.356996 0.225313 0.000000
739 0.355183 0.040389 0.000000
740 0.042908 0.354409 0.000000
741 0.110415 0.356531 0.000000
742 0.124221 0.356375 0.000000
743 0.043526 0.262237 0.000000
744 0.043332 0.315953 0.000000
745 0.138088 0.356462 0.000000
746 0.339832 0.356854 0.000000
747 0.356956 0.211812 0.000000
748 0.247687 0.043317 0.000000
749 0.138564 0.043493 0.000000
750 0.165733 0.356577 0.000000
751 0.261728 0.043374 0.000000
752 0.097165 0.356587 0.000000
753 0.300705 0.357224 0.000000
754 0.083616 0.357116 0.000000
755 0.056017 0.358710 0.000000
756 0.070130 0.357565 0.000000
757 0.186377 0.054063 0.000000
758 0.165776 0.043290 0.000000
759 0.054194 0.078017 0.000000
760 0.346427 0.245855 0.000000
761 0.124863 0.043825 0.000000
762 0.319118 0.346447 0.000000
763 0.199754 0.054047 0.000000
764 0.054282 0.117509 0.000000
765 0.346007 0.298589 0.000000
766 0.227307 0.345760 0.000000
767 0.092088 0.055431 0.000000
768 0.054118 0.104178 0.000000
769 0.308797 0.053337 0.000000
770 0.275259 0.043341 0.000000
771 0.043517 0.302521 0.000000
772 0.346494 0.259533 0.000000
773 0.079413 0.055449 0.000000
774 0.344982 0.110288 0.000000
775 0.054239 0.214264 0.000000
776 0.345641 0.123881 0.000000
777 0.054295 0.172660 0.000000
778 0.240552 0.345929 0.000000
779 0.054340 0.227600 0.000000
780 0.345938 0.137088 0.000000
781 0.054355 0.158918 0.000000
782 0.193247 0.356751 0.000000
783 0.341706 0.068842 0.000000
784 0.343576 0.044411 0.000000
785 0.055609 0.335796 0.000000
786 0.053545 0.053939 0.000000
787 0.343877 0.346017 0.000000
788 0.054115 0.090900 0.000000
789 0.065376 0.057100 0.000000
790 0.240907 0.053992 0.000000
791 0.063889 0.347208 0.000000
792 0.117266 0.345104 0.000000
793 0.152123 0.356492 0.000000
794 0.076726 0.346439 0.000000
795 0.159238 0.054290 0.000000
796 0.295733 0.053784 0.000000
797 0.054220 0.200359 0.000000
798 0.346232 0.232491 0.000000
799 0.213519 0.054048 0.000000
800 0.054299 0.131450 0.000000
801 0.054598 0.282355 0.000000
802 0.227233 0.054340 0.000000
803 0.054566 0.241377 0.000000
804 0.346038 0.150881 0.000000
805 0.346123 0.285959 0.000000
806 0.130839 0.345194 0.000000
807 0.280707 0.346504 0.000000
808 0.321953 0.054291 0.000000
809 0.343130 0.083698 0.000000
810 0.346084 0.056725 0.000000
811 0.054221 0.186739 0.000000
812 0.347238 0.336336 0.000000
813 0.346336 0.177935 0.000000
814 0.054097 0.322150 0.000000
815 0.103431 0.345120 0.000000
816 0.345540 0.310863 0.000000
817 0.254095 0.346167 0.000000
818 0.306347 0.346482 0.000000
819 0.105485 0.055641 0.000000
820 0.054270 0.065163 0.000000
821 0.054326 0.145141 0.000000
822 0.346210 0.272861 0.000000
823 0.346014 0.205117 0.000000
824 0.186342 0.345687 0.000000
825 0.054524 0.268996 0.000000
826 0.213812 0.345724 0.000000
827 0.267491 0.346282 0.000000
828 0.346156 0.191720 0.000000
829 0.331572 0.346201 0.000000
830 0.145603 0.054419 0.000000
831 0.343959 0.097304 0.000000
832 0.254604 0.054073 0.000000
833 0.090213 0.345599 0.000000
834 0.172591 0.054257 0.000000
835 0.345957 0.164243 0.000000
836 0.172870 0.345644 0.000000
837 0.052390 0.347590 0.000000
838 0.064869 0.110655 0.000000
839 0.346071 0.218787 0.000000
840 0.293404 0.346459 0.000000
841 0.233915 0.335102 0.000000
842 0.268451 0.053967 0.000000
843 0.335168 0.131197 0.000000
844 0.334511 0.117958 0.000000
845 0.069946 0.336457 0.000000
846 0.282291 0.054104 0.000000
847 0.065074 0.220899 0.000000
848 0.054446 0.255200 0.000000
849 0.064360 0.097500 0.000000
850 0.086412 0.067198 0.000000
851 0.065055 0.165718 0.000000
852 0.200268 0.345731 0.000000
853 0.064997 0.084600 0.000000
854 0.343434 0.324536 0.000000
855 0.335557 0.252589 0.000000
856 0.193063 0.064717 0.000000
857 0.054616 0.295704 0.000000
858 0.065178 0.234799 0.000000
859 0.336182 0.335610 0.000000
860 0.335601 0.238971 0.000000
861 0.234029 0.065016 0.000000
862 0.118506 0.055226 0.000000
863 0.065152 0.207446 0.000000
864 0.065282 0.124186 0.000000
865 0.054526 0.309031 0.000000
866 0.220516 0.335053 0.000000
867 0.158940 0.345831 0.000000
868 0.334759 0.291944 0.000000
869 0.074992 0.065939 0.000000
870 0.206738 0.064995 0.000000
871 0.123716 0.334084 0.000000
872 0.334604 0.055889 0.000000
873 0.335633 0.198814 0.000000
874 0.335542 0.212225 0.000000
875 0.314748 0.063109 0.000000
876 0.286410 0.335725 0.000000
877 0.065083 0.179680 0.000000
878 0.324311 0.335487 0.000000
879 0.063936 0.326977 0.000000
880 0.083061 0.334794 0.000000
881 0.247589 0.064918 0.000000
882 0.333381 0.105093 0.000000
883 0.325906 0.066286 0.000000
884 0.335287 0.265912 0.000000
885 0.247314 0.335193 0.000000
886 0.144955 0.345523 0.000000
887 0.334694 0.304389 0.000000
888 0.179600 0.334827 0.000000
889 0.311832 0.335563 0.000000
890 0.302707 0.064684 0.000000
891 0.193332 0.334933 0.000000
892 0.065575 0.151758 0.000000
893 0.065258 0.275600 0.000000
894 0.099403 0.067810 0.000000
895 0.065441 0.289066 0.000000
896 0.335409 0.185093 0.000000
897 0.335249 0.144628 0.000000
898 0.132022 0.054840 0.000000
899 0.273642 0.335453 0.000000
900 0.166003 0.064944 0.000000
901 0.065176 0.071744 0.000000
902 0.110125 0.333719 0.000000
903 0.179503 0.065103 0.000000
904 0.335445 0.171404 0.000000
905 0.328239 0.079208 0.000000
906 0.152608 0.065320 0.000000
907 0.096233 0.334040 0.000000
908 0.066185 0.302624 0.000000
909 0.172828 0.075871 0.000000
910 0.261257 0.064844 0.000000
911 0.064857 0.193573 0.000000
912 0.075115 0.103720 0.000000
913 0.335616 0.225749 0.000000
914 0.165847 0.334769 0.000000
915 0.220517 0.064966 0.000000
916 0.065613 0.262096 0.000000
917 0.299185 0.335630 0.000000
918 0.324505 0.192072 0.000000
919 0.260535 0.335296 0.000000
920 0.065696 0.315496 0.000000
921 0.065522 0.137936 0.000000
922 0.323852 0.125923 0.000000
923 0.289169 0.064836 0.000000
924 0.312714 0.075259 0.000000
925 0.275354 0.064751 0.000000
926 0.207035 0.335020 0.000000
927 0.186186 0.075685 0.000000
928 0.331289 0.092549 0.000000
929 0.334910 0.278974 0.000000
930 0.074291 0.091804 0.000000
931 0.335499 0.158204 0.000000
932 0.137830 0.334287 0.000000
933 0.324645 0.245282 0.000000
934 0.112532 0.067127 0.000000
935 0.075797 0.116676 0.000000
936 0.078440 0.079383 0.000000
937 0.200002 0.075627 0.000000
938 0.322700 0.113334 0.000000
939 0.076414 0.158326 0.000000
940 0.172729 0.323741 0.000000
941 0.324575 0.205379 0.000000
942 0.076153 0.172520 0.000000
943 0.065288 0.248299 0.000000
944 0.324391 0.178648 0.000000
945 0.329669 0.324877 0.000000
946 0.324540 0.258574 0.000000
947 0.240253 0.324371 0.000000
948 0.075491 0.324280 0.000000
949 0.093096 0.080716 0.000000
950 0.186313 0.324048 0.000000
951 0.317521 0.324367 0.000000
952 0.227206 0.324297 0.000000
953 0.335312 0.315432 0.000000
954 0.227091 0.075510 0.000000
955 0.076592 0.268947 0.000000
956 0.075907 0.214236 0.000000
957 0.292167 0.324672 0.000000
958 0.324271 0.138915 0.000000
959 0.323649 0.297790 0.000000
960 0.076498 0.282333 0.000000
961 0.159648 0.076184 0.000000
962 0.139085 0.065647 0.000000
963 0.279335 0.324528 0.000000
964 0.240430 0.075317 0.000000
965 0.323178 0.284873 0.000000
966 0.116660 0.322321 0.000000
967 0.130708 0.322854 0.000000
968 0.076235 0.228005 0.000000
969 0.253600 0.324276 0.000000
970 0.159092 0.323698 0.000000
971 0.324583 0.219069 0.000000
972 0.076891 0.144210 0.000000
973 0.254112 0.075287 0.000000
974 0.324562 0.232168 0.000000
975 0.075929 0.200323 0.000000
976 0.213541 0.075545 0.000000
977 0.151921 0.334598 0.000000
978 0.075994 0.186705 0.000000
979 0.076374 0.255621 0.000000
980 0.087151 0.095196 0.000000
981 0.304768 0.324630 0.000000
982 0.179794 0.086798 0.000000
983 0.323411 0.311867 0.000000
984 0.296359 0.075196 0.000000
985 0.317023 0.088219 0.000000
986 0.079339 0.310519 0.000000
987 0.076861 0.295703 0.000000
988 0.125740 0.066512 0.000000
989 0.323966 0.272027 0.000000
990 0.324411 0.151802 0.000000
991 0.102656 0.322189 0.000000
992 0.324414 0.165346 0.000000
993 0.106889 0.080119 0.000000
994 0.085009 0.109369 0.000000
995 0.179488 0.313064 0.000000
996 0.192950 0.086679 0.000000
997 0.312971 0.121000 0.000000
998 0.313973 0.238518 0.000000
999 0.313909 0.198807 0.000000
1000 0.267953 0.075293 0.000000
1001 0.200327 0.324189 0.000000
1002 0.087214 0.275622 0.000000
1003 0.233802 0.086430 0.000000
1004 0.087461 0.165408 0.000000
1005 0.220186 0.086463 0.000000
1006 0.076344 0.241804 0.000000
1007 0.313798 0.185703 0.000000
1008 0.076780 0.130254 0.000000
1009 0.213819 0.324393 0.000000
1010 0.144888 0.323322 0.000000
1011 0.313744 0.251387 0.000000
1012 0.088705 0.322745 0.000000
1013 0.233617 0.313418 0.000000
1014 0.297728 0.313615 0.000000
1015 0.166313 0.086799 0.000000
1016 0.109341 0.309666 0.000000
1017 0.313752 0.133562 0.000000
1018 0.314269 0.303219 0.000000
1019 0.166000 0.313029 0.000000
1020 0.266560 0.324351 0.000000
1021 0.123628 0.310760 0.000000
1022 0.087919 0.262769 0.000000
1023 0.146229 0.076464 0.000000
1024 0.282048 0.075119 0.000000
1025 0.310508 0.291108 0.000000
1026 0.320530 0.100672 0.000000
1027 0.087907 0.151001 0.000000
1028 0.302758 0.086174 0.000000
1029 0.285146 0.313647 0.000000
1030 0.086800 0.221245 0.000000
1031 0.246539 0.313255 0.000000
1032 0.086745 0.207569 0.000000
1033 0.193374 0.313034 0.000000
1034 0.087982 0.288748 0.000000
1035 0.313695 0.212251 0.000000
1036 0.095219 0.310582 0.000000
1037 0.313790 0.225399 0.000000
1038 0.086949 0.179543 0.000000
1039 0.087822 0.121540 0.000000
1040 0.310689 0.108977 0.000000
1041 0.087174 0.234947 0.000000
1042 0.246919 0.086260 0.000000
1043 0.206624 0.086573 0.000000
1044 0.220569 0.313434 0.000000
1045 0.101524 0.094614 0.000000
1046 0.313677 0.146239 0.000000
1047 0.137890 0.311908 0.000000
1048 0.096903 0.109524 0.000000
1049 0.119885 0.078647 0.000000
1050 0.310146 0.313675 0.000000
1051 0.088247 0.300556 0.000000
1052 0.132907 0.077284 0.000000
1053 0.288370 0.085654 0.000000
1054 0.088566 0.136138 0.000000
1055 0.152019 0.312528 0.000000
1056 0.087622 0.249005 0.000000
1057 0.086634 0.193555 0.000000
1058 0.307223 0.097338 0.000000
1059 0.186424 0.097481 0.000000
1060 0.097963 0.282683 0.000000
1061 0.098149 0.172405 0.000000
1062 0.293552 0.096012 0.000000
1063 0.260528 0.085984 0.000000
1064 0.302853 0.231543 0.000000
1065 0.227015 0.302343 0.000000
1066 0.240059 0.097009 0.000000
1067 0.301676 0.117205 0.000000
1068 0.303060 0.192466 0.000000
1069 0.303300 0.128998 0.000000
1070 0.098141 0.228497 0.000000
1071 0.313581 0.264188 0.000000
1072 0.302719 0.244375 0.000000
1073 0.172532 0.301708 0.000000
1074 0.313439 0.159134 0.000000
1075 0.097798 0.214429 0.000000
1076 0.101366 0.295949 0.000000
1077 0.152998 0.087365 0.000000
1078 0.173047 0.097749 0.000000
1079 0.117119 0.296893 0.000000
1080 0.303075 0.205809 0.000000
1081 0.098786 0.158398 0.000000
1082 0.186569 0.302130 0.000000
1083 0.259611 0.313678 0.000000
1084 0.303112 0.302411 0.000000
1085 0.239846 0.302637 0.000000
1086 0.312818 0.277282 0.000000
1087 0.099425 0.270164 0.000000
1088 0.226747 0.097339 0.000000
1089 0.290884 0.302590 0.000000
1090 0.313684 0.172233 0.000000
1091 0.272533 0.313774 0.000000
1092 0.097839 0.186560 0.000000
1093 0.159043 0.301501 0.000000
1094 0.274211 0.085672 0.000000
1095 0.253264 0.097028 0.000000
1096 0.213740 0.302271 0.000000
1097 0.302639 0.179157 0.000000
1098 0.098711 0.242227 0.000000
1099 0.114939 0.092659 0.000000
1100 0.303022 0.218814 0.000000
1101 0.131403 0.299926 0.000000
1102 0.145158 0.301259 0.000000
1103 0.101185 0.125728 0.000000
1104 0.110854 0.109671 0.000000
1105 0.099224 0.256622 0.000000
1106 0.099694 0.143334 0.000000
1107 0.302633 0.140855 0.000000
1108 0.207109 0.313294 0.000000
1109 0.109632 0.165943 0.000000
1110 0.111987 0.281346 0.000000
1111 0.296498 0.291941 0.000000
1112 0.199837 0.097662 0.000000
1113 0.297860 0.106384 0.000000
1114 0.213331 0.097470 0.000000
1115 0.279911 0.095961 0.000000
1116 0.252489 0.302596 0.000000
1117 0.140424 0.087799 0.000000
1118 0.109044 0.179677 0.000000
1119 0.193262 0.108491 0.000000
1120 0.109763 0.235289 0.000000
1121 0.293854 0.124677 0.000000
1122 0.292053 0.225153 0.000000
1123 0.302694 0.256841 0.000000
1124 0.165548 0.290362 0.000000
1125 0.302191 0.153127 0.000000
1126 0.159841 0.098202 0.000000
1127 0.109176 0.221485 0.000000
1128 0.291698 0.237750 0.000000
1129 0.179967 0.108722 0.000000
1130 0.301012 0.281188 0.000000
1131 0.179575 0.290865 0.000000
1132 0.233280 0.291647 0.000000
1133 0.220305 0.291590 0.000000
1134 0.246487 0.107869 0.000000
1135 0.291752 0.186068 0.000000
1136 0.110527 0.151542 0.000000
1137 0.292015 0.199238 0.000000
1138 0.200192 0.302267 0.000000
1139 0.233060 0.108129 0.000000
1140 0.278103 0.302767 0.000000
1141 0.127688 0.089480 0.000000
1142 0.097807 0.200535 0.000000
1143 0.289498 0.115834 0.000000
1144 0.302906 0.268945 0.000000
1145 0.292203 0.135180 0.000000
1146 0.206415 0.108300 0.000000
1147 0.110702 0.249789 0.000000
1148 0.139178 0.290993 0.000000
1149 0.302279 0.165859 0.000000
1150 0.151657 0.289903 0.000000
1151 0.126959 0.286098 0.000000
1152 0.266527 0.096484 0.000000
1153 0.114001 0.124075 0.000000
1154 0.285058 0.106068 0.000000
1155 0.124646 0.103593 0.000000
1156 0.292103 0.212414 0.000000
1157 0.259187 0.107586 0.000000
1158 0.111746 0.264624 0.000000
1159 0.291245 0.172803 0.000000
1160 0.283501 0.292062 0.000000
1161 0.265393 0.302681 0.000000
1162 0.245910 0.291344 0.000000
1163 0.111665 0.137387 0.000000
1164 0.220005 0.108454 0.000000
1165 0.121674 0.242191 0.000000
1166 0.146904 0.098680 0.000000
1167 0.280489 0.231508 0.000000
1168 0.120318 0.173454 0.000000
1169 0.108611 0.193783 0.000000
1170 0.283317 0.127101 0.000000
1171 0.252601 0.119015 0.000000
1172 0.124881 0.117307 0.000000
1173 0.291369 0.250541 0.000000
1174 0.157989 0.278688 0.000000
1175 0.125228 0.271660 0.000000
1176 0.166640 0.108864 0.000000
1177 0.108720 0.207374 0.000000
1178 0.172368 0.279435 0.000000
1179 0.186708 0.119330 0.000000
1180 0.288504 0.281922 0.000000
1181 0.206950 0.291549 0.000000
1182 0.280988 0.218790 0.000000
1183 0.239597 0.118865 0.000000
1184 0.280251 0.179815 0.000000
1185 0.226668 0.280861 0.000000
1186 0.239585 0.280814 0.000000
1187 0.199839 0.119267 0.000000
1188 0.121425 0.159587 0.000000
1189 0.193372 0.291170 0.000000
1190 0.120463 0.228300 0.000000
1191 0.280752 0.192682 0.000000
1192 0.291221 0.147047 0.000000
1193 0.279956 0.244941 0.000000
1194 0.119993 0.186927 0.000000
1195 0.279603 0.166296 0.000000
1196 0.141419 0.277763 0.000000
1197 0.272083 0.107106 0.000000
1198 0.291002 0.159682 0.000000
1199 0.173708 0.119573 0.000000
1200 0.271049 0.291631 0.000000
1201 0.280077 0.139533 0.000000
1202 0.280918 0.205804 0.000000
1203 0.213350 0.280423 0.000000
1204 0.258573 0.291481 0.000000
1205 0.135361 0.098152 0.000000
1206 0.265283 0.118530 0.000000
1207 0.123382 0.256968 0.000000
1208 0.269672 0.186814 0.000000
1209 0.153008 0.109701 0.000000
1210 0.122200 0.145611 0.000000
1211 0.130996 0.180620 0.000000
1212 0.268850 0.173408 0.000000
1213 0.277385 0.117421 0.000000
1214 0.292000 0.262560 0.000000
1215 0.123926 0.132024 0.000000
1216 0.276718 0.280722 0.000000
1217 0.165855 0.268267 0.000000
1218 0.131977 0.167132 0.000000
1219 0.138055 0.111069 0.000000
1220 0.226293 0.118806 0.000000
1221 0.119929 0.214157 0.000000
1222 0.232937 0.269807 0.000000
1223 0.271586 0.129710 0.000000
1224 0.269890 0.224864 0.000000
1225 0.245927 0.129994 0.000000
1226 0.186611 0.279833 0.000000
1227 0.252018 0.280318 0.000000
1228 0.219933 0.269420 0.000000
1229 0.131939 0.234574 0.000000
1230 0.193575 0.130398 0.000000
1231 0.133912 0.248572 0.000000
1232 0.180264 0.130611 0.000000
1233 0.293331 0.272918 0.000000
1234 0.268769 0.238397 0.000000
1235 0.151335 0.266901 0.000000
1236 0.213321 0.119139 0.000000
1237 0.280151 0.258504 0.000000
1238 0.200118 0.280071 0.000000
1239 0.278936 0.152708 0.000000
1240 0.206768 0.130348 0.000000
1241 0.136599 0.262915 0.000000
1242 0.135727 0.126149 0.000000
1243 0.258657 0.130912 0.000000
1244 0.270054 0.199490 0.000000
1245 0.179782 0.268762 0.000000
1246 0.160093 0.256601 0.000000
1247 0.270055 0.212135 0.000000
1248 0.232974 0.129513 0.000000
1249 0.119822 0.200779 0.000000
1250 0.245776 0.269307 0.000000
1251 0.160831 0.119867 0.000000
1252 0.130975 0.194094 0.000000
1253 0.131141 0.220876 0.000000
1254 0.251017 0.142020 0.000000
1255 0.264550 0.280121 0.000000
1256 0.206906 0.269333 0.000000
1257 0.267237 0.159522 0.000000
1258 0.143525 0.240267 0.000000
1259 0.265768 0.144238 0.000000
1260 0.238974 0.139045 0.000000
1261 0.259298 0.193285 0.000000
1262 0.133065 0.153915 0.000000
1263 0.142369 0.227117 0.000000
1264 0.173801 0.257418 0.000000
1265 0.259240 0.218160 0.000000
1266 0.142719 0.174777 0.000000
1267 0.258691 0.230832 0.000000
1268 0.167569 0.130946 0.000000
1269 0.200617 0.141187 0.000000
1270 0.258627 0.180865 0.000000
1271 0.238973 0.258784 0.000000
1272 0.187164 0.141391 0.000000
1273 0.142388 0.188001 0.000000
1274 0.134015 0.140219 0.000000
1275 0.226330 0.258886 0.000000
1276 0.283150 0.270825 0.000000
1277 0.146469 0.253517 0.000000
1278 0.193532 0.269007 0.000000
1279 0.143520 0.161689 0.000000
1280 0.147606 0.121785 0.000000
1281 0.130980 0.207461 0.000000
1282 0.213734 0.141114 0.000000
1283 0.258884 0.205751 0.000000
1284 0.252123 0.257401 0.000000
1285 0.258656 0.268306 0.000000
1286 0.219872 0.130131 0.000000
1287 0.254292 0.154394 0.000000
1288 0.257073 0.167409 0.000000
1289 0.142130 0.213809 0.000000
1290 0.168255 0.246636 0.000000
1291 0.145676 0.135087 0.000000
1292 0.256831 0.244439 0.000000
1293 0.237963 0.151093 0.000000
1294 0.244877 0.247925 0.000000
1295 0.213611 0.258116 0.000000
1296 0.155963 0.130254 0.000000
1297 0.187182 0.257288 0.000000
1298 0.247825 0.223736 0.000000
1299 0.247792 0.211613 0.000000
1300 0.248285 0.187716 0.000000
1301 0.173570 0.141465 0.000000
1302 0.247932 0.199815 0.000000
1303 0.227383 0.140913 0.000000
1304 0.153352 0.232358 0.000000
1305 0.154385 0.169699 0.000000
1306 0.266261 0.254692 0.000000
1307 0.207597 0.152047 0.000000
1308 0.154003 0.182511 0.000000
1309 0.193894 0.152215 0.000000
1310 0.155472 0.244825 0.000000
1311 0.142284 0.201191 0.000000
1312 0.232345 0.248878 0.000000
1313 0.163346 0.236968 0.000000
1314 0.200440 0.257404 0.000000
1315 0.158711 0.142589 0.000000
1316 0.181034 0.245818 0.000000
1317 0.145043 0.148462 0.000000
1318 0.247708 0.235803 0.000000
1319 0.155712 0.156655 0.000000
1320 0.153637 0.220148 0.000000
1321 0.221726 0.152245 0.000000
1322 0.247976 0.175697 0.000000
1323 0.164816 0.226595 0.000000
1324 0.236757 0.229275 0.000000
1325 0.244186 0.163073 0.000000
1326 0.220021 0.247089 0.000000
1327 0.174091 0.235176 0.000000
1328 0.214158 0.163260 0.000000
1329 0.235984 0.217602 0.000000
1330 0.181336 0.151824 0.000000
1331 0.201409 0.162719 0.000000
1332 0.236581 0.193836 0.000000
1333 0.271278 0.268584 0.000000
1334 0.154020 0.195272 0.000000
1335 0.237859 0.182421 0.000000
1336 0.165254 0.164970 0.000000
1337 0.165101 0.177402 0.000000
1338 0.237841 0.239792 0.000000
1339 0.194118 0.245166 0.000000
1340 0.153971 0.207732 0.000000
1341 0.235933 0.205489 0.000000
1342 0.167977 0.152792 0.000000
1343 0.228828 0.163722 0.000000
1344 0.227160 0.236991 0.000000
1345 0.165890 0.214672 0.000000
1346 0.187336 0.164330 0.000000
1347 0.207309 0.245689 0.000000
1348 0.224152 0.198713 0.000000
1349 0.224572 0.224825 0.000000
1350 0.165261 0.189938 0.000000
1351 0.207361 0.174703 0.000000
1352 0.176037 0.172329 0.000000
1353 0.175552 0.161210 0.000000
1354 0.225973 0.186426 0.000000
1355 0.186932 0.232993 0.000000
1356 0.237866 0.171572 0.000000
1357 0.223519 0.211679 0.000000
1358 0.177467 0.222966 0.000000
1359 0.214511 0.234054 0.000000
1360 0.218729 0.175393 0.000000
1361 0.165608 0.202590 0.000000
1362 0.176193 0.184522 0.000000
1363 0.196174 0.172757 0.000000
1364 0.229288 0.175932 0.000000
1365 0.212497 0.188567 0.000000
1366 0.186785 0.178372 0.000000
1367 0.198791 0.184260 0.000000
1368 0.212517 0.204202 0.000000
1369 0.209898 0.219731 0.000000
1370 0.201028 0.232324 0.000000
1371 0.188353 0.191023 0.000000
1372 0.177944 0.210071 0.000000
1373 0.191709 0.219097 0.000000
1374 0.177025 0.196969 0.000000
1375 0.201120 0.209257 0.000000
1376 0.200551 0.196639 0.000000
1377 0.189192 0.204184 0.000000
$EndNodes
$Elements
2664
1 2 2 1 1  2 64 90
2 2 2 1 1  64 65 146
3 2 2 2 2  1272 1330 1301
4 2 2 1 1  65 66 146
5 2 2 2 2  1371 1377 1374
6 2 2 2 2  1272 1309 1330
7 2 2 1 1  68 69 147
8 2 2 1 1  69 70 148
9 2 2 1 1  69 148 147
10 2 2 2 2  1371 1376 1377
11 2 2 1 1  70 71 148
12 2 2 1 1  4 73 72
13 2 2 1 1  73 74 149
14 2 2 1 1  74 75 150
15 2 2 1 1  74 150 149
16 2 2 1 1  75 76 151
17 2 2 1 1  75 151 150
18 2 2 1 1  5 152 76
19 2 2 1 1  76 152 151
20 2 2 1 1  5 77 152
21 2 2 1 1  77 78 153
22 2 2 1 1  77 153 152
23 2 2 1 1  78 79 154
24 2 2 1 1  78 154 153
25 2 2 1 1  79 80 155
26 2 2 1 1  79 155 154
27 2 2 1 1  6 81 156
28 2 2 1 1  81 82 156
29 2 2 1 1  82 83 157
30 2 2 1 1  82 157 156
31 2 2 1 1  83 84 158
32 2 2 1 1  83 158 157
33 2 2 2 2  1373 1377 1375
34 2 2 1 1  86 87 159
35 2 2 1 1  85 86 159
36 2 2 1 1  88 89 160
37 2 2 1 1  3 145 89
38 2 2 1 1  90 161 91
39 2 2 1 1  91 162 92
40 2 2 1 1  91 161 162
41 2 2 1 1  92 163 93
42 2 2 1 1  92 162 163
43 2 2 1 1  93 164 94
44 2 2 1 1  93 163 164
45 2 2 1 1  94 165 95
46 2 2 1 1  94 164 165
47 2 2 1 1  95 166 96
48 2 2 1 1  95 165 166
49 2 2 1 1  96 167 97
50 2 2 1 1  96 166 167
51 2 2 1 1  97 168 98
52 2 2 1 1  97 167 168
53 2 2 1 1  98 169 99
54 2 2 1 1  98 168 169
55 2 2 1 1  99 170 100
56 2 2 1 1  99 169 170
57 2 2 1 1  100 171 101
58 2 2 1 1  100 170 171
59 2 2 1 1  101 172 102
60 2 2 1 1  101 171 172
61 2 2 1 1  102 173 103
62 2 2 1 1  102 172 173
63 2 2 1 1  103 174 104
64 2 2 1 1  103 173 174
65 2 2 1 1  104 175 105
66 2 2 1 1  104 174 175
67 2 2 1 1  105 176 106
68 2 2 1 1  105 175 176
69 2 2 1 1  106 177 107
70 2 2 1 1  106 176 177
71 2 2 1 1  107 178 108
72 2 2 1 1  107 177 178
73 2 2 1 1  108 179 109
74 2 2 1 1  108 178 179
75 2 2 1 1  109 180 110
76 2 2 1 1  109 179 180
77 2 2 1 1  110 181 111
78 2 2 1 1  110 180 181
79 2 2 1 1  111 182 112
80 2 2 1 1  111 181 182
81 2 2 1 1  112 183 113
82 2 2 1 1  112 182 183
83 2 2 1 1  113 184 114
84 2 2 1 1  113 183 184
85 2 2 1 1  114 185 115
86 2 2 1 1  114 184 185
87 2 2 1 1  115 186 116
88 2 2 1 1  115 185 186
89 2 2 1 1  116 187 117
90 2 2 1 1  116 186 187
91 2 2 1 1  7 117 188
92 2 2 1 1  117 187 188
93 2 2 1 1  7 189 118
94 2 2 1 1  118 190 119
95 2 2 1 1  118 189 190
96 2 2 1 1  119 191 120
97 2 2 1 1  119 190 191
98 2 2 1 1  120 192 121
99 2 2 1 1  120 191 192
100 2 2 1 1  121 193 122
101 2 2 1 1  121 192 193
102 2 2 1 1  122 194 123
103 2 2 1 1  122 193 194
104 2 2 1 1  123 195 124
105 2 2 1 1  123 194 195
106 2 2 1 1  124 196 125
107 2 2 1 1  124 195 196
108 2 2 1 1  125 197 126
109 2 2 1 1  125 196 197
110 2 2 1 1  126 198 127
111 2 2 1 1  126 197 198
112 2 2 1 1  127 199 128
113 2 2 1 1  127 198 199
114 2 2 1 1  128 200 129
115 2 2 1 1  128 199 200
116 2 2 1 1  129 201 130
117 2 2 1 1  129 200 201
118 2 2 1 1  130 202 131
119 2 2 1 1  130 201 202
120 2 2 1 1  131 203 132
121 2 2 1 1  131 202 203
122 2 2 1 1  132 204 133
123 2 2 1 1  132 203 204
124 2 2 1 1  133 205 134
125 2 2 1 1  133 204 205
126 2 2 1 1  134 206 135
127 2 2 1 1  134 205 206
128 2 2 1 1  135 207 136
129 2 2 1 1  135 206 207
130 2 2 1 1  136 208 137
131 2 2 1 1  136 207 208
132 2 2 1 1  137 209 138
133 2 2 1 1  137 208 209
134 2 2 1 1  138 210 139
135 2 2 1 1  138 209 210
136 2 2 1 1  139 211 140
137 2 2 1 1  139 210 211
138 2 2 1 1  140 212 141
139 2 2 1 1  140 211 212
140 2 2 1 1  141 213 142
141 2 2 1 1  141 212 213
142 2 2 1 1  142 214 143
143 2 2 1 1  142 213 214
144 2 2 1 1  143 215 144
145 2 2 1 1  143 214 215
146 2 2 1 1  72 73 216
147 2 2 1 1  71 72 216
148 2 2 1 1  73 149 216
149 2 2 2 2  1308 1350 1334
150 2 2 2 2  1308 1337 1350
151 2 2 1 1  87 217 159
152 2 2 1 1  87 88 217
153 2 2 1 1  6 156 80
154 2 2 1 1  84 218 158
155 2 2 1 1  84 85 218
156 2 2 1 1  89 145 273
157 2 2 1 1  7 188 219
158 2 2 1 1  7 219 189
159 2 2 1 1  64 146 161
160 2 2 1 1  66 67 220
161 2 2 1 1  66 221 146
162 2 2 1 1  66 220 221
163 2 2 2 2  1284 1294 1292
164 2 2 1 1  147 148 222
165 2 2 2 2  1298 1329 1299
166 2 2 1 1  151 152 223
167 2 2 1 1  152 153 223
168 2 2 1 1  88 160 217
169 2 2 1 1  149 150 224
170 2 2 1 1  154 155 225
171 2 2 1 1  153 154 226
172 2 2 1 1  153 226 223
173 2 2 1 1  154 225 226
174 2 2 1 1  158 218 227
175 2 2 1 1  157 158 228
176 2 2 1 1  85 159 229
177 2 2 1 1  188 280 219
178 2 2 1 1  189 219 230
179 2 2 1 1  162 231 163
180 2 2 1 1  163 232 164
181 2 2 1 1  163 231 232
182 2 2 1 1  164 233 165
183 2 2 1 1  164 232 233
184 2 2 1 1  165 233 166
185 2 2 2 2  1298 1324 1329
186 2 2 1 1  166 234 167
187 2 2 1 1  166 233 234
188 2 2 1 1  167 235 168
189 2 2 1 1  167 234 235
190 2 2 1 1  168 236 169
191 2 2 1 1  168 235 236
192 2 2 1 1  169 237 170
193 2 2 1 1  169 236 237
194 2 2 1 1  170 238 171
195 2 2 1 1  170 237 238
196 2 2 1 1  171 239 172
197 2 2 1 1  171 238 239
198 2 2 1 1  172 240 173
199 2 2 1 1  172 239 240
200 2 2 1 1  173 241 174
201 2 2 1 1  173 240 241
202 2 2 1 1  174 242 175
203 2 2 1 1  174 241 242
204 2 2 1 1  175 243 176
205 2 2 1 1  175 242 243
206 2 2 1 1  176 243 177
207 2 2 2 2  1324 1344 1349
208 2 2 1 1  177 244 178
209 2 2 1 1  177 243 244
210 2 2 1 1  178 245 179
211 2 2 1 1  178 244 245
212 2 2 1 1  179 246 180
213 2 2 1 1  179 245 246
214 2 2 1 1  180 247 181
215 2 2 1 1  180 246 247
216 2 2 1 1  181 248 182
217 2 2 1 1  181 247 248
218 2 2 1 1  182 249 183
219 2 2 1 1  182 248 249
220 2 2 1 1  183 249 184
221 2 2 2 2  1324 1349 1329
222 2 2 1 1  184 250 185
223 2 2 1 1  184 249 250
224 2 2 1 1  185 251 186
225 2 2 1 1  185 250 251
226 2 2 1 1  186 252 187
227 2 2 1 1  186 251 252
228 2 2 1 1  187 253 188
229 2 2 1 1  188 253 280
230 2 2 1 1  187 252 253
231 2 2 1 1  190 254 191
232 2 2 1 1  191 255 192
233 2 2 1 1  191 254 255
234 2 2 1 1  192 255 193
235 2 2 2 2  1313 1323 1327
236 2 2 1 1  193 256 194
237 2 2 1 1  193 255 256
238 2 2 1 1  194 257 195
239 2 2 1 1  194 256 257
240 2 2 1 1  195 258 196
241 2 2 1 1  195 257 258
242 2 2 1 1  196 258 197
243 2 2 2 2  1332 1341 1348
244 2 2 1 1  197 259 198
245 2 2 1 1  197 258 259
246 2 2 1 1  198 260 199
247 2 2 1 1  198 259 260
248 2 2 1 1  199 261 200
249 2 2 1 1  199 260 261
250 2 2 1 1  200 261 201
251 2 2 2 2  1295 1314 1347
252 2 2 1 1  201 262 202
253 2 2 1 1  201 261 262
254 2 2 1 1  202 263 203
255 2 2 1 1  202 262 263
256 2 2 1 1  203 263 204
257 2 2 2 2  1295 1347 1326
258 2 2 1 1  204 264 205
259 2 2 1 1  204 263 264
260 2 2 1 1  205 265 206
261 2 2 1 1  205 264 265
262 2 2 1 1  206 266 207
263 2 2 1 1  206 265 266
264 2 2 1 1  207 267 208
265 2 2 1 1  207 266 267
266 2 2 1 1  208 267 209
267 2 2 2 2  1309 1331 1346
268 2 2 1 1  209 268 210
269 2 2 1 1  209 267 268
270 2 2 1 1  210 269 211
271 2 2 1 1  210 268 269
272 2 2 1 1  211 270 212
273 2 2 1 1  211 269 270
274 2 2 1 1  212 270 213
275 2 2 2 2  1309 1346 1330
276 2 2 1 1  213 284 214
277 2 2 1 1  213 270 284
278 2 2 1 1  214 271 215
279 2 2 1 1  214 284 271
280 2 2 1 1  149 272 216
281 2 2 1 1  149 224 272
282 2 2 1 1  144 273 145
283 2 2 1 1  144 215 273
284 2 2 1 1  159 217 274
285 2 2 1 1  159 274 229
286 2 2 1 1  189 275 190
287 2 2 1 1  190 275 254
288 2 2 2 2  1375 1377 1376
289 2 2 1 1  71 276 148
290 2 2 1 1  218 277 227
291 2 2 1 1  150 278 224
292 2 2 1 1  150 151 278
293 2 2 1 1  158 227 228
294 2 2 1 1  160 271 217
295 2 2 2 2  1372 1374 1377
296 2 2 1 1  85 229 218
297 2 2 1 1  80 156 155
298 2 2 1 1  156 157 279
299 2 2 1 1  218 229 277
300 2 2 2 2  1307 1321 1328
301 2 2 1 1  189 230 275
302 2 2 1 1  160 215 271
303 2 2 1 1  67 68 220
304 2 2 1 1  151 223 278
305 2 2 1 1  155 156 279
306 2 2 1 1  157 228 279
307 2 2 1 1  219 280 230
308 2 2 1 1  155 279 225
309 2 2 1 1  227 277 281
310 2 2 1 1  222 282 318
311 2 2 1 1  224 278 283
312 2 2 2 2  1369 1373 1375
313 2 2 1 1  148 276 222
314 2 2 1 1  68 147 220
315 2 2 1 1  217 271 284
316 2 2 1 1  89 273 160
317 2 2 1 1  230 280 285
318 2 2 2 2  1291 1296 1315
319 2 2 1 1  147 287 220
320 2 2 1 1  230 288 275
321 2 2 1 1  230 285 288
322 2 2 1 1  64 161 90
323 2 2 1 1  228 289 279
324 2 2 1 1  225 279 289
325 2 2 2 2  1372 1377 1373
326 2 2 1 1  233 290 234
327 2 2 1 1  234 291 235
328 2 2 1 1  234 290 291
329 2 2 1 1  235 291 236
330 2 2 2 2  1369 1370 1373
331 2 2 1 1  236 292 237
332 2 2 1 1  236 291 292
333 2 2 1 1  237 292 238
334 2 2 2 2  1321 1343 1328
335 2 2 1 1  238 332 239
336 2 2 1 1  238 292 332
337 2 2 1 1  239 293 240
338 2 2 1 1  239 332 293
339 2 2 1 1  240 293 241
340 2 2 2 2  1293 1325 1343
341 2 2 1 1  241 294 242
342 2 2 1 1  241 293 294
343 2 2 1 1  242 295 243
344 2 2 1 1  242 294 295
345 2 2 2 2  1320 1340 1345
346 2 2 2 2  1361 1374 1372
347 2 2 1 1  243 296 244
348 2 2 1 1  243 295 296
349 2 2 1 1  244 296 245
350 2 2 2 2  1320 1345 1323
351 2 2 1 1  245 297 246
352 2 2 1 1  245 296 297
353 2 2 1 1  246 297 247
354 2 2 2 2  1301 1342 1315
355 2 2 1 1  247 298 248
356 2 2 1 1  247 297 298
357 2 2 1 1  248 299 249
358 2 2 1 1  248 298 299
359 2 2 2 2  1312 1326 1344
360 2 2 2 2  1367 1376 1371
361 2 2 1 1  249 300 250
362 2 2 1 1  249 299 300
363 2 2 1 1  250 301 251
364 2 2 1 1  250 300 301
365 2 2 1 1  251 320 252
366 2 2 1 1  251 301 320
367 2 2 1 1  254 302 255
368 2 2 1 1  220 287 323
369 2 2 1 1  222 276 282
370 2 2 1 1  216 272 276
371 2 2 2 2  1324 1338 1344
372 2 2 2 2  1368 1375 1376
373 2 2 1 1  255 303 256
374 2 2 1 1  255 302 303
375 2 2 1 1  256 303 257
376 2 2 2 2  1312 1344 1338
377 2 2 1 1  257 304 258
378 2 2 1 1  257 303 304
379 2 2 2 2  1292 1294 1318
380 2 2 1 1  258 304 305
381 2 2 1 1  258 305 259
382 2 2 2 2  1365 1376 1367
383 2 2 1 1  259 306 260
384 2 2 1 1  259 305 306
385 2 2 1 1  260 307 261
386 2 2 1 1  260 306 307
387 2 2 2 2  1315 1342 1319
388 2 2 2 2  1365 1368 1376
389 2 2 1 1  261 308 262
390 2 2 1 1  261 307 308
391 2 2 1 1  262 309 263
392 2 2 1 1  262 308 309
393 2 2 2 2  1294 1338 1318
394 2 2 2 2  1366 1367 1371
395 2 2 1 1  263 309 264
396 2 2 2 2  1363 1367 1366
397 2 2 1 1  264 310 265
398 2 2 1 1  264 309 310
399 2 2 1 1  265 311 266
400 2 2 1 1  265 310 311
401 2 2 1 1  266 312 267
402 2 2 1 1  266 311 312
403 2 2 2 2  1284 1292 1306
404 2 2 2 2  1346 1363 1366
405 2 2 1 1  267 313 268
406 2 2 1 1  267 312 313
407 2 2 1 1  268 314 269
408 2 2 1 1  268 313 314
409 2 2 1 1  269 315 270
410 2 2 1 1  269 314 315
411 2 2 2 2  1358 1372 1373
412 2 2 1 1  160 273 215
413 2 2 1 1  217 284 274
414 2 2 1 1  254 275 316
415 2 2 1 1  254 316 302
416 2 2 1 1  146 162 161
417 2 2 1 1  71 216 276
418 2 2 1 1  146 231 162
419 2 2 1 1  274 284 315
420 2 2 1 1  272 282 276
421 2 2 2 2  1345 1361 1372
422 2 2 1 1  223 317 278
423 2 2 1 1  278 317 283
424 2 2 1 1  223 226 317
425 2 2 2 2  1368 1369 1375
426 2 2 1 1  227 319 228
427 2 2 1 1  228 319 289
428 2 2 1 1  227 281 319
429 2 2 2 2  1362 1371 1374
430 2 2 1 1  252 320 253
431 2 2 1 1  272 321 282
432 2 2 1 1  225 322 226
433 2 2 1 1  226 322 317
434 2 2 1 1  225 289 322
435 2 2 1 1  280 346 285
436 2 2 1 1  280 286 346
437 2 2 1 1  270 315 284
438 2 2 1 1  275 288 316
439 2 2 1 1  253 286 280
440 2 2 2 2  1350 1374 1361
441 2 2 1 1  253 320 286
442 2 2 2 2  1290 1313 1327
443 2 2 1 1  224 324 272
444 2 2 1 1  229 274 325
445 2 2 1 1  274 315 314
446 2 2 1 1  221 232 231
447 2 2 1 1  233 323 290
448 2 2 1 1  272 324 321
449 2 2 1 1  221 323 232
450 2 2 1 1  224 283 324
451 2 2 1 1  146 221 231
452 2 2 1 1  277 326 281
453 2 2 1 1  147 222 318
454 2 2 1 1  281 326 341
455 2 2 1 1  147 318 287
456 2 2 1 1  302 316 327
457 2 2 2 2  1289 1311 1340
458 2 2 1 1  285 346 328
459 2 2 1 1  321 324 329
460 2 2 1 1  232 323 233
461 2 2 2 2  1350 1362 1374
462 2 2 1 1  291 331 292
463 2 2 1 1  291 330 331
464 2 2 2 2  1284 1306 1285
465 2 2 2 2  1348 1365 1354
466 2 2 2 2  1290 1327 1316
467 2 2 1 1  292 331 332
468 2 2 2 2  1275 1326 1312
469 2 2 2 2  1355 1373 1370
470 2 2 2 2  1294 1312 1338
471 2 2 2 2  1355 1358 1373
472 2 2 1 1  293 333 294
473 2 2 1 1  293 332 333
474 2 2 1 1  294 334 295
475 2 2 1 1  294 333 334
476 2 2 2 2  1359 1370 1369
477 2 2 2 2  1345 1372 1358
478 2 2 1 1  295 356 296
479 2 2 1 1  295 334 356
480 2 2 2 2  1293 1343 1321
481 2 2 2 2  1357 1369 1368
482 2 2 1 1  296 356 297
483 2 2 2 2  1275 1295 1326
484 2 2 2 2  1319 1342 1336
485 2 2 1 1  297 356 335
486 2 2 1 1  297 335 298
487 2 2 2 2  1362 1366 1371
488 2 2 1 1  298 335 299
489 2 2 2 2  1354 1365 1360
490 2 2 2 2  1346 1366 1352
491 2 2 2 2  1260 1293 1303
492 2 2 1 1  299 336 300
493 2 2 1 1  299 335 336
494 2 2 1 1  300 336 301
495 2 2 2 2  1354 1360 1364
496 2 2 1 1  301 337 320
497 2 2 1 1  301 336 337
498 2 2 1 1  288 338 316
499 2 2 1 1  316 338 327
500 2 2 2 2  1285 1306 1333
501 2 2 2 2  1299 1329 1341
502 2 2 1 1  302 339 303
503 2 2 1 1  302 327 339
504 2 2 2 2  1302 1341 1332
505 2 2 1 1  303 339 348
506 2 2 1 1  304 340 305
507 2 2 2 2  1339 1355 1370
508 2 2 2 2  1347 1370 1359
509 2 2 1 1  305 360 306
510 2 2 1 1  305 340 360
511 2 2 1 1  306 349 307
512 2 2 1 1  306 360 349
513 2 2 1 1  307 350 308
514 2 2 2 2  1339 1370 1347
515 2 2 1 1  310 342 311
516 2 2 1 1  311 342 312
517 2 2 2 2  1348 1368 1365
518 2 2 2 2  1335 1354 1364
519 2 2 1 1  312 342 343
520 2 2 2 2  1299 1341 1302
521 2 2 1 1  285 344 288
522 2 2 1 1  288 344 338
523 2 2 1 1  282 345 318
524 2 2 2 2  1315 1319 1317
525 2 2 2 2  1346 1352 1353
526 2 2 1 1  320 337 347
527 2 2 2 2  1326 1347 1359
528 2 2 1 1  285 328 344
529 2 2 1 1  281 361 319
530 2 2 2 2  1327 1358 1355
531 2 2 1 1  229 325 277
532 2 2 1 1  304 348 340
533 2 2 1 1  303 348 304
534 2 2 2 2  1289 1340 1320
535 2 2 2 2  1330 1346 1353
536 2 2 1 1  307 349 350
537 2 2 1 1  308 350 309
538 2 2 2 2  1291 1315 1317
539 2 2 1 1  312 343 313
540 2 2 1 1  309 341 310
541 2 2 1 1  310 341 342
542 2 2 2 2  1349 1369 1357
543 2 2 1 1  274 314 325
544 2 2 2 2  1349 1359 1369
545 2 2 1 1  309 350 341
546 2 2 2 2  1323 1345 1358
547 2 2 1 1  313 343 314
548 2 2 2 2  1348 1357 1368
549 2 2 1 1  277 325 343
550 2 2 1 1  289 319 351
551 2 2 1 1  289 351 322
552 2 2 1 1  287 290 323
553 2 2 1 1  287 330 290
554 2 2 1 1  286 347 346
555 2 2 1 1  281 341 361
556 2 2 1 1  287 318 330
557 2 2 1 1  317 322 352
558 2 2 1 1  328 354 344
559 2 2 1 1  290 330 291
560 2 2 1 1  324 353 347
561 2 2 1 1  318 331 330
562 2 2 1 1  327 338 358
563 2 2 1 1  282 321 334
564 2 2 1 1  338 344 354
565 2 2 1 1  338 354 358
566 2 2 2 2  1351 1367 1363
567 2 2 1 1  283 353 324
568 2 2 1 1  283 355 353
569 2 2 2 2  1288 1322 1325
570 2 2 1 1  321 329 335
571 2 2 2 2  1297 1339 1314
572 2 2 2 2  1351 1365 1367
573 2 2 1 1  341 350 361
574 2 2 1 1  322 351 352
575 2 2 2 2  1352 1366 1362
576 2 2 1 1  220 323 221
577 2 2 1 1  346 353 355
578 2 2 1 1  286 320 347
579 2 2 1 1  321 335 356
580 2 2 2 2  1351 1360 1365
581 2 2 1 1  318 345 331
582 2 2 1 1  324 347 329
583 2 2 2 2  1335 1364 1356
584 2 2 2 2  1297 1316 1339
585 2 2 1 1  329 336 335
586 2 2 2 2  1318 1338 1324
587 2 2 1 1  328 346 355
588 2 2 1 1  327 359 339
589 2 2 1 1  327 358 359
590 2 2 1 1  339 359 348
591 2 2 2 2  1343 1364 1360
592 2 2 2 2  1293 1321 1303
593 2 2 1 1  340 357 360
594 2 2 2 2  1343 1356 1364
595 2 2 2 2  1287 1325 1293
596 2 2 2 2  1322 1335 1356
597 2 2 2 2  1287 1288 1325
598 2 2 2 2  1331 1363 1346
599 2 2 2 2  1331 1351 1363
600 2 2 1 1  348 359 357
601 2 2 1 1  352 354 355
602 2 2 2 2  1328 1343 1360
603 2 2 1 1  317 352 355
604 2 2 1 1  283 317 355
605 2 2 2 2  1305 1336 1337
606 2 2 2 2  1305 1337 1308
607 2 2 2 2  1305 1319 1336
608 2 2 1 1  332 345 333
609 2 2 2 2  1326 1359 1344
610 2 2 2 2  1337 1362 1350
611 2 2 2 2  1300 1335 1322
612 2 2 2 2  1337 1352 1362
613 2 2 1 1  349 361 350
614 2 2 1 1  340 348 357
615 2 2 2 2  1300 1332 1335
616 2 2 1 1  349 360 361
617 2 2 1 1  351 358 352
618 2 2 1 1  282 334 345
619 2 2 1 1  329 337 336
620 2 2 2 2  1298 1318 1324
621 2 2 1 1  319 357 351
622 2 2 1 1  326 342 341
623 2 2 2 2  1334 1350 1361
624 2 2 2 2  1304 1320 1323
625 2 2 2 2  1340 1361 1345
626 2 2 1 1  333 345 334
627 2 2 2 2  1273 1334 1311
628 2 2 1 1  328 355 354
629 2 2 1 1  346 347 353
630 2 2 2 2  1334 1361 1340
631 2 2 1 1  277 343 326
632 2 2 2 2  1328 1360 1351
633 2 2 1 1  331 345 332
634 2 2 2 2  1329 1349 1357
635 2 2 1 1  314 343 325
636 2 2 1 1  351 357 359
637 2 2 1 1  329 347 337
638 2 2 2 2  1273 1308 1334
639 2 2 2 2  1301 1330 1342
640 2 2 1 1  319 361 357
641 2 2 2 2  1344 1359 1349
642 2 2 2 2  1323 1358 1327
643 2 2 1 1  357 361 360
644 2 2 2 2  1329 1357 1341
645 2 2 2 2  1341 1357 1348
646 2 2 1 1  321 356 334
647 2 2 2 2  1304 1323 1313
648 2 2 2 2  1314 1339 1347
649 2 2 2 2  1237 1333 1306
650 2 2 2 2  1237 1276 1333
651 2 2 1 1  352 358 354
652 2 2 2 2  1209 1280 1219
653 2 2 1 1  351 359 358
654 2 2 1 1  326 343 342
655 2 2 2 2  1325 1356 1343
656 2 2 2 2  1322 1356 1325
657 2 2 2 2  1 8 63
658 2 2 2 2  8 9 362
659 2 2 2 2  9 10 363
660 2 2 2 2  10 11 364
661 2 2 2 2  10 364 363
662 2 2 2 2  11 12 365
663 2 2 2 2  12 13 366
664 2 2 2 2  13 14 367
665 2 2 2 2  13 367 366
666 2 2 2 2  14 15 368
667 2 2 2 2  14 368 367
668 2 2 2 2  15 16 369
669 2 2 2 2  16 17 370
670 2 2 2 2  17 18 371
671 2 2 2 2  17 371 370
672 2 2 2 2  18 19 372
673 2 2 2 2  18 372 371
674 2 2 2 2  19 20 373
675 2 2 2 2  19 373 372
676 2 2 2 2  20 21 374
677 2 2 2 2  21 22 375
678 2 2 2 2  21 375 374
679 2 2 2 2  22 23 376
680 2 2 2 2  23 24 377
681 2 2 2 2  24 25 378
682 2 2 2 2  25 26 379
683 2 2 2 2  26 27 380
684 2 2 2 2  26 380 379
685 2 2 2 2  27 28 381
686 2 2 2 2  28 29 382
687 2 2 2 2  28 382 381
688 2 2 2 2  29 30 383
689 2 2 2 2  30 31 384
690 2 2 2 2  30 384 383
691 2 2 2 2  31 32 385
692 2 2 2 2  32 33 386
693 2 2 2 2  33 34 387
694 2 2 2 2  33 387 386
695 2 2 2 2  34 35 388
696 2 2 2 2  2 90 35
697 2 2 2 2  35 90 388
698 2 2 2 2  1279 1317 1319
699 2 2 2 2  3 36 145
700 2 2 2 2  36 37 389
701 2 2 2 2  37 38 390
702 2 2 2 2  37 390 389
703 2 2 2 2  38 39 391
704 2 2 2 2  39 40 392
705 2 2 2 2  40 41 393
706 2 2 2 2  40 393 392
707 2 2 2 2  41 42 394
708 2 2 2 2  41 394 393
709 2 2 2 2  42 43 395
710 2 2 2 2  42 395 394
711 2 2 2 2  43 44 396
712 2 2 2 2  43 396 395
713 2 2 2 2  44 45 397
714 2 2 2 2  44 397 396
715 2 2 2 2  45 46 398
716 2 2 2 2  45 398 397
717 2 2 2 2  46 47 399
718 2 2 2 2  46 399 398
719 2 2 2 2  47 48 400
720 2 2 2 2  47 400 399
721 2 2 2 2  48 49 401
722 2 2 2 2  48 401 400
723 2 2 2 2  49 50 402
724 2 2 2 2  49 402 401
725 2 2 2 2  50 51 403
726 2 2 2 2  51 52 404
727 2 2 2 2  52 53 405
728 2 2 2 2  53 54 406
729 2 2 2 2  53 406 405
730 2 2 2 2  54 55 407
731 2 2 2 2  55 56 408
732 2 2 2 2  56 57 409
733 2 2 2 2  56 409 408
734 2 2 2 2  57 58 410
735 2 2 2 2  57 410 409
736 2 2 2 2  58 59 411
737 2 2 2 2  59 60 412
738 2 2 2 2  60 61 413
739 2 2 2 2  60 413 412
740 2 2 2 2  61 62 414
741 2 2 2 2  62 63 415
742 2 2 2 2  36 389 145
743 2 2 2 2  90 91 416
744 2 2 2 2  1268 1301 1315
745 2 2 2 2  91 92 417
746 2 2 2 2  91 417 416
747 2 2 2 2  92 93 418
748 2 2 2 2  92 418 417
749 2 2 2 2  93 94 419
750 2 2 2 2  93 419 418
751 2 2 2 2  94 95 420
752 2 2 2 2  94 420 419
753 2 2 2 2  95 96 421
754 2 2 2 2  95 421 420
755 2 2 2 2  96 97 422
756 2 2 2 2  96 422 421
757 2 2 2 2  97 98 423
758 2 2 2 2  97 423 422
759 2 2 2 2  98 99 424
760 2 2 2 2  98 424 423
761 2 2 2 2  99 100 425
762 2 2 2 2  99 425 424
763 2 2 2 2  100 101 426
764 2 2 2 2  100 426 425
765 2 2 2 2  101 102 427
766 2 2 2 2  101 427 426
767 2 2 2 2  102 103 428
768 2 2 2 2  102 428 427
769 2 2 2 2  103 104 429
770 2 2 2 2  103 429 428
771 2 2 2 2  104 105 430
772 2 2 2 2  104 430 429
773 2 2 2 2  105 106 431
774 2 2 2 2  105 431 430
775 2 2 2 2  106 107 432
776 2 2 2 2  106 432 431
777 2 2 2 2  107 108 433
778 2 2 2 2  107 433 432
779 2 2 2 2  108 109 434
780 2 2 2 2  108 434 433
781 2 2 2 2  109 110 435
782 2 2 2 2  109 435 434
783 2 2 2 2  110 111 436
784 2 2 2 2  110 436 435
785 2 2 2 2  111 112 437
786 2 2 2 2  111 437 436
787 2 2 2 2  112 113 438
788 2 2 2 2  112 438 437
789 2 2 2 2  113 114 439
790 2 2 2 2  113 439 438
791 2 2 2 2  114 115 440
792 2 2 2 2  114 440 439
793 2 2 2 2  115 116 441
794 2 2 2 2  115 441 440
795 2 2 2 2  116 117 442
796 2 2 2 2  116 442 441
797 2 2 2 2  7 118 117
798 2 2 2 2  118 119 443
799 2 2 2 2  119 120 444
800 2 2 2 2  120 121 445
801 2 2 2 2  120 445 444
802 2 2 2 2  121 122 446
803 2 2 2 2  122 123 447
804 2 2 2 2  123 124 448
805 2 2 2 2  123 448 447
806 2 2 2 2  124 125 449
807 2 2 2 2  124 449 448
808 2 2 2 2  125 126 450
809 2 2 2 2  125 450 449
810 2 2 2 2  126 127 451
811 2 2 2 2  127 128 452
812 2 2 2 2  128 129 453
813 2 2 2 2  129 130 454
814 2 2 2 2  129 454 453
815 2 2 2 2  130 131 455
816 2 2 2 2  131 132 456
817 2 2 2 2  131 456 455
818 2 2 2 2  132 133 457
819 2 2 2 2  133 134 458
820 2 2 2 2  133 458 457
821 2 2 2 2  134 135 459
822 2 2 2 2  135 136 460
823 2 2 2 2  136 137 461
824 2 2 2 2  137 138 462
825 2 2 2 2  138 139 463
826 2 2 2 2  138 463 462
827 2 2 2 2  139 140 464
828 2 2 2 2  139 464 463
829 2 2 2 2  140 141 465
830 2 2 2 2  140 465 464
831 2 2 2 2  141 142 466
832 2 2 2 2  142 143 467
833 2 2 2 2  143 144 468
834 2 2 2 2  143 468 467
835 2 2 2 2  144 145 469
836 2 2 2 2  144 469 468
837 2 2 2 2  145 389 469
838 2 2 2 2  8 415 63
839 2 2 2 2  9 363 362
840 2 2 2 2  12 366 365
841 2 2 2 2  15 369 368
842 2 2 2 2  16 370 369
843 2 2 2 2  20 374 373
844 2 2 2 2  22 376 375
845 2 2 2 2  23 377 376
846 2 2 2 2  24 378 377
847 2 2 2 2  25 379 378
848 2 2 2 2  29 383 382
849 2 2 2 2  31 385 384
850 2 2 2 2  32 386 385
851 2 2 2 2  38 391 390
852 2 2 2 2  39 392 391
853 2 2 2 2  50 403 402
854 2 2 2 2  51 404 403
855 2 2 2 2  52 405 404
856 2 2 2 2  55 408 407
857 2 2 2 2  58 411 410
858 2 2 2 2  59 412 411
859 2 2 2 2  62 415 414
860 2 2 2 2  117 118 443
861 2 2 2 2  121 446 445
862 2 2 2 2  119 444 443
863 2 2 2 2  122 447 446
864 2 2 2 2  126 451 450
865 2 2 2 2  127 452 451
866 2 2 2 2  128 453 452
867 2 2 2 2  132 457 456
868 2 2 2 2  134 459 458
869 2 2 2 2  135 460 459
870 2 2 2 2  136 461 460
871 2 2 2 2  137 462 461
872 2 2 2 2  141 466 465
873 2 2 2 2  142 467 466
874 2 2 2 2  11 365 364
875 2 2 2 2  27 381 380
876 2 2 2 2  34 388 387
877 2 2 2 2  54 407 406
878 2 2 2 2  61 414 413
879 2 2 2 2  130 455 454
880 2 2 2 2  365 366 470
881 2 2 2 2  363 364 471
882 2 2 2 2  368 369 472
883 2 2 2 2  366 367 473
884 2 2 2 2  373 374 474
885 2 2 2 2  370 371 475
886 2 2 2 2  375 376 476
887 2 2 2 2  374 375 477
888 2 2 2 2  374 477 474
889 2 2 2 2  377 378 478
890 2 2 2 2  379 380 479
891 2 2 2 2  381 382 480
892 2 2 2 2  383 384 481
893 2 2 2 2  390 391 482
894 2 2 2 2  386 387 483
895 2 2 2 2  90 416 388
896 2 2 2 2  1300 1302 1332
897 2 2 2 2  393 394 484
898 2 2 2 2  391 392 485
899 2 2 2 2  389 390 486
900 2 2 2 2  389 486 469
901 2 2 2 2  390 482 486
902 2 2 2 2  402 403 487
903 2 2 2 2  392 393 488
904 2 2 2 2  392 488 485
905 2 2 2 2  393 484 488
906 2 2 2 2  395 396 489
907 2 2 2 2  396 397 490
908 2 2 2 2  396 490 489
909 2 2 2 2  397 398 491
910 2 2 2 2  397 491 490
911 2 2 2 2  398 399 492
912 2 2 2 2  399 400 493
913 2 2 2 2  400 401 494
914 2 2 2 2  400 494 493
915 2 2 2 2  401 402 495
916 2 2 2 2  402 487 495
917 2 2 2 2  403 404 496
918 2 2 2 2  404 405 497
919 2 2 2 2  405 406 498
920 2 2 2 2  405 498 497
921 2 2 2 2  410 411 499
922 2 2 2 2  408 409 500
923 2 2 2 2  414 415 501
924 2 2 2 2  412 413 502
925 2 2 2 2  8 362 415
926 2 2 2 2  417 418 503
927 2 2 2 2  418 419 504
928 2 2 2 2  418 504 503
929 2 2 2 2  419 420 505
930 2 2 2 2  420 421 506
931 2 2 2 2  421 422 507
932 2 2 2 2  421 507 506
933 2 2 2 2  422 423 508
934 2 2 2 2  422 508 507
935 2 2 2 2  423 424 509
936 2 2 2 2  423 509 508
937 2 2 2 2  424 425 510
938 2 2 2 2  425 426 511
939 2 2 2 2  426 427 512
940 2 2 2 2  427 428 513
941 2 2 2 2  427 513 512
942 2 2 2 2  428 429 514
943 2 2 2 2  429 430 515
944 2 2 2 2  429 515 514
945 2 2 2 2  430 431 516
946 2 2 2 2  431 432 517
947 2 2 2 2  431 517 516
948 2 2 2 2  432 433 518
949 2 2 2 2  433 434 519
950 2 2 2 2  434 435 520
951 2 2 2 2  435 436 521
952 2 2 2 2  435 521 520
953 2 2 2 2  436 437 522
954 2 2 2 2  436 522 521
955 2 2 2 2  437 438 523
956 2 2 2 2  438 439 524
957 2 2 2 2  438 524 523
958 2 2 2 2  439 440 525
959 2 2 2 2  440 441 526
960 2 2 2 2  445 446 527
961 2 2 2 2  446 447 528
962 2 2 2 2  444 445 529
963 2 2 2 2  450 451 530
964 2 2 2 2  447 448 531
965 2 2 2 2  447 531 528
966 2 2 2 2  451 452 532
967 2 2 2 2  452 453 533
968 2 2 2 2  453 454 534
969 2 2 2 2  453 534 533
970 2 2 2 2  455 456 535
971 2 2 2 2  457 458 536
972 2 2 2 2  460 461 537
973 2 2 2 2  462 463 538
974 2 2 2 2  466 467 539
975 2 2 2 2  364 365 540
976 2 2 2 2  467 468 541
977 2 2 2 2  467 541 539
978 2 2 2 2  380 381 542
979 2 2 2 2  380 542 479
980 2 2 2 2  381 480 542
981 2 2 2 2  367 368 543
982 2 2 2 2  367 543 473
983 2 2 2 2  369 370 544
984 2 2 2 2  369 544 472
985 2 2 2 2  370 475 544
986 2 2 2 2  371 372 545
987 2 2 2 2  371 545 475
988 2 2 2 2  372 373 546
989 2 2 2 2  372 546 545
990 2 2 2 2  373 474 546
991 2 2 2 2  376 377 547
992 2 2 2 2  378 379 548
993 2 2 2 2  378 548 478
994 2 2 2 2  379 479 548
995 2 2 2 2  382 383 549
996 2 2 2 2  382 549 480
997 2 2 2 2  383 481 549
998 2 2 2 2  387 388 550
999 2 2 2 2  387 550 483
1000 2 2 2 2  388 416 550
1001 2 2 2 2  384 385 551
1002 2 2 2 2  384 551 481
1003 2 2 2 2  385 386 552
1004 2 2 2 2  385 552 551
1005 2 2 2 2  386 483 552
1006 2 2 2 2  406 407 553
1007 2 2 2 2  416 417 554
1008 2 2 2 2  1307 1331 1309
1009 2 2 2 2  417 503 554
1010 2 2 2 2  394 395 555
1011 2 2 2 2  394 555 484
1012 2 2 2 2  395 489 555
1013 2 2 2 2  407 408 556
1014 2 2 2 2  413 414 557
1015 2 2 2 2  409 410 558
1016 2 2 2 2  410 499 558
1017 2 2 2 2  411 412 559
1018 2 2 2 2  411 559 499
1019 2 2 2 2  412 502 559
1020 2 2 2 2  454 455 560
1021 2 2 2 2  454 560 534
1022 2 2 2 2  455 535 560
1023 2 2 2 2  362 363 561
1024 2 2 2 2  443 444 562
1025 2 2 2 2  444 529 562
1026 2 2 2 2  448 449 563
1027 2 2 2 2  448 563 531
1028 2 2 2 2  449 450 564
1029 2 2 2 2  450 530 564
1030 2 2 2 2  456 457 565
1031 2 2 2 2  456 565 535
1032 2 2 2 2  457 536 565
1033 2 2 2 2  458 459 566
1034 2 2 2 2  458 566 536
1035 2 2 2 2  459 460 567
1036 2 2 2 2  459 567 566
1037 2 2 2 2  460 537 567
1038 2 2 2 2  461 462 568
1039 2 2 2 2  461 568 537
1040 2 2 2 2  462 538 568
1041 2 2 2 2  465 466 569
1042 2 2 2 2  463 464 570
1043 2 2 2 2  463 570 538
1044 2 2 2 2  464 465 571
1045 2 2 2 2  464 571 570
1046 2 2 2 2  449 564 563
1047 2 2 2 2  363 471 561
1048 2 2 2 2  368 472 543
1049 2 2 2 2  451 532 530
1050 2 2 2 2  366 473 470
1051 2 2 2 2  376 547 476
1052 2 2 2 2  445 527 529
1053 2 2 2 2  375 476 477
1054 2 2 2 2  446 528 527
1055 2 2 2 2  441 562 526
1056 2 2 2 2  439 525 524
1057 2 2 2 2  437 523 522
1058 2 2 2 2  434 520 519
1059 2 2 2 2  432 518 517
1060 2 2 2 2  403 496 487
1061 2 2 2 2  430 516 515
1062 2 2 2 2  406 553 498
1063 2 2 2 2  428 514 513
1064 2 2 2 2  408 500 556
1065 2 2 2 2  391 485 482
1066 2 2 2 2  398 492 491
1067 2 2 2 2  399 493 492
1068 2 2 2 2  404 497 496
1069 2 2 2 2  426 512 511
1070 2 2 2 2  419 505 504
1071 2 2 2 2  414 501 557
1072 2 2 2 2  413 557 502
1073 2 2 2 2  362 501 415
1074 2 2 2 2  409 558 500
1075 2 2 2 2  420 506 505
1076 2 2 2 2  424 510 509
1077 2 2 2 2  425 511 510
1078 2 2 2 2  433 519 518
1079 2 2 2 2  440 526 525
1080 2 2 2 2  441 442 562
1081 2 2 2 2  401 495 494
1082 2 2 2 2  452 533 532
1083 2 2 2 2  407 556 553
1084 2 2 2 2  465 569 571
1085 2 2 2 2  466 539 569
1086 2 2 2 2  364 540 471
1087 2 2 2 2  377 478 547
1088 2 2 2 2  365 470 540
1089 2 2 2 2  468 469 572
1090 2 2 2 2  468 572 541
1091 2 2 2 2  469 486 572
1092 2 2 2 2  470 473 573
1093 2 2 2 2  475 545 574
1094 2 2 2 2  494 495 575
1095 2 2 2 2  474 477 576
1096 2 2 2 2  524 525 577
1097 2 2 2 2  521 522 578
1098 2 2 2 2  473 543 579
1099 2 2 2 2  473 579 573
1100 2 2 2 2  481 551 580
1101 2 2 2 2  500 581 556
1102 2 2 2 2  489 490 582
1103 2 2 2 2  492 493 583
1104 2 2 2 2  496 497 584
1105 2 2 2 2  493 494 585
1106 2 2 2 2  494 575 585
1107 2 2 2 2  487 586 495
1108 2 2 2 2  495 586 575
1109 2 2 2 2  511 512 587
1110 2 2 2 2  508 509 588
1111 2 2 2 2  497 498 589
1112 2 2 2 2  497 589 584
1113 2 2 2 2  507 508 590
1114 2 2 2 2  508 588 590
1115 2 2 2 2  482 485 591
1116 2 2 2 2  500 558 592
1117 2 2 2 2  501 593 557
1118 2 2 2 2  503 504 594
1119 2 2 2 2  509 510 595
1120 2 2 2 2  506 507 596
1121 2 2 2 2  507 590 596
1122 2 2 2 2  510 511 597
1123 2 2 2 2  518 519 598
1124 2 2 2 2  504 505 599
1125 2 2 2 2  504 599 594
1126 2 2 2 2  512 513 600
1127 2 2 2 2  512 600 587
1128 2 2 2 2  498 553 601
1129 2 2 2 2  514 515 602
1130 2 2 2 2  487 496 603
1131 2 2 2 2  516 517 604
1132 2 2 2 2  525 526 605
1133 2 2 2 2  517 518 606
1134 2 2 2 2  520 521 607
1135 2 2 2 2  521 578 607
1136 2 2 2 2  519 520 608
1137 2 2 2 2  519 608 598
1138 2 2 2 2  520 607 608
1139 2 2 2 2  522 523 609
1140 2 2 2 2  522 609 578
1141 2 2 2 2  523 524 610
1142 2 2 2 2  523 610 609
1143 2 2 2 2  524 577 610
1144 2 2 2 2  476 611 477
1145 2 2 2 2  477 611 576
1146 2 2 2 2  513 514 612
1147 2 2 2 2  513 612 600
1148 2 2 2 2  514 602 612
1149 2 2 2 2  526 562 613
1150 2 2 2 2  526 613 605
1151 2 2 2 2  529 613 562
1152 2 2 2 2  531 563 614
1153 2 2 2 2  532 533 615
1154 2 2 2 2  528 531 616
1155 2 2 2 2  531 614 616
1156 2 2 2 2  553 556 617
1157 2 2 2 2  490 491 618
1158 2 2 2 2  490 618 582
1159 2 2 2 2  533 534 619
1160 2 2 2 2  533 619 615
1161 2 2 2 2  536 566 620
1162 2 2 2 2  491 492 621
1163 2 2 2 2  491 621 618
1164 2 2 2 2  492 583 621
1165 2 2 2 2  530 532 622
1166 2 2 2 2  527 528 623
1167 2 2 2 2  528 616 623
1168 2 2 2 2  527 624 529
1169 2 2 2 2  529 624 613
1170 2 2 2 2  527 623 624
1171 2 2 2 2  539 541 625
1172 2 2 2 2  515 516 626
1173 2 2 2 2  515 626 602
1174 2 2 2 2  516 604 626
1175 2 2 2 2  569 627 571
1176 2 2 2 2  362 561 501
1177 2 2 2 2  499 628 558
1178 2 2 2 2  558 628 592
1179 2 2 2 2  502 557 629
1180 2 2 2 2  470 630 540
1181 2 2 2 2  505 506 631
1182 2 2 2 2  478 632 547
1183 2 2 2 2  530 633 564
1184 2 2 2 2  530 622 633
1185 2 2 2 2  476 547 634
1186 2 2 2 2  476 634 611
1187 2 2 2 2  547 632 634
1188 2 2 2 2  563 564 635
1189 2 2 2 2  563 635 614
1190 2 2 2 2  564 633 635
1191 2 2 2 2  538 570 636
1192 2 2 2 2  539 637 569
1193 2 2 2 2  569 637 627
1194 2 2 2 2  539 625 637
1195 2 2 2 2  472 638 543
1196 2 2 2 2  471 540 639
1197 2 2 2 2  570 571 640
1198 2 2 2 2  570 640 636
1199 2 2 2 2  571 627 640
1200 2 2 2 2  501 561 593
1201 2 2 2 2  475 574 641
1202 2 2 2 2  475 641 544
1203 2 2 2 2  474 576 642
1204 2 2 2 2  474 642 546
1205 2 2 2 2  481 643 549
1206 2 2 2 2  480 549 644
1207 2 2 2 2  549 643 644
1208 2 2 2 2  551 645 580
1209 2 2 2 2  551 552 645
1210 2 2 2 2  483 550 646
1211 2 2 2 2  478 647 632
1212 2 2 2 2  478 548 647
1213 2 2 2 2  506 596 631
1214 2 2 2 2  556 581 617
1215 2 2 2 2  518 598 606
1216 2 2 2 2  470 573 630
1217 2 2 2 2  484 648 488
1218 2 2 2 2  489 582 649
1219 2 2 2 2  489 649 555
1220 2 2 2 2  485 488 650
1221 2 2 2 2  488 648 650
1222 2 2 2 2  517 606 604
1223 2 2 2 2  496 584 603
1224 2 2 2 2  493 585 583
1225 2 2 2 2  487 603 586
1226 2 2 2 2  498 601 589
1227 2 2 2 2  505 631 599
1228 2 2 2 2  485 650 591
1229 2 2 2 2  535 651 560
1230 2 2 2 2  500 592 581
1231 2 2 2 2  510 597 595
1232 2 2 2 2  557 593 629
1233 2 2 2 2  534 560 652
1234 2 2 2 2  560 651 652
1235 2 2 2 2  503 594 653
1236 2 2 2 2  503 653 554
1237 2 2 2 2  484 555 654
1238 2 2 2 2  484 654 648
1239 2 2 2 2  555 649 654
1240 2 2 2 2  509 595 588
1241 2 2 2 2  502 629 655
1242 2 2 2 2  502 655 559
1243 2 2 2 2  511 587 597
1244 2 2 2 2  541 656 625
1245 2 2 2 2  541 572 656
1246 2 2 2 2  553 617 601
1247 2 2 2 2  471 593 561
1248 2 2 2 2  525 605 577
1249 2 2 2 2  532 615 622
1250 2 2 2 2  499 559 657
1251 2 2 2 2  536 620 658
1252 2 2 2 2  536 658 565
1253 2 2 2 2  499 657 628
1254 2 2 2 2  535 565 659
1255 2 2 2 2  535 659 651
1256 2 2 2 2  534 652 619
1257 2 2 2 2  566 660 620
1258 2 2 2 2  566 567 660
1259 2 2 2 2  538 661 568
1260 2 2 2 2  538 636 661
1261 2 2 2 2  543 638 579
1262 2 2 2 2  537 568 662
1263 2 2 2 2  568 661 662
1264 2 2 2 2  416 554 550
1265 2 2 2 2  537 662 663
1266 2 2 2 2  537 663 567
1267 2 2 2 2  480 664 542
1268 2 2 2 2  480 644 664
1269 2 2 2 2  545 546 665
1270 2 2 2 2  545 665 574
1271 2 2 2 2  546 642 665
1272 2 2 2 2  479 666 548
1273 2 2 2 2  483 667 552
1274 2 2 2 2  552 667 645
1275 2 2 2 2  483 646 667
1276 2 2 2 2  472 544 668
1277 2 2 2 2  472 668 638
1278 2 2 2 2  544 641 668
1279 2 2 2 2  540 630 639
1280 2 2 2 2  471 639 593
1281 2 2 2 2  479 669 666
1282 2 2 2 2  479 542 669
1283 2 2 2 2  481 580 643
1284 2 2 2 2  575 586 670
1285 2 2 2 2  576 611 671
1286 2 2 2 2  573 579 672
1287 2 2 2 2  550 554 646
1288 2 2 2 2  622 673 633
1289 2 2 2 2  578 674 607
1290 2 2 2 2  643 675 644
1291 2 2 2 2  588 595 676
1292 2 2 2 2  648 677 650
1293 2 2 2 2  583 585 678
1294 2 2 2 2  482 591 679
1295 2 2 2 2  584 589 680
1296 2 2 2 2  588 681 590
1297 2 2 2 2  588 676 681
1298 2 2 2 2  619 652 682
1299 2 2 2 2  581 592 683
1300 2 2 2 2  590 684 596
1301 2 2 2 2  590 681 684
1302 2 2 2 2  651 685 652
1303 2 2 2 2  652 685 682
1304 2 2 2 2  587 600 686
1305 2 2 2 2  630 687 639
1306 2 2 2 2  117 443 442
1307 2 2 2 2  581 688 617
1308 2 2 2 2  599 631 689
1309 2 2 2 2  573 690 630
1310 2 2 2 2  594 599 691
1311 2 2 2 2  605 613 692
1312 2 2 2 2  613 624 692
1313 2 2 2 2  589 601 693
1314 2 2 2 2  589 693 680
1315 2 2 2 2  575 694 585
1316 2 2 2 2  575 670 694
1317 2 2 2 2  584 695 603
1318 2 2 2 2  584 680 695
1319 2 2 2 2  578 609 696
1320 2 2 2 2  578 696 674
1321 2 2 2 2  559 655 657
1322 2 2 2 2  442 443 562
1323 2 2 2 2  586 603 697
1324 2 2 2 2  586 697 670
1325 2 2 2 2  603 695 697
1326 2 2 2 2  614 698 616
1327 2 2 2 2  615 619 699
1328 2 2 2 2  619 682 699
1329 2 2 2 2  598 700 606
1330 2 2 2 2  595 597 701
1331 2 2 2 2  482 679 486
1332 2 2 2 2  582 618 702
1333 2 2 2 2  616 703 623
1334 2 2 2 2  615 704 622
1335 2 2 2 2  622 704 673
1336 2 2 2 2  615 699 704
1337 2 2 2 2  604 606 705
1338 2 2 2 2  548 666 647
1339 2 2 2 2  596 706 631
1340 2 2 2 2  631 706 689
1341 2 2 2 2  596 684 706
1342 2 2 2 2  592 628 707
1343 2 2 2 2  592 707 683
1344 2 2 2 2  591 650 708
1345 2 2 2 2  650 677 708
1346 2 2 2 2  587 709 597
1347 2 2 2 2  597 709 701
1348 2 2 2 2  587 686 709
1349 2 2 2 2  579 638 710
1350 2 2 2 2  579 710 672
1351 2 2 2 2  577 605 711
1352 2 2 2 2  605 692 711
1353 2 2 2 2  628 657 712
1354 2 2 2 2  593 639 713
1355 2 2 2 2  593 713 629
1356 2 2 2 2  639 687 713
1357 2 2 2 2  580 714 643
1358 2 2 2 2  643 714 675
1359 2 2 2 2  601 617 715
1360 2 2 2 2  601 715 693
1361 2 2 2 2  617 688 715
1362 2 2 2 2  554 653 646
1363 2 2 2 2  576 716 642
1364 2 2 2 2  576 671 716
1365 2 2 2 2  616 698 703
1366 2 2 2 2  573 672 690
1367 2 2 2 2  598 608 717
1368 2 2 2 2  574 665 718
1369 2 2 2 2  606 700 705
1370 2 2 2 2  632 647 719
1371 2 2 2 2  644 675 720
1372 2 2 2 2  644 720 664
1373 2 2 2 2  582 721 649
1374 2 2 2 2  582 702 721
1375 2 2 2 2  632 719 722
1376 2 2 2 2  632 722 634
1377 2 2 2 2  628 712 707
1378 2 2 2 2  583 678 723
1379 2 2 2 2  583 723 621
1380 2 2 2 2  611 634 724
1381 2 2 2 2  634 722 724
1382 2 2 2 2  655 725 657
1383 2 2 2 2  581 683 688
1384 2 2 2 2  633 726 635
1385 2 2 2 2  633 673 726
1386 2 2 2 2  651 727 685
1387 2 2 2 2  651 659 727
1388 2 2 2 2  599 689 691
1389 2 2 2 2  600 728 686
1390 2 2 2 2  600 612 728
1391 2 2 2 2  594 729 653
1392 2 2 2 2  594 691 729
1393 2 2 2 2  598 717 700
1394 2 2 2 2  629 730 655
1395 2 2 2 2  655 730 725
1396 2 2 2 2  629 713 730
1397 2 2 2 2  630 690 687
1398 2 2 2 2  620 731 658
1399 2 2 2 2  609 732 696
1400 2 2 2 2  609 610 732
1401 2 2 2 2  607 733 608
1402 2 2 2 2  608 733 717
1403 2 2 2 2  607 674 733
1404 2 2 2 2  611 724 671
1405 2 2 2 2  577 734 610
1406 2 2 2 2  610 734 732
1407 2 2 2 2  577 711 734
1408 2 2 2 2  580 735 714
1409 2 2 2 2  580 645 735
1410 2 2 2 2  638 736 710
1411 2 2 2 2  638 668 736
1412 2 2 2 2  602 737 612
1413 2 2 2 2  612 737 728
1414 2 2 2 2  604 705 738
1415 2 2 2 2  604 738 626
1416 2 2 2 2  646 653 739
1417 2 2 2 2  646 739 667
1418 2 2 2 2  653 729 739
1419 2 2 2 2  565 658 659
1420 2 2 2 2  585 694 678
1421 2 2 2 2  591 740 679
1422 2 2 2 2  595 701 676
1423 2 2 2 2  486 679 572
1424 2 2 2 2  567 663 660
1425 2 2 2 2  636 741 661
1426 2 2 2 2  661 742 662
1427 2 2 2 2  618 621 743
1428 2 2 2 2  618 743 702
1429 2 2 2 2  621 723 743
1430 2 2 2 2  648 744 677
1431 2 2 2 2  648 654 744
1432 2 2 2 2  662 745 663
1433 2 2 2 2  662 742 745
1434 2 2 2 2  623 746 624
1435 2 2 2 2  624 746 692
1436 2 2 2 2  623 703 746
1437 2 2 2 2  602 626 747
1438 2 2 2 2  602 747 737
1439 2 2 2 2  626 738 747
1440 2 2 2 2  647 666 748
1441 2 2 2 2  574 749 641
1442 2 2 2 2  574 718 749
1443 2 2 2 2  657 725 712
1444 2 2 2 2  620 750 731
1445 2 2 2 2  620 660 750
1446 2 2 2 2  666 751 748
1447 2 2 2 2  666 669 751
1448 2 2 2 2  591 708 740
1449 2 2 2 2  636 752 741
1450 2 2 2 2  636 640 752
1451 2 2 2 2  614 635 753
1452 2 2 2 2  614 753 698
1453 2 2 2 2  635 726 753
1454 2 2 2 2  542 664 669
1455 2 2 2 2  627 754 640
1456 2 2 2 2  640 754 752
1457 2 2 2 2  625 755 637
1458 2 2 2 2  627 637 756
1459 2 2 2 2  627 756 754
1460 2 2 2 2  671 757 716
1461 2 2 2 2  665 758 718
1462 2 2 2 2  642 758 665
1463 2 2 2 2  712 725 759
1464 2 2 2 2  700 760 705
1465 2 2 2 2  641 761 668
1466 2 2 2 2  668 761 736
1467 2 2 2 2  641 749 761
1468 2 2 2 2  698 762 703
1469 2 2 2 2  647 748 719
1470 2 2 2 2  671 724 763
1471 2 2 2 2  683 764 688
1472 2 2 2 2  674 696 765
1473 2 2 2 2  682 685 766
1474 2 2 2 2  672 710 767
1475 2 2 2 2  683 707 768
1476 2 2 2 2  683 768 764
1477 2 2 2 2  675 714 769
1478 2 2 2 2  664 770 669
1479 2 2 2 2  664 720 770
1480 2 2 2 2  649 771 654
1481 2 2 2 2  654 771 744
1482 2 2 2 2  649 721 771
1483 2 2 2 2  700 717 772
1484 2 2 2 2  672 773 690
1485 2 2 2 2  681 774 684
1486 2 2 2 2  670 775 694
1487 2 2 2 2  676 776 681
1488 2 2 2 2  681 776 774
1489 2 2 2 2  680 777 695
1490 2 2 2 2  682 778 699
1491 2 2 2 2  682 766 778
1492 2 2 2 2  637 755 756
1493 2 2 2 2  678 694 779
1494 2 2 2 2  694 775 779
1495 2 2 2 2  676 701 780
1496 2 2 2 2  676 780 776
1497 2 2 2 2  680 693 781
1498 2 2 2 2  661 741 742
1499 2 2 2 2  642 716 758
1500 2 2 2 2  658 782 659
1501 2 2 2 2  659 782 727
1502 2 2 2 2  658 731 782
1503 2 2 2 2  689 783 691
1504 2 2 2 2  645 667 784
1505 2 2 2 2  645 784 735
1506 2 2 2 2  667 739 784
1507 2 2 2 2  625 656 755
1508 2 2 2 2  572 679 656
1509 2 2 2 2  677 785 708
1510 2 2 2 2  687 786 713
1511 2 2 2 2  713 786 730
1512 2 2 2 2  692 787 711
1513 2 2 2 2  692 746 787
1514 2 2 2 2  707 712 788
1515 2 2 2 2  687 690 789
1516 2 2 2 2  687 789 786
1517 2 2 2 2  690 773 789
1518 2 2 2 2  719 748 790
1519 2 2 2 2  755 791 756
1520 2 2 2 2  741 792 742
1521 2 2 2 2  660 663 793
1522 2 2 2 2  660 793 750
1523 2 2 2 2  663 745 793
1524 2 2 2 2  754 756 794
1525 2 2 2 2  718 758 795
1526 2 2 2 2  675 796 720
1527 2 2 2 2  675 769 796
1528 2 2 2 2  670 797 775
1529 2 2 2 2  670 697 797
1530 2 2 2 2  705 760 798
1531 2 2 2 2  705 798 738
1532 2 2 2 2  756 791 794
1533 2 2 2 2  724 799 763
1534 2 2 2 2  722 799 724
1535 2 2 2 2  688 764 800
1536 2 2 2 2  688 800 715
1537 2 2 2 2  702 801 721
1538 2 2 2 2  719 802 722
1539 2 2 2 2  719 790 802
1540 2 2 2 2  678 803 723
1541 2 2 2 2  678 779 803
1542 2 2 2 2  701 709 804
1543 2 2 2 2  701 804 780
1544 2 2 2 2  674 765 805
1545 2 2 2 2  674 805 733
1546 2 2 2 2  742 792 806
1547 2 2 2 2  742 806 745
1548 2 2 2 2  672 767 773
1549 2 2 2 2  673 807 726
1550 2 2 2 2  714 808 769
1551 2 2 2 2  714 735 808
1552 2 2 2 2  689 809 783
1553 2 2 2 2  689 706 809
1554 2 2 2 2  671 763 757
1555 2 2 2 2  691 810 729
1556 2 2 2 2  691 783 810
1557 2 2 2 2  669 770 751
1558 2 2 2 2  695 811 697
1559 2 2 2 2  697 811 797
1560 2 2 2 2  695 777 811
1561 2 2 2 2  711 787 812
1562 2 2 2 2  711 812 734
1563 2 2 2 2  686 728 813
1564 2 2 2 2  677 744 814
1565 2 2 2 2  677 814 785
1566 2 2 2 2  741 752 815
1567 2 2 2 2  741 815 792
1568 2 2 2 2  680 781 777
1569 2 2 2 2  696 732 816
1570 2 2 2 2  696 816 765
1571 2 2 2 2  699 778 817
1572 2 2 2 2  699 817 704
1573 2 2 2 2  698 818 762
1574 2 2 2 2  698 753 818
1575 2 2 2 2  700 772 760
1576 2 2 2 2  710 819 767
1577 2 2 2 2  710 736 819
1578 2 2 2 2  725 730 820
1579 2 2 2 2  725 820 759
1580 2 2 2 2  730 786 820
1581 2 2 2 2  693 821 781
1582 2 2 2 2  693 715 821
1583 2 2 2 2  717 822 772
1584 2 2 2 2  717 733 822
1585 2 2 2 2  737 747 823
1586 2 2 2 2  707 788 768
1587 2 2 2 2  731 824 782
1588 2 2 2 2  702 743 825
1589 2 2 2 2  702 825 801
1590 2 2 2 2  685 826 766
1591 2 2 2 2  685 727 826
1592 2 2 2 2  673 704 827
1593 2 2 2 2  673 827 807
1594 2 2 2 2  704 817 827
1595 2 2 2 2  728 737 828
1596 2 2 2 2  728 828 813
1597 2 2 2 2  737 823 828
1598 2 2 2 2  703 829 746
1599 2 2 2 2  746 829 787
1600 2 2 2 2  703 762 829
1601 2 2 2 2  718 830 749
1602 2 2 2 2  718 795 830
1603 2 2 2 2  712 759 788
1604 2 2 2 2  684 831 706
1605 2 2 2 2  706 831 809
1606 2 2 2 2  684 774 831
1607 2 2 2 2  748 832 790
1608 2 2 2 2  748 751 832
1609 2 2 2 2  754 794 833
1610 2 2 2 2  752 754 833
1611 2 2 2 2  716 834 758
1612 2 2 2 2  716 757 834
1613 2 2 2 2  686 835 709
1614 2 2 2 2  709 835 804
1615 2 2 2 2  686 813 835
1616 2 2 2 2  731 750 836
1617 2 2 2 2  731 836 824
1618 2 2 2 2  708 837 740
1619 2 2 2 2  708 785 837
1620 2 2 2 2  764 768 838
1621 2 2 2 2  738 839 747
1622 2 2 2 2  747 839 823
1623 2 2 2 2  726 807 840
1624 2 2 2 2  726 840 753
1625 2 2 2 2  766 841 778
1626 2 2 2 2  751 770 842
1627 2 2 2 2  776 780 843
1628 2 2 2 2  774 776 844
1629 2 2 2 2  776 843 844
1630 2 2 2 2  791 845 794
1631 2 2 2 2  729 784 739
1632 2 2 2 2  1316 1327 1355
1633 2 2 2 2  729 810 784
1634 2 2 2 2  720 846 770
1635 2 2 2 2  720 796 846
1636 2 2 2 2  775 847 779
1637 2 2 2 2  723 848 743
1638 2 2 2 2  743 848 825
1639 2 2 2 2  723 803 848
1640 2 2 2 2  768 788 849
1641 2 2 2 2  768 849 838
1642 2 2 2 2  656 679 740
1643 2 2 2 2  767 850 773
1644 2 2 2 2  777 781 851
1645 2 2 2 2  727 782 852
1646 2 2 2 2  727 852 826
1647 2 2 2 2  782 824 852
1648 2 2 2 2  758 834 795
1649 2 2 2 2  759 853 788
1650 2 2 2 2  788 853 849
1651 2 2 2 2  732 734 854
1652 2 2 2 2  732 854 816
1653 2 2 2 2  734 812 854
1654 2 2 2 2  760 772 855
1655 2 2 2 2  757 763 856
1656 2 2 2 2  721 801 857
1657 2 2 2 2  721 857 771
1658 2 2 2 2  779 847 858
1659 2 2 2 2  779 858 803
1660 2 2 2 2  787 859 812
1661 2 2 2 2  787 829 859
1662 2 2 2 2  715 800 821
1663 2 2 2 2  760 860 798
1664 2 2 2 2  760 855 860
1665 2 2 2 2  790 861 802
1666 2 2 2 2  736 761 862
1667 2 2 2 2  736 862 819
1668 2 2 2 2  775 797 863
1669 2 2 2 2  775 863 847
1670 2 2 2 2  722 802 799
1671 2 2 2 2  764 864 800
1672 2 2 2 2  764 838 864
1673 2 2 2 2  744 771 865
1674 2 2 2 2  771 857 865
1675 2 2 2 2  766 826 866
1676 2 2 2 2  766 866 841
1677 2 2 2 2  750 867 836
1678 2 2 2 2  750 793 867
1679 2 2 2 2  765 868 805
1680 2 2 2 2  773 869 789
1681 2 2 2 2  773 850 869
1682 2 2 2 2  763 799 870
1683 2 2 2 2  763 870 856
1684 2 2 2 2  792 871 806
1685 2 2 2 2  735 872 808
1686 2 2 2 2  823 873 828
1687 2 2 2 2  823 839 874
1688 2 2 2 2  823 874 873
1689 2 2 2 2  769 808 875
1690 2 2 2 2  751 842 832
1691 2 2 2 2  807 876 840
1692 2 2 2 2  783 872 810
1693 2 2 2 2  777 877 811
1694 2 2 2 2  777 851 877
1695 2 2 2 2  744 865 814
1696 2 2 2 2  762 878 829
1697 2 2 2 2  829 878 859
1698 2 2 2 2  785 814 879
1699 2 2 2 2  794 845 880
1700 2 2 2 2  794 880 833
1701 2 2 2 2  790 832 881
1702 2 2 2 2  790 881 861
1703 2 2 2 2  752 833 815
1704 2 2 2 2  774 844 882
1705 2 2 2 2  774 882 831
1706 2 2 2 2  783 883 872
1707 2 2 2 2  772 884 855
1708 2 2 2 2  772 822 884
1709 2 2 2 2  778 885 817
1710 2 2 2 2  778 841 885
1711 2 2 2 2  753 840 818
1712 2 2 2 2  745 806 886
1713 2 2 2 2  745 886 793
1714 2 2 2 2  765 816 887
1715 2 2 2 2  765 887 868
1716 2 2 2 2  824 836 888
1717 2 2 2 2  762 818 889
1718 2 2 2 2  762 889 878
1719 2 2 2 2  769 890 796
1720 2 2 2 2  769 875 890
1721 2 2 2 2  786 789 820
1722 2 2 2 2  733 805 822
1723 2 2 2 2  824 891 852
1724 2 2 2 2  824 888 891
1725 2 2 2 2  781 892 851
1726 2 2 2 2  781 821 892
1727 2 2 2 2  740 837 755
1728 2 2 2 2  801 825 893
1729 2 2 2 2  767 894 850
1730 2 2 2 2  767 819 894
1731 2 2 2 2  801 895 857
1732 2 2 2 2  801 893 895
1733 2 2 2 2  813 828 896
1734 2 2 2 2  828 873 896
1735 2 2 2 2  656 740 755
1736 2 2 2 2  780 897 843
1737 2 2 2 2  780 804 897
1738 2 2 2 2  749 830 898
1739 2 2 2 2  749 898 761
1740 2 2 2 2  807 827 899
1741 2 2 2 2  807 899 876
1742 2 2 2 2  735 784 872
1743 2 2 2 2  795 834 900
1744 2 2 2 2  770 846 842
1745 2 2 2 2  759 820 901
1746 2 2 2 2  759 901 853
1747 2 2 2 2  792 815 902
1748 2 2 2 2  792 902 871
1749 2 2 2 2  757 903 834
1750 2 2 2 2  834 903 900
1751 2 2 2 2  813 904 835
1752 2 2 2 2  813 896 904
1753 2 2 2 2  783 809 905
1754 2 2 2 2  783 905 883
1755 2 2 2 2  738 798 839
1756 2 2 2 2  795 900 906
1757 2 2 2 2  795 906 830
1758 2 2 2 2  755 837 791
1759 2 2 2 2  785 791 837
1760 2 2 2 2  757 856 903
1761 2 2 2 2  785 845 791
1762 2 2 2 2  815 833 907
1763 2 2 2 2  815 907 902
1764 2 2 2 2  833 880 907
1765 2 2 2 2  857 908 865
1766 2 2 2 2  857 895 908
1767 2 2 2 2  900 903 909
1768 2 2 2 2  808 872 883
1769 2 2 2 2  808 883 875
1770 2 2 2 2  832 842 910
1771 2 2 2 2  832 910 881
1772 2 2 2 2  797 811 911
1773 2 2 2 2  797 911 863
1774 2 2 2 2  838 849 912
1775 2 2 2 2  798 913 839
1776 2 2 2 2  798 860 913
1777 2 2 2 2  836 914 888
1778 2 2 2 2  836 867 914
1779 2 2 2 2  799 802 915
1780 2 2 2 2  799 915 870
1781 2 2 2 2  802 861 915
1782 2 2 2 2  825 916 893
1783 2 2 2 2  825 848 916
1784 2 2 2 2  818 840 917
1785 2 2 2 2  818 917 889
1786 2 2 2 2  840 876 917
1787 2 2 2 2  873 918 896
1788 2 2 2 2  817 919 827
1789 2 2 2 2  827 919 899
1790 2 2 2 2  817 885 919
1791 2 2 2 2  814 865 920
1792 2 2 2 2  814 920 879
1793 2 2 2 2  865 908 920
1794 2 2 2 2  800 921 821
1795 2 2 2 2  821 921 892
1796 2 2 2 2  800 864 921
1797 2 2 2 2  843 922 844
1798 2 2 2 2  796 923 846
1799 2 2 2 2  796 890 923
1800 2 2 2 2  875 883 924
1801 2 2 2 2  883 905 924
1802 2 2 2 2  842 846 925
1803 2 2 2 2  842 925 910
1804 2 2 2 2  846 923 925
1805 2 2 2 2  826 852 926
1806 2 2 2 2  826 926 866
1807 2 2 2 2  852 891 926
1808 2 2 2 2  856 927 903
1809 2 2 2 2  903 927 909
1810 2 2 2 2  809 831 928
1811 2 2 2 2  809 928 905
1812 2 2 2 2  831 882 928
1813 2 2 2 2  805 929 822
1814 2 2 2 2  822 929 884
1815 2 2 2 2  805 868 929
1816 2 2 2 2  849 853 930
1817 2 2 2 2  804 835 931
1818 2 2 2 2  835 904 931
1819 2 2 2 2  806 871 932
1820 2 2 2 2  806 932 886
1821 2 2 2 2  785 879 845
1822 2 2 2 2  761 898 862
1823 2 2 2 2  855 933 860
1824 2 2 2 2  819 862 934
1825 2 2 2 2  819 934 894
1826 2 2 2 2  838 912 935
1827 2 2 2 2  838 935 864
1828 2 2 2 2  850 936 869
1829 2 2 2 2  856 937 927
1830 2 2 2 2  856 870 937
1831 2 2 2 2  793 886 867
1832 2 2 2 2  844 922 938
1833 2 2 2 2  844 938 882
1834 2 2 2 2  812 859 854
1835 2 2 2 2  1316 1355 1339
1836 2 2 2 2  851 892 939
1837 2 2 2 2  888 914 940
1838 2 2 2 2  873 874 941
1839 2 2 2 2  873 941 918
1840 2 2 2 2  811 877 911
1841 2 2 2 2  1332 1348 1354
1842 2 2 2 2  784 810 872
1843 2 2 2 2  851 942 877
1844 2 2 2 2  851 939 942
1845 2 2 2 2  875 924 890
1846 2 2 2 2  803 858 943
1847 2 2 2 2  803 943 848
1848 2 2 2 2  896 918 944
1849 2 2 2 2  896 944 904
1850 2 2 2 2  849 930 912
1851 2 2 2 2  859 878 945
1852 2 2 2 2  854 859 945
1853 2 2 2 2  839 913 874
1854 2 2 2 2  853 936 930
1855 2 2 2 2  855 884 946
1856 2 2 2 2  855 946 933
1857 2 2 2 2  841 947 885
1858 2 2 2 2  845 879 948
1859 2 2 2 2  845 948 880
1860 2 2 2 2  879 920 948
1861 2 2 2 2  850 949 936
1862 2 2 2 2  850 894 949
1863 2 2 2 2  888 940 950
1864 2 2 2 2  888 950 891
1865 2 2 2 2  878 951 945
1866 2 2 2 2  878 889 951
1867 2 2 2 2  841 952 947
1868 2 2 2 2  841 866 952
1869 2 2 2 2  816 953 887
1870 2 2 2 2  816 854 953
1871 2 2 2 2  861 954 915
1872 2 2 2 2  893 916 955
1873 2 2 2 2  847 863 956
1874 2 2 2 2  876 957 917
1875 2 2 2 2  843 958 922
1876 2 2 2 2  843 897 958
1877 2 2 2 2  868 887 959
1878 2 2 2 2  893 960 895
1879 2 2 2 2  893 955 960
1880 2 2 2 2  789 901 820
1881 2 2 2 2  900 909 961
1882 2 2 2 2  900 961 906
1883 2 2 2 2  830 962 898
1884 2 2 2 2  830 906 962
1885 2 2 2 2  876 899 963
1886 2 2 2 2  876 963 957
1887 2 2 2 2  861 881 964
1888 2 2 2 2  861 964 954
1889 2 2 2 2  868 965 929
1890 2 2 2 2  868 959 965
1891 2 2 2 2  804 931 897
1892 2 2 2 2  871 902 966
1893 2 2 2 2  871 966 967
1894 2 2 2 2  871 967 932
1895 2 2 2 2  847 968 858
1896 2 2 2 2  847 956 968
1897 2 2 2 2  885 947 969
1898 2 2 2 2  885 969 919
1899 2 2 2 2  914 970 940
1900 2 2 2 2  874 913 971
1901 2 2 2 2  874 971 941
1902 2 2 2 2  892 972 939
1903 2 2 2 2  892 921 972
1904 2 2 2 2  789 869 901
1905 2 2 2 2  848 943 916
1906 2 2 2 2  881 910 973
1907 2 2 2 2  860 974 913
1908 2 2 2 2  913 974 971
1909 2 2 2 2  860 933 974
1910 2 2 2 2  863 975 956
1911 2 2 2 2  863 911 975
1912 2 2 2 2  870 915 976
1913 2 2 2 2  870 976 937
1914 2 2 2 2  915 954 976
1915 2 2 2 2  869 936 901
1916 2 2 2 2  853 901 936
1917 2 2 2 2  867 977 914
1918 2 2 2 2  914 977 970
1919 2 2 2 2  877 978 911
1920 2 2 2 2  911 978 975
1921 2 2 2 2  877 942 978
1922 2 2 2 2  916 979 955
1923 2 2 2 2  916 943 979
1924 2 2 2 2  930 936 980
1925 2 2 2 2  936 949 980
1926 2 2 2 2  889 917 981
1927 2 2 2 2  889 981 951
1928 2 2 2 2  917 957 981
1929 2 2 2 2  909 927 982
1930 2 2 2 2  887 983 959
1931 2 2 2 2  887 953 983
1932 2 2 2 2  890 984 923
1933 2 2 2 2  905 985 924
1934 2 2 2 2  905 928 985
1935 2 2 2 2  908 986 920
1936 2 2 2 2  886 932 977
1937 2 2 2 2  895 987 908
1938 2 2 2 2  895 960 987
1939 2 2 2 2  862 898 988
1940 2 2 2 2  898 962 988
1941 2 2 2 2  912 930 980
1942 2 2 2 2  884 929 989
1943 2 2 2 2  884 989 946
1944 2 2 2 2  929 965 989
1945 2 2 2 2  897 931 990
1946 2 2 2 2  897 990 958
1947 2 2 2 2  902 991 966
1948 2 2 2 2  902 907 991
1949 2 2 2 2  904 992 931
1950 2 2 2 2  931 992 990
1951 2 2 2 2  904 944 992
1952 2 2 2 2  867 886 977
1953 2 2 2 2  890 924 984
1954 2 2 2 2  862 988 934
1955 2 2 2 2  894 934 993
1956 2 2 2 2  894 993 949
1957 2 2 2 2  912 994 935
1958 2 2 2 2  940 995 950
1959 2 2 2 2  927 937 996
1960 2 2 2 2  927 996 982
1961 2 2 2 2  920 986 948
1962 2 2 2 2  922 997 938
1963 2 2 2 2  933 998 974
1964 2 2 2 2  918 941 999
1965 2 2 2 2  910 1000 973
1966 2 2 2 2  910 925 1000
1967 2 2 2 2  891 1001 926
1968 2 2 2 2  891 950 1001
1969 2 2 2 2  955 1002 960
1970 2 2 2 2  954 964 1003
1971 2 2 2 2  939 1004 942
1972 2 2 2 2  954 1005 976
1973 2 2 2 2  954 1003 1005
1974 2 2 2 2  858 1006 943
1975 2 2 2 2  858 968 1006
1976 2 2 2 2  918 1007 944
1977 2 2 2 2  918 999 1007
1978 2 2 2 2  864 1008 921
1979 2 2 2 2  866 1009 952
1980 2 2 2 2  866 926 1009
1981 2 2 2 2  932 1010 977
1982 2 2 2 2  933 946 1011
1983 2 2 2 2  933 1011 998
1984 2 2 2 2  1332 1354 1335
1985 2 2 2 2  880 948 1012
1986 2 2 2 2  947 952 1013
1987 2 2 2 2  881 973 964
1988 2 2 2 2  957 1014 981
1989 2 2 2 2  909 982 1015
1990 2 2 2 2  909 1015 961
1991 2 2 2 2  966 991 1016
1992 2 2 2 2  864 935 1008
1993 2 2 2 2  922 958 1017
1994 2 2 2 2  922 1017 997
1995 2 2 2 2  945 951 983
1996 2 2 2 2  959 983 1018
1997 2 2 2 2  854 945 953
1998 2 2 2 2  880 1012 907
1999 2 2 2 2  940 970 1019
2000 2 2 2 2  940 1019 995
2001 2 2 2 2  899 919 1020
2002 2 2 2 2  899 1020 963
2003 2 2 2 2  919 969 1020
2004 2 2 2 2  966 1016 1021
2005 2 2 2 2  966 1021 967
2006 2 2 2 2  955 979 1022
2007 2 2 2 2  955 1022 1002
2008 2 2 2 2  906 1023 962
2009 2 2 2 2  906 961 1023
2010 2 2 2 2  908 987 986
2011 2 2 2 2  923 1024 925
2012 2 2 2 2  923 984 1024
2013 2 2 2 2  959 1025 965
2014 2 2 2 2  959 1018 1025
2015 2 2 2 2  912 980 994
2016 2 2 2 2  882 1026 928
2017 2 2 2 2  928 1026 985
2018 2 2 2 2  882 938 1026
2019 2 2 2 2  939 972 1027
2020 2 2 2 2  939 1027 1004
2021 2 2 2 2  924 1028 984
2022 2 2 2 2  957 963 1029
2023 2 2 2 2  957 1029 1014
2024 2 2 2 2  932 967 1010
2025 2 2 2 2  956 1030 968
2026 2 2 2 2  947 1031 969
2027 2 2 2 2  947 1013 1031
2028 2 2 2 2  956 975 1032
2029 2 2 2 2  956 1032 1030
2030 2 2 2 2  924 985 1028
2031 2 2 2 2  950 995 1033
2032 2 2 2 2  950 1033 1001
2033 2 2 2 2  907 1012 991
2034 2 2 2 2  960 1034 987
2035 2 2 2 2  960 1002 1034
2036 2 2 2 2  945 983 953
2037 2 2 2 2  941 971 1035
2038 2 2 2 2  941 1035 999
2039 2 2 2 2  921 1008 972
2040 2 2 2 2  948 986 1012
2041 2 2 2 2  986 1036 1012
2042 2 2 2 2  991 1012 1036
2043 2 2 2 2  971 974 1037
2044 2 2 2 2  971 1037 1035
2045 2 2 2 2  974 998 1037
2046 2 2 2 2  942 1004 1038
2047 2 2 2 2  942 1038 978
2048 2 2 2 2  935 994 1039
2049 2 2 2 2  935 1039 1008
2050 2 2 2 2  938 997 1040
2051 2 2 2 2  938 1040 1026
2052 2 2 2 2  968 1030 1041
2053 2 2 2 2  968 1041 1006
2054 2 2 2 2  964 1042 1003
2055 2 2 2 2  964 973 1042
2056 2 2 2 2  937 976 1043
2057 2 2 2 2  937 1043 996
2058 2 2 2 2  976 1005 1043
2059 2 2 2 2  952 1044 1013
2060 2 2 2 2  952 1009 1044
2061 2 2 2 2  949 1045 980
2062 2 2 2 2  949 993 1045
2063 2 2 2 2  958 990 1046
2064 2 2 2 2  958 1046 1017
2065 2 2 2 2  967 1047 1010
2066 2 2 2 2  967 1021 1047
2067 2 2 2 2  991 1036 1016
2068 2 2 2 2  970 977 1010
2069 2 2 2 2  980 1048 994
2070 2 2 2 2  980 1045 1048
2071 2 2 2 2  934 988 1049
2072 2 2 2 2  934 1049 993
2073 2 2 2 2  943 1006 979
2074 2 2 2 2  981 1014 1050
2075 2 2 2 2  951 981 1050
2076 2 2 2 2  986 987 1051
2077 2 2 2 2  986 1051 1036
2078 2 2 2 2  987 1034 1051
2079 2 2 2 2  962 1052 988
2080 2 2 2 2  988 1052 1049
2081 2 2 2 2  962 1023 1052
2082 2 2 2 2  984 1028 1053
2083 2 2 2 2  984 1053 1024
2084 2 2 2 2  972 1008 1054
2085 2 2 2 2  972 1054 1027
2086 2 2 2 2  1008 1039 1054
2087 2 2 2 2  970 1010 1055
2088 2 2 2 2  979 1006 1056
2089 2 2 2 2  1006 1041 1056
2090 2 2 2 2  975 978 1057
2091 2 2 2 2  975 1057 1032
2092 2 2 2 2  978 1038 1057
2093 2 2 2 2  985 1026 1058
2094 2 2 2 2  985 1058 1028
2095 2 2 2 2  1026 1040 1058
2096 2 2 2 2  982 996 1059
2097 2 2 2 2  1002 1060 1034
2098 2 2 2 2  1004 1061 1038
2099 2 2 2 2  1028 1058 1062
2100 2 2 2 2  1028 1062 1053
2101 2 2 2 2  979 1056 1022
2102 2 2 2 2  973 1000 1063
2103 2 2 2 2  973 1063 1042
2104 2 2 2 2  998 1064 1037
2105 2 2 2 2  951 1050 983
2106 2 2 2 2  994 1048 1039
2107 2 2 2 2  1013 1044 1065
2108 2 2 2 2  1003 1042 1066
2109 2 2 2 2  997 1067 1040
2110 2 2 2 2  999 1068 1007
2111 2 2 2 2  997 1017 1069
2112 2 2 2 2  997 1069 1067
2113 2 2 2 2  983 1050 1018
2114 2 2 2 2  1030 1070 1041
2115 2 2 2 2  946 1071 1011
2116 2 2 2 2  946 989 1071
2117 2 2 2 2  998 1011 1072
2118 2 2 2 2  998 1072 1064
2119 2 2 2 2  970 1055 1019
2120 2 2 2 2  995 1019 1073
2121 2 2 2 2  990 992 1074
2122 2 2 2 2  990 1074 1046
2123 2 2 2 2  1030 1032 1075
2124 2 2 2 2  1030 1075 1070
2125 2 2 2 2  1010 1047 1055
2126 2 2 2 2  1016 1036 1076
2127 2 2 2 2  961 1015 1077
2128 2 2 2 2  961 1077 1023
2129 2 2 2 2  982 1059 1078
2130 2 2 2 2  982 1078 1015
2131 2 2 2 2  1016 1076 1079
2132 2 2 2 2  1016 1079 1021
2133 2 2 2 2  925 1024 1000
2134 2 2 2 2  999 1035 1080
2135 2 2 2 2  999 1080 1068
2136 2 2 2 2  1004 1027 1081
2137 2 2 2 2  995 1073 1082
2138 2 2 2 2  995 1082 1033
2139 2 2 2 2  969 1083 1020
2140 2 2 2 2  969 1031 1083
2141 2 2 2 2  926 1001 1009
2142 2 2 2 2  1014 1084 1050
2143 2 2 2 2  1018 1050 1084
2144 2 2 2 2  1013 1065 1085
2145 2 2 2 2  1013 1085 1031
2146 2 2 2 2  1018 1084 1025
2147 2 2 2 2  1004 1081 1061
2148 2 2 2 2  965 1086 989
2149 2 2 2 2  989 1086 1071
2150 2 2 2 2  965 1025 1086
2151 2 2 2 2  1002 1022 1087
2152 2 2 2 2  1002 1087 1060
2153 2 2 2 2  1003 1088 1005
2154 2 2 2 2  1003 1066 1088
2155 2 2 2 2  1014 1029 1089
2156 2 2 2 2  1014 1089 1084
2157 2 2 2 2  944 1090 992
2158 2 2 2 2  944 1007 1090
2159 2 2 2 2  963 1020 1091
2160 2 2 2 2  963 1091 1029
2161 2 2 2 2  1020 1083 1091
2162 2 2 2 2  1034 1060 1076
2163 2 2 2 2  1038 1061 1092
2164 2 2 2 2  1038 1092 1057
2165 2 2 2 2  1019 1055 1093
2166 2 2 2 2  1024 1053 1094
2167 2 2 2 2  1000 1024 1094
2168 2 2 2 2  1042 1095 1066
2169 2 2 2 2  1042 1063 1095
2170 2 2 2 2  1044 1096 1065
2171 2 2 2 2  1007 1068 1097
2172 2 2 2 2  1007 1097 1090
2173 2 2 2 2  1041 1070 1098
2174 2 2 2 2  1041 1098 1056
2175 2 2 2 2  993 1049 1099
2176 2 2 2 2  993 1099 1045
2177 2 2 2 2  1037 1064 1100
2178 2 2 2 2  1035 1037 1100
2179 2 2 2 2  1019 1093 1073
2180 2 2 2 2  1021 1101 1047
2181 2 2 2 2  1047 1102 1055
2182 2 2 2 2  1039 1048 1103
2183 2 2 2 2  1045 1104 1048
2184 2 2 2 2  1045 1099 1104
2185 2 2 2 2  1330 1353 1342
2186 2 2 2 2  1022 1056 1105
2187 2 2 2 2  1022 1105 1087
2188 2 2 2 2  1056 1098 1105
2189 2 2 2 2  1027 1106 1081
2190 2 2 2 2  1027 1054 1106
2191 2 2 2 2  1017 1046 1107
2192 2 2 2 2  1017 1107 1069
2193 2 2 2 2  1009 1108 1044
2194 2 2 2 2  1044 1108 1096
2195 2 2 2 2  1061 1081 1109
2196 2 2 2 2  1060 1110 1076
2197 2 2 2 2  1076 1110 1079
2198 2 2 2 2  1025 1084 1111
2199 2 2 2 2  1084 1089 1111
2200 2 2 2 2  996 1112 1059
2201 2 2 2 2  996 1043 1112
2202 2 2 2 2  1001 1108 1009
2203 2 2 2 2  1040 1113 1058
2204 2 2 2 2  1058 1113 1062
2205 2 2 2 2  1040 1067 1113
2206 2 2 2 2  1047 1101 1102
2207 2 2 2 2  1005 1088 1114
2208 2 2 2 2  1005 1114 1043
2209 2 2 2 2  1055 1102 1093
2210 2 2 2 2  1053 1062 1115
2211 2 2 2 2  1053 1115 1094
2212 2 2 2 2  1031 1085 1116
2213 2 2 2 2  1031 1116 1083
2214 2 2 2 2  1023 1117 1052
2215 2 2 2 2  1023 1077 1117
2216 2 2 2 2  1000 1094 1063
2217 2 2 2 2  1061 1109 1118
2218 2 2 2 2  1061 1118 1092
2219 2 2 2 2  1059 1112 1119
2220 2 2 2 2  1070 1120 1098
2221 2 2 2 2  1067 1069 1121
2222 2 2 2 2  1064 1122 1100
2223 2 2 2 2  1011 1071 1123
2224 2 2 2 2  1011 1123 1072
2225 2 2 2 2  992 1090 1074
2226 2 2 2 2  1035 1100 1080
2227 2 2 2 2  1073 1093 1124
2228 2 2 2 2  1021 1079 1101
2229 2 2 2 2  1046 1074 1125
2230 2 2 2 2  1046 1125 1107
2231 2 2 2 2  1015 1126 1077
2232 2 2 2 2  1015 1078 1126
2233 2 2 2 2  1036 1051 1076
2234 2 2 2 2  1070 1075 1127
2235 2 2 2 2  1070 1127 1120
2236 2 2 2 2  1064 1072 1128
2237 2 2 2 2  1064 1128 1122
2238 2 2 2 2  1001 1033 1108
2239 2 2 2 2  1059 1129 1078
2240 2 2 2 2  1059 1119 1129
2241 2 2 2 2  1039 1103 1054
2242 2 2 2 2  1025 1111 1130
2243 2 2 2 2  1025 1130 1086
2244 2 2 2 2  1073 1131 1082
2245 2 2 2 2  1073 1124 1131
2246 2 2 2 2  1048 1104 1103
2247 2 2 2 2  1060 1087 1110
2248 2 2 2 2  1065 1132 1085
2249 2 2 2 2  1065 1096 1133
2250 2 2 2 2  1065 1133 1132
2251 2 2 2 2  1066 1095 1134
2252 2 2 2 2  1068 1135 1097
2253 2 2 2 2  1081 1136 1109
2254 2 2 2 2  1081 1106 1136
2255 2 2 2 2  1068 1080 1137
2256 2 2 2 2  1068 1137 1135
2257 2 2 2 2  1033 1138 1108
2258 2 2 2 2  1096 1108 1138
2259 2 2 2 2  1033 1082 1138
2260 2 2 2 2  1066 1139 1088
2261 2 2 2 2  1066 1134 1139
2262 2 2 2 2  1029 1140 1089
2263 2 2 2 2  1029 1091 1140
2264 2 2 2 2  1049 1052 1141
2265 2 2 2 2  1049 1141 1099
2266 2 2 2 2  1052 1117 1141
2267 2 2 2 2  1032 1057 1142
2268 2 2 2 2  1032 1142 1075
2269 2 2 2 2  1057 1092 1142
2270 2 2 2 2  1034 1076 1051
2271 2 2 2 2  1336 1353 1352
2272 2 2 2 2  1067 1143 1113
2273 2 2 2 2  1067 1121 1143
2274 2 2 2 2  1071 1086 1144
2275 2 2 2 2  1071 1144 1123
2276 2 2 2 2  1086 1130 1144
2277 2 2 2 2  1069 1145 1121
2278 2 2 2 2  1069 1107 1145
2279 2 2 2 2  1112 1146 1119
2280 2 2 2 2  1098 1120 1147
2281 2 2 2 2  1098 1147 1105
2282 2 2 2 2  1101 1148 1102
2283 2 2 2 2  1074 1090 1149
2284 2 2 2 2  1074 1149 1125
2285 2 2 2 2  1090 1097 1149
2286 2 2 2 2  1093 1102 1150
2287 2 2 2 2  1093 1150 1124
2288 2 2 2 2  1079 1151 1101
2289 2 2 2 2  1101 1151 1148
2290 2 2 2 2  1079 1110 1151
2291 2 2 2 2  1063 1094 1152
2292 2 2 2 2  1063 1152 1095
2293 2 2 2 2  1094 1115 1152
2294 2 2 2 2  1054 1103 1106
2295 2 2 2 2  1103 1104 1153
2296 2 2 2 2  1062 1113 1154
2297 2 2 2 2  1062 1154 1115
2298 2 2 2 2  1113 1143 1154
2299 2 2 2 2  1099 1155 1104
2300 2 2 2 2  1080 1100 1156
2301 2 2 2 2  1080 1156 1137
2302 2 2 2 2  1100 1122 1156
2303 2 2 2 2  1095 1157 1134
2304 2 2 2 2  1095 1152 1157
2305 2 2 2 2  1087 1158 1110
2306 2 2 2 2  1097 1135 1159
2307 2 2 2 2  1097 1159 1149
2308 2 2 2 2  1089 1160 1111
2309 2 2 2 2  1043 1114 1112
2310 2 2 2 2  1083 1161 1091
2311 2 2 2 2  1091 1161 1140
2312 2 2 2 2  1083 1116 1161
2313 2 2 2 2  1085 1132 1162
2314 2 2 2 2  1085 1162 1116
2315 2 2 2 2  1103 1163 1106
2316 2 2 2 2  1106 1163 1136
2317 2 2 2 2  1103 1153 1163
2318 2 2 2 2  1088 1164 1114
2319 2 2 2 2  1088 1139 1164
2320 2 2 2 2  1120 1165 1147
2321 2 2 2 2  1112 1114 1146
2322 2 2 2 2  1099 1141 1155
2323 2 2 2 2  1077 1166 1117
2324 2 2 2 2  1077 1126 1166
2325 2 2 2 2  1122 1128 1167
2326 2 2 2 2  1109 1168 1118
2327 2 2 2 2  1092 1118 1169
2328 2 2 2 2  1092 1169 1142
2329 2 2 2 2  1121 1170 1143
2330 2 2 2 2  1134 1157 1171
2331 2 2 2 2  1104 1155 1172
2332 2 2 2 2  1104 1172 1153
2333 2 2 2 2  1072 1123 1173
2334 2 2 2 2  1072 1173 1128
2335 2 2 2 2  1124 1150 1174
2336 2 2 2 2  1110 1175 1151
2337 2 2 2 2  1110 1158 1175
2338 2 2 2 2  1102 1148 1150
2339 2 2 2 2  1078 1176 1126
2340 2 2 2 2  1078 1129 1176
2341 2 2 2 2  1075 1177 1127
2342 2 2 2 2  1075 1142 1177
2343 2 2 2 2  1124 1174 1178
2344 2 2 2 2  1124 1178 1131
2345 2 2 2 2  1119 1179 1129
2346 2 2 2 2  1111 1180 1130
2347 2 2 2 2  1111 1160 1180
2348 2 2 2 2  1096 1138 1181
2349 2 2 2 2  1096 1181 1133
2350 2 2 2 2  1089 1140 1160
2351 2 2 2 2  1122 1167 1182
2352 2 2 2 2  1122 1182 1156
2353 2 2 2 2  1134 1183 1139
2354 2 2 2 2  1134 1171 1183
2355 2 2 2 2  1135 1184 1159
2356 2 2 2 2  1087 1105 1158
2357 2 2 2 2  1132 1133 1185
2358 2 2 2 2  1132 1185 1186
2359 2 2 2 2  1132 1186 1162
2360 2 2 2 2  1119 1146 1187
2361 2 2 2 2  1119 1187 1179
2362 2 2 2 2  1109 1136 1188
2363 2 2 2 2  1109 1188 1168
2364 2 2 2 2  1082 1189 1138
2365 2 2 2 2  1138 1189 1181
2366 2 2 2 2  1082 1131 1189
2367 2 2 2 2  1120 1127 1190
2368 2 2 2 2  1120 1190 1165
2369 2 2 2 2  1135 1137 1191
2370 2 2 2 2  1135 1191 1184
2371 2 2 2 2  1121 1145 1170
2372 2 2 2 2  1107 1125 1192
2373 2 2 2 2  1107 1192 1145
2374 2 2 2 2  1114 1164 1146
2375 2 2 2 2  1128 1193 1167
2376 2 2 2 2  1128 1173 1193
2377 2 2 2 2  1118 1168 1194
2378 2 2 2 2  1118 1194 1169
2379 2 2 2 2  1159 1184 1195
2380 2 2 2 2  1105 1147 1158
2381 2 2 2 2  1148 1151 1196
2382 2 2 2 2  1151 1175 1196
2383 2 2 2 2  1115 1197 1152
2384 2 2 2 2  1152 1197 1157
2385 2 2 2 2  1115 1154 1197
2386 2 2 2 2  1125 1149 1198
2387 2 2 2 2  1125 1198 1192
2388 2 2 2 2  1149 1159 1198
2389 2 2 2 2  1129 1179 1199
2390 2 2 2 2  1129 1199 1176
2391 2 2 2 2  1140 1200 1160
2392 2 2 2 2  1145 1201 1170
2393 2 2 2 2  1137 1156 1202
2394 2 2 2 2  1137 1202 1191
2395 2 2 2 2  1156 1182 1202
2396 2 2 2 2  1133 1203 1185
2397 2 2 2 2  1133 1181 1203
2398 2 2 2 2  1148 1196 1150
2399 2 2 2 2  1116 1162 1204
2400 2 2 2 2  1116 1204 1161
2401 2 2 2 2  1117 1205 1141
2402 2 2 2 2  1141 1205 1155
2403 2 2 2 2  1117 1166 1205
2404 2 2 2 2  1157 1206 1171
2405 2 2 2 2  1147 1207 1158
2406 2 2 2 2  1158 1207 1175
2407 2 2 2 2  1147 1165 1207
2408 2 2 2 2  1184 1191 1208
2409 2 2 2 2  1126 1209 1166
2410 2 2 2 2  1126 1176 1209
2411 2 2 2 2  1136 1163 1210
2412 2 2 2 2  1136 1210 1188
2413 2 2 2 2  1168 1211 1194
2414 2 2 2 2  1184 1212 1195
2415 2 2 2 2  1184 1208 1212
2416 2 2 2 2  1142 1169 1177
2417 2 2 2 2  1145 1192 1201
2418 2 2 2 2  1143 1213 1154
2419 2 2 2 2  1154 1213 1197
2420 2 2 2 2  1143 1170 1213
2421 2 2 2 2  1123 1144 1214
2422 2 2 2 2  1123 1214 1173
2423 2 2 2 2  1153 1172 1215
2424 2 2 2 2  1153 1215 1163
2425 2 2 2 2  1150 1196 1174
2426 2 2 2 2  1140 1161 1200
2427 2 2 2 2  1157 1197 1206
2428 2 2 2 2  1160 1216 1180
2429 2 2 2 2  1160 1200 1216
2430 2 2 2 2  1174 1217 1178
2431 2 2 2 2  1168 1188 1218
2432 2 2 2 2  1168 1218 1211
2433 2 2 2 2  1159 1195 1198
2434 2 2 2 2  1155 1219 1172
2435 2 2 2 2  1155 1205 1219
2436 2 2 2 2  1139 1220 1164
2437 2 2 2 2  1139 1183 1220
2438 2 2 2 2  1127 1221 1190
2439 2 2 2 2  1127 1177 1221
2440 2 2 2 2  1185 1222 1186
2441 2 2 2 2  1170 1201 1223
2442 2 2 2 2  1167 1224 1182
2443 2 2 2 2  1171 1225 1183
2444 2 2 2 2  1131 1178 1226
2445 2 2 2 2  1131 1226 1189
2446 2 2 2 2  1162 1186 1227
2447 2 2 2 2  1162 1227 1204
2448 2 2 2 2  1185 1203 1228
2449 2 2 2 2  1185 1228 1222
2450 2 2 2 2  1165 1190 1229
2451 2 2 2 2  1179 1187 1230
2452 2 2 2 2  1165 1231 1207
2453 2 2 2 2  1165 1229 1231
2454 2 2 2 2  1179 1232 1199
2455 2 2 2 2  1179 1230 1232
2456 2 2 2 2  1130 1233 1144
2457 2 2 2 2  1144 1233 1214
2458 2 2 2 2  1130 1180 1233
2459 2 2 2 2  1167 1193 1234
2460 2 2 2 2  1167 1234 1224
2461 2 2 2 2  1174 1196 1235
2462 2 2 2 2  1146 1164 1236
2463 2 2 2 2  1146 1236 1187
2464 2 2 2 2  1164 1220 1236
2465 2 2 2 2  1170 1223 1213
2466 2 2 2 2  1174 1235 1217
2467 2 2 2 2  1173 1237 1193
2468 2 2 2 2  1173 1214 1237
2469 2 2 2 2  1181 1189 1238
2470 2 2 2 2  1189 1226 1238
2471 2 2 2 2  1195 1239 1198
2472 2 2 2 2  1192 1198 1239
2473 2 2 2 2  1187 1240 1230
2474 2 2 2 2  1187 1236 1240
2475 2 2 2 2  1175 1241 1196
2476 2 2 2 2  1196 1241 1235
2477 2 2 2 2  1172 1242 1215
2478 2 2 2 2  1172 1219 1242
2479 2 2 2 2  1163 1215 1210
2480 2 2 2 2  1171 1243 1225
2481 2 2 2 2  1191 1244 1208
2482 2 2 2 2  1191 1202 1244
2483 2 2 2 2  1178 1217 1245
2484 2 2 2 2  1178 1245 1226
2485 2 2 2 2  1192 1239 1201
2486 2 2 2 2  1217 1235 1246
2487 2 2 2 2  1182 1224 1247
2488 2 2 2 2  1182 1247 1202
2489 2 2 2 2  1183 1225 1248
2490 2 2 2 2  1183 1248 1220
2491 2 2 2 2  1169 1249 1177
2492 2 2 2 2  1177 1249 1221
2493 2 2 2 2  1169 1194 1249
2494 2 2 2 2  1161 1204 1200
2495 2 2 2 2  1186 1222 1250
2496 2 2 2 2  1186 1250 1227
2497 2 2 2 2  1176 1199 1251
2498 2 2 2 2  1176 1251 1209
2499 2 2 2 2  1194 1211 1252
2500 2 2 2 2  1194 1252 1249
2501 2 2 2 2  1190 1253 1229
2502 2 2 2 2  1190 1221 1253
2503 2 2 2 2  1166 1219 1205
2504 2 2 2 2  1336 1342 1353
2505 2 2 2 2  1166 1209 1219
2506 2 2 2 2  1181 1238 1203
2507 2 2 2 2  1175 1207 1241
2508 2 2 2 2  1171 1206 1243
2509 2 2 2 2  1225 1243 1254
2510 2 2 2 2  1200 1204 1255
2511 2 2 2 2  1200 1255 1216
2512 2 2 2 2  1204 1227 1255
2513 2 2 2 2  1203 1238 1256
2514 2 2 2 2  1203 1256 1228
2515 2 2 2 2  1195 1257 1239
2516 2 2 2 2  1195 1212 1257
2517 2 2 2 2  1229 1258 1231
2518 2 2 2 2  1201 1239 1259
2519 2 2 2 2  1193 1306 1234
2520 2 2 2 2  1193 1237 1306
2521 2 2 2 2  1197 1213 1206
2522 2 2 2 2  1225 1254 1260
2523 2 2 2 2  1225 1260 1248
2524 2 2 2 2  1208 1244 1261
2525 2 2 2 2  1207 1231 1241
2526 2 2 2 2  1188 1262 1218
2527 2 2 2 2  1188 1210 1262
2528 2 2 2 2  1229 1263 1258
2529 2 2 2 2  1229 1253 1263
2530 2 2 2 2  1201 1259 1223
2531 2 2 2 2  1217 1264 1245
2532 2 2 2 2  1217 1246 1264
2533 2 2 2 2  1224 1265 1247
2534 2 2 2 2  1211 1218 1266
2535 2 2 2 2  1224 1234 1267
2536 2 2 2 2  1224 1267 1265
2537 2 2 2 2  1199 1232 1268
2538 2 2 2 2  1199 1268 1251
2539 2 2 2 2  1230 1240 1269
2540 2 2 2 2  1208 1261 1270
2541 2 2 2 2  1208 1270 1212
2542 2 2 2 2  1222 1271 1250
2543 2 2 2 2  1230 1269 1272
2544 2 2 2 2  1230 1272 1232
2545 2 2 2 2  1211 1273 1252
2546 2 2 2 2  1211 1266 1273
2547 2 2 2 2  1210 1215 1274
2548 2 2 2 2  1210 1274 1262
2549 2 2 2 2  1215 1242 1274
2550 2 2 2 2  1222 1228 1275
2551 2 2 2 2  1222 1275 1271
2552 2 2 2 2  1180 1216 1276
2553 2 2 2 2  1180 1276 1233
2554 2 2 2 2  1235 1241 1277
2555 2 2 2 2  1235 1277 1246
2556 2 2 2 2  1231 1277 1241
2557 2 2 2 2  1226 1278 1238
2558 2 2 2 2  1238 1278 1256
2559 2 2 2 2  1226 1245 1278
2560 2 2 2 2  1218 1279 1266
2561 2 2 2 2  1218 1262 1279
2562 2 2 2 2  1231 1258 1277
2563 2 2 2 2  1206 1223 1243
2564 2 2 2 2  1219 1280 1242
2565 2 2 2 2  1336 1352 1337
2566 2 2 2 2  1202 1247 1244
2567 2 2 2 2  1206 1213 1223
2568 2 2 2 2  1221 1249 1281
2569 2 2 2 2  1221 1281 1253
2570 2 2 2 2  1249 1252 1281
2571 2 2 2 2  1239 1257 1259
2572 2 2 2 2  1240 1282 1269
2573 2 2 2 2  1244 1247 1283
2574 2 2 2 2  1244 1283 1261
2575 2 2 2 2  1247 1265 1283
2576 2 2 2 2  1250 1271 1284
2577 2 2 2 2  1214 1233 1276
2578 2 2 2 2  1328 1351 1331
2579 2 2 2 2  1214 1276 1237
2580 2 2 2 2  1223 1259 1243
2581 2 2 2 2  1227 1250 1285
2582 2 2 2 2  1227 1285 1255
2583 2 2 2 2  1250 1284 1285
2584 2 2 2 2  1220 1286 1236
2585 2 2 2 2  1236 1286 1240
2586 2 2 2 2  1220 1248 1286
2587 2 2 2 2  1243 1259 1254
2588 2 2 2 2  1254 1259 1287
2589 2 2 2 2  1257 1287 1259
2590 2 2 2 2  1212 1288 1257
2591 2 2 2 2  1257 1288 1287
2592 2 2 2 2  1212 1270 1288
2593 2 2 2 2  1216 1255 1333
2594 2 2 2 2  1216 1333 1276
2595 2 2 2 2  1255 1285 1333
2596 2 2 2 2  1253 1281 1289
2597 2 2 2 2  1253 1289 1263
2598 2 2 2 2  1246 1290 1264
2599 2 2 2 2  1242 1280 1291
2600 2 2 2 2  1242 1291 1274
2601 2 2 2 2  1234 1306 1292
2602 2 2 2 2  1234 1292 1267
2603 2 2 2 2  1254 1293 1260
2604 2 2 2 2  1254 1287 1293
2605 2 2 2 2  1271 1294 1284
2606 2 2 2 2  1228 1295 1275
2607 2 2 2 2  1228 1256 1295
2608 2 2 2 2  1251 1268 1296
2609 2 2 2 2  1245 1297 1278
2610 2 2 2 2  1245 1264 1297
2611 2 2 2 2  1265 1267 1298
2612 2 2 2 2  1265 1298 1299
2613 2 2 2 2  1265 1299 1283
2614 2 2 2 2  1261 1300 1270
2615 2 2 2 2  1232 1301 1268
2616 2 2 2 2  1232 1272 1301
2617 2 2 2 2  1240 1286 1282
2618 2 2 2 2  1261 1283 1302
2619 2 2 2 2  1261 1302 1300
2620 2 2 2 2  1283 1299 1302
2621 2 2 2 2  1248 1260 1303
2622 2 2 2 2  1248 1303 1286
2623 2 2 2 2  1258 1263 1304
2624 2 2 2 2  1266 1279 1305
2625 2 2 2 2  1209 1251 1280
2626 2 2 2 2  1311 1334 1340
2627 2 2 2 2  1307 1328 1331
2628 2 2 2 2  1269 1282 1307
2629 2 2 2 2  1266 1308 1273
2630 2 2 2 2  1266 1305 1308
2631 2 2 2 2  1269 1309 1272
2632 2 2 2 2  1269 1307 1309
2633 2 2 2 2  1258 1310 1277
2634 2 2 2 2  1246 1277 1310
2635 2 2 2 2  1258 1304 1310
2636 2 2 2 2  1252 1311 1281
2637 2 2 2 2  1281 1311 1289
2638 2 2 2 2  1252 1273 1311
2639 2 2 2 2  1271 1275 1312
2640 2 2 2 2  1271 1312 1294
2641 2 2 2 2  1246 1310 1290
2642 2 2 2 2  1290 1310 1313
2643 2 2 2 2  1304 1313 1310
2644 2 2 2 2  1256 1278 1314
2645 2 2 2 2  1256 1314 1295
2646 2 2 2 2  1278 1297 1314
2647 2 2 2 2  1268 1315 1296
2648 2 2 2 2  1264 1290 1316
2649 2 2 2 2  1264 1316 1297
2650 2 2 2 2  1262 1274 1317
2651 2 2 2 2  1262 1317 1279
2652 2 2 2 2  1274 1291 1317
2653 2 2 2 2  1267 1318 1298
2654 2 2 2 2  1267 1292 1318
2655 2 2 2 2  1251 1296 1280
2656 2 2 2 2  1279 1319 1305
2657 2 2 2 2  1263 1320 1304
2658 2 2 2 2  1263 1289 1320
2659 2 2 2 2  1282 1286 1303
2660 2 2 2 2  1282 1321 1307
2661 2 2 2 2  1282 1303 1321
2662 2 2 2 2  1280 1296 1291
2663 2 2 2 2  1270 1300 1322
2664 2 2 2 2  1270 1322 1288
$EndElements
