$MeshFormat
2.2 0 8
$EndMeshFormat
$Nodes
2905
1 0 0 0
2 0 0.125 0
3 0.125 0 0
4 0.125 0.125 0
5 0.25 0 0
6 0 0.25 0
7 0.25 0.125 0
8 0.125 0.25 0
9 0.375 0 0
10 0 0.375 0
11 0.375 0.125 0
12 0.25 0.25 0
13 0.125 0.375 0
14 0.5 0 0
15 0 0.5 0
16 0.5 0.125 0
17 0.375 0.25 0
18 0.25 0.375 0
19 0.125 0.5 0
20 0.625 0 0
21 0 0.625 0
22 0.625 0.125 0
23 0.5 0.25 0
24 0.375 0.375 0
25 0.25 0.5 0
26 0.125 0.625 0
27 0.75 0 0
28 0 0.75 0
29 0.75 0.125 0
30 0.625 0.25 0
31 0.5 0.375 0
32 0.375 0.5 0
33 0.25 0.625 0
34 0.125 0.75 0
35 0.875 0 0
36 0 0.875 0
37 0.875 0.125 0
38 0.75 0.25 0
39 0.625 0.375 0
40 0.5 0.5 0
41 0.375 0.625 0
42 0.25 0.75 0
43 0.125 0.875 0
44 1 0 0
45 0 1 0
46 1 0.125 0
47 0.875 0.25 0
48 0.75 0.375 0
49 0.625 0.5 0
50 0.5 0.625 0
51 0.375 0.75 0
52 0.25 0.875 0
53 0.125 1 0
54 1 0.25 0
55 0.875 0.375 0
56 0.75 0.5 0
57 0.625 0.625 0
58 0.5 0.75 0
59 0.375 0.875 0
60 0.25 1 0
61 1 0.375 0
62 0.875 0.5 0
63 0.75 0.625 0
64 0.625 0.75 0
65 0.5 0.875 0
66 0.375 1 0
67 1 0.5 0
68 0.875 0.625 0
69 0.75 0.75 0
70 0.625 0.875 0
71 0.5 1 0
72 1 0.625 0
73 0.875 0.75 0
74 0.75 0.875 0
75 0.625 1 0
76 1 0.75 0
77 0.875 0.875 0
78 0.75 1 0
79 1 0.875 0
80 0.875 1 0
81 1 1 0
82 0.4375 0.4375 0
83 0.5625 0.4375 0
84 0.4375 0.5625 0
85 0.5625 0.5625 0
86 0.5 0.4375 0
87 0.4375 0.5 0
88 0.5625 0.5 0
89 0.5 0.5625 0
90 0.46875 0.46875 0
91 0.4375 0.3125 0
92 0.4375 0.375 0
93 0.46875 0.40625 0
94 0.53125 0.46875 0
95 0.5625 0.3125 0
96 0.5625 0.375 0
97 0.53125 0.40625 0
98 0.3125 0.4375 0
99 0.375 0.4375 0
100 0.40625 0.46875 0
101 0.3125 0.5625 0
102 0.375 0.5625 0
103 0.40625 0.53125 0
104 0.46875 0.53125 0
105 0.6875 0.4375 0
106 0.625 0.4375 0
107 0.59375 0.46875 0
108 0.53125 0.53125 0
109 0.6875 0.5625 0
110 0.625 0.5625 0
111 0.59375 0.53125 0
112 0.4375 0.6875 0
113 0.4375 0.625 0
114 0.46875 0.59375 0
115 0.5625 0.6875 0
116 0.5625 0.625 0
117 0.53125 0.59375 0
118 0.46875 0.4375 0
119 0.5 0.46875 0
120 0.46875 0.5 0
121 0.4375 0.46875 0
122 0.5 0.40625 0
123 0.40625 0.40625 0
124 0.4375 0.40625 0
125 0.53125 0.4375 0
126 0.5625 0.46875 0
127 0.53125 0.5 0
128 0.59375 0.40625 0
129 0.5625 0.40625 0
130 0.40625 0.5 0
131 0.40625 0.4375 0
132 0.4375 0.53125 0
133 0.40625 0.59375 0
134 0.40625 0.5625 0
135 0.5 0.53125 0
136 0.46875 0.5625 0
137 0.59375 0.5 0
138 0.59375 0.4375 0
139 0.5625 0.53125 0
140 0.53125 0.5625 0
141 0.59375 0.59375 0
142 0.59375 0.5625 0
143 0.5 0.59375 0
144 0.4375 0.59375 0
145 0.5625 0.59375 0
146 0.484375 0.453125 0
147 0.453125 0.453125 0
148 0.453125 0.421875 0
149 0.484375 0.421875 0
150 0.484375 0.484375 0
151 0.515625 0.484375 0
152 0.515625 0.453125 0
153 0.453125 0.484375 0
154 0.453125 0.515625 0
155 0.484375 0.515625 0
156 0.421875 0.484375 0
157 0.421875 0.453125 0
158 0.515625 0.421875 0
159 0.421875 0.421875 0
160 0.546875 0.453125 0
161 0.546875 0.421875 0
162 0.546875 0.484375 0
163 0.578125 0.453125 0
164 0.578125 0.484375 0
165 0.515625 0.515625 0
166 0.546875 0.515625 0
167 0.578125 0.421875 0
168 0.421875 0.515625 0
169 0.421875 0.546875 0
170 0.453125 0.546875 0
171 0.421875 0.578125 0
172 0.484375 0.546875 0
173 0.515625 0.546875 0
174 0.484375 0.578125 0
175 0.453125 0.578125 0
176 0.578125 0.515625 0
177 0.546875 0.546875 0
178 0.578125 0.546875 0
179 0.515625 0.578125 0
180 0.546875 0.578125 0
181 0.578125 0.578125 0
182 0.46875 0.453125 0
183 0.484375 0.4375 0
184 0.5 0.453125 0
185 0.484375 0.46875 0
186 0.453125 0.4375 0
187 0.453125 0.46875 0
188 0.4375 0.453125 0
189 0.46875 0.421875 0
190 0.5 0.3125 0
191 0.46875 0.34375 0
192 0.46875 0.375 0
193 0.453125 0.390625 0
194 0.453125 0.40625 0
195 0.4375 0.421875 0
196 0.484375 0.390625 0
197 0.484375 0.40625 0
198 0.5 0.421875 0
199 0.5 0.484375 0
200 0.484375 0.5 0
201 0.46875 0.484375 0
202 0.515625 0.46875 0
203 0.53125 0.484375 0
204 0.515625 0.5 0
205 0.53125 0.453125 0
206 0.515625 0.4375 0
207 0.453125 0.5 0
208 0.4375 0.484375 0
209 0.46875 0.515625 0
210 0.4375 0.515625 0
211 0.453125 0.53125 0
212 0.5 0.515625 0
213 0.484375 0.53125 0
214 0.421875 0.46875 0
215 0.421875 0.5 0
216 0.3125 0.5 0
217 0.34375 0.46875 0
218 0.375 0.46875 0
219 0.390625 0.484375 0
220 0.40625 0.484375 0
221 0.421875 0.4375 0
222 0.390625 0.453125 0
223 0.40625 0.453125 0
224 0.53125 0.34375 0
225 0.53125 0.375 0
226 0.515625 0.390625 0
227 0.515625 0.40625 0
228 0.53125 0.421875 0
229 0.3125 0.3125 0
230 0.375 0.3125 0
231 0.40625 0.34375 0
232 0.40625 0.375 0
233 0.421875 0.390625 0
234 0.421875 0.40625 0
235 0.3125 0.375 0
236 0.34375 0.40625 0
237 0.375 0.40625 0
238 0.390625 0.421875 0
239 0.40625 0.421875 0
240 0.546875 0.4375 0
241 0.5625 0.453125 0
242 0.546875 0.46875 0
243 0.5625 0.421875 0
244 0.546875 0.390625 0
245 0.546875 0.40625 0
246 0.5625 0.484375 0
247 0.546875 0.5 0
248 0.578125 0.46875 0
249 0.578125 0.4375 0
250 0.6875 0.5 0
251 0.65625 0.46875 0
252 0.625 0.46875 0
253 0.609375 0.453125 0
254 0.59375 0.453125 0
255 0.609375 0.484375 0
256 0.59375 0.484375 0
257 0.578125 0.5 0
258 0.53125 0.515625 0
259 0.515625 0.53125 0
260 0.546875 0.53125 0
261 0.5625 0.515625 0
262 0.6875 0.3125 0
263 0.625 0.3125 0
264 0.59375 0.34375 0
265 0.59375 0.375 0
266 0.578125 0.390625 0
267 0.578125 0.40625 0
268 0.6875 0.375 0
269 0.65625 0.40625 0
270 0.625 0.40625 0
271 0.609375 0.421875 0
272 0.59375 0.421875 0
273 0.34375 0.53125 0
274 0.375 0.53125 0
275 0.390625 0.515625 0
276 0.40625 0.515625 0
277 0.421875 0.53125 0
278 0.4375 0.546875 0
279 0.390625 0.546875 0
280 0.40625 0.546875 0
281 0.421875 0.5625 0
282 0.46875 0.546875 0
283 0.453125 0.5625 0
284 0.3125 0.6875 0
285 0.3125 0.625 0
286 0.34375 0.59375 0
287 0.375 0.59375 0
288 0.390625 0.578125 0
289 0.40625 0.578125 0
290 0.4375 0.578125 0
291 0.375 0.6875 0
292 0.40625 0.65625 0
293 0.40625 0.625 0
294 0.421875 0.609375 0
295 0.421875 0.59375 0
296 0.5 0.546875 0
297 0.484375 0.5625 0
298 0.515625 0.5625 0
299 0.53125 0.546875 0
300 0.46875 0.578125 0
301 0.5 0.578125 0
302 0.5 0.6875 0
303 0.46875 0.65625 0
304 0.46875 0.625 0
305 0.484375 0.609375 0
306 0.484375 0.59375 0
307 0.453125 0.609375 0
308 0.453125 0.59375 0
309 0.65625 0.53125 0
310 0.625 0.53125 0
311 0.609375 0.515625 0
312 0.59375 0.515625 0
313 0.578125 0.53125 0
314 0.5625 0.546875 0
315 0.546875 0.5625 0
316 0.609375 0.546875 0
317 0.59375 0.546875 0
318 0.578125 0.5625 0
319 0.53125 0.578125 0
320 0.53125 0.65625 0
321 0.53125 0.625 0
322 0.515625 0.609375 0
323 0.515625 0.59375 0
324 0.5625 0.578125 0
325 0.546875 0.609375 0
326 0.546875 0.59375 0
327 0.6875 0.6875 0
328 0.6875 0.625 0
329 0.65625 0.59375 0
330 0.625 0.59375 0
331 0.609375 0.578125 0
332 0.59375 0.578125 0
333 0.625 0.6875 0
334 0.59375 0.65625 0
335 0.59375 0.625 0
336 0.578125 0.609375 0
337 0.578125 0.59375 0
338 0.4765625 0.4453125 0
339 0.4765625 0.4609375 0
340 0.4609375 0.4609375 0
341 0.4609375 0.4453125 0
342 0.4921875 0.4453125 0
343 0.4765625 0.4296875 0
344 0.4921875 0.4296875 0
345 0.4921875 0.4609375 0
346 0.5078125 0.4609375 0
347 0.5078125 0.4453125 0
348 0.4921875 0.4765625 0
349 0.4765625 0.4765625 0
350 0.4453125 0.4453125 0
351 0.4453125 0.4296875 0
352 0.4609375 0.4296875 0
353 0.4453125 0.4609375 0
354 0.4609375 0.4765625 0
355 0.4453125 0.4765625 0
356 0.4296875 0.4609375 0
357 0.4296875 0.4453125 0
358 0.4609375 0.4140625 0
359 0.4765625 0.4140625 0
360 0.4453125 0.4140625 0
361 0.46875 0.390625 0
362 0.4609375 0.3984375 0
363 0.4375 0.390625 0
364 0.4453125 0.3984375 0
365 0.4296875 0.4140625 0
366 0.4296875 0.4296875 0
367 0.4921875 0.4140625 0
368 0.4765625 0.3984375 0
369 0.5 0.390625 0
370 0.4921875 0.3984375 0
371 0.5078125 0.4296875 0
372 0.5078125 0.4140625 0
373 0.4921875 0.4921875 0
374 0.5078125 0.4921875 0
375 0.5078125 0.4765625 0
376 0.4765625 0.4921875 0
377 0.4765625 0.5078125 0
378 0.4921875 0.5078125 0
379 0.4609375 0.4921875 0
380 0.5234375 0.4765625 0
381 0.5234375 0.4609375 0
382 0.5234375 0.4921875 0
383 0.5390625 0.4765625 0
384 0.5390625 0.4921875 0
385 0.5078125 0.5078125 0
386 0.5234375 0.5078125 0
387 0.5234375 0.4453125 0
388 0.5390625 0.4609375 0
389 0.5390625 0.4453125 0
390 0.5234375 0.4296875 0
391 0.4453125 0.4921875 0
392 0.4453125 0.5078125 0
393 0.4609375 0.5078125 0
394 0.4296875 0.4921875 0
395 0.4296875 0.4765625 0
396 0.4609375 0.5234375 0
397 0.4765625 0.5234375 0
398 0.4453125 0.5234375 0
399 0.4296875 0.5078125 0
400 0.4296875 0.5234375 0
401 0.4453125 0.5390625 0
402 0.4609375 0.5390625 0
403 0.4921875 0.5234375 0
404 0.5078125 0.5234375 0
405 0.4921875 0.5390625 0
406 0.4765625 0.5390625 0
407 0.4140625 0.4765625 0
408 0.4140625 0.4609375 0
409 0.4140625 0.4921875 0
410 0.4140625 0.5078125 0
411 0.390625 0.5 0
412 0.3984375 0.4921875 0
413 0.390625 0.46875 0
414 0.3984375 0.4765625 0
415 0.4140625 0.4453125 0
416 0.4140625 0.4296875 0
417 0.390625 0.4375 0
418 0.3984375 0.4453125 0
419 0.3984375 0.4609375 0
420 0.5234375 0.4140625 0
421 0.53125 0.390625 0
422 0.5234375 0.3984375 0
423 0.5078125 0.3984375 0
424 0.5390625 0.4296875 0
425 0.5390625 0.4140625 0
426 0.4140625 0.4140625 0
427 0.4296875 0.3984375 0
428 0.390625 0.390625 0
429 0.40625 0.390625 0
430 0.4140625 0.3984375 0
431 0.390625 0.40625 0
432 0.3984375 0.4140625 0
433 0.3984375 0.4296875 0
434 0.5546875 0.4453125 0
435 0.5546875 0.4296875 0
436 0.5546875 0.4609375 0
437 0.5703125 0.4453125 0
438 0.5703125 0.4609375 0
439 0.5546875 0.4765625 0
440 0.5546875 0.4140625 0
441 0.5703125 0.4296875 0
442 0.5703125 0.4140625 0
443 0.5625 0.390625 0
444 0.5546875 0.3984375 0
445 0.5390625 0.3984375 0
446 0.5546875 0.4921875 0
447 0.5703125 0.4765625 0
448 0.5703125 0.4921875 0
449 0.5390625 0.5078125 0
450 0.5546875 0.5078125 0
451 0.5859375 0.4609375 0
452 0.5859375 0.4765625 0
453 0.5859375 0.4453125 0
454 0.5859375 0.4296875 0
455 0.609375 0.4375 0
456 0.6015625 0.4453125 0
457 0.609375 0.46875 0
458 0.6015625 0.4609375 0
459 0.5859375 0.4921875 0
460 0.6015625 0.4765625 0
461 0.609375 0.5 0
462 0.6015625 0.4921875 0
463 0.5703125 0.5078125 0
464 0.5859375 0.5078125 0
465 0.5234375 0.5234375 0
466 0.5390625 0.5234375 0
467 0.5078125 0.5390625 0
468 0.5234375 0.5390625 0
469 0.5546875 0.5234375 0
470 0.5390625 0.5390625 0
471 0.5546875 0.5390625 0
472 0.5703125 0.5234375 0
473 0.5859375 0.4140625 0
474 0.609375 0.390625 0
475 0.59375 0.390625 0
476 0.5859375 0.3984375 0
477 0.5703125 0.3984375 0
478 0.609375 0.40625 0
479 0.6015625 0.4140625 0
480 0.6015625 0.4296875 0
481 0.4140625 0.5234375 0
482 0.3984375 0.5078125 0
483 0.390625 0.53125 0
484 0.3984375 0.5234375 0
485 0.4140625 0.5390625 0
486 0.4296875 0.5390625 0
487 0.4296875 0.5546875 0
488 0.4453125 0.5546875 0
489 0.4140625 0.5546875 0
490 0.3984375 0.5390625 0
491 0.390625 0.5625 0
492 0.3984375 0.5546875 0
493 0.4140625 0.5703125 0
494 0.4296875 0.5703125 0
495 0.4609375 0.5546875 0
496 0.4765625 0.5546875 0
497 0.4609375 0.5703125 0
498 0.4453125 0.5703125 0
499 0.4140625 0.5859375 0
500 0.3984375 0.5703125 0
501 0.390625 0.609375 0
502 0.390625 0.59375 0
503 0.3984375 0.5859375 0
504 0.4296875 0.5859375 0
505 0.4453125 0.5859375 0
506 0.4375 0.609375 0
507 0.4296875 0.6015625 0
508 0.40625 0.609375 0
509 0.4140625 0.6015625 0
510 0.4921875 0.5546875 0
511 0.5078125 0.5546875 0
512 0.4921875 0.5703125 0
513 0.4765625 0.5703125 0
514 0.5234375 0.5546875 0
515 0.5078125 0.5703125 0
516 0.5234375 0.5703125 0
517 0.5390625 0.5546875 0
518 0.4765625 0.5859375 0
519 0.4609375 0.5859375 0
520 0.4921875 0.5859375 0
521 0.5078125 0.5859375 0
522 0.5 0.609375 0
523 0.4921875 0.6015625 0
524 0.46875 0.609375 0
525 0.4765625 0.6015625 0
526 0.4609375 0.6015625 0
527 0.4453125 0.6015625 0
528 0.5859375 0.5234375 0
529 0.609375 0.53125 0
530 0.6015625 0.5234375 0
531 0.6015625 0.5078125 0
532 0.5703125 0.5390625 0
533 0.5859375 0.5390625 0
534 0.5546875 0.5546875 0
535 0.5703125 0.5546875 0
536 0.5390625 0.5703125 0
537 0.5546875 0.5703125 0
538 0.5859375 0.5546875 0
539 0.6015625 0.5390625 0
540 0.609375 0.5625 0
541 0.6015625 0.5546875 0
542 0.5859375 0.5703125 0
543 0.5703125 0.5703125 0
544 0.5234375 0.5859375 0
545 0.5390625 0.5859375 0
546 0.5078125 0.6015625 0
547 0.53125 0.609375 0
548 0.5234375 0.6015625 0
549 0.5546875 0.5859375 0
550 0.5703125 0.5859375 0
551 0.5625 0.609375 0
552 0.5546875 0.6015625 0
553 0.5390625 0.6015625 0
554 0.5859375 0.5859375 0
555 0.6015625 0.5703125 0
556 0.609375 0.609375 0
557 0.609375 0.59375 0
558 0.6015625 0.5859375 0
559 0.59375 0.609375 0
560 0.5859375 0.6015625 0
561 0.5703125 0.6015625 0
562 0.4765625 0.453125 0
563 0.46875 0.4453125 0
564 0.4765625 0.4375 0
565 0.484375 0.4453125 0
566 0.46875 0.4609375 0
567 0.484375 0.4609375 0
568 0.4765625 0.46875 0
569 0.4609375 0.453125 0
570 0.4609375 0.46875 0
571 0.453125 0.4609375 0
572 0.453125 0.4453125 0
573 0.4609375 0.4375 0
574 0.4921875 0.4375 0
575 0.5 0.4453125 0
576 0.4921875 0.453125 0
577 0.484375 0.4296875 0
578 0.46875 0.4296875 0
579 0.4765625 0.421875 0
580 0.4921875 0.421875 0
581 0.5 0.4296875 0
582 0.5 0.4609375 0
583 0.4921875 0.46875 0
584 0.5078125 0.453125 0
585 0.5078125 0.46875 0
586 0.515625 0.4609375 0
587 0.515625 0.4453125 0
588 0.5078125 0.4375 0
589 0.484375 0.4765625 0
590 0.5 0.4765625 0
591 0.4921875 0.484375 0
592 0.4765625 0.484375 0
593 0.46875 0.4765625 0
594 0.4453125 0.4375 0
595 0.4453125 0.453125 0
596 0.4375 0.4453125 0
597 0.453125 0.4296875 0
598 0.4453125 0.421875 0
599 0.4375 0.4296875 0
600 0.4609375 0.421875 0
601 0.4453125 0.46875 0
602 0.4375 0.4609375 0
603 0.453125 0.4765625 0
604 0.4609375 0.484375 0
605 0.4453125 0.484375 0
606 0.4375 0.4765625 0
607 0.4296875 0.453125 0
608 0.4296875 0.46875 0
609 0.421875 0.4609375 0
610 0.4296875 0.4375 0
611 0.421875 0.4453125 0
612 0.46875 0.4140625 0
613 0.4609375 0.40625 0
614 0.453125 0.4140625 0
615 0.4765625 0.40625 0
616 0.484375 0.4140625 0
617 0.4453125 0.40625 0
618 0.4375 0.4140625 0
619 0.4296875 0.421875 0
620 0.4296875 0.40625 0
621 0.421875 0.4140625 0
622 0.421875 0.4296875 0
623 0.4921875 0.40625 0
624 0.5 0.4140625 0
625 0.5078125 0.421875 0
626 0.515625 0.4296875 0
627 0.515625 0.4140625 0
628 0.5078125 0.40625 0
629 0.5 0.4921875 0
630 0.4921875 0.5 0
631 0.484375 0.4921875 0
632 0.5078125 0.484375 0
633 0.515625 0.4921875 0
634 0.5078125 0.5 0
635 0.515625 0.4765625 0
636 0.4765625 0.5 0
637 0.46875 0.4921875 0
638 0.484375 0.5078125 0
639 0.46875 0.5078125 0
640 0.4765625 0.515625 0
641 0.5 0.5078125 0
642 0.4921875 0.515625 0
643 0.4609375 0.5 0
644 0.453125 0.4921875 0
645 0.5234375 0.46875 0
646 0.53125 0.4765625 0
647 0.5234375 0.484375 0
648 0.53125 0.4609375 0
649 0.5234375 0.453125 0
650 0.53125 0.4921875 0
651 0.5234375 0.5 0
652 0.5390625 0.484375 0
653 0.5390625 0.46875 0
654 0.546875 0.4765625 0
655 0.546875 0.4921875 0
656 0.5390625 0.5 0
657 0.515625 0.5078125 0
658 0.5078125 0.515625 0
659 0.5234375 0.515625 0
660 0.53125 0.5078125 0
661 0.53125 0.4453125 0
662 0.5234375 0.4375 0
663 0.5390625 0.453125 0
664 0.546875 0.4609375 0
665 0.546875 0.4453125 0
666 0.5390625 0.4375 0
667 0.53125 0.4296875 0
668 0.5234375 0.421875 0
669 0.4453125 0.5 0
670 0.4375 0.4921875 0
671 0.453125 0.5078125 0
672 0.4375 0.5078125 0
673 0.4453125 0.515625 0
674 0.4609375 0.515625 0
675 0.4296875 0.484375 0
676 0.4296875 0.5 0
677 0.421875 0.4921875 0
678 0.421875 0.4765625 0
679 0.46875 0.5234375 0
680 0.453125 0.5234375 0
681 0.4609375 0.53125 0
682 0.484375 0.5234375 0
683 0.4765625 0.53125 0
684 0.4375 0.5234375 0
685 0.4453125 0.53125 0
686 0.4296875 0.515625 0
687 0.421875 0.5078125 0
688 0.421875 0.5234375 0
689 0.4296875 0.53125 0
690 0.453125 0.5390625 0
691 0.4375 0.5390625 0
692 0.4453125 0.546875 0
693 0.46875 0.5390625 0
694 0.4609375 0.546875 0
695 0.5 0.5234375 0
696 0.4921875 0.53125 0
697 0.5078125 0.53125 0
698 0.515625 0.5234375 0
699 0.484375 0.5390625 0
700 0.5 0.5390625 0
701 0.4921875 0.546875 0
702 0.4765625 0.546875 0
703 0.4140625 0.46875 0
704 0.4140625 0.484375 0
705 0.40625 0.4765625 0
706 0.4140625 0.453125 0
707 0.40625 0.4609375 0
708 0.4140625 0.5 0
709 0.40625 0.4921875 0
710 0.40625 0.5078125 0
711 0.4140625 0.515625 0
712 0.4140625 0.4375 0
713 0.40625 0.4453125 0
714 0.4140625 0.421875 0
715 0.40625 0.4296875 0
716 0.5234375 0.40625 0
717 0.53125 0.4140625 0
718 0.5390625 0.421875 0
719 0.546875 0.4296875 0
720 0.546875 0.4140625 0
721 0.5390625 0.40625 0
722 0.4140625 0.40625 0
723 0.40625 0.4140625 0
724 0.5546875 0.4375 0
725 0.5625 0.4453125 0
726 0.5546875 0.453125 0
727 0.5625 0.4296875 0
728 0.5546875 0.421875 0
729 0.5625 0.4609375 0
730 0.5546875 0.46875 0
731 0.5703125 0.453125 0
732 0.5703125 0.4375 0
733 0.578125 0.4453125 0
734 0.578125 0.4609375 0
735 0.5703125 0.46875 0
736 0.5625 0.4765625 0
737 0.5546875 0.484375 0
738 0.5625 0.4140625 0
739 0.5546875 0.40625 0
740 0.5703125 0.421875 0
741 0.578125 0.4296875 0
742 0.578125 0.4140625 0
743 0.5703125 0.40625 0
744 0.5625 0.4921875 0
745 0.5546875 0.5 0
746 0.5703125 0.484375 0
747 0.578125 0.4765625 0
748 0.578125 0.4921875 0
749 0.5703125 0.5 0
750 0.546875 0.5078125 0
751 0.5390625 0.515625 0
752 0.5546875 0.515625 0
753 0.5625 0.5078125 0
754 0.5859375 0.46875 0
755 0.5859375 0.453125 0
756 0.59375 0.4609375 0
757 0.59375 0.4765625 0
758 0.5859375 0.484375 0
759 0.5859375 0.4375 0
760 0.59375 0.4453125 0
761 0.5859375 0.421875 0
762 0.59375 0.4296875 0
763 0.59375 0.4921875 0
764 0.5859375 0.5 0
765 0.578125 0.5078125 0
766 0.5703125 0.515625 0
767 0.5859375 0.515625 0
768 0.59375 0.5078125 0
769 0.53125 0.5234375 0
770 0.5234375 0.53125 0
771 0.5390625 0.53125 0
772 0.546875 0.5234375 0
773 0.515625 0.5390625 0
774 0.5078125 0.546875 0
775 0.5234375 0.546875 0
776 0.53125 0.5390625 0
777 0.5546875 0.53125 0
778 0.5625 0.5234375 0
779 0.546875 0.5390625 0
780 0.5390625 0.546875 0
781 0.5546875 0.546875 0
782 0.5625 0.5390625 0
783 0.5703125 0.53125 0
784 0.578125 0.5234375 0
785 0.5859375 0.40625 0
786 0.59375 0.4140625 0
787 0.40625 0.5234375 0
788 0.4140625 0.53125 0
789 0.421875 0.5390625 0
790 0.40625 0.5390625 0
791 0.4140625 0.546875 0
792 0.4296875 0.546875 0
793 0.4375 0.5546875 0
794 0.421875 0.5546875 0
795 0.4296875 0.5625 0
796 0.453125 0.5546875 0
797 0.4453125 0.5625 0
798 0.40625 0.5546875 0
799 0.4140625 0.5625 0
800 0.421875 0.5703125 0
801 0.40625 0.5703125 0
802 0.4140625 0.578125 0
803 0.4375 0.5703125 0
804 0.4296875 0.578125 0
805 0.46875 0.5546875 0
806 0.4609375 0.5625 0
807 0.484375 0.5546875 0
808 0.4765625 0.5625 0
809 0.453125 0.5703125 0
810 0.46875 0.5703125 0
811 0.4609375 0.578125 0
812 0.4453125 0.578125 0
813 0.40625 0.5859375 0
814 0.421875 0.5859375 0
815 0.4140625 0.59375 0
816 0.4375 0.5859375 0
817 0.4296875 0.59375 0
818 0.453125 0.5859375 0
819 0.4453125 0.59375 0
820 0.5 0.5546875 0
821 0.4921875 0.5625 0
822 0.5078125 0.5625 0
823 0.515625 0.5546875 0
824 0.484375 0.5703125 0
825 0.5 0.5703125 0
826 0.4921875 0.578125 0
827 0.4765625 0.578125 0
828 0.5234375 0.5625 0
829 0.53125 0.5546875 0
830 0.515625 0.5703125 0
831 0.5078125 0.578125 0
832 0.5234375 0.578125 0
833 0.53125 0.5703125 0
834 0.5390625 0.5625 0
835 0.546875 0.5546875 0
836 0.46875 0.5859375 0
837 0.484375 0.5859375 0
838 0.4765625 0.59375 0
839 0.4609375 0.59375 0
840 0.5 0.5859375 0
841 0.4921875 0.59375 0
842 0.5078125 0.59375 0
843 0.515625 0.5859375 0
844 0.59375 0.5234375 0
845 0.5859375 0.53125 0
846 0.578125 0.5390625 0
847 0.5703125 0.546875 0
848 0.59375 0.5390625 0
849 0.5859375 0.546875 0
850 0.5625 0.5546875 0
851 0.5546875 0.5625 0
852 0.578125 0.5546875 0
853 0.5703125 0.5625 0
854 0.546875 0.5703125 0
855 0.5390625 0.578125 0
856 0.5625 0.5703125 0
857 0.5546875 0.578125 0
858 0.59375 0.5546875 0
859 0.5859375 0.5625 0
860 0.578125 0.5703125 0
861 0.59375 0.5703125 0
862 0.5859375 0.578125 0
863 0.5703125 0.578125 0
864 0.53125 0.5859375 0
865 0.5234375 0.59375 0
866 0.546875 0.5859375 0
867 0.5390625 0.59375 0
868 0.5625 0.5859375 0
869 0.5546875 0.59375 0
870 0.578125 0.5859375 0
871 0.5703125 0.59375 0
872 0.59375 0.5859375 0
873 0.5859375 0.59375 0
874 0.47265625 0.44921875 0
875 0.48046875 0.44921875 0
876 0.48046875 0.45703125 0
877 0.47265625 0.45703125 0
878 0.47265625 0.44140625 0
879 0.46484375 0.44921875 0
880 0.46484375 0.44140625 0
881 0.48046875 0.44140625 0
882 0.47265625 0.43359375 0
883 0.48046875 0.43359375 0
884 0.48828125 0.44140625 0
885 0.48828125 0.44921875 0
886 0.47265625 0.46484375 0
887 0.46484375 0.46484375 0
888 0.46484375 0.45703125 0
889 0.48046875 0.46484375 0
890 0.48828125 0.45703125 0
891 0.48828125 0.46484375 0
892 0.48046875 0.47265625 0
893 0.47265625 0.47265625 0
894 0.45703125 0.45703125 0
895 0.45703125 0.44921875 0
896 0.45703125 0.46484375 0
897 0.46484375 0.47265625 0
898 0.45703125 0.47265625 0
899 0.44921875 0.46484375 0
900 0.44921875 0.45703125 0
901 0.45703125 0.44140625 0
902 0.44921875 0.44921875 0
903 0.44921875 0.44140625 0
904 0.45703125 0.43359375 0
905 0.46484375 0.43359375 0
906 0.49609375 0.44140625 0
907 0.48828125 0.43359375 0
908 0.49609375 0.43359375 0
909 0.49609375 0.44921875 0
910 0.50390625 0.44921875 0
911 0.50390625 0.44140625 0
912 0.49609375 0.45703125 0
913 0.48046875 0.42578125 0
914 0.48828125 0.42578125 0
915 0.47265625 0.42578125 0
916 0.46484375 0.42578125 0
917 0.47265625 0.41796875 0
918 0.48046875 0.41796875 0
919 0.49609375 0.42578125 0
920 0.48828125 0.41796875 0
921 0.49609375 0.41796875 0
922 0.50390625 0.43359375 0
923 0.50390625 0.42578125 0
924 0.49609375 0.46484375 0
925 0.50390625 0.46484375 0
926 0.50390625 0.45703125 0
927 0.49609375 0.47265625 0
928 0.48828125 0.47265625 0
929 0.51171875 0.45703125 0
930 0.51171875 0.44921875 0
931 0.51171875 0.46484375 0
932 0.50390625 0.47265625 0
933 0.51171875 0.47265625 0
934 0.51953125 0.46484375 0
935 0.51953125 0.45703125 0
936 0.51171875 0.44140625 0
937 0.51953125 0.44921875 0
938 0.51953125 0.44140625 0
939 0.51171875 0.43359375 0
940 0.48828125 0.48046875 0
941 0.48046875 0.48046875 0
942 0.49609375 0.48046875 0
943 0.50390625 0.48046875 0
944 0.49609375 0.48828125 0
945 0.48828125 0.48828125 0
946 0.47265625 0.48046875 0
947 0.48046875 0.48828125 0
948 0.47265625 0.48828125 0
949 0.46484375 0.48046875 0
950 0.44140625 0.44140625 0
951 0.44140625 0.43359375 0
952 0.44921875 0.43359375 0
953 0.44140625 0.44921875 0
954 0.44140625 0.45703125 0
955 0.43359375 0.44921875 0
956 0.43359375 0.44140625 0
957 0.44921875 0.42578125 0
958 0.45703125 0.42578125 0
959 0.44140625 0.42578125 0
960 0.44921875 0.41796875 0
961 0.44140625 0.41796875 0
962 0.43359375 0.42578125 0
963 0.43359375 0.43359375 0
964 0.45703125 0.41796875 0
965 0.46484375 0.41796875 0
966 0.44140625 0.46484375 0
967 0.44921875 0.47265625 0
968 0.44140625 0.47265625 0
969 0.43359375 0.46484375 0
970 0.43359375 0.45703125 0
971 0.45703125 0.48046875 0
972 0.44921875 0.48046875 0
973 0.46484375 0.48828125 0
974 0.45703125 0.48828125 0
975 0.44140625 0.48046875 0
976 0.44921875 0.48828125 0
977 0.44140625 0.48828125 0
978 0.43359375 0.48046875 0
979 0.43359375 0.47265625 0
980 0.42578125 0.45703125 0
981 0.42578125 0.44921875 0
982 0.42578125 0.46484375 0
983 0.42578125 0.47265625 0
984 0.41796875 0.46484375 0
985 0.41796875 0.45703125 0
986 0.42578125 0.44140625 0
987 0.42578125 0.43359375 0
988 0.41796875 0.44140625 0
989 0.41796875 0.44921875 0
990 0.46484375 0.41015625 0
991 0.47265625 0.41015625 0
992 0.45703125 0.41015625 0
993 0.46875 0.3984375 0
994 0.46484375 0.40234375 0
995 0.453125 0.3984375 0
996 0.45703125 0.40234375 0
997 0.44921875 0.41015625 0
998 0.48046875 0.41015625 0
999 0.47265625 0.40234375 0
1000 0.484375 0.3984375 0
1001 0.48046875 0.40234375 0
1002 0.48828125 0.41015625 0
1003 0.44140625 0.41015625 0
1004 0.44921875 0.40234375 0
1005 0.4375 0.3984375 0
1006 0.44140625 0.40234375 0
1007 0.43359375 0.41015625 0
1008 0.43359375 0.41796875 0
1009 0.42578125 0.41796875 0
1010 0.42578125 0.42578125 0
1011 0.42578125 0.41015625 0
1012 0.43359375 0.40234375 0
1013 0.421875 0.3984375 0
1014 0.42578125 0.40234375 0
1015 0.41796875 0.41015625 0
1016 0.41796875 0.41796875 0
1017 0.41796875 0.42578125 0
1018 0.41796875 0.43359375 0
1019 0.49609375 0.41015625 0
1020 0.48828125 0.40234375 0
1021 0.5 0.3984375 0
1022 0.49609375 0.40234375 0
1023 0.50390625 0.41796875 0
1024 0.50390625 0.41015625 0
1025 0.51171875 0.42578125 0
1026 0.51171875 0.41796875 0
1027 0.51953125 0.43359375 0
1028 0.51953125 0.42578125 0
1029 0.51171875 0.41015625 0
1030 0.51953125 0.41796875 0
1031 0.51953125 0.41015625 0
1032 0.515625 0.3984375 0
1033 0.51171875 0.40234375 0
1034 0.50390625 0.40234375 0
1035 0.49609375 0.49609375 0
1036 0.50390625 0.49609375 0
1037 0.50390625 0.48828125 0
1038 0.48828125 0.49609375 0
1039 0.48828125 0.50390625 0
1040 0.49609375 0.50390625 0
1041 0.48046875 0.49609375 0
1042 0.51171875 0.48828125 0
1043 0.51171875 0.48046875 0
1044 0.51171875 0.49609375 0
1045 0.51953125 0.48828125 0
1046 0.51953125 0.49609375 0
1047 0.50390625 0.50390625 0
1048 0.51171875 0.50390625 0
1049 0.51953125 0.48046875 0
1050 0.51953125 0.47265625 0
1051 0.47265625 0.49609375 0
1052 0.47265625 0.50390625 0
1053 0.48046875 0.50390625 0
1054 0.46484375 0.49609375 0
1055 0.48046875 0.51171875 0
1056 0.48828125 0.51171875 0
1057 0.47265625 0.51171875 0
1058 0.46484375 0.50390625 0
1059 0.46484375 0.51171875 0
1060 0.47265625 0.51953125 0
1061 0.48046875 0.51953125 0
1062 0.49609375 0.51171875 0
1063 0.50390625 0.51171875 0
1064 0.49609375 0.51953125 0
1065 0.48828125 0.51953125 0
1066 0.45703125 0.49609375 0
1067 0.45703125 0.50390625 0
1068 0.44921875 0.49609375 0
1069 0.52734375 0.47265625 0
1070 0.52734375 0.46484375 0
1071 0.52734375 0.48046875 0
1072 0.53515625 0.47265625 0
1073 0.53515625 0.48046875 0
1074 0.52734375 0.48828125 0
1075 0.52734375 0.45703125 0
1076 0.53515625 0.46484375 0
1077 0.53515625 0.45703125 0
1078 0.52734375 0.44921875 0
1079 0.52734375 0.49609375 0
1080 0.53515625 0.48828125 0
1081 0.53515625 0.49609375 0
1082 0.51953125 0.50390625 0
1083 0.52734375 0.50390625 0
1084 0.54296875 0.48046875 0
1085 0.54296875 0.48828125 0
1086 0.54296875 0.47265625 0
1087 0.54296875 0.46484375 0
1088 0.55078125 0.47265625 0
1089 0.55078125 0.48046875 0
1090 0.54296875 0.49609375 0
1091 0.55078125 0.48828125 0
1092 0.55078125 0.49609375 0
1093 0.53515625 0.50390625 0
1094 0.54296875 0.50390625 0
1095 0.51171875 0.51171875 0
1096 0.51953125 0.51171875 0
1097 0.50390625 0.51953125 0
1098 0.51171875 0.51953125 0
1099 0.52734375 0.51171875 0
1100 0.51953125 0.51953125 0
1101 0.52734375 0.51953125 0
1102 0.53515625 0.51171875 0
1103 0.52734375 0.44140625 0
1104 0.53515625 0.44921875 0
1105 0.53515625 0.44140625 0
1106 0.52734375 0.43359375 0
1107 0.54296875 0.45703125 0
1108 0.54296875 0.44921875 0
1109 0.55078125 0.45703125 0
1110 0.55078125 0.46484375 0
1111 0.54296875 0.44140625 0
1112 0.55078125 0.44921875 0
1113 0.55078125 0.44140625 0
1114 0.54296875 0.43359375 0
1115 0.53515625 0.43359375 0
1116 0.52734375 0.42578125 0
1117 0.53515625 0.42578125 0
1118 0.52734375 0.41796875 0
1119 0.44140625 0.49609375 0
1120 0.44140625 0.50390625 0
1121 0.44921875 0.50390625 0
1122 0.43359375 0.49609375 0
1123 0.43359375 0.48828125 0
1124 0.44921875 0.51171875 0
1125 0.45703125 0.51171875 0
1126 0.44140625 0.51171875 0
1127 0.43359375 0.50390625 0
1128 0.43359375 0.51171875 0
1129 0.44140625 0.51953125 0
1130 0.44921875 0.51953125 0
1131 0.45703125 0.51953125 0
1132 0.46484375 0.51953125 0
1133 0.42578125 0.48828125 0
1134 0.42578125 0.48046875 0
1135 0.42578125 0.49609375 0
1136 0.42578125 0.50390625 0
1137 0.41796875 0.49609375 0
1138 0.41796875 0.48828125 0
1139 0.41796875 0.48046875 0
1140 0.41796875 0.47265625 0
1141 0.46484375 0.52734375 0
1142 0.47265625 0.52734375 0
1143 0.45703125 0.52734375 0
1144 0.44921875 0.52734375 0
1145 0.45703125 0.53515625 0
1146 0.46484375 0.53515625 0
1147 0.48046875 0.52734375 0
1148 0.48828125 0.52734375 0
1149 0.48046875 0.53515625 0
1150 0.47265625 0.53515625 0
1151 0.44140625 0.52734375 0
1152 0.43359375 0.51953125 0
1153 0.43359375 0.52734375 0
1154 0.44140625 0.53515625 0
1155 0.44921875 0.53515625 0
1156 0.42578125 0.51171875 0
1157 0.42578125 0.51953125 0
1158 0.41796875 0.50390625 0
1159 0.41796875 0.51171875 0
1160 0.42578125 0.52734375 0
1161 0.41796875 0.51953125 0
1162 0.41796875 0.52734375 0
1163 0.42578125 0.53515625 0
1164 0.43359375 0.53515625 0
1165 0.44921875 0.54296875 0
1166 0.45703125 0.54296875 0
1167 0.44140625 0.54296875 0
1168 0.43359375 0.54296875 0
1169 0.44140625 0.55078125 0
1170 0.44921875 0.55078125 0
1171 0.46484375 0.54296875 0
1172 0.47265625 0.54296875 0
1173 0.46484375 0.55078125 0
1174 0.45703125 0.55078125 0
1175 0.49609375 0.52734375 0
1176 0.50390625 0.52734375 0
1177 0.49609375 0.53515625 0
1178 0.48828125 0.53515625 0
1179 0.51171875 0.52734375 0
1180 0.50390625 0.53515625 0
1181 0.51171875 0.53515625 0
1182 0.51953125 0.52734375 0
1183 0.48828125 0.54296875 0
1184 0.48046875 0.54296875 0
1185 0.49609375 0.54296875 0
1186 0.50390625 0.54296875 0
1187 0.49609375 0.55078125 0
1188 0.48828125 0.55078125 0
1189 0.48046875 0.55078125 0
1190 0.47265625 0.55078125 0
1191 0.41015625 0.47265625 0
1192 0.41015625 0.46484375 0
1193 0.41015625 0.48046875 0
1194 0.41015625 0.48828125 0
1195 0.3984375 0.484375 0
1196 0.40234375 0.48046875 0
1197 0.3984375 0.46875 0
1198 0.40234375 0.47265625 0
1199 0.41015625 0.45703125 0
1200 0.41015625 0.44921875 0
1201 0.3984375 0.453125 0
1202 0.40234375 0.45703125 0
1203 0.40234375 0.46484375 0
1204 0.41015625 0.49609375 0
1205 0.41015625 0.50390625 0
1206 0.3984375 0.5 0
1207 0.40234375 0.49609375 0
1208 0.40234375 0.48828125 0
1209 0.41015625 0.51171875 0
1210 0.40234375 0.50390625 0
1211 0.3984375 0.515625 0
1212 0.40234375 0.51171875 0
1213 0.41015625 0.51953125 0
1214 0.41015625 0.44140625 0
1215 0.41015625 0.43359375 0
1216 0.3984375 0.4375 0
1217 0.40234375 0.44140625 0
1218 0.40234375 0.44921875 0
1219 0.41015625 0.42578125 0
1220 0.41015625 0.41796875 0
1221 0.3984375 0.421875 0
1222 0.40234375 0.42578125 0
1223 0.40234375 0.43359375 0
1224 0.52734375 0.41015625 0
1225 0.53125 0.3984375 0
1226 0.52734375 0.40234375 0
1227 0.51953125 0.40234375 0
1228 0.53515625 0.41796875 0
1229 0.53515625 0.41015625 0
1230 0.54296875 0.42578125 0
1231 0.54296875 0.41796875 0
1232 0.55078125 0.43359375 0
1233 0.55078125 0.42578125 0
1234 0.54296875 0.41015625 0
1235 0.55078125 0.41796875 0
1236 0.55078125 0.41015625 0
1237 0.546875 0.3984375 0
1238 0.54296875 0.40234375 0
1239 0.53515625 0.40234375 0
1240 0.41015625 0.41015625 0
1241 0.41796875 0.40234375 0
1242 0.3984375 0.3984375 0
1243 0.40625 0.3984375 0
1244 0.41015625 0.40234375 0
1245 0.3984375 0.40625 0
1246 0.40234375 0.41015625 0
1247 0.40234375 0.41796875 0
1248 0.55859375 0.44140625 0
1249 0.55859375 0.43359375 0
1250 0.55859375 0.44921875 0
1251 0.56640625 0.44140625 0
1252 0.56640625 0.44921875 0
1253 0.55859375 0.45703125 0
1254 0.55859375 0.42578125 0
1255 0.56640625 0.43359375 0
1256 0.56640625 0.42578125 0
1257 0.55859375 0.41796875 0
1258 0.55859375 0.46484375 0
1259 0.56640625 0.45703125 0
1260 0.56640625 0.46484375 0
1261 0.55859375 0.47265625 0
1262 0.57421875 0.44921875 0
1263 0.57421875 0.45703125 0
1264 0.57421875 0.44140625 0
1265 0.57421875 0.43359375 0
1266 0.58203125 0.44140625 0
1267 0.58203125 0.44921875 0
1268 0.57421875 0.46484375 0
1269 0.58203125 0.45703125 0
1270 0.58203125 0.46484375 0
1271 0.57421875 0.47265625 0
1272 0.56640625 0.47265625 0
1273 0.55859375 0.48046875 0
1274 0.56640625 0.48046875 0
1275 0.55859375 0.48828125 0
1276 0.55859375 0.41015625 0
1277 0.56640625 0.41796875 0
1278 0.56640625 0.41015625 0
1279 0.5625 0.3984375 0
1280 0.55859375 0.40234375 0
1281 0.55078125 0.40234375 0
1282 0.57421875 0.42578125 0
1283 0.57421875 0.41796875 0
1284 0.58203125 0.42578125 0
1285 0.58203125 0.43359375 0
1286 0.57421875 0.41015625 0
1287 0.58203125 0.41796875 0
1288 0.58203125 0.41015625 0
1289 0.578125 0.3984375 0
1290 0.57421875 0.40234375 0
1291 0.56640625 0.40234375 0
1292 0.55859375 0.49609375 0
1293 0.56640625 0.48828125 0
1294 0.56640625 0.49609375 0
1295 0.55078125 0.50390625 0
1296 0.55859375 0.50390625 0
1297 0.57421875 0.48046875 0
1298 0.57421875 0.48828125 0
1299 0.58203125 0.47265625 0
1300 0.58203125 0.48046875 0
1301 0.57421875 0.49609375 0
1302 0.58203125 0.48828125 0
1303 0.58203125 0.49609375 0
1304 0.56640625 0.50390625 0
1305 0.57421875 0.50390625 0
1306 0.54296875 0.51171875 0
1307 0.55078125 0.51171875 0
1308 0.53515625 0.51953125 0
1309 0.54296875 0.51953125 0
1310 0.55859375 0.51171875 0
1311 0.55078125 0.51953125 0
1312 0.55859375 0.51953125 0
1313 0.56640625 0.51171875 0
1314 0.58984375 0.46484375 0
1315 0.58984375 0.47265625 0
1316 0.58984375 0.45703125 0
1317 0.58984375 0.44921875 0
1318 0.6015625 0.453125 0
1319 0.59765625 0.45703125 0
1320 0.6015625 0.46875 0
1321 0.59765625 0.46484375 0
1322 0.58984375 0.48046875 0
1323 0.59765625 0.47265625 0
1324 0.6015625 0.484375 0
1325 0.59765625 0.48046875 0
1326 0.58984375 0.48828125 0
1327 0.58984375 0.44140625 0
1328 0.58984375 0.43359375 0
1329 0.6015625 0.4375 0
1330 0.59765625 0.44140625 0
1331 0.59765625 0.44921875 0
1332 0.58984375 0.42578125 0
1333 0.58984375 0.41796875 0
1334 0.6015625 0.421875 0
1335 0.59765625 0.42578125 0
1336 0.59765625 0.43359375 0
1337 0.58984375 0.49609375 0
1338 0.59765625 0.48828125 0
1339 0.6015625 0.5 0
1340 0.59765625 0.49609375 0
1341 0.58203125 0.50390625 0
1342 0.58984375 0.50390625 0
1343 0.57421875 0.51171875 0
1344 0.58203125 0.51171875 0
1345 0.56640625 0.51953125 0
1346 0.57421875 0.51953125 0
1347 0.58984375 0.51171875 0
1348 0.58203125 0.51953125 0
1349 0.58984375 0.51953125 0
1350 0.6015625 0.515625 0
1351 0.59765625 0.51171875 0
1352 0.59765625 0.50390625 0
1353 0.52734375 0.52734375 0
1354 0.53515625 0.52734375 0
1355 0.51953125 0.53515625 0
1356 0.52734375 0.53515625 0
1357 0.54296875 0.52734375 0
1358 0.53515625 0.53515625 0
1359 0.54296875 0.53515625 0
1360 0.55078125 0.52734375 0
1361 0.51171875 0.54296875 0
1362 0.51953125 0.54296875 0
1363 0.50390625 0.55078125 0
1364 0.51171875 0.55078125 0
1365 0.52734375 0.54296875 0
1366 0.51953125 0.55078125 0
1367 0.52734375 0.55078125 0
1368 0.53515625 0.54296875 0
1369 0.55859375 0.52734375 0
1370 0.55078125 0.53515625 0
1371 0.55859375 0.53515625 0
1372 0.56640625 0.52734375 0
1373 0.54296875 0.54296875 0
1374 0.55078125 0.54296875 0
1375 0.53515625 0.55078125 0
1376 0.54296875 0.55078125 0
1377 0.55859375 0.54296875 0
1378 0.55078125 0.55078125 0
1379 0.55859375 0.55078125 0
1380 0.56640625 0.54296875 0
1381 0.56640625 0.53515625 0
1382 0.57421875 0.52734375 0
1383 0.57421875 0.53515625 0
1384 0.58203125 0.52734375 0
1385 0.58984375 0.41015625 0
1386 0.6015625 0.3984375 0
1387 0.59375 0.3984375 0
1388 0.58984375 0.40234375 0
1389 0.58203125 0.40234375 0
1390 0.6015625 0.40625 0
1391 0.59765625 0.41015625 0
1392 0.59765625 0.41796875 0
1393 0.41015625 0.52734375 0
1394 0.40234375 0.51953125 0
1395 0.3984375 0.53125 0
1396 0.40234375 0.52734375 0
1397 0.41015625 0.53515625 0
1398 0.41796875 0.53515625 0
1399 0.41796875 0.54296875 0
1400 0.42578125 0.54296875 0
1401 0.41015625 0.54296875 0
1402 0.40234375 0.53515625 0
1403 0.3984375 0.546875 0
1404 0.40234375 0.54296875 0
1405 0.41015625 0.55078125 0
1406 0.41796875 0.55078125 0
1407 0.42578125 0.55078125 0
1408 0.43359375 0.55078125 0
1409 0.43359375 0.55859375 0
1410 0.44140625 0.55859375 0
1411 0.42578125 0.55859375 0
1412 0.41796875 0.55859375 0
1413 0.42578125 0.56640625 0
1414 0.43359375 0.56640625 0
1415 0.44921875 0.55859375 0
1416 0.45703125 0.55859375 0
1417 0.44921875 0.56640625 0
1418 0.44140625 0.56640625 0
1419 0.41015625 0.55859375 0
1420 0.40234375 0.55078125 0
1421 0.3984375 0.5625 0
1422 0.40234375 0.55859375 0
1423 0.41015625 0.56640625 0
1424 0.41796875 0.56640625 0
1425 0.41796875 0.57421875 0
1426 0.42578125 0.57421875 0
1427 0.41015625 0.57421875 0
1428 0.40234375 0.56640625 0
1429 0.3984375 0.578125 0
1430 0.40234375 0.57421875 0
1431 0.41015625 0.58203125 0
1432 0.41796875 0.58203125 0
1433 0.43359375 0.57421875 0
1434 0.44140625 0.57421875 0
1435 0.43359375 0.58203125 0
1436 0.42578125 0.58203125 0
1437 0.46484375 0.55859375 0
1438 0.47265625 0.55859375 0
1439 0.46484375 0.56640625 0
1440 0.45703125 0.56640625 0
1441 0.48046875 0.55859375 0
1442 0.48828125 0.55859375 0
1443 0.48046875 0.56640625 0
1444 0.47265625 0.56640625 0
1445 0.45703125 0.57421875 0
1446 0.44921875 0.57421875 0
1447 0.46484375 0.57421875 0
1448 0.47265625 0.57421875 0
1449 0.46484375 0.58203125 0
1450 0.45703125 0.58203125 0
1451 0.44921875 0.58203125 0
1452 0.44140625 0.58203125 0
1453 0.41015625 0.58984375 0
1454 0.40234375 0.58203125 0
1455 0.3984375 0.6015625 0
1456 0.3984375 0.59375 0
1457 0.40234375 0.58984375 0
1458 0.41796875 0.58984375 0
1459 0.42578125 0.58984375 0
1460 0.421875 0.6015625 0
1461 0.41796875 0.59765625 0
1462 0.40625 0.6015625 0
1463 0.41015625 0.59765625 0
1464 0.43359375 0.58984375 0
1465 0.44140625 0.58984375 0
1466 0.4375 0.6015625 0
1467 0.43359375 0.59765625 0
1468 0.42578125 0.59765625 0
1469 0.44921875 0.58984375 0
1470 0.45703125 0.58984375 0
1471 0.453125 0.6015625 0
1472 0.44921875 0.59765625 0
1473 0.44140625 0.59765625 0
1474 0.49609375 0.55859375 0
1475 0.50390625 0.55859375 0
1476 0.49609375 0.56640625 0
1477 0.48828125 0.56640625 0
1478 0.51171875 0.55859375 0
1479 0.50390625 0.56640625 0
1480 0.51171875 0.56640625 0
1481 0.51953125 0.55859375 0
1482 0.48828125 0.57421875 0
1483 0.48046875 0.57421875 0
1484 0.49609375 0.57421875 0
1485 0.50390625 0.57421875 0
1486 0.49609375 0.58203125 0
1487 0.48828125 0.58203125 0
1488 0.48046875 0.58203125 0
1489 0.47265625 0.58203125 0
1490 0.52734375 0.55859375 0
1491 0.51953125 0.56640625 0
1492 0.52734375 0.56640625 0
1493 0.53515625 0.55859375 0
1494 0.51171875 0.57421875 0
1495 0.51953125 0.57421875 0
1496 0.50390625 0.58203125 0
1497 0.51171875 0.58203125 0
1498 0.52734375 0.57421875 0
1499 0.51953125 0.58203125 0
1500 0.52734375 0.58203125 0
1501 0.53515625 0.57421875 0
1502 0.53515625 0.56640625 0
1503 0.54296875 0.55859375 0
1504 0.54296875 0.56640625 0
1505 0.55078125 0.55859375 0
1506 0.47265625 0.58984375 0
1507 0.46484375 0.58984375 0
1508 0.48046875 0.58984375 0
1509 0.48828125 0.58984375 0
1510 0.484375 0.6015625 0
1511 0.48046875 0.59765625 0
1512 0.46875 0.6015625 0
1513 0.47265625 0.59765625 0
1514 0.46484375 0.59765625 0
1515 0.45703125 0.59765625 0
1516 0.49609375 0.58984375 0
1517 0.50390625 0.58984375 0
1518 0.5 0.6015625 0
1519 0.49609375 0.59765625 0
1520 0.48828125 0.59765625 0
1521 0.51171875 0.58984375 0
1522 0.50390625 0.59765625 0
1523 0.515625 0.6015625 0
1524 0.51171875 0.59765625 0
1525 0.51953125 0.58984375 0
1526 0.58984375 0.52734375 0
1527 0.6015625 0.53125 0
1528 0.59765625 0.52734375 0
1529 0.59765625 0.51953125 0
1530 0.58203125 0.53515625 0
1531 0.58984375 0.53515625 0
1532 0.57421875 0.54296875 0
1533 0.58203125 0.54296875 0
1534 0.56640625 0.55078125 0
1535 0.57421875 0.55078125 0
1536 0.58984375 0.54296875 0
1537 0.59765625 0.53515625 0
1538 0.6015625 0.546875 0
1539 0.59765625 0.54296875 0
1540 0.58984375 0.55078125 0
1541 0.58203125 0.55078125 0
1542 0.55859375 0.55859375 0
1543 0.56640625 0.55859375 0
1544 0.55078125 0.56640625 0
1545 0.55859375 0.56640625 0
1546 0.57421875 0.55859375 0
1547 0.58203125 0.55859375 0
1548 0.57421875 0.56640625 0
1549 0.56640625 0.56640625 0
1550 0.54296875 0.57421875 0
1551 0.55078125 0.57421875 0
1552 0.53515625 0.58203125 0
1553 0.54296875 0.58203125 0
1554 0.55859375 0.57421875 0
1555 0.56640625 0.57421875 0
1556 0.55859375 0.58203125 0
1557 0.55078125 0.58203125 0
1558 0.58984375 0.55859375 0
1559 0.59765625 0.55078125 0
1560 0.6015625 0.5625 0
1561 0.59765625 0.55859375 0
1562 0.58984375 0.56640625 0
1563 0.58203125 0.56640625 0
1564 0.58203125 0.57421875 0
1565 0.57421875 0.57421875 0
1566 0.58984375 0.57421875 0
1567 0.59765625 0.56640625 0
1568 0.6015625 0.578125 0
1569 0.59765625 0.57421875 0
1570 0.58984375 0.58203125 0
1571 0.58203125 0.58203125 0
1572 0.57421875 0.58203125 0
1573 0.56640625 0.58203125 0
1574 0.52734375 0.58984375 0
1575 0.53515625 0.58984375 0
1576 0.51953125 0.59765625 0
1577 0.53125 0.6015625 0
1578 0.52734375 0.59765625 0
1579 0.54296875 0.58984375 0
1580 0.55078125 0.58984375 0
1581 0.546875 0.6015625 0
1582 0.54296875 0.59765625 0
1583 0.53515625 0.59765625 0
1584 0.55859375 0.58984375 0
1585 0.56640625 0.58984375 0
1586 0.5625 0.6015625 0
1587 0.55859375 0.59765625 0
1588 0.55078125 0.59765625 0
1589 0.57421875 0.58984375 0
1590 0.58203125 0.58984375 0
1591 0.578125 0.6015625 0
1592 0.57421875 0.59765625 0
1593 0.56640625 0.59765625 0
1594 0.58984375 0.58984375 0
1595 0.59765625 0.58203125 0
1596 0.6015625 0.6015625 0
1597 0.6015625 0.59375 0
1598 0.59765625 0.58984375 0
1599 0.59375 0.6015625 0
1600 0.58984375 0.59765625 0
1601 0.58203125 0.59765625 0
1602 0.4765625 0.44921875 0
1603 0.47265625 0.453125 0
1604 0.46875 0.44921875 0
1605 0.47265625 0.4453125 0
1606 0.48046875 0.453125 0
1607 0.48046875 0.4453125 0
1608 0.484375 0.44921875 0
1609 0.4765625 0.45703125 0
1610 0.484375 0.45703125 0
1611 0.48046875 0.4609375 0
1612 0.47265625 0.4609375 0
1613 0.46875 0.45703125 0
1614 0.46875 0.44140625 0
1615 0.47265625 0.4375 0
1616 0.4765625 0.44140625 0
1617 0.46484375 0.4453125 0
1618 0.46484375 0.453125 0
1619 0.4609375 0.44921875 0
1620 0.4609375 0.44140625 0
1621 0.46484375 0.4375 0
1622 0.48046875 0.4375 0
1623 0.484375 0.44140625 0
1624 0.4765625 0.43359375 0
1625 0.46875 0.43359375 0
1626 0.47265625 0.4296875 0
1627 0.48046875 0.4296875 0
1628 0.484375 0.43359375 0
1629 0.48828125 0.4453125 0
1630 0.48828125 0.4375 0
1631 0.4921875 0.44140625 0
1632 0.4921875 0.44921875 0
1633 0.48828125 0.453125 0
1634 0.46875 0.46484375 0
1635 0.4765625 0.46484375 0
1636 0.47265625 0.46875 0
1637 0.46484375 0.4609375 0
1638 0.46484375 0.46875 0
1639 0.4609375 0.46484375 0
1640 0.4609375 0.45703125 0
1641 0.484375 0.46484375 0
1642 0.48046875 0.46875 0
1643 0.48828125 0.4609375 0
1644 0.4921875 0.45703125 0
1645 0.4921875 0.46484375 0
1646 0.48828125 0.46875 0
1647 0.4765625 0.47265625 0
1648 0.484375 0.47265625 0
1649 0.48046875 0.4765625 0
1650 0.47265625 0.4765625 0
1651 0.46875 0.47265625 0
1652 0.45703125 0.453125 0
1653 0.45703125 0.4609375 0
1654 0.453125 0.45703125 0
1655 0.453125 0.44921875 0
1656 0.45703125 0.4453125 0
1657 0.45703125 0.46875 0
1658 0.453125 0.46484375 0
1659 0.4609375 0.47265625 0
1660 0.46484375 0.4765625 0
1661 0.45703125 0.4765625 0
1662 0.453125 0.47265625 0
1663 0.44921875 0.4609375 0
1664 0.44921875 0.46875 0
1665 0.4453125 0.46484375 0
1666 0.4453125 0.45703125 0
1667 0.44921875 0.453125 0
1668 0.453125 0.44140625 0
1669 0.45703125 0.4375 0
1670 0.44921875 0.4453125 0
1671 0.4453125 0.44921875 0
1672 0.4453125 0.44140625 0
1673 0.44921875 0.4375 0
1674 0.4609375 0.43359375 0
1675 0.453125 0.43359375 0
1676 0.45703125 0.4296875 0
1677 0.46484375 0.4296875 0
1678 0.49609375 0.4375 0
1679 0.5 0.44140625 0
1680 0.49609375 0.4453125 0
1681 0.4921875 0.43359375 0
1682 0.48828125 0.4296875 0
1683 0.49609375 0.4296875 0
1684 0.5 0.43359375 0
1685 0.5 0.44921875 0
1686 0.49609375 0.453125 0
1687 0.50390625 0.4453125 0
1688 0.50390625 0.453125 0
1689 0.5078125 0.44921875 0
1690 0.5078125 0.44140625 0
1691 0.50390625 0.4375 0
1692 0.5 0.45703125 0
1693 0.49609375 0.4609375 0
1694 0.484375 0.42578125 0
1695 0.4765625 0.42578125 0
1696 0.48046875 0.421875 0
1697 0.48828125 0.421875 0
1698 0.4921875 0.42578125 0
1699 0.46875 0.42578125 0
1700 0.47265625 0.421875 0
1701 0.4609375 0.42578125 0
1702 0.46484375 0.421875 0
1703 0.4765625 0.41796875 0
1704 0.46875 0.41796875 0
1705 0.47265625 0.4140625 0
1706 0.48046875 0.4140625 0
1707 0.484375 0.41796875 0
1708 0.49609375 0.421875 0
1709 0.5 0.42578125 0
1710 0.4921875 0.41796875 0
1711 0.48828125 0.4140625 0
1712 0.49609375 0.4140625 0
1713 0.5 0.41796875 0
1714 0.50390625 0.4296875 0
1715 0.5078125 0.43359375 0
1716 0.5078125 0.42578125 0
1717 0.50390625 0.421875 0
1718 0.5 0.46484375 0
1719 0.49609375 0.46875 0
1720 0.50390625 0.4609375 0
1721 0.50390625 0.46875 0
1722 0.5078125 0.46484375 0
1723 0.5078125 0.45703125 0
1724 0.4921875 0.47265625 0
1725 0.5 0.47265625 0
1726 0.49609375 0.4765625 0
1727 0.48828125 0.4765625 0
1728 0.51171875 0.453125 0
1729 0.51171875 0.4609375 0
1730 0.515625 0.45703125 0
1731 0.515625 0.44921875 0
1732 0.51171875 0.4453125 0
1733 0.51171875 0.46875 0
1734 0.515625 0.46484375 0
1735 0.5078125 0.47265625 0
1736 0.50390625 0.4765625 0
1737 0.51171875 0.4765625 0
1738 0.515625 0.47265625 0
1739 0.51953125 0.4609375 0
1740 0.51953125 0.46875 0
1741 0.5234375 0.46484375 0
1742 0.5234375 0.45703125 0
1743 0.51953125 0.453125 0
1744 0.515625 0.44140625 0
1745 0.51171875 0.4375 0
1746 0.51953125 0.4453125 0
1747 0.5234375 0.44921875 0
1748 0.5234375 0.44140625 0
1749 0.51953125 0.4375 0
1750 0.515625 0.43359375 0
1751 0.51171875 0.4296875 0
1752 0.484375 0.48046875 0
1753 0.4921875 0.48046875 0
1754 0.48828125 0.484375 0
1755 0.48046875 0.484375 0
1756 0.4765625 0.48046875 0
1757 0.5 0.48046875 0
1758 0.49609375 0.484375 0
1759 0.50390625 0.484375 0
1760 0.5078125 0.48046875 0
1761 0.4921875 0.48828125 0
1762 0.5 0.48828125 0
1763 0.49609375 0.4921875 0
1764 0.48828125 0.4921875 0
1765 0.484375 0.48828125 0
1766 0.47265625 0.484375 0
1767 0.46875 0.48046875 0
1768 0.4765625 0.48828125 0
1769 0.48046875 0.4921875 0
1770 0.47265625 0.4921875 0
1771 0.46875 0.48828125 0
1772 0.46484375 0.484375 0
1773 0.4609375 0.48046875 0
1774 0.44140625 0.4375 0
1775 0.44140625 0.4453125 0
1776 0.4375 0.44140625 0
1777 0.4453125 0.43359375 0
1778 0.44140625 0.4296875 0
1779 0.4375 0.43359375 0
1780 0.44921875 0.4296875 0
1781 0.44140625 0.453125 0
1782 0.4375 0.44921875 0
1783 0.44140625 0.4609375 0
1784 0.4375 0.45703125 0
1785 0.43359375 0.4453125 0
1786 0.43359375 0.453125 0
1787 0.4296875 0.44921875 0
1788 0.43359375 0.4375 0
1789 0.4296875 0.44140625 0
1790 0.453125 0.42578125 0
1791 0.44921875 0.421875 0
1792 0.4453125 0.42578125 0
1793 0.45703125 0.421875 0
1794 0.44140625 0.421875 0
1795 0.4375 0.42578125 0
1796 0.4453125 0.41796875 0
1797 0.453125 0.41796875 0
1798 0.44921875 0.4140625 0
1799 0.44140625 0.4140625 0
1800 0.4375 0.41796875 0
1801 0.43359375 0.4296875 0
1802 0.43359375 0.421875 0
1803 0.4296875 0.42578125 0
1804 0.4296875 0.43359375 0
1805 0.4609375 0.41796875 0
1806 0.45703125 0.4140625 0
1807 0.46484375 0.4140625 0
1808 0.44140625 0.46875 0
1809 0.4375 0.46484375 0
1810 0.4453125 0.47265625 0
1811 0.44921875 0.4765625 0
1812 0.44140625 0.4765625 0
1813 0.4375 0.47265625 0
1814 0.43359375 0.4609375 0
1815 0.43359375 0.46875 0
1816 0.4296875 0.46484375 0
1817 0.4296875 0.45703125 0
1818 0.453125 0.48046875 0
1819 0.45703125 0.484375 0
1820 0.44921875 0.484375 0
1821 0.4453125 0.48046875 0
1822 0.4609375 0.48828125 0
1823 0.46484375 0.4921875 0
1824 0.45703125 0.4921875 0
1825 0.453125 0.48828125 0
1826 0.44140625 0.484375 0
1827 0.4375 0.48046875 0
1828 0.4453125 0.48828125 0
1829 0.44921875 0.4921875 0
1830 0.44140625 0.4921875 0
1831 0.4375 0.48828125 0
1832 0.43359375 0.4765625 0
1833 0.43359375 0.484375 0
1834 0.4296875 0.48046875 0
1835 0.4296875 0.47265625 0
1836 0.42578125 0.453125 0
1837 0.42578125 0.4609375 0
1838 0.421875 0.45703125 0
1839 0.42578125 0.4453125 0
1840 0.421875 0.44921875 0
1841 0.42578125 0.46875 0
1842 0.421875 0.46484375 0
1843 0.42578125 0.4765625 0
1844 0.421875 0.47265625 0
1845 0.41796875 0.4609375 0
1846 0.41796875 0.46875 0
1847 0.4140625 0.46484375 0
1848 0.41796875 0.453125 0
1849 0.4140625 0.45703125 0
1850 0.42578125 0.4375 0
1851 0.421875 0.44140625 0
1852 0.42578125 0.4296875 0
1853 0.421875 0.43359375 0
1854 0.41796875 0.4453125 0
1855 0.41796875 0.4375 0
1856 0.4140625 0.44140625 0
1857 0.4140625 0.44921875 0
1858 0.46875 0.41015625 0
1859 0.46484375 0.40625 0
1860 0.4609375 0.41015625 0
1861 0.47265625 0.40625 0
1862 0.4765625 0.41015625 0
1863 0.45703125 0.40625 0
1864 0.453125 0.41015625 0
1865 0.4609375 0.40234375 0
1866 0.46875 0.40234375 0
1867 0.453125 0.40234375 0
1868 0.44921875 0.40625 0
1869 0.4453125 0.41015625 0
1870 0.48046875 0.40625 0
1871 0.484375 0.41015625 0
1872 0.4765625 0.40234375 0
1873 0.484375 0.40234375 0
1874 0.48828125 0.40625 0
1875 0.4921875 0.41015625 0
1876 0.44140625 0.40625 0
1877 0.4375 0.41015625 0
1878 0.4453125 0.40234375 0
1879 0.4375 0.40234375 0
1880 0.43359375 0.4140625 0
1881 0.43359375 0.40625 0
1882 0.4296875 0.41015625 0
1883 0.4296875 0.41796875 0
1884 0.42578125 0.421875 0
1885 0.42578125 0.4140625 0
1886 0.421875 0.41796875 0
1887 0.421875 0.42578125 0
1888 0.42578125 0.40625 0
1889 0.421875 0.41015625 0
1890 0.4296875 0.40234375 0
1891 0.421875 0.40234375 0
1892 0.41796875 0.4140625 0
1893 0.41796875 0.40625 0
1894 0.4140625 0.41015625 0
1895 0.4140625 0.41796875 0
1896 0.41796875 0.421875 0
1897 0.41796875 0.4296875 0
1898 0.4140625 0.42578125 0
1899 0.4140625 0.43359375 0
1900 0.49609375 0.40625 0
1901 0.5 0.41015625 0
1902 0.4921875 0.40234375 0
1903 0.5 0.40234375 0
1904 0.50390625 0.4140625 0
1905 0.5078125 0.41796875 0
1906 0.5078125 0.41015625 0
1907 0.50390625 0.40625 0
1908 0.51171875 0.421875 0
1909 0.515625 0.42578125 0
1910 0.515625 0.41796875 0
1911 0.51171875 0.4140625 0
1912 0.51953125 0.4296875 0
1913 0.5234375 0.43359375 0
1914 0.5234375 0.42578125 0
1915 0.51953125 0.421875 0
1916 0.515625 0.41015625 0
1917 0.51171875 0.40625 0
1918 0.51953125 0.4140625 0
1919 0.5234375 0.41796875 0
1920 0.5234375 0.41015625 0
1921 0.51953125 0.40625 0
1922 0.5078125 0.40234375 0
1923 0.515625 0.40234375 0
1924 0.5 0.49609375 0
1925 0.49609375 0.5 0
1926 0.4921875 0.49609375 0
1927 0.50390625 0.4921875 0
1928 0.5078125 0.49609375 0
1929 0.50390625 0.5 0
1930 0.5078125 0.48828125 0
1931 0.48828125 0.5 0
1932 0.484375 0.49609375 0
1933 0.4921875 0.50390625 0
1934 0.484375 0.50390625 0
1935 0.48828125 0.5078125 0
1936 0.5 0.50390625 0
1937 0.49609375 0.5078125 0
1938 0.48046875 0.5 0
1939 0.4765625 0.49609375 0
1940 0.51171875 0.484375 0
1941 0.515625 0.48828125 0
1942 0.51171875 0.4921875 0
1943 0.515625 0.48046875 0
1944 0.515625 0.49609375 0
1945 0.51171875 0.5 0
1946 0.51953125 0.4921875 0
1947 0.51953125 0.484375 0
1948 0.5234375 0.48828125 0
1949 0.5234375 0.49609375 0
1950 0.51953125 0.5 0
1951 0.5078125 0.50390625 0
1952 0.50390625 0.5078125 0
1953 0.51171875 0.5078125 0
1954 0.515625 0.50390625 0
1955 0.51953125 0.4765625 0
1956 0.5234375 0.48046875 0
1957 0.5234375 0.47265625 0
1958 0.47265625 0.5 0
1959 0.46875 0.49609375 0
1960 0.4765625 0.50390625 0
1961 0.46875 0.50390625 0
1962 0.47265625 0.5078125 0
1963 0.48046875 0.5078125 0
1964 0.46484375 0.5 0
1965 0.4609375 0.49609375 0
1966 0.484375 0.51171875 0
1967 0.4765625 0.51171875 0
1968 0.48046875 0.515625 0
1969 0.4921875 0.51171875 0
1970 0.48828125 0.515625 0
1971 0.46875 0.51171875 0
1972 0.47265625 0.515625 0
1973 0.46484375 0.5078125 0
1974 0.4609375 0.50390625 0
1975 0.4609375 0.51171875 0
1976 0.46484375 0.515625 0
1977 0.4765625 0.51953125 0
1978 0.46875 0.51953125 0
1979 0.47265625 0.5234375 0
1980 0.484375 0.51953125 0
1981 0.48046875 0.5234375 0
1982 0.5 0.51171875 0
1983 0.49609375 0.515625 0
1984 0.50390625 0.515625 0
1985 0.5078125 0.51171875 0
1986 0.4921875 0.51953125 0
1987 0.5 0.51953125 0
1988 0.49609375 0.5234375 0
1989 0.48828125 0.5234375 0
1990 0.45703125 0.5 0
1991 0.453125 0.49609375 0
1992 0.453125 0.50390625 0
1993 0.45703125 0.5078125 0
1994 0.44921875 0.5 0
1995 0.4453125 0.49609375 0
1996 0.52734375 0.46875 0
1997 0.53125 0.47265625 0
1998 0.52734375 0.4765625 0
1999 0.53125 0.46484375 0
2000 0.52734375 0.4609375 0
2001 0.53125 0.48046875 0
2002 0.52734375 0.484375 0
2003 0.53515625 0.4765625 0
2004 0.53515625 0.46875 0
2005 0.5390625 0.47265625 0
2006 0.5390625 0.48046875 0
2007 0.53515625 0.484375 0
2008 0.53125 0.48828125 0
2009 0.52734375 0.4921875 0
2010 0.53125 0.45703125 0
2011 0.52734375 0.453125 0
2012 0.53515625 0.4609375 0
2013 0.5390625 0.46484375 0
2014 0.5390625 0.45703125 0
2015 0.53515625 0.453125 0
2016 0.53125 0.44921875 0
2017 0.52734375 0.4453125 0
2018 0.53125 0.49609375 0
2019 0.52734375 0.5 0
2020 0.53515625 0.4921875 0
2021 0.5390625 0.48828125 0
2022 0.5390625 0.49609375 0
2023 0.53515625 0.5 0
2024 0.5234375 0.50390625 0
2025 0.51953125 0.5078125 0
2026 0.52734375 0.5078125 0
2027 0.53125 0.50390625 0
2028 0.54296875 0.484375 0
2029 0.54296875 0.4765625 0
2030 0.546875 0.48046875 0
2031 0.546875 0.48828125 0
2032 0.54296875 0.4921875 0
2033 0.54296875 0.46875 0
2034 0.546875 0.47265625 0
2035 0.54296875 0.4609375 0
2036 0.546875 0.46484375 0
2037 0.55078125 0.4765625 0
2038 0.55078125 0.46875 0
2039 0.5546875 0.47265625 0
2040 0.5546875 0.48046875 0
2041 0.55078125 0.484375 0
2042 0.546875 0.49609375 0
2043 0.54296875 0.5 0
2044 0.55078125 0.4921875 0
2045 0.5546875 0.48828125 0
2046 0.5546875 0.49609375 0
2047 0.55078125 0.5 0
2048 0.5390625 0.50390625 0
2049 0.53515625 0.5078125 0
2050 0.54296875 0.5078125 0
2051 0.546875 0.50390625 0
2052 0.515625 0.51171875 0
2053 0.51171875 0.515625 0
2054 0.51953125 0.515625 0
2055 0.5234375 0.51171875 0
2056 0.5078125 0.51953125 0
2057 0.50390625 0.5234375 0
2058 0.51171875 0.5234375 0
2059 0.515625 0.51953125 0
2060 0.52734375 0.515625 0
2061 0.53125 0.51171875 0
2062 0.5234375 0.51953125 0
2063 0.51953125 0.5234375 0
2064 0.52734375 0.5234375 0
2065 0.53125 0.51953125 0
2066 0.53515625 0.515625 0
2067 0.5390625 0.51171875 0
2068 0.53125 0.44140625 0
2069 0.52734375 0.4375 0
2070 0.53515625 0.4453125 0
2071 0.5390625 0.44921875 0
2072 0.5390625 0.44140625 0
2073 0.53515625 0.4375 0
2074 0.53125 0.43359375 0
2075 0.52734375 0.4296875 0
2076 0.54296875 0.453125 0
2077 0.546875 0.45703125 0
2078 0.546875 0.44921875 0
2079 0.54296875 0.4453125 0
2080 0.55078125 0.4609375 0
2081 0.55078125 0.453125 0
2082 0.5546875 0.45703125 0
2083 0.5546875 0.46484375 0
2084 0.546875 0.44140625 0
2085 0.54296875 0.4375 0
2086 0.55078125 0.4453125 0
2087 0.5546875 0.44921875 0
2088 0.5546875 0.44140625 0
2089 0.55078125 0.4375 0
2090 0.5390625 0.43359375 0
2091 0.546875 0.43359375 0
2092 0.54296875 0.4296875 0
2093 0.53515625 0.4296875 0
2094 0.53125 0.42578125 0
2095 0.52734375 0.421875 0
2096 0.5390625 0.42578125 0
2097 0.53515625 0.421875 0
2098 0.53125 0.41796875 0
2099 0.52734375 0.4140625 0
2100 0.44140625 0.5 0
2101 0.4375 0.49609375 0
2102 0.4453125 0.50390625 0
2103 0.4375 0.50390625 0
2104 0.44140625 0.5078125 0
2105 0.44921875 0.5078125 0
2106 0.43359375 0.4921875 0
2107 0.43359375 0.5 0
2108 0.4296875 0.49609375 0
2109 0.4296875 0.48828125 0
2110 0.453125 0.51171875 0
2111 0.4453125 0.51171875 0
2112 0.44921875 0.515625 0
2113 0.45703125 0.515625 0
2114 0.4375 0.51171875 0
2115 0.44140625 0.515625 0
2116 0.43359375 0.5078125 0
2117 0.4296875 0.50390625 0
2118 0.4296875 0.51171875 0
2119 0.43359375 0.515625 0
2120 0.4453125 0.51953125 0
2121 0.4375 0.51953125 0
2122 0.44140625 0.5234375 0
2123 0.44921875 0.5234375 0
2124 0.453125 0.51953125 0
2125 0.4609375 0.51953125 0
2126 0.45703125 0.5234375 0
2127 0.46484375 0.5234375 0
2128 0.42578125 0.484375 0
2129 0.42578125 0.4921875 0
2130 0.421875 0.48828125 0
2131 0.421875 0.48046875 0
2132 0.42578125 0.5 0
2133 0.421875 0.49609375 0
2134 0.421875 0.50390625 0
2135 0.42578125 0.5078125 0
2136 0.41796875 0.4921875 0
2137 0.41796875 0.5 0
2138 0.4140625 0.49609375 0
2139 0.4140625 0.48828125 0
2140 0.41796875 0.484375 0
2141 0.41796875 0.4765625 0
2142 0.4140625 0.48046875 0
2143 0.4140625 0.47265625 0
2144 0.46875 0.52734375 0
2145 0.4609375 0.52734375 0
2146 0.46484375 0.53125 0
2147 0.4765625 0.52734375 0
2148 0.47265625 0.53125 0
2149 0.453125 0.52734375 0
2150 0.45703125 0.53125 0
2151 0.4453125 0.52734375 0
2152 0.44921875 0.53125 0
2153 0.4609375 0.53515625 0
2154 0.453125 0.53515625 0
2155 0.45703125 0.5390625 0
2156 0.46875 0.53515625 0
2157 0.46484375 0.5390625 0
2158 0.484375 0.52734375 0
2159 0.48046875 0.53125 0
2160 0.4921875 0.52734375 0
2161 0.48828125 0.53125 0
2162 0.4765625 0.53515625 0
2163 0.484375 0.53515625 0
2164 0.48046875 0.5390625 0
2165 0.47265625 0.5390625 0
2166 0.4375 0.52734375 0
2167 0.44140625 0.53125 0
2168 0.43359375 0.5234375 0
2169 0.4296875 0.51953125 0
2170 0.4296875 0.52734375 0
2171 0.43359375 0.53125 0
2172 0.4453125 0.53515625 0
2173 0.4375 0.53515625 0
2174 0.44140625 0.5390625 0
2175 0.44921875 0.5390625 0
2176 0.42578125 0.515625 0
2177 0.421875 0.51171875 0
2178 0.421875 0.51953125 0
2179 0.42578125 0.5234375 0
2180 0.41796875 0.5078125 0
2181 0.4140625 0.50390625 0
2182 0.4140625 0.51171875 0
2183 0.41796875 0.515625 0
2184 0.421875 0.52734375 0
2185 0.42578125 0.53125 0
2186 0.41796875 0.5234375 0
2187 0.4140625 0.51953125 0
2188 0.4140625 0.52734375 0
2189 0.41796875 0.53125 0
2190 0.4296875 0.53515625 0
2191 0.421875 0.53515625 0
2192 0.42578125 0.5390625 0
2193 0.43359375 0.5390625 0
2194 0.453125 0.54296875 0
2195 0.4453125 0.54296875 0
2196 0.44921875 0.546875 0
2197 0.4609375 0.54296875 0
2198 0.45703125 0.546875 0
2199 0.4375 0.54296875 0
2200 0.44140625 0.546875 0
2201 0.4296875 0.54296875 0
2202 0.43359375 0.546875 0
2203 0.4453125 0.55078125 0
2204 0.4375 0.55078125 0
2205 0.44140625 0.5546875 0
2206 0.453125 0.55078125 0
2207 0.44921875 0.5546875 0
2208 0.46875 0.54296875 0
2209 0.46484375 0.546875 0
2210 0.4765625 0.54296875 0
2211 0.47265625 0.546875 0
2212 0.4609375 0.55078125 0
2213 0.46875 0.55078125 0
2214 0.46484375 0.5546875 0
2215 0.45703125 0.5546875 0
2216 0.5 0.52734375 0
2217 0.49609375 0.53125 0
2218 0.50390625 0.53125 0
2219 0.5078125 0.52734375 0
2220 0.4921875 0.53515625 0
2221 0.5 0.53515625 0
2222 0.49609375 0.5390625 0
2223 0.48828125 0.5390625 0
2224 0.51171875 0.53125 0
2225 0.515625 0.52734375 0
2226 0.5078125 0.53515625 0
2227 0.50390625 0.5390625 0
2228 0.51171875 0.5390625 0
2229 0.515625 0.53515625 0
2230 0.51953125 0.53125 0
2231 0.5234375 0.52734375 0
2232 0.484375 0.54296875 0
2233 0.4921875 0.54296875 0
2234 0.48828125 0.546875 0
2235 0.48046875 0.546875 0
2236 0.5 0.54296875 0
2237 0.49609375 0.546875 0
2238 0.50390625 0.546875 0
2239 0.5078125 0.54296875 0
2240 0.4921875 0.55078125 0
2241 0.5 0.55078125 0
2242 0.49609375 0.5546875 0
2243 0.48828125 0.5546875 0
2244 0.484375 0.55078125 0
2245 0.4765625 0.55078125 0
2246 0.48046875 0.5546875 0
2247 0.47265625 0.5546875 0
2248 0.41015625 0.46875 0
2249 0.41015625 0.4765625 0
2250 0.40625 0.47265625 0
2251 0.41015625 0.4609375 0
2252 0.40625 0.46484375 0
2253 0.41015625 0.484375 0
2254 0.40625 0.48046875 0
2255 0.41015625 0.4921875 0
2256 0.40625 0.48828125 0
2257 0.40234375 0.4765625 0
2258 0.40234375 0.484375 0
2259 0.40234375 0.46875 0
2260 0.41015625 0.453125 0
2261 0.40625 0.45703125 0
2262 0.41015625 0.4453125 0
2263 0.40625 0.44921875 0
2264 0.40234375 0.4609375 0
2265 0.40234375 0.453125 0
2266 0.41015625 0.5 0
2267 0.40625 0.49609375 0
2268 0.40625 0.50390625 0
2269 0.41015625 0.5078125 0
2270 0.40234375 0.4921875 0
2271 0.40234375 0.5 0
2272 0.40625 0.51171875 0
2273 0.41015625 0.515625 0
2274 0.40234375 0.5078125 0
2275 0.40234375 0.515625 0
2276 0.40625 0.51953125 0
2277 0.41015625 0.5234375 0
2278 0.41015625 0.4375 0
2279 0.40625 0.44140625 0
2280 0.41015625 0.4296875 0
2281 0.40625 0.43359375 0
2282 0.40234375 0.4453125 0
2283 0.40234375 0.4375 0
2284 0.41015625 0.421875 0
2285 0.40625 0.42578125 0
2286 0.41015625 0.4140625 0
2287 0.40625 0.41796875 0
2288 0.40234375 0.4296875 0
2289 0.40234375 0.421875 0
2290 0.52734375 0.40625 0
2291 0.53125 0.41015625 0
2292 0.5234375 0.40234375 0
2293 0.53125 0.40234375 0
2294 0.53515625 0.4140625 0
2295 0.5390625 0.41796875 0
2296 0.5390625 0.41015625 0
2297 0.53515625 0.40625 0
2298 0.54296875 0.421875 0
2299 0.546875 0.42578125 0
2300 0.546875 0.41796875 0
2301 0.54296875 0.4140625 0
2302 0.55078125 0.4296875 0
2303 0.5546875 0.43359375 0
2304 0.5546875 0.42578125 0
2305 0.55078125 0.421875 0
2306 0.546875 0.41015625 0
2307 0.54296875 0.40625 0
2308 0.55078125 0.4140625 0
2309 0.5546875 0.41796875 0
2310 0.5546875 0.41015625 0
2311 0.55078125 0.40625 0
2312 0.5390625 0.40234375 0
2313 0.546875 0.40234375 0
2314 0.41015625 0.40625 0
2315 0.40625 0.41015625 0
2316 0.4140625 0.40234375 0
2317 0.40234375 0.40234375 0
2318 0.40625 0.40234375 0
2319 0.40234375 0.4140625 0
2320 0.40234375 0.40625 0
2321 0.55859375 0.4375 0
2322 0.5625 0.44140625 0
2323 0.55859375 0.4453125 0
2324 0.5625 0.43359375 0
2325 0.55859375 0.4296875 0
2326 0.5625 0.44921875 0
2327 0.55859375 0.453125 0
2328 0.56640625 0.4453125 0
2329 0.56640625 0.4375 0
2330 0.5703125 0.44140625 0
2331 0.5703125 0.44921875 0
2332 0.56640625 0.453125 0
2333 0.5625 0.45703125 0
2334 0.55859375 0.4609375 0
2335 0.5625 0.42578125 0
2336 0.55859375 0.421875 0
2337 0.56640625 0.4296875 0
2338 0.5703125 0.43359375 0
2339 0.5703125 0.42578125 0
2340 0.56640625 0.421875 0
2341 0.5625 0.41796875 0
2342 0.55859375 0.4140625 0
2343 0.5625 0.46484375 0
2344 0.55859375 0.46875 0
2345 0.56640625 0.4609375 0
2346 0.5703125 0.45703125 0
2347 0.5703125 0.46484375 0
2348 0.56640625 0.46875 0
2349 0.5625 0.47265625 0
2350 0.55859375 0.4765625 0
2351 0.57421875 0.453125 0
2352 0.57421875 0.4453125 0
2353 0.578125 0.44921875 0
2354 0.578125 0.45703125 0
2355 0.57421875 0.4609375 0
2356 0.57421875 0.4375 0
2357 0.578125 0.44140625 0
2358 0.57421875 0.4296875 0
2359 0.578125 0.43359375 0
2360 0.58203125 0.4453125 0
2361 0.58203125 0.4375 0
2362 0.5859375 0.44140625 0
2363 0.5859375 0.44921875 0
2364 0.58203125 0.453125 0
2365 0.578125 0.46484375 0
2366 0.57421875 0.46875 0
2367 0.58203125 0.4609375 0
2368 0.5859375 0.45703125 0
2369 0.5859375 0.46484375 0
2370 0.58203125 0.46875 0
2371 0.5703125 0.47265625 0
2372 0.578125 0.47265625 0
2373 0.57421875 0.4765625 0
2374 0.56640625 0.4765625 0
2375 0.5625 0.48046875 0
2376 0.55859375 0.484375 0
2377 0.5703125 0.48046875 0
2378 0.56640625 0.484375 0
2379 0.5625 0.48828125 0
2380 0.55859375 0.4921875 0
2381 0.5625 0.41015625 0
2382 0.55859375 0.40625 0
2383 0.56640625 0.4140625 0
2384 0.5703125 0.41796875 0
2385 0.5703125 0.41015625 0
2386 0.56640625 0.40625 0
2387 0.5546875 0.40234375 0
2388 0.5625 0.40234375 0
2389 0.57421875 0.421875 0
2390 0.578125 0.42578125 0
2391 0.578125 0.41796875 0
2392 0.57421875 0.4140625 0
2393 0.58203125 0.4296875 0
2394 0.58203125 0.421875 0
2395 0.5859375 0.42578125 0
2396 0.5859375 0.43359375 0
2397 0.578125 0.41015625 0
2398 0.57421875 0.40625 0
2399 0.58203125 0.4140625 0
2400 0.5859375 0.41796875 0
2401 0.5859375 0.41015625 0
2402 0.58203125 0.40625 0
2403 0.5703125 0.40234375 0
2404 0.578125 0.40234375 0
2405 0.5625 0.49609375 0
2406 0.55859375 0.5 0
2407 0.56640625 0.4921875 0
2408 0.5703125 0.48828125 0
2409 0.5703125 0.49609375 0
2410 0.56640625 0.5 0
2411 0.5546875 0.50390625 0
2412 0.55078125 0.5078125 0
2413 0.55859375 0.5078125 0
2414 0.5625 0.50390625 0
2415 0.57421875 0.484375 0
2416 0.578125 0.48046875 0
2417 0.578125 0.48828125 0
2418 0.57421875 0.4921875 0
2419 0.58203125 0.4765625 0
2420 0.5859375 0.47265625 0
2421 0.5859375 0.48046875 0
2422 0.58203125 0.484375 0
2423 0.578125 0.49609375 0
2424 0.57421875 0.5 0
2425 0.58203125 0.4921875 0
2426 0.5859375 0.48828125 0
2427 0.5859375 0.49609375 0
2428 0.58203125 0.5 0
2429 0.5703125 0.50390625 0
2430 0.56640625 0.5078125 0
2431 0.57421875 0.5078125 0
2432 0.578125 0.50390625 0
2433 0.546875 0.51171875 0
2434 0.54296875 0.515625 0
2435 0.55078125 0.515625 0
2436 0.5546875 0.51171875 0
2437 0.5390625 0.51953125 0
2438 0.53515625 0.5234375 0
2439 0.54296875 0.5234375 0
2440 0.546875 0.51953125 0
2441 0.55859375 0.515625 0
2442 0.5625 0.51171875 0
2443 0.5546875 0.51953125 0
2444 0.55078125 0.5234375 0
2445 0.55859375 0.5234375 0
2446 0.5625 0.51953125 0
2447 0.56640625 0.515625 0
2448 0.5703125 0.51171875 0
2449 0.58984375 0.46875 0
2450 0.58984375 0.4609375 0
2451 0.59375 0.46484375 0
2452 0.59375 0.47265625 0
2453 0.58984375 0.4765625 0
2454 0.58984375 0.453125 0
2455 0.59375 0.45703125 0
2456 0.58984375 0.4453125 0
2457 0.59375 0.44921875 0
2458 0.59765625 0.4609375 0
2459 0.59765625 0.453125 0
2460 0.59765625 0.46875 0
2461 0.59375 0.48046875 0
2462 0.58984375 0.484375 0
2463 0.59765625 0.4765625 0
2464 0.59765625 0.484375 0
2465 0.59375 0.48828125 0
2466 0.58984375 0.4921875 0
2467 0.58984375 0.4375 0
2468 0.59375 0.44140625 0
2469 0.58984375 0.4296875 0
2470 0.59375 0.43359375 0
2471 0.59765625 0.4453125 0
2472 0.59765625 0.4375 0
2473 0.58984375 0.421875 0
2474 0.59375 0.42578125 0
2475 0.58984375 0.4140625 0
2476 0.59375 0.41796875 0
2477 0.59765625 0.4296875 0
2478 0.59765625 0.421875 0
2479 0.59375 0.49609375 0
2480 0.58984375 0.5 0
2481 0.59765625 0.4921875 0
2482 0.59765625 0.5 0
2483 0.5859375 0.50390625 0
2484 0.58203125 0.5078125 0
2485 0.58984375 0.5078125 0
2486 0.59375 0.50390625 0
2487 0.578125 0.51171875 0
2488 0.57421875 0.515625 0
2489 0.58203125 0.515625 0
2490 0.5859375 0.51171875 0
2491 0.5703125 0.51953125 0
2492 0.56640625 0.5234375 0
2493 0.57421875 0.5234375 0
2494 0.578125 0.51953125 0
2495 0.58984375 0.515625 0
2496 0.59375 0.51171875 0
2497 0.5859375 0.51953125 0
2498 0.58203125 0.5234375 0
2499 0.58984375 0.5234375 0
2500 0.59375 0.51953125 0
2501 0.59765625 0.5078125 0
2502 0.59765625 0.515625 0
2503 0.53125 0.52734375 0
2504 0.52734375 0.53125 0
2505 0.53515625 0.53125 0
2506 0.5390625 0.52734375 0
2507 0.5234375 0.53515625 0
2508 0.51953125 0.5390625 0
2509 0.52734375 0.5390625 0
2510 0.53125 0.53515625 0
2511 0.54296875 0.53125 0
2512 0.546875 0.52734375 0
2513 0.5390625 0.53515625 0
2514 0.53515625 0.5390625 0
2515 0.54296875 0.5390625 0
2516 0.546875 0.53515625 0
2517 0.55078125 0.53125 0
2518 0.5546875 0.52734375 0
2519 0.515625 0.54296875 0
2520 0.51171875 0.546875 0
2521 0.51953125 0.546875 0
2522 0.5234375 0.54296875 0
2523 0.5078125 0.55078125 0
2524 0.50390625 0.5546875 0
2525 0.51171875 0.5546875 0
2526 0.515625 0.55078125 0
2527 0.52734375 0.546875 0
2528 0.53125 0.54296875 0
2529 0.5234375 0.55078125 0
2530 0.51953125 0.5546875 0
2531 0.52734375 0.5546875 0
2532 0.53125 0.55078125 0
2533 0.53515625 0.546875 0
2534 0.5390625 0.54296875 0
2535 0.55859375 0.53125 0
2536 0.5625 0.52734375 0
2537 0.5546875 0.53515625 0
2538 0.55078125 0.5390625 0
2539 0.55859375 0.5390625 0
2540 0.5625 0.53515625 0
2541 0.56640625 0.53125 0
2542 0.5703125 0.52734375 0
2543 0.546875 0.54296875 0
2544 0.54296875 0.546875 0
2545 0.55078125 0.546875 0
2546 0.5546875 0.54296875 0
2547 0.5390625 0.55078125 0
2548 0.53515625 0.5546875 0
2549 0.54296875 0.5546875 0
2550 0.546875 0.55078125 0
2551 0.55859375 0.546875 0
2552 0.5625 0.54296875 0
2553 0.5546875 0.55078125 0
2554 0.55078125 0.5546875 0
2555 0.55859375 0.5546875 0
2556 0.5625 0.55078125 0
2557 0.56640625 0.5390625 0
2558 0.56640625 0.546875 0
2559 0.5703125 0.54296875 0
2560 0.5703125 0.53515625 0
2561 0.57421875 0.53125 0
2562 0.578125 0.52734375 0
2563 0.57421875 0.5390625 0
2564 0.578125 0.53515625 0
2565 0.58203125 0.53125 0
2566 0.5859375 0.52734375 0
2567 0.58984375 0.40625 0
2568 0.59375 0.41015625 0
2569 0.59765625 0.40234375 0
2570 0.5859375 0.40234375 0
2571 0.59375 0.40234375 0
2572 0.59765625 0.4140625 0
2573 0.59765625 0.40625 0
2574 0.40625 0.52734375 0
2575 0.41015625 0.53125 0
2576 0.40234375 0.5234375 0
2577 0.40234375 0.53125 0
2578 0.4140625 0.53515625 0
2579 0.40625 0.53515625 0
2580 0.41015625 0.5390625 0
2581 0.41796875 0.5390625 0
2582 0.421875 0.54296875 0
2583 0.4140625 0.54296875 0
2584 0.41796875 0.546875 0
2585 0.42578125 0.546875 0
2586 0.40625 0.54296875 0
2587 0.41015625 0.546875 0
2588 0.40234375 0.5390625 0
2589 0.40234375 0.546875 0
2590 0.4140625 0.55078125 0
2591 0.40625 0.55078125 0
2592 0.41015625 0.5546875 0
2593 0.41796875 0.5546875 0
2594 0.421875 0.55078125 0
2595 0.4296875 0.55078125 0
2596 0.42578125 0.5546875 0
2597 0.43359375 0.5546875 0
2598 0.4375 0.55859375 0
2599 0.4296875 0.55859375 0
2600 0.43359375 0.5625 0
2601 0.4453125 0.55859375 0
2602 0.44140625 0.5625 0
2603 0.421875 0.55859375 0
2604 0.42578125 0.5625 0
2605 0.4140625 0.55859375 0
2606 0.41796875 0.5625 0
2607 0.4296875 0.56640625 0
2608 0.421875 0.56640625 0
2609 0.42578125 0.5703125 0
2610 0.4375 0.56640625 0
2611 0.43359375 0.5703125 0
2612 0.453125 0.55859375 0
2613 0.44921875 0.5625 0
2614 0.4609375 0.55859375 0
2615 0.45703125 0.5625 0
2616 0.4453125 0.56640625 0
2617 0.453125 0.56640625 0
2618 0.44921875 0.5703125 0
2619 0.44140625 0.5703125 0
2620 0.40625 0.55859375 0
2621 0.41015625 0.5625 0
2622 0.40234375 0.5546875 0
2623 0.40234375 0.5625 0
2624 0.4140625 0.56640625 0
2625 0.40625 0.56640625 0
2626 0.41015625 0.5703125 0
2627 0.41796875 0.5703125 0
2628 0.421875 0.57421875 0
2629 0.4140625 0.57421875 0
2630 0.41796875 0.578125 0
2631 0.4296875 0.57421875 0
2632 0.42578125 0.578125 0
2633 0.40625 0.57421875 0
2634 0.41015625 0.578125 0
2635 0.40234375 0.5703125 0
2636 0.40234375 0.578125 0
2637 0.4140625 0.58203125 0
2638 0.40625 0.58203125 0
2639 0.41015625 0.5859375 0
2640 0.421875 0.58203125 0
2641 0.41796875 0.5859375 0
2642 0.4375 0.57421875 0
2643 0.43359375 0.578125 0
2644 0.4453125 0.57421875 0
2645 0.44140625 0.578125 0
2646 0.4296875 0.58203125 0
2647 0.4375 0.58203125 0
2648 0.43359375 0.5859375 0
2649 0.42578125 0.5859375 0
2650 0.46875 0.55859375 0
2651 0.46484375 0.5625 0
2652 0.4765625 0.55859375 0
2653 0.47265625 0.5625 0
2654 0.4609375 0.56640625 0
2655 0.46875 0.56640625 0
2656 0.46484375 0.5703125 0
2657 0.45703125 0.5703125 0
2658 0.484375 0.55859375 0
2659 0.48046875 0.5625 0
2660 0.4921875 0.55859375 0
2661 0.48828125 0.5625 0
2662 0.4765625 0.56640625 0
2663 0.484375 0.56640625 0
2664 0.48046875 0.5703125 0
2665 0.47265625 0.5703125 0
2666 0.453125 0.57421875 0
2667 0.4609375 0.57421875 0
2668 0.45703125 0.578125 0
2669 0.44921875 0.578125 0
2670 0.46875 0.57421875 0
2671 0.46484375 0.578125 0
2672 0.4765625 0.57421875 0
2673 0.47265625 0.578125 0
2674 0.4609375 0.58203125 0
2675 0.46875 0.58203125 0
2676 0.46484375 0.5859375 0
2677 0.45703125 0.5859375 0
2678 0.453125 0.58203125 0
2679 0.4453125 0.58203125 0
2680 0.44921875 0.5859375 0
2681 0.44140625 0.5859375 0
2682 0.40625 0.58984375 0
2683 0.4140625 0.58984375 0
2684 0.41015625 0.59375 0
2685 0.40234375 0.5859375 0
2686 0.40234375 0.59765625 0
2687 0.40234375 0.59375 0
2688 0.421875 0.58984375 0
2689 0.41796875 0.59375 0
2690 0.4296875 0.58984375 0
2691 0.42578125 0.59375 0
2692 0.4140625 0.59765625 0
2693 0.421875 0.59765625 0
2694 0.40625 0.59765625 0
2695 0.4375 0.58984375 0
2696 0.43359375 0.59375 0
2697 0.4453125 0.58984375 0
2698 0.44140625 0.59375 0
2699 0.4296875 0.59765625 0
2700 0.4375 0.59765625 0
2701 0.453125 0.58984375 0
2702 0.44921875 0.59375 0
2703 0.4609375 0.58984375 0
2704 0.45703125 0.59375 0
2705 0.4453125 0.59765625 0
2706 0.453125 0.59765625 0
2707 0.5 0.55859375 0
2708 0.49609375 0.5625 0
2709 0.50390625 0.5625 0
2710 0.5078125 0.55859375 0
2711 0.4921875 0.56640625 0
2712 0.5 0.56640625 0
2713 0.49609375 0.5703125 0
2714 0.48828125 0.5703125 0
2715 0.51171875 0.5625 0
2716 0.515625 0.55859375 0
2717 0.5078125 0.56640625 0
2718 0.50390625 0.5703125 0
2719 0.51171875 0.5703125 0
2720 0.515625 0.56640625 0
2721 0.51953125 0.5625 0
2722 0.5234375 0.55859375 0
2723 0.484375 0.57421875 0
2724 0.4921875 0.57421875 0
2725 0.48828125 0.578125 0
2726 0.48046875 0.578125 0
2727 0.5 0.57421875 0
2728 0.49609375 0.578125 0
2729 0.50390625 0.578125 0
2730 0.5078125 0.57421875 0
2731 0.4921875 0.58203125 0
2732 0.5 0.58203125 0
2733 0.49609375 0.5859375 0
2734 0.48828125 0.5859375 0
2735 0.484375 0.58203125 0
2736 0.4765625 0.58203125 0
2737 0.48046875 0.5859375 0
2738 0.47265625 0.5859375 0
2739 0.52734375 0.5625 0
2740 0.53125 0.55859375 0
2741 0.5234375 0.56640625 0
2742 0.51953125 0.5703125 0
2743 0.52734375 0.5703125 0
2744 0.53125 0.56640625 0
2745 0.53515625 0.5625 0
2746 0.5390625 0.55859375 0
2747 0.515625 0.57421875 0
2748 0.51171875 0.578125 0
2749 0.51953125 0.578125 0
2750 0.5234375 0.57421875 0
2751 0.5078125 0.58203125 0
2752 0.50390625 0.5859375 0
2753 0.51171875 0.5859375 0
2754 0.515625 0.58203125 0
2755 0.52734375 0.578125 0
2756 0.53125 0.57421875 0
2757 0.5234375 0.58203125 0
2758 0.51953125 0.5859375 0
2759 0.52734375 0.5859375 0
2760 0.53125 0.58203125 0
2761 0.53515625 0.5703125 0
2762 0.53515625 0.578125 0
2763 0.5390625 0.57421875 0
2764 0.5390625 0.56640625 0
2765 0.54296875 0.5625 0
2766 0.546875 0.55859375 0
2767 0.54296875 0.5703125 0
2768 0.546875 0.56640625 0
2769 0.55078125 0.5625 0
2770 0.5546875 0.55859375 0
2771 0.46875 0.58984375 0
2772 0.4765625 0.58984375 0
2773 0.47265625 0.59375 0
2774 0.46484375 0.59375 0
2775 0.484375 0.58984375 0
2776 0.48046875 0.59375 0
2777 0.4921875 0.58984375 0
2778 0.48828125 0.59375 0
2779 0.4765625 0.59765625 0
2780 0.484375 0.59765625 0
2781 0.46875 0.59765625 0
2782 0.4609375 0.59765625 0
2783 0.5 0.58984375 0
2784 0.49609375 0.59375 0
2785 0.50390625 0.59375 0
2786 0.5078125 0.58984375 0
2787 0.4921875 0.59765625 0
2788 0.5 0.59765625 0
2789 0.51171875 0.59375 0
2790 0.515625 0.58984375 0
2791 0.5078125 0.59765625 0
2792 0.515625 0.59765625 0
2793 0.51953125 0.59375 0
2794 0.5234375 0.58984375 0
2795 0.59375 0.52734375 0
2796 0.58984375 0.53125 0
2797 0.59765625 0.5234375 0
2798 0.59765625 0.53125 0
2799 0.5859375 0.53515625 0
2800 0.58203125 0.5390625 0
2801 0.59375 0.53515625 0
2802 0.58984375 0.5390625 0
2803 0.578125 0.54296875 0
2804 0.57421875 0.546875 0
2805 0.5859375 0.54296875 0
2806 0.58203125 0.546875 0
2807 0.5703125 0.55078125 0
2808 0.56640625 0.5546875 0
2809 0.578125 0.55078125 0
2810 0.57421875 0.5546875 0
2811 0.59375 0.54296875 0
2812 0.58984375 0.546875 0
2813 0.59765625 0.5390625 0
2814 0.59765625 0.546875 0
2815 0.5859375 0.55078125 0
2816 0.59375 0.55078125 0
2817 0.58984375 0.5546875 0
2818 0.58203125 0.5546875 0
2819 0.5625 0.55859375 0
2820 0.55859375 0.5625 0
2821 0.5703125 0.55859375 0
2822 0.56640625 0.5625 0
2823 0.5546875 0.56640625 0
2824 0.55078125 0.5703125 0
2825 0.5625 0.56640625 0
2826 0.55859375 0.5703125 0
2827 0.578125 0.55859375 0
2828 0.57421875 0.5625 0
2829 0.5859375 0.55859375 0
2830 0.58203125 0.5625 0
2831 0.5703125 0.56640625 0
2832 0.578125 0.56640625 0
2833 0.57421875 0.5703125 0
2834 0.56640625 0.5703125 0
2835 0.546875 0.57421875 0
2836 0.54296875 0.578125 0
2837 0.5546875 0.57421875 0
2838 0.55078125 0.578125 0
2839 0.5390625 0.58203125 0
2840 0.53515625 0.5859375 0
2841 0.546875 0.58203125 0
2842 0.54296875 0.5859375 0
2843 0.5625 0.57421875 0
2844 0.55859375 0.578125 0
2845 0.5703125 0.57421875 0
2846 0.56640625 0.578125 0
2847 0.5546875 0.58203125 0
2848 0.5625 0.58203125 0
2849 0.55859375 0.5859375 0
2850 0.55078125 0.5859375 0
2851 0.59375 0.55859375 0
2852 0.58984375 0.5625 0
2853 0.59765625 0.5546875 0
2854 0.59765625 0.5625 0
2855 0.5859375 0.56640625 0
2856 0.59375 0.56640625 0
2857 0.58984375 0.5703125 0
2858 0.58203125 0.5703125 0
2859 0.578125 0.57421875 0
2860 0.5859375 0.57421875 0
2861 0.58203125 0.578125 0
2862 0.57421875 0.578125 0
2863 0.59375 0.57421875 0
2864 0.58984375 0.578125 0
2865 0.59765625 0.5703125 0
2866 0.59765625 0.578125 0
2867 0.5859375 0.58203125 0
2868 0.59375 0.58203125 0
2869 0.58984375 0.5859375 0
2870 0.58203125 0.5859375 0
2871 0.578125 0.58203125 0
2872 0.5703125 0.58203125 0
2873 0.57421875 0.5859375 0
2874 0.56640625 0.5859375 0
2875 0.53125 0.58984375 0
2876 0.52734375 0.59375 0
2877 0.5390625 0.58984375 0
2878 0.53515625 0.59375 0
2879 0.5234375 0.59765625 0
2880 0.53125 0.59765625 0
2881 0.546875 0.58984375 0
2882 0.54296875 0.59375 0
2883 0.5546875 0.58984375 0
2884 0.55078125 0.59375 0
2885 0.5390625 0.59765625 0
2886 0.546875 0.59765625 0
2887 0.5625 0.58984375 0
2888 0.55859375 0.59375 0
2889 0.5703125 0.58984375 0
2890 0.56640625 0.59375 0
2891 0.5546875 0.59765625 0
2892 0.5625 0.59765625 0
2893 0.578125 0.58984375 0
2894 0.57421875 0.59375 0
2895 0.5859375 0.58984375 0
2896 0.58203125 0.59375 0
2897 0.5703125 0.59765625 0
2898 0.578125 0.59765625 0
2899 0.59375 0.58984375 0
2900 0.58984375 0.59375 0
2901 0.59765625 0.5859375 0
2902 0.59765625 0.59765625 0
2903 0.59765625 0.59375 0
2904 0.5859375 0.59765625 0
2905 0.59375 0.59765625 0
$EndNodes
$Elements
5776
1 2 2 0 0 1 2 3
2 2 2 0 0 2 3 4
3 2 2 0 0 3 4 5
4 2 2 0 0 2 4 6
5 2 2 0 0 4 5 7
6 2 2 0 0 4 6 8
7 2 2 0 0 5 7 9
8 2 2 0 0 4 7 8
9 2 2 0 0 6 8 10
10 2 2 0 0 7 9 11
11 2 2 0 0 7 8 12
12 2 2 0 0 8 10 13
13 2 2 0 0 9 11 14
14 2 2 0 0 7 11 12
15 2 2 0 0 8 12 13
16 2 2 0 0 10 13 15
17 2 2 0 0 11 14 16
18 2 2 0 0 11 12 17
19 2 2 0 0 12 13 18
20 2 2 0 0 13 15 19
21 2 2 0 0 14 16 20
22 2 2 0 0 11 16 17
23 2 2 0 0 13 18 19
24 2 2 0 0 15 19 21
25 2 2 0 0 16 20 22
26 2 2 0 0 16 17 23
27 2 2 0 0 18 19 25
28 2 2 0 0 19 21 26
29 2 2 0 0 20 22 27
30 2 2 0 0 16 22 23
31 2 2 0 0 19 25 26
32 2 2 0 0 21 26 28
33 2 2 0 0 22 27 29
34 2 2 0 0 22 23 30
35 2 2 0 0 25 26 33
36 2 2 0 0 26 28 34
37 2 2 0 0 27 29 35
38 2 2 0 0 22 29 30
39 2 2 0 0 26 33 34
40 2 2 0 0 28 34 36
41 2 2 0 0 29 35 37
42 2 2 0 0 29 30 38
43 2 2 0 0 33 34 42
44 2 2 0 0 34 36 43
45 2 2 0 0 35 37 44
46 2 2 0 0 29 37 38
47 2 2 0 0 34 42 43
48 2 2 0 0 36 43 45
49 2 2 0 0 37 44 46
50 2 2 0 0 37 38 47
51 2 2 0 0 42 43 52
52 2 2 0 0 43 45 53
53 2 2 0 0 37 46 47
54 2 2 0 0 38 47 48
55 2 2 0 0 42 51 52
56 2 2 0 0 43 52 53
57 2 2 0 0 46 47 54
58 2 2 0 0 47 48 55
59 2 2 0 0 51 52 59
60 2 2 0 0 52 53 60
61 2 2 0 0 47 54 55
62 2 2 0 0 48 55 56
63 2 2 0 0 51 58 59
64 2 2 0 0 52 59 60
65 2 2 0 0 54 55 61
66 2 2 0 0 55 56 62
67 2 2 0 0 58 59 65
68 2 2 0 0 59 60 66
69 2 2 0 0 55 61 62
70 2 2 0 0 56 62 63
71 2 2 0 0 58 64 65
72 2 2 0 0 59 65 66
73 2 2 0 0 61 62 67
74 2 2 0 0 62 63 68
75 2 2 0 0 64 65 70
76 2 2 0 0 65 66 71
77 2 2 0 0 62 67 68
78 2 2 0 0 63 68 69
79 2 2 0 0 64 69 70
80 2 2 0 0 65 70 71
81 2 2 0 0 67 68 72
82 2 2 0 0 68 69 73
83 2 2 0 0 69 70 74
84 2 2 0 0 70 71 75
85 2 2 0 0 68 72 73
86 2 2 0 0 69 73 74
87 2 2 0 0 70 74 75
88 2 2 0 0 72 73 76
89 2 2 0 0 73 74 77
90 2 2 0 0 74 75 78
91 2 2 0 0 73 76 77
92 2 2 0 0 74 77 78
93 2 2 0 0 76 77 79
94 2 2 0 0 77 78 80
95 2 2 0 0 77 79 80
96 2 2 0 0 79 80 81
97 2 2 0 0 23 91 17
98 2 2 0 0 30 95 23
99 2 2 0 0 98 25 18
100 2 2 0 0 101 33 25
101 2 2 0 0 48 105 56
102 2 2 0 0 56 109 63
103 2 2 0 0 112 51 58
104 2 2 0 0 115 58 64
105 2 2 0 0 190 23 91
106 2 2 0 0 190 23 95
107 2 2 0 0 191 91 92
108 2 2 0 0 91 191 190
109 2 2 0 0 191 31 190
110 2 2 0 0 92 192 191
111 2 2 0 0 192 31 191
112 2 2 0 0 193 92 192
113 2 2 0 0 31 196 192
114 2 2 0 0 25 216 98
115 2 2 0 0 25 216 101
116 2 2 0 0 98 217 99
117 2 2 0 0 32 217 216
118 2 2 0 0 217 98 216
119 2 2 0 0 32 218 217
120 2 2 0 0 218 99 217
121 2 2 0 0 219 32 218
122 2 2 0 0 99 222 218
123 2 2 0 0 95 224 96
124 2 2 0 0 95 224 190
125 2 2 0 0 224 31 190
126 2 2 0 0 31 225 224
127 2 2 0 0 225 96 224
128 2 2 0 0 226 31 225
129 2 2 0 0 17 229 12
130 2 2 0 0 229 18 12
131 2 2 0 0 230 17 91
132 2 2 0 0 24 230 229
133 2 2 0 0 230 17 229
134 2 2 0 0 91 231 92
135 2 2 0 0 91 231 230
136 2 2 0 0 231 24 230
137 2 2 0 0 24 232 231
138 2 2 0 0 232 92 231
139 2 2 0 0 92 233 232
140 2 2 0 0 18 235 98
141 2 2 0 0 18 235 229
142 2 2 0 0 235 24 229
143 2 2 0 0 236 98 99
144 2 2 0 0 24 236 235
145 2 2 0 0 236 98 235
146 2 2 0 0 99 237 236
147 2 2 0 0 237 24 236
148 2 2 0 0 238 99 237
149 2 2 0 0 96 244 225
150 2 2 0 0 250 56 105
151 2 2 0 0 250 56 109
152 2 2 0 0 105 251 106
153 2 2 0 0 105 251 250
154 2 2 0 0 251 49 250
155 2 2 0 0 49 252 251
156 2 2 0 0 252 106 251
157 2 2 0 0 106 253 252
158 2 2 0 0 255 49 252
159 2 2 0 0 38 262 30
160 2 2 0 0 38 262 48
161 2 2 0 0 263 30 95
162 2 2 0 0 39 263 262
163 2 2 0 0 263 30 262
164 2 2 0 0 264 95 96
165 2 2 0 0 95 264 263
166 2 2 0 0 264 39 263
167 2 2 0 0 96 265 264
168 2 2 0 0 265 39 264
169 2 2 0 0 266 96 265
170 2 2 0 0 268 48 105
171 2 2 0 0 39 268 262
172 2 2 0 0 268 48 262
173 2 2 0 0 269 105 106
174 2 2 0 0 105 269 268
175 2 2 0 0 269 39 268
176 2 2 0 0 106 270 269
177 2 2 0 0 270 39 269
178 2 2 0 0 271 106 270
179 2 2 0 0 273 101 102
180 2 2 0 0 32 273 216
181 2 2 0 0 273 101 216
182 2 2 0 0 102 274 273
183 2 2 0 0 274 32 273
184 2 2 0 0 32 275 274
185 2 2 0 0 279 102 274
186 2 2 0 0 284 42 33
187 2 2 0 0 284 42 51
188 2 2 0 0 33 285 101
189 2 2 0 0 33 285 284
190 2 2 0 0 285 41 284
191 2 2 0 0 101 286 102
192 2 2 0 0 41 286 285
193 2 2 0 0 286 101 285
194 2 2 0 0 41 287 286
195 2 2 0 0 287 102 286
196 2 2 0 0 102 288 287
197 2 2 0 0 51 291 112
198 2 2 0 0 51 291 284
199 2 2 0 0 291 41 284
200 2 2 0 0 112 292 113
201 2 2 0 0 41 292 291
202 2 2 0 0 292 112 291
203 2 2 0 0 41 293 292
204 2 2 0 0 293 113 292
205 2 2 0 0 113 294 293
206 2 2 0 0 58 302 112
207 2 2 0 0 58 302 115
208 2 2 0 0 303 112 113
209 2 2 0 0 50 303 302
210 2 2 0 0 303 112 302
211 2 2 0 0 113 304 303
212 2 2 0 0 304 50 303
213 2 2 0 0 50 305 304
214 2 2 0 0 307 113 304
215 2 2 0 0 309 109 110
216 2 2 0 0 109 309 250
217 2 2 0 0 309 49 250
218 2 2 0 0 110 310 309
219 2 2 0 0 310 49 309
220 2 2 0 0 49 311 310
221 2 2 0 0 316 110 310
222 2 2 0 0 115 320 116
223 2 2 0 0 50 320 302
224 2 2 0 0 320 115 302
225 2 2 0 0 50 321 320
226 2 2 0 0 321 116 320
227 2 2 0 0 322 50 321
228 2 2 0 0 116 325 321
229 2 2 0 0 63 327 69
230 2 2 0 0 327 64 69
231 2 2 0 0 328 63 109
232 2 2 0 0 57 328 327
233 2 2 0 0 328 63 327
234 2 2 0 0 109 329 110
235 2 2 0 0 109 329 328
236 2 2 0 0 329 57 328
237 2 2 0 0 57 330 329
238 2 2 0 0 330 110 329
239 2 2 0 0 110 331 330
240 2 2 0 0 64 333 115
241 2 2 0 0 64 333 327
242 2 2 0 0 333 57 327
243 2 2 0 0 334 115 116
244 2 2 0 0 57 334 333
245 2 2 0 0 334 115 333
246 2 2 0 0 116 335 334
247 2 2 0 0 335 57 334
248 2 2 0 0 336 116 335
249 2 2 0 0 192 361 193
250 2 2 0 0 361 192 196
251 2 2 0 0 362 193 361
252 2 2 0 0 363 92 193
253 2 2 0 0 92 363 233
254 2 2 0 0 193 364 363
255 2 2 0 0 196 368 361
256 2 2 0 0 369 31 196
257 2 2 0 0 369 31 226
258 2 2 0 0 196 370 369
259 2 2 0 0 32 411 219
260 2 2 0 0 32 411 275
261 2 2 0 0 412 219 411
262 2 2 0 0 218 413 219
263 2 2 0 0 413 218 222
264 2 2 0 0 414 219 413
265 2 2 0 0 99 417 222
266 2 2 0 0 417 99 238
267 2 2 0 0 418 222 417
268 2 2 0 0 222 419 413
269 2 2 0 0 225 421 226
270 2 2 0 0 421 225 244
271 2 2 0 0 422 226 421
272 2 2 0 0 226 423 369
273 2 2 0 0 427 233 363
274 2 2 0 0 428 24 232
275 2 2 0 0 24 428 237
276 2 2 0 0 429 232 233
277 2 2 0 0 232 429 428
278 2 2 0 0 233 430 429
279 2 2 0 0 237 431 238
280 2 2 0 0 431 237 428
281 2 2 0 0 432 238 431
282 2 2 0 0 238 433 417
283 2 2 0 0 96 443 244
284 2 2 0 0 443 96 266
285 2 2 0 0 444 244 443
286 2 2 0 0 244 445 421
287 2 2 0 0 106 455 253
288 2 2 0 0 455 106 271
289 2 2 0 0 456 253 455
290 2 2 0 0 457 252 253
291 2 2 0 0 252 457 255
292 2 2 0 0 253 458 457
293 2 2 0 0 460 255 457
294 2 2 0 0 461 49 255
295 2 2 0 0 461 49 311
296 2 2 0 0 255 462 461
297 2 2 0 0 39 474 265
298 2 2 0 0 39 474 270
299 2 2 0 0 265 475 266
300 2 2 0 0 475 265 474
301 2 2 0 0 476 266 475
302 2 2 0 0 266 477 443
303 2 2 0 0 270 478 271
304 2 2 0 0 478 270 474
305 2 2 0 0 479 271 478
306 2 2 0 0 271 480 455
307 2 2 0 0 482 275 411
308 2 2 0 0 483 274 275
309 2 2 0 0 274 483 279
310 2 2 0 0 275 484 483
311 2 2 0 0 490 279 483
312 2 2 0 0 491 102 279
313 2 2 0 0 102 491 288
314 2 2 0 0 279 492 491
315 2 2 0 0 500 288 491
316 2 2 0 0 501 41 287
317 2 2 0 0 501 41 293
318 2 2 0 0 502 287 288
319 2 2 0 0 287 502 501
320 2 2 0 0 288 503 502
321 2 2 0 0 113 506 294
322 2 2 0 0 506 113 307
323 2 2 0 0 507 294 506
324 2 2 0 0 508 293 294
325 2 2 0 0 293 508 501
326 2 2 0 0 294 509 508
327 2 2 0 0 50 522 305
328 2 2 0 0 50 522 322
329 2 2 0 0 523 305 522
330 2 2 0 0 524 304 305
331 2 2 0 0 304 524 307
332 2 2 0 0 305 525 524
333 2 2 0 0 526 307 524
334 2 2 0 0 307 527 506
335 2 2 0 0 529 310 311
336 2 2 0 0 310 529 316
337 2 2 0 0 311 530 529
338 2 2 0 0 311 531 461
339 2 2 0 0 539 316 529
340 2 2 0 0 540 110 316
341 2 2 0 0 110 540 331
342 2 2 0 0 316 541 540
343 2 2 0 0 546 322 522
344 2 2 0 0 321 547 322
345 2 2 0 0 547 321 325
346 2 2 0 0 548 322 547
347 2 2 0 0 116 551 325
348 2 2 0 0 551 116 336
349 2 2 0 0 552 325 551
350 2 2 0 0 325 553 547
351 2 2 0 0 555 331 540
352 2 2 0 0 556 57 330
353 2 2 0 0 57 556 335
354 2 2 0 0 557 330 331
355 2 2 0 0 330 557 556
356 2 2 0 0 331 558 557
357 2 2 0 0 335 559 336
358 2 2 0 0 559 335 556
359 2 2 0 0 560 336 559
360 2 2 0 0 336 561 551
361 2 2 0 0 361 993 362
362 2 2 0 0 993 361 368
363 2 2 0 0 994 362 993
364 2 2 0 0 995 193 362
365 2 2 0 0 193 995 364
366 2 2 0 0 362 996 995
367 2 2 0 0 368 999 993
368 2 2 0 0 1000 196 368
369 2 2 0 0 196 1000 370
370 2 2 0 0 368 1001 1000
371 2 2 0 0 1004 364 995
372 2 2 0 0 1005 363 364
373 2 2 0 0 363 1005 427
374 2 2 0 0 364 1006 1005
375 2 2 0 0 1012 427 1005
376 2 2 0 0 1013 233 427
377 2 2 0 0 233 1013 430
378 2 2 0 0 427 1014 1013
379 2 2 0 0 1020 370 1000
380 2 2 0 0 1021 369 370
381 2 2 0 0 1021 369 423
382 2 2 0 0 370 1022 1021
383 2 2 0 0 226 1032 423
384 2 2 0 0 1032 226 422
385 2 2 0 0 1033 423 1032
386 2 2 0 0 423 1034 1021
387 2 2 0 0 219 1195 414
388 2 2 0 0 1195 219 412
389 2 2 0 0 1196 414 1195
390 2 2 0 0 413 1197 414
391 2 2 0 0 1197 413 419
392 2 2 0 0 1198 414 1197
393 2 2 0 0 222 1201 419
394 2 2 0 0 1201 222 418
395 2 2 0 0 1202 419 1201
396 2 2 0 0 419 1203 1197
397 2 2 0 0 411 1206 412
398 2 2 0 0 411 1206 482
399 2 2 0 0 1207 412 1206
400 2 2 0 0 412 1208 1195
401 2 2 0 0 1210 482 1206
402 2 2 0 0 1211 275 482
403 2 2 0 0 275 1211 484
404 2 2 0 0 482 1212 1211
405 2 2 0 0 417 1216 418
406 2 2 0 0 1216 417 433
407 2 2 0 0 1217 418 1216
408 2 2 0 0 418 1218 1201
409 2 2 0 0 238 1221 433
410 2 2 0 0 1221 238 432
411 2 2 0 0 1222 433 1221
412 2 2 0 0 433 1223 1216
413 2 2 0 0 421 1225 422
414 2 2 0 0 1225 421 445
415 2 2 0 0 1226 422 1225
416 2 2 0 0 422 1227 1032
417 2 2 0 0 244 1237 445
418 2 2 0 0 1237 244 444
419 2 2 0 0 1238 445 1237
420 2 2 0 0 445 1239 1225
421 2 2 0 0 1241 430 1013
422 2 2 0 0 1242 428 429
423 2 2 0 0 428 1242 431
424 2 2 0 0 1243 429 430
425 2 2 0 0 429 1243 1242
426 2 2 0 0 430 1244 1243
427 2 2 0 0 431 1245 432
428 2 2 0 0 1245 431 1242
429 2 2 0 0 1246 432 1245
430 2 2 0 0 432 1247 1221
431 2 2 0 0 443 1279 444
432 2 2 0 0 1279 443 477
433 2 2 0 0 1280 444 1279
434 2 2 0 0 444 1281 1237
435 2 2 0 0 266 1289 477
436 2 2 0 0 1289 266 476
437 2 2 0 0 1290 477 1289
438 2 2 0 0 477 1291 1279
439 2 2 0 0 253 1318 458
440 2 2 0 0 1318 253 456
441 2 2 0 0 1319 458 1318
442 2 2 0 0 1320 457 458
443 2 2 0 0 457 1320 460
444 2 2 0 0 458 1321 1320
445 2 2 0 0 1323 460 1320
446 2 2 0 0 1324 255 460
447 2 2 0 0 255 1324 462
448 2 2 0 0 460 1325 1324
449 2 2 0 0 455 1329 456
450 2 2 0 0 1329 455 480
451 2 2 0 0 1330 456 1329
452 2 2 0 0 456 1331 1318
453 2 2 0 0 271 1334 480
454 2 2 0 0 1334 271 479
455 2 2 0 0 1335 480 1334
456 2 2 0 0 480 1336 1329
457 2 2 0 0 1338 462 1324
458 2 2 0 0 1339 461 462
459 2 2 0 0 1339 461 531
460 2 2 0 0 462 1340 1339
461 2 2 0 0 311 1350 531
462 2 2 0 0 1350 311 530
463 2 2 0 0 1351 531 1350
464 2 2 0 0 531 1352 1339
465 2 2 0 0 474 1386 475
466 2 2 0 0 474 1386 478
467 2 2 0 0 475 1387 476
468 2 2 0 0 1387 475 1386
469 2 2 0 0 1388 476 1387
470 2 2 0 0 476 1389 1289
471 2 2 0 0 478 1390 479
472 2 2 0 0 1390 478 1386
473 2 2 0 0 1391 479 1390
474 2 2 0 0 479 1392 1334
475 2 2 0 0 1394 484 1211
476 2 2 0 0 1395 483 484
477 2 2 0 0 483 1395 490
478 2 2 0 0 484 1396 1395
479 2 2 0 0 1402 490 1395
480 2 2 0 0 1403 279 490
481 2 2 0 0 279 1403 492
482 2 2 0 0 490 1404 1403
483 2 2 0 0 1420 492 1403
484 2 2 0 0 1421 491 492
485 2 2 0 0 491 1421 500
486 2 2 0 0 492 1422 1421
487 2 2 0 0 1428 500 1421
488 2 2 0 0 1429 288 500
489 2 2 0 0 288 1429 503
490 2 2 0 0 500 1430 1429
491 2 2 0 0 1454 503 1429
492 2 2 0 0 1455 501 502
493 2 2 0 0 1455 501 508
494 2 2 0 0 1456 502 503
495 2 2 0 0 502 1456 1455
496 2 2 0 0 503 1457 1456
497 2 2 0 0 294 1460 509
498 2 2 0 0 1460 294 507
499 2 2 0 0 1461 509 1460
500 2 2 0 0 1462 508 509
501 2 2 0 0 508 1462 1455
502 2 2 0 0 509 1463 1462
503 2 2 0 0 506 1466 507
504 2 2 0 0 1466 506 527
505 2 2 0 0 1467 507 1466
506 2 2 0 0 507 1468 1460
507 2 2 0 0 307 1471 527
508 2 2 0 0 1471 307 526
509 2 2 0 0 1472 527 1471
510 2 2 0 0 527 1473 1466
511 2 2 0 0 305 1510 525
512 2 2 0 0 1510 305 523
513 2 2 0 0 1511 525 1510
514 2 2 0 0 1512 524 525
515 2 2 0 0 524 1512 526
516 2 2 0 0 525 1513 1512
517 2 2 0 0 1514 526 1512
518 2 2 0 0 526 1515 1471
519 2 2 0 0 522 1518 523
520 2 2 0 0 522 1518 546
521 2 2 0 0 1519 523 1518
522 2 2 0 0 523 1520 1510
523 2 2 0 0 1522 546 1518
524 2 2 0 0 1523 322 546
525 2 2 0 0 322 1523 548
526 2 2 0 0 546 1524 1523
527 2 2 0 0 1527 529 530
528 2 2 0 0 529 1527 539
529 2 2 0 0 530 1528 1527
530 2 2 0 0 530 1529 1350
531 2 2 0 0 1537 539 1527
532 2 2 0 0 1538 316 539
533 2 2 0 0 316 1538 541
534 2 2 0 0 539 1539 1538
535 2 2 0 0 1559 541 1538
536 2 2 0 0 1560 540 541
537 2 2 0 0 540 1560 555
538 2 2 0 0 541 1561 1560
539 2 2 0 0 1567 555 1560
540 2 2 0 0 1568 331 555
541 2 2 0 0 331 1568 558
542 2 2 0 0 555 1569 1568
543 2 2 0 0 1576 548 1523
544 2 2 0 0 547 1577 548
545 2 2 0 0 1577 547 553
546 2 2 0 0 1578 548 1577
547 2 2 0 0 325 1581 553
548 2 2 0 0 1581 325 552
549 2 2 0 0 1582 553 1581
550 2 2 0 0 553 1583 1577
551 2 2 0 0 551 1586 552
552 2 2 0 0 1586 551 561
553 2 2 0 0 1587 552 1586
554 2 2 0 0 552 1588 1581
555 2 2 0 0 336 1591 561
556 2 2 0 0 1591 336 560
557 2 2 0 0 1592 561 1591
558 2 2 0 0 561 1593 1586
559 2 2 0 0 1595 558 1568
560 2 2 0 0 1596 556 557
561 2 2 0 0 556 1596 559
562 2 2 0 0 1597 557 558
563 2 2 0 0 557 1597 1596
564 2 2 0 0 558 1598 1597
565 2 2 0 0 559 1599 560
566 2 2 0 0 1599 559 1596
567 2 2 0 0 1600 560 1599
568 2 2 0 0 560 1601 1591
569 2 2 0 0 562 1602 874
570 2 2 0 0 1602 338 874
571 2 2 0 0 338 1602 875
572 2 2 0 0 1602 562 875
573 2 2 0 0 182 1603 874
574 2 2 0 0 1603 562 874
575 2 2 0 0 562 1603 877
576 2 2 0 0 1603 182 877
577 2 2 0 0 563 1604 874
578 2 2 0 0 1604 182 874
579 2 2 0 0 182 1604 879
580 2 2 0 0 1604 563 879
581 2 2 0 0 338 1605 874
582 2 2 0 0 1605 563 874
583 2 2 0 0 563 1605 878
584 2 2 0 0 1605 338 878
585 2 2 0 0 562 1606 875
586 2 2 0 0 1606 146 875
587 2 2 0 0 146 1606 876
588 2 2 0 0 1606 562 876
589 2 2 0 0 565 1607 875
590 2 2 0 0 1607 338 875
591 2 2 0 0 338 1607 881
592 2 2 0 0 1607 565 881
593 2 2 0 0 146 1608 875
594 2 2 0 0 1608 565 875
595 2 2 0 0 565 1608 885
596 2 2 0 0 1608 146 885
597 2 2 0 0 562 1609 876
598 2 2 0 0 1609 339 876
599 2 2 0 0 339 1609 877
600 2 2 0 0 1609 562 877
601 2 2 0 0 567 1610 876
602 2 2 0 0 1610 146 876
603 2 2 0 0 146 1610 890
604 2 2 0 0 1610 567 890
605 2 2 0 0 339 1611 876
606 2 2 0 0 1611 567 876
607 2 2 0 0 567 1611 889
608 2 2 0 0 1611 339 889
609 2 2 0 0 566 1612 877
610 2 2 0 0 1612 339 877
611 2 2 0 0 339 1612 886
612 2 2 0 0 1612 566 886
613 2 2 0 0 182 1613 877
614 2 2 0 0 1613 566 877
615 2 2 0 0 566 1613 888
616 2 2 0 0 1613 182 888
617 2 2 0 0 118 1614 878
618 2 2 0 0 1614 563 878
619 2 2 0 0 563 1614 880
620 2 2 0 0 1614 118 880
621 2 2 0 0 564 1615 878
622 2 2 0 0 1615 118 878
623 2 2 0 0 118 1615 882
624 2 2 0 0 1615 564 882
625 2 2 0 0 338 1616 878
626 2 2 0 0 1616 564 878
627 2 2 0 0 564 1616 881
628 2 2 0 0 1616 338 881
629 2 2 0 0 563 1617 879
630 2 2 0 0 1617 341 879
631 2 2 0 0 341 1617 880
632 2 2 0 0 1617 563 880
633 2 2 0 0 569 1618 879
634 2 2 0 0 1618 182 879
635 2 2 0 0 182 1618 888
636 2 2 0 0 1618 569 888
637 2 2 0 0 341 1619 879
638 2 2 0 0 1619 569 879
639 2 2 0 0 569 1619 895
640 2 2 0 0 1619 341 895
641 2 2 0 0 573 1620 880
642 2 2 0 0 1620 341 880
643 2 2 0 0 341 1620 901
644 2 2 0 0 1620 573 901
645 2 2 0 0 118 1621 880
646 2 2 0 0 1621 573 880
647 2 2 0 0 573 1621 905
648 2 2 0 0 1621 118 905
649 2 2 0 0 183 1622 881
650 2 2 0 0 1622 564 881
651 2 2 0 0 564 1622 883
652 2 2 0 0 1622 183 883
653 2 2 0 0 565 1623 881
654 2 2 0 0 1623 183 881
655 2 2 0 0 183 1623 884
656 2 2 0 0 1623 565 884
657 2 2 0 0 564 1624 882
658 2 2 0 0 1624 343 882
659 2 2 0 0 343 1624 883
660 2 2 0 0 1624 564 883
661 2 2 0 0 578 1625 882
662 2 2 0 0 1625 118 882
663 2 2 0 0 118 1625 905
664 2 2 0 0 1625 578 905
665 2 2 0 0 343 1626 882
666 2 2 0 0 1626 578 882
667 2 2 0 0 578 1626 915
668 2 2 0 0 1626 343 915
669 2 2 0 0 577 1627 883
670 2 2 0 0 1627 343 883
671 2 2 0 0 343 1627 913
672 2 2 0 0 1627 577 913
673 2 2 0 0 183 1628 883
674 2 2 0 0 1628 577 883
675 2 2 0 0 577 1628 907
676 2 2 0 0 1628 183 907
677 2 2 0 0 565 1629 884
678 2 2 0 0 1629 342 884
679 2 2 0 0 342 1629 885
680 2 2 0 0 1629 565 885
681 2 2 0 0 574 1630 884
682 2 2 0 0 1630 183 884
683 2 2 0 0 183 1630 907
684 2 2 0 0 1630 574 907
685 2 2 0 0 342 1631 884
686 2 2 0 0 1631 574 884
687 2 2 0 0 574 1631 906
688 2 2 0 0 1631 342 906
689 2 2 0 0 576 1632 885
690 2 2 0 0 1632 342 885
691 2 2 0 0 342 1632 909
692 2 2 0 0 1632 576 909
693 2 2 0 0 146 1633 885
694 2 2 0 0 1633 576 885
695 2 2 0 0 576 1633 890
696 2 2 0 0 1633 146 890
697 2 2 0 0 566 1634 886
698 2 2 0 0 1634 90 886
699 2 2 0 0 90 1634 887
700 2 2 0 0 1634 566 887
701 2 2 0 0 568 1635 886
702 2 2 0 0 1635 339 886
703 2 2 0 0 339 1635 889
704 2 2 0 0 1635 568 889
705 2 2 0 0 90 1636 886
706 2 2 0 0 1636 568 886
707 2 2 0 0 568 1636 893
708 2 2 0 0 1636 90 893
709 2 2 0 0 566 1637 887
710 2 2 0 0 1637 340 887
711 2 2 0 0 340 1637 888
712 2 2 0 0 1637 566 888
713 2 2 0 0 570 1638 887
714 2 2 0 0 1638 90 887
715 2 2 0 0 90 1638 897
716 2 2 0 0 1638 570 897
717 2 2 0 0 340 1639 887
718 2 2 0 0 1639 570 887
719 2 2 0 0 570 1639 896
720 2 2 0 0 1639 340 896
721 2 2 0 0 569 1640 888
722 2 2 0 0 1640 340 888
723 2 2 0 0 340 1640 894
724 2 2 0 0 1640 569 894
725 2 2 0 0 185 1641 889
726 2 2 0 0 1641 567 889
727 2 2 0 0 567 1641 891
728 2 2 0 0 1641 185 891
729 2 2 0 0 568 1642 889
730 2 2 0 0 1642 185 889
731 2 2 0 0 185 1642 892
732 2 2 0 0 1642 568 892
733 2 2 0 0 567 1643 890
734 2 2 0 0 1643 345 890
735 2 2 0 0 345 1643 891
736 2 2 0 0 1643 567 891
737 2 2 0 0 345 1644 890
738 2 2 0 0 1644 576 890
739 2 2 0 0 576 1644 912
740 2 2 0 0 1644 345 912
741 2 2 0 0 583 1645 891
742 2 2 0 0 1645 345 891
743 2 2 0 0 345 1645 924
744 2 2 0 0 1645 583 924
745 2 2 0 0 185 1646 891
746 2 2 0 0 1646 583 891
747 2 2 0 0 583 1646 928
748 2 2 0 0 1646 185 928
749 2 2 0 0 568 1647 892
750 2 2 0 0 1647 349 892
751 2 2 0 0 349 1647 893
752 2 2 0 0 1647 568 893
753 2 2 0 0 589 1648 892
754 2 2 0 0 1648 185 892
755 2 2 0 0 185 1648 928
756 2 2 0 0 1648 589 928
757 2 2 0 0 349 1649 892
758 2 2 0 0 1649 589 892
759 2 2 0 0 589 1649 941
760 2 2 0 0 1649 349 941
761 2 2 0 0 593 1650 893
762 2 2 0 0 1650 349 893
763 2 2 0 0 349 1650 946
764 2 2 0 0 1650 593 946
765 2 2 0 0 90 1651 893
766 2 2 0 0 1651 593 893
767 2 2 0 0 593 1651 897
768 2 2 0 0 1651 90 897
769 2 2 0 0 569 1652 894
770 2 2 0 0 1652 147 894
771 2 2 0 0 147 1652 895
772 2 2 0 0 1652 569 895
773 2 2 0 0 571 1653 894
774 2 2 0 0 1653 340 894
775 2 2 0 0 340 1653 896
776 2 2 0 0 1653 571 896
777 2 2 0 0 147 1654 894
778 2 2 0 0 1654 571 894
779 2 2 0 0 571 1654 900
780 2 2 0 0 1654 147 900
781 2 2 0 0 572 1655 895
782 2 2 0 0 1655 147 895
783 2 2 0 0 147 1655 902
784 2 2 0 0 1655 572 902
785 2 2 0 0 341 1656 895
786 2 2 0 0 1656 572 895
787 2 2 0 0 572 1656 901
788 2 2 0 0 1656 341 901
789 2 2 0 0 187 1657 896
790 2 2 0 0 1657 570 896
791 2 2 0 0 570 1657 898
792 2 2 0 0 1657 187 898
793 2 2 0 0 571 1658 896
794 2 2 0 0 1658 187 896
795 2 2 0 0 187 1658 899
796 2 2 0 0 1658 571 899
797 2 2 0 0 570 1659 897
798 2 2 0 0 1659 354 897
799 2 2 0 0 354 1659 898
800 2 2 0 0 1659 570 898
801 2 2 0 0 354 1660 897
802 2 2 0 0 1660 593 897
803 2 2 0 0 593 1660 949
804 2 2 0 0 1660 354 949
805 2 2 0 0 603 1661 898
806 2 2 0 0 1661 354 898
807 2 2 0 0 354 1661 971
808 2 2 0 0 1661 603 971
809 2 2 0 0 187 1662 898
810 2 2 0 0 1662 603 898
811 2 2 0 0 603 1662 967
812 2 2 0 0 1662 187 967
813 2 2 0 0 571 1663 899
814 2 2 0 0 1663 353 899
815 2 2 0 0 353 1663 900
816 2 2 0 0 1663 571 900
817 2 2 0 0 601 1664 899
818 2 2 0 0 1664 187 899
819 2 2 0 0 187 1664 967
820 2 2 0 0 1664 601 967
821 2 2 0 0 353 1665 899
822 2 2 0 0 1665 601 899
823 2 2 0 0 601 1665 966
824 2 2 0 0 1665 353 966
825 2 2 0 0 595 1666 900
826 2 2 0 0 1666 353 900
827 2 2 0 0 353 1666 954
828 2 2 0 0 1666 595 954
829 2 2 0 0 147 1667 900
830 2 2 0 0 1667 595 900
831 2 2 0 0 595 1667 902
832 2 2 0 0 1667 147 902
833 2 2 0 0 186 1668 901
834 2 2 0 0 1668 572 901
835 2 2 0 0 572 1668 903
836 2 2 0 0 1668 186 903
837 2 2 0 0 573 1669 901
838 2 2 0 0 1669 186 901
839 2 2 0 0 186 1669 904
840 2 2 0 0 1669 573 904
841 2 2 0 0 572 1670 902
842 2 2 0 0 1670 350 902
843 2 2 0 0 350 1670 903
844 2 2 0 0 1670 572 903
845 2 2 0 0 350 1671 902
846 2 2 0 0 1671 595 902
847 2 2 0 0 595 1671 953
848 2 2 0 0 1671 350 953
849 2 2 0 0 594 1672 903
850 2 2 0 0 1672 350 903
851 2 2 0 0 350 1672 950
852 2 2 0 0 1672 594 950
853 2 2 0 0 186 1673 903
854 2 2 0 0 1673 594 903
855 2 2 0 0 594 1673 952
856 2 2 0 0 1673 186 952
857 2 2 0 0 573 1674 904
858 2 2 0 0 1674 352 904
859 2 2 0 0 352 1674 905
860 2 2 0 0 1674 573 905
861 2 2 0 0 597 1675 904
862 2 2 0 0 1675 186 904
863 2 2 0 0 186 1675 952
864 2 2 0 0 1675 597 952
865 2 2 0 0 352 1676 904
866 2 2 0 0 1676 597 904
867 2 2 0 0 597 1676 958
868 2 2 0 0 1676 352 958
869 2 2 0 0 578 1677 905
870 2 2 0 0 1677 352 905
871 2 2 0 0 352 1677 916
872 2 2 0 0 1677 578 916
873 2 2 0 0 86 1678 906
874 2 2 0 0 1678 574 906
875 2 2 0 0 574 1678 908
876 2 2 0 0 1678 86 908
877 2 2 0 0 575 1679 906
878 2 2 0 0 1679 86 906
879 2 2 0 0 575 1679 911
880 2 2 0 0 1679 86 911
881 2 2 0 0 342 1680 906
882 2 2 0 0 1680 575 906
883 2 2 0 0 575 1680 909
884 2 2 0 0 1680 342 909
885 2 2 0 0 574 1681 907
886 2 2 0 0 1681 344 907
887 2 2 0 0 344 1681 908
888 2 2 0 0 1681 574 908
889 2 2 0 0 344 1682 907
890 2 2 0 0 1682 577 907
891 2 2 0 0 577 1682 914
892 2 2 0 0 1682 344 914
893 2 2 0 0 581 1683 908
894 2 2 0 0 1683 344 908
895 2 2 0 0 344 1683 919
896 2 2 0 0 1683 581 919
897 2 2 0 0 86 1684 908
898 2 2 0 0 1684 581 908
899 2 2 0 0 86 1684 922
900 2 2 0 0 1684 581 922
901 2 2 0 0 184 1685 909
902 2 2 0 0 1685 575 909
903 2 2 0 0 184 1685 910
904 2 2 0 0 1685 575 910
905 2 2 0 0 576 1686 909
906 2 2 0 0 1686 184 909
907 2 2 0 0 184 1686 912
908 2 2 0 0 1686 576 912
909 2 2 0 0 575 1687 910
910 2 2 0 0 1687 347 910
911 2 2 0 0 347 1687 911
912 2 2 0 0 1687 575 911
913 2 2 0 0 584 1688 910
914 2 2 0 0 1688 184 910
915 2 2 0 0 184 1688 926
916 2 2 0 0 1688 584 926
917 2 2 0 0 347 1689 910
918 2 2 0 0 1689 584 910
919 2 2 0 0 584 1689 930
920 2 2 0 0 1689 347 930
921 2 2 0 0 588 1690 911
922 2 2 0 0 1690 347 911
923 2 2 0 0 347 1690 936
924 2 2 0 0 1690 588 936
925 2 2 0 0 86 1691 911
926 2 2 0 0 1691 588 911
927 2 2 0 0 588 1691 922
928 2 2 0 0 1691 86 922
929 2 2 0 0 582 1692 912
930 2 2 0 0 1692 184 912
931 2 2 0 0 582 1692 926
932 2 2 0 0 1692 184 926
933 2 2 0 0 345 1693 912
934 2 2 0 0 1693 582 912
935 2 2 0 0 582 1693 924
936 2 2 0 0 1693 345 924
937 2 2 0 0 577 1694 913
938 2 2 0 0 1694 149 913
939 2 2 0 0 149 1694 914
940 2 2 0 0 1694 577 914
941 2 2 0 0 579 1695 913
942 2 2 0 0 1695 343 913
943 2 2 0 0 343 1695 915
944 2 2 0 0 1695 579 915
945 2 2 0 0 149 1696 913
946 2 2 0 0 1696 579 913
947 2 2 0 0 579 1696 918
948 2 2 0 0 1696 149 918
949 2 2 0 0 580 1697 914
950 2 2 0 0 1697 149 914
951 2 2 0 0 149 1697 920
952 2 2 0 0 1697 580 920
953 2 2 0 0 344 1698 914
954 2 2 0 0 1698 580 914
955 2 2 0 0 580 1698 919
956 2 2 0 0 1698 344 919
957 2 2 0 0 189 1699 915
958 2 2 0 0 1699 578 915
959 2 2 0 0 578 1699 916
960 2 2 0 0 1699 189 916
961 2 2 0 0 579 1700 915
962 2 2 0 0 1700 189 915
963 2 2 0 0 189 1700 917
964 2 2 0 0 1700 579 917
965 2 2 0 0 600 1701 916
966 2 2 0 0 1701 352 916
967 2 2 0 0 352 1701 958
968 2 2 0 0 1701 600 958
969 2 2 0 0 189 1702 916
970 2 2 0 0 1702 600 916
971 2 2 0 0 600 1702 965
972 2 2 0 0 1702 189 965
973 2 2 0 0 579 1703 917
974 2 2 0 0 1703 359 917
975 2 2 0 0 359 1703 918
976 2 2 0 0 1703 579 918
977 2 2 0 0 612 1704 917
978 2 2 0 0 1704 189 917
979 2 2 0 0 189 1704 965
980 2 2 0 0 1704 612 965
981 2 2 0 0 359 1705 917
982 2 2 0 0 1705 612 917
983 2 2 0 0 612 1705 991
984 2 2 0 0 1705 359 991
985 2 2 0 0 616 1706 918
986 2 2 0 0 1706 359 918
987 2 2 0 0 359 1706 998
988 2 2 0 0 1706 616 998
989 2 2 0 0 149 1707 918
990 2 2 0 0 1707 616 918
991 2 2 0 0 616 1707 920
992 2 2 0 0 1707 149 920
993 2 2 0 0 198 1708 919
994 2 2 0 0 1708 580 919
995 2 2 0 0 580 1708 921
996 2 2 0 0 1708 198 921
997 2 2 0 0 581 1709 919
998 2 2 0 0 1709 198 919
999 2 2 0 0 581 1709 923
1000 2 2 0 0 1709 198 923
1001 2 2 0 0 580 1710 920
1002 2 2 0 0 1710 367 920
1003 2 2 0 0 367 1710 921
1004 2 2 0 0 1710 580 921
1005 2 2 0 0 367 1711 920
1006 2 2 0 0 1711 616 920
1007 2 2 0 0 616 1711 1002
1008 2 2 0 0 1711 367 1002
1009 2 2 0 0 624 1712 921
1010 2 2 0 0 1712 367 921
1011 2 2 0 0 367 1712 1019
1012 2 2 0 0 1712 624 1019
1013 2 2 0 0 198 1713 921
1014 2 2 0 0 1713 624 921
1015 2 2 0 0 198 1713 1023
1016 2 2 0 0 1713 624 1023
1017 2 2 0 0 581 1714 922
1018 2 2 0 0 1714 371 922
1019 2 2 0 0 371 1714 923
1020 2 2 0 0 1714 581 923
1021 2 2 0 0 371 1715 922
1022 2 2 0 0 1715 588 922
1023 2 2 0 0 588 1715 939
1024 2 2 0 0 1715 371 939
1025 2 2 0 0 625 1716 923
1026 2 2 0 0 1716 371 923
1027 2 2 0 0 371 1716 1025
1028 2 2 0 0 1716 625 1025
1029 2 2 0 0 198 1717 923
1030 2 2 0 0 1717 625 923
1031 2 2 0 0 625 1717 1023
1032 2 2 0 0 1717 198 1023
1033 2 2 0 0 119 1718 924
1034 2 2 0 0 1718 582 924
1035 2 2 0 0 119 1718 925
1036 2 2 0 0 1718 582 925
1037 2 2 0 0 583 1719 924
1038 2 2 0 0 1719 119 924
1039 2 2 0 0 119 1719 927
1040 2 2 0 0 1719 583 927
1041 2 2 0 0 582 1720 925
1042 2 2 0 0 1720 346 925
1043 2 2 0 0 346 1720 926
1044 2 2 0 0 1720 582 926
1045 2 2 0 0 585 1721 925
1046 2 2 0 0 1721 119 925
1047 2 2 0 0 119 1721 932
1048 2 2 0 0 1721 585 932
1049 2 2 0 0 346 1722 925
1050 2 2 0 0 1722 585 925
1051 2 2 0 0 585 1722 931
1052 2 2 0 0 1722 346 931
1053 2 2 0 0 584 1723 926
1054 2 2 0 0 1723 346 926
1055 2 2 0 0 346 1723 929
1056 2 2 0 0 1723 584 929
1057 2 2 0 0 583 1724 927
1058 2 2 0 0 1724 348 927
1059 2 2 0 0 348 1724 928
1060 2 2 0 0 1724 583 928
1061 2 2 0 0 590 1725 927
1062 2 2 0 0 1725 119 927
1063 2 2 0 0 590 1725 932
1064 2 2 0 0 1725 119 932
1065 2 2 0 0 348 1726 927
1066 2 2 0 0 1726 590 927
1067 2 2 0 0 590 1726 942
1068 2 2 0 0 1726 348 942
1069 2 2 0 0 589 1727 928
1070 2 2 0 0 1727 348 928
1071 2 2 0 0 348 1727 940
1072 2 2 0 0 1727 589 940
1073 2 2 0 0 584 1728 929
1074 2 2 0 0 1728 152 929
1075 2 2 0 0 152 1728 930
1076 2 2 0 0 1728 584 930
1077 2 2 0 0 586 1729 929
1078 2 2 0 0 1729 346 929
1079 2 2 0 0 346 1729 931
1080 2 2 0 0 1729 586 931
1081 2 2 0 0 152 1730 929
1082 2 2 0 0 1730 586 929
1083 2 2 0 0 586 1730 935
1084 2 2 0 0 1730 152 935
1085 2 2 0 0 587 1731 930
1086 2 2 0 0 1731 152 930
1087 2 2 0 0 152 1731 937
1088 2 2 0 0 1731 587 937
1089 2 2 0 0 347 1732 930
1090 2 2 0 0 1732 587 930
1091 2 2 0 0 587 1732 936
1092 2 2 0 0 1732 347 936
1093 2 2 0 0 202 1733 931
1094 2 2 0 0 1733 585 931
1095 2 2 0 0 585 1733 933
1096 2 2 0 0 1733 202 933
1097 2 2 0 0 586 1734 931
1098 2 2 0 0 1734 202 931
1099 2 2 0 0 202 1734 934
1100 2 2 0 0 1734 586 934
1101 2 2 0 0 585 1735 932
1102 2 2 0 0 1735 375 932
1103 2 2 0 0 375 1735 933
1104 2 2 0 0 1735 585 933
1105 2 2 0 0 375 1736 932
1106 2 2 0 0 1736 590 932
1107 2 2 0 0 590 1736 943
1108 2 2 0 0 1736 375 943
1109 2 2 0 0 635 1737 933
1110 2 2 0 0 1737 375 933
1111 2 2 0 0 375 1737 1043
1112 2 2 0 0 1737 635 1043
1113 2 2 0 0 202 1738 933
1114 2 2 0 0 1738 635 933
1115 2 2 0 0 635 1738 1050
1116 2 2 0 0 1738 202 1050
1117 2 2 0 0 586 1739 934
1118 2 2 0 0 1739 381 934
1119 2 2 0 0 381 1739 935
1120 2 2 0 0 1739 586 935
1121 2 2 0 0 645 1740 934
1122 2 2 0 0 1740 202 934
1123 2 2 0 0 202 1740 1050
1124 2 2 0 0 1740 645 1050
1125 2 2 0 0 381 1741 934
1126 2 2 0 0 1741 645 934
1127 2 2 0 0 645 1741 1070
1128 2 2 0 0 1741 381 1070
1129 2 2 0 0 649 1742 935
1130 2 2 0 0 1742 381 935
1131 2 2 0 0 381 1742 1075
1132 2 2 0 0 1742 649 1075
1133 2 2 0 0 152 1743 935
1134 2 2 0 0 1743 649 935
1135 2 2 0 0 649 1743 937
1136 2 2 0 0 1743 152 937
1137 2 2 0 0 206 1744 936
1138 2 2 0 0 1744 587 936
1139 2 2 0 0 587 1744 938
1140 2 2 0 0 1744 206 938
1141 2 2 0 0 588 1745 936
1142 2 2 0 0 1745 206 936
1143 2 2 0 0 206 1745 939
1144 2 2 0 0 1745 588 939
1145 2 2 0 0 587 1746 937
1146 2 2 0 0 1746 387 937
1147 2 2 0 0 387 1746 938
1148 2 2 0 0 1746 587 938
1149 2 2 0 0 387 1747 937
1150 2 2 0 0 1747 649 937
1151 2 2 0 0 649 1747 1078
1152 2 2 0 0 1747 387 1078
1153 2 2 0 0 662 1748 938
1154 2 2 0 0 1748 387 938
1155 2 2 0 0 387 1748 1103
1156 2 2 0 0 1748 662 1103
1157 2 2 0 0 206 1749 938
1158 2 2 0 0 1749 662 938
1159 2 2 0 0 662 1749 1027
1160 2 2 0 0 1749 206 1027
1161 2 2 0 0 626 1750 939
1162 2 2 0 0 1750 206 939
1163 2 2 0 0 206 1750 1027
1164 2 2 0 0 1750 626 1027
1165 2 2 0 0 371 1751 939
1166 2 2 0 0 1751 626 939
1167 2 2 0 0 626 1751 1025
1168 2 2 0 0 1751 371 1025
1169 2 2 0 0 589 1752 940
1170 2 2 0 0 1752 150 940
1171 2 2 0 0 150 1752 941
1172 2 2 0 0 1752 589 941
1173 2 2 0 0 591 1753 940
1174 2 2 0 0 1753 348 940
1175 2 2 0 0 348 1753 942
1176 2 2 0 0 1753 591 942
1177 2 2 0 0 150 1754 940
1178 2 2 0 0 1754 591 940
1179 2 2 0 0 591 1754 945
1180 2 2 0 0 1754 150 945
1181 2 2 0 0 592 1755 941
1182 2 2 0 0 1755 150 941
1183 2 2 0 0 150 1755 947
1184 2 2 0 0 1755 592 947
1185 2 2 0 0 349 1756 941
1186 2 2 0 0 1756 592 941
1187 2 2 0 0 592 1756 946
1188 2 2 0 0 1756 349 946
1189 2 2 0 0 199 1757 942
1190 2 2 0 0 1757 590 942
1191 2 2 0 0 199 1757 943
1192 2 2 0 0 1757 590 943
1193 2 2 0 0 591 1758 942
1194 2 2 0 0 1758 199 942
1195 2 2 0 0 199 1758 944
1196 2 2 0 0 1758 591 944
1197 2 2 0 0 632 1759 943
1198 2 2 0 0 1759 199 943
1199 2 2 0 0 199 1759 1037
1200 2 2 0 0 1759 632 1037
1201 2 2 0 0 375 1760 943
1202 2 2 0 0 1760 632 943
1203 2 2 0 0 632 1760 1043
1204 2 2 0 0 1760 375 1043
1205 2 2 0 0 591 1761 944
1206 2 2 0 0 1761 373 944
1207 2 2 0 0 373 1761 945
1208 2 2 0 0 1761 591 945
1209 2 2 0 0 629 1762 944
1210 2 2 0 0 1762 199 944
1211 2 2 0 0 629 1762 1037
1212 2 2 0 0 1762 199 1037
1213 2 2 0 0 373 1763 944
1214 2 2 0 0 1763 629 944
1215 2 2 0 0 629 1763 1035
1216 2 2 0 0 1763 373 1035
1217 2 2 0 0 631 1764 945
1218 2 2 0 0 1764 373 945
1219 2 2 0 0 373 1764 1038
1220 2 2 0 0 1764 631 1038
1221 2 2 0 0 150 1765 945
1222 2 2 0 0 1765 631 945
1223 2 2 0 0 631 1765 947
1224 2 2 0 0 1765 150 947
1225 2 2 0 0 201 1766 946
1226 2 2 0 0 1766 592 946
1227 2 2 0 0 592 1766 948
1228 2 2 0 0 1766 201 948
1229 2 2 0 0 593 1767 946
1230 2 2 0 0 1767 201 946
1231 2 2 0 0 201 1767 949
1232 2 2 0 0 1767 593 949
1233 2 2 0 0 592 1768 947
1234 2 2 0 0 1768 376 947
1235 2 2 0 0 376 1768 948
1236 2 2 0 0 1768 592 948
1237 2 2 0 0 376 1769 947
1238 2 2 0 0 1769 631 947
1239 2 2 0 0 631 1769 1041
1240 2 2 0 0 1769 376 1041
1241 2 2 0 0 637 1770 948
1242 2 2 0 0 1770 376 948
1243 2 2 0 0 376 1770 1051
1244 2 2 0 0 1770 637 1051
1245 2 2 0 0 201 1771 948
1246 2 2 0 0 1771 637 948
1247 2 2 0 0 637 1771 973
1248 2 2 0 0 1771 201 973
1249 2 2 0 0 604 1772 949
1250 2 2 0 0 1772 201 949
1251 2 2 0 0 201 1772 973
1252 2 2 0 0 1772 604 973
1253 2 2 0 0 354 1773 949
1254 2 2 0 0 1773 604 949
1255 2 2 0 0 604 1773 971
1256 2 2 0 0 1773 354 971
1257 2 2 0 0 594 1774 950
1258 2 2 0 0 1774 82 950
1259 2 2 0 0 82 1774 951
1260 2 2 0 0 1774 594 951
1261 2 2 0 0 596 1775 950
1262 2 2 0 0 1775 350 950
1263 2 2 0 0 350 1775 953
1264 2 2 0 0 1775 596 953
1265 2 2 0 0 82 1776 950
1266 2 2 0 0 1776 596 950
1267 2 2 0 0 596 1776 956
1268 2 2 0 0 1776 82 956
1269 2 2 0 0 594 1777 951
1270 2 2 0 0 1777 351 951
1271 2 2 0 0 351 1777 952
1272 2 2 0 0 1777 594 952
1273 2 2 0 0 599 1778 951
1274 2 2 0 0 1778 351 951
1275 2 2 0 0 351 1778 959
1276 2 2 0 0 1778 599 959
1277 2 2 0 0 82 1779 951
1278 2 2 0 0 1779 599 951
1279 2 2 0 0 599 1779 963
1280 2 2 0 0 1779 82 963
1281 2 2 0 0 597 1780 952
1282 2 2 0 0 1780 351 952
1283 2 2 0 0 351 1780 957
1284 2 2 0 0 1780 597 957
1285 2 2 0 0 188 1781 953
1286 2 2 0 0 1781 595 953
1287 2 2 0 0 595 1781 954
1288 2 2 0 0 1781 188 954
1289 2 2 0 0 596 1782 953
1290 2 2 0 0 1782 188 953
1291 2 2 0 0 188 1782 955
1292 2 2 0 0 1782 596 955
1293 2 2 0 0 602 1783 954
1294 2 2 0 0 1783 353 954
1295 2 2 0 0 353 1783 966
1296 2 2 0 0 1783 602 966
1297 2 2 0 0 188 1784 954
1298 2 2 0 0 1784 602 954
1299 2 2 0 0 602 1784 970
1300 2 2 0 0 1784 188 970
1301 2 2 0 0 596 1785 955
1302 2 2 0 0 1785 357 955
1303 2 2 0 0 357 1785 956
1304 2 2 0 0 1785 596 956
1305 2 2 0 0 607 1786 955
1306 2 2 0 0 1786 188 955
1307 2 2 0 0 188 1786 970
1308 2 2 0 0 1786 607 970
1309 2 2 0 0 357 1787 955
1310 2 2 0 0 1787 607 955
1311 2 2 0 0 607 1787 981
1312 2 2 0 0 1787 357 981
1313 2 2 0 0 610 1788 956
1314 2 2 0 0 1788 82 956
1315 2 2 0 0 82 1788 963
1316 2 2 0 0 1788 610 963
1317 2 2 0 0 357 1789 956
1318 2 2 0 0 1789 610 956
1319 2 2 0 0 610 1789 986
1320 2 2 0 0 1789 357 986
1321 2 2 0 0 597 1790 957
1322 2 2 0 0 1790 148 957
1323 2 2 0 0 148 1790 958
1324 2 2 0 0 1790 597 958
1325 2 2 0 0 598 1791 957
1326 2 2 0 0 1791 148 957
1327 2 2 0 0 148 1791 960
1328 2 2 0 0 1791 598 960
1329 2 2 0 0 351 1792 957
1330 2 2 0 0 1792 598 957
1331 2 2 0 0 598 1792 959
1332 2 2 0 0 1792 351 959
1333 2 2 0 0 600 1793 958
1334 2 2 0 0 1793 148 958
1335 2 2 0 0 148 1793 964
1336 2 2 0 0 1793 600 964
1337 2 2 0 0 195 1794 959
1338 2 2 0 0 1794 598 959
1339 2 2 0 0 598 1794 961
1340 2 2 0 0 1794 195 961
1341 2 2 0 0 599 1795 959
1342 2 2 0 0 1795 195 959
1343 2 2 0 0 195 1795 962
1344 2 2 0 0 1795 599 962
1345 2 2 0 0 598 1796 960
1346 2 2 0 0 1796 360 960
1347 2 2 0 0 360 1796 961
1348 2 2 0 0 1796 598 961
1349 2 2 0 0 614 1797 960
1350 2 2 0 0 1797 148 960
1351 2 2 0 0 148 1797 964
1352 2 2 0 0 1797 614 964
1353 2 2 0 0 360 1798 960
1354 2 2 0 0 1798 614 960
1355 2 2 0 0 614 1798 997
1356 2 2 0 0 1798 360 997
1357 2 2 0 0 618 1799 961
1358 2 2 0 0 1799 360 961
1359 2 2 0 0 360 1799 1003
1360 2 2 0 0 1799 618 1003
1361 2 2 0 0 195 1800 961
1362 2 2 0 0 1800 618 961
1363 2 2 0 0 618 1800 1008
1364 2 2 0 0 1800 195 1008
1365 2 2 0 0 599 1801 962
1366 2 2 0 0 1801 366 962
1367 2 2 0 0 366 1801 963
1368 2 2 0 0 1801 599 963
1369 2 2 0 0 619 1802 962
1370 2 2 0 0 1802 195 962
1371 2 2 0 0 195 1802 1008
1372 2 2 0 0 1802 619 1008
1373 2 2 0 0 366 1803 962
1374 2 2 0 0 1803 619 962
1375 2 2 0 0 619 1803 1010
1376 2 2 0 0 1803 366 1010
1377 2 2 0 0 610 1804 963
1378 2 2 0 0 1804 366 963
1379 2 2 0 0 366 1804 987
1380 2 2 0 0 1804 610 987
1381 2 2 0 0 600 1805 964
1382 2 2 0 0 1805 358 964
1383 2 2 0 0 358 1805 965
1384 2 2 0 0 1805 600 965
1385 2 2 0 0 614 1806 964
1386 2 2 0 0 1806 358 964
1387 2 2 0 0 358 1806 992
1388 2 2 0 0 1806 614 992
1389 2 2 0 0 612 1807 965
1390 2 2 0 0 1807 358 965
1391 2 2 0 0 358 1807 990
1392 2 2 0 0 1807 612 990
1393 2 2 0 0 121 1808 966
1394 2 2 0 0 1808 601 966
1395 2 2 0 0 601 1808 968
1396 2 2 0 0 1808 121 968
1397 2 2 0 0 602 1809 966
1398 2 2 0 0 1809 121 966
1399 2 2 0 0 121 1809 969
1400 2 2 0 0 1809 602 969
1401 2 2 0 0 601 1810 967
1402 2 2 0 0 1810 355 967
1403 2 2 0 0 355 1810 968
1404 2 2 0 0 1810 601 968
1405 2 2 0 0 355 1811 967
1406 2 2 0 0 1811 603 967
1407 2 2 0 0 603 1811 972
1408 2 2 0 0 1811 355 972
1409 2 2 0 0 606 1812 968
1410 2 2 0 0 1812 355 968
1411 2 2 0 0 355 1812 975
1412 2 2 0 0 1812 606 975
1413 2 2 0 0 121 1813 968
1414 2 2 0 0 1813 606 968
1415 2 2 0 0 606 1813 979
1416 2 2 0 0 1813 121 979
1417 2 2 0 0 602 1814 969
1418 2 2 0 0 1814 356 969
1419 2 2 0 0 356 1814 970
1420 2 2 0 0 1814 602 970
1421 2 2 0 0 608 1815 969
1422 2 2 0 0 1815 121 969
1423 2 2 0 0 121 1815 979
1424 2 2 0 0 1815 608 979
1425 2 2 0 0 356 1816 969
1426 2 2 0 0 1816 608 969
1427 2 2 0 0 608 1816 982
1428 2 2 0 0 1816 356 982
1429 2 2 0 0 607 1817 970
1430 2 2 0 0 1817 356 970
1431 2 2 0 0 356 1817 980
1432 2 2 0 0 1817 607 980
1433 2 2 0 0 603 1818 971
1434 2 2 0 0 1818 153 971
1435 2 2 0 0 153 1818 972
1436 2 2 0 0 1818 603 972
1437 2 2 0 0 153 1819 971
1438 2 2 0 0 1819 604 971
1439 2 2 0 0 604 1819 974
1440 2 2 0 0 1819 153 974
1441 2 2 0 0 605 1820 972
1442 2 2 0 0 1820 153 972
1443 2 2 0 0 153 1820 976
1444 2 2 0 0 1820 605 976
1445 2 2 0 0 355 1821 972
1446 2 2 0 0 1821 605 972
1447 2 2 0 0 605 1821 975
1448 2 2 0 0 1821 355 975
1449 2 2 0 0 604 1822 973
1450 2 2 0 0 1822 379 973
1451 2 2 0 0 379 1822 974
1452 2 2 0 0 1822 604 974
1453 2 2 0 0 379 1823 973
1454 2 2 0 0 1823 637 973
1455 2 2 0 0 637 1823 1054
1456 2 2 0 0 1823 379 1054
1457 2 2 0 0 644 1824 974
1458 2 2 0 0 1824 379 974
1459 2 2 0 0 379 1824 1066
1460 2 2 0 0 1824 644 1066
1461 2 2 0 0 153 1825 974
1462 2 2 0 0 1825 644 974
1463 2 2 0 0 644 1825 976
1464 2 2 0 0 1825 153 976
1465 2 2 0 0 208 1826 975
1466 2 2 0 0 1826 605 975
1467 2 2 0 0 605 1826 977
1468 2 2 0 0 1826 208 977
1469 2 2 0 0 606 1827 975
1470 2 2 0 0 1827 208 975
1471 2 2 0 0 208 1827 978
1472 2 2 0 0 1827 606 978
1473 2 2 0 0 605 1828 976
1474 2 2 0 0 1828 391 976
1475 2 2 0 0 391 1828 977
1476 2 2 0 0 1828 605 977
1477 2 2 0 0 391 1829 976
1478 2 2 0 0 1829 644 976
1479 2 2 0 0 644 1829 1068
1480 2 2 0 0 1829 391 1068
1481 2 2 0 0 670 1830 977
1482 2 2 0 0 1830 391 977
1483 2 2 0 0 391 1830 1119
1484 2 2 0 0 1830 670 1119
1485 2 2 0 0 208 1831 977
1486 2 2 0 0 1831 670 977
1487 2 2 0 0 670 1831 1123
1488 2 2 0 0 1831 208 1123
1489 2 2 0 0 606 1832 978
1490 2 2 0 0 1832 395 978
1491 2 2 0 0 395 1832 979
1492 2 2 0 0 1832 606 979
1493 2 2 0 0 675 1833 978
1494 2 2 0 0 1833 208 978
1495 2 2 0 0 208 1833 1123
1496 2 2 0 0 1833 675 1123
1497 2 2 0 0 395 1834 978
1498 2 2 0 0 1834 675 978
1499 2 2 0 0 675 1834 1134
1500 2 2 0 0 1834 395 1134
1501 2 2 0 0 608 1835 979
1502 2 2 0 0 1835 395 979
1503 2 2 0 0 395 1835 983
1504 2 2 0 0 1835 608 983
1505 2 2 0 0 607 1836 980
1506 2 2 0 0 1836 157 980
1507 2 2 0 0 157 1836 981
1508 2 2 0 0 1836 607 981
1509 2 2 0 0 609 1837 980
1510 2 2 0 0 1837 356 980
1511 2 2 0 0 356 1837 982
1512 2 2 0 0 1837 609 982
1513 2 2 0 0 157 1838 980
1514 2 2 0 0 1838 609 980
1515 2 2 0 0 609 1838 985
1516 2 2 0 0 1838 157 985
1517 2 2 0 0 611 1839 981
1518 2 2 0 0 1839 357 981
1519 2 2 0 0 357 1839 986
1520 2 2 0 0 1839 611 986
1521 2 2 0 0 157 1840 981
1522 2 2 0 0 1840 611 981
1523 2 2 0 0 611 1840 989
1524 2 2 0 0 1840 157 989
1525 2 2 0 0 214 1841 982
1526 2 2 0 0 1841 608 982
1527 2 2 0 0 608 1841 983
1528 2 2 0 0 1841 214 983
1529 2 2 0 0 609 1842 982
1530 2 2 0 0 1842 214 982
1531 2 2 0 0 214 1842 984
1532 2 2 0 0 1842 609 984
1533 2 2 0 0 678 1843 983
1534 2 2 0 0 1843 395 983
1535 2 2 0 0 395 1843 1134
1536 2 2 0 0 1843 678 1134
1537 2 2 0 0 214 1844 983
1538 2 2 0 0 1844 678 983
1539 2 2 0 0 678 1844 1140
1540 2 2 0 0 1844 214 1140
1541 2 2 0 0 609 1845 984
1542 2 2 0 0 1845 408 984
1543 2 2 0 0 408 1845 985
1544 2 2 0 0 1845 609 985
1545 2 2 0 0 703 1846 984
1546 2 2 0 0 1846 214 984
1547 2 2 0 0 214 1846 1140
1548 2 2 0 0 1846 703 1140
1549 2 2 0 0 408 1847 984
1550 2 2 0 0 1847 703 984
1551 2 2 0 0 703 1847 1192
1552 2 2 0 0 1847 408 1192
1553 2 2 0 0 706 1848 985
1554 2 2 0 0 1848 157 985
1555 2 2 0 0 157 1848 989
1556 2 2 0 0 1848 706 989
1557 2 2 0 0 408 1849 985
1558 2 2 0 0 1849 706 985
1559 2 2 0 0 706 1849 1199
1560 2 2 0 0 1849 408 1199
1561 2 2 0 0 221 1850 986
1562 2 2 0 0 1850 610 986
1563 2 2 0 0 610 1850 987
1564 2 2 0 0 1850 221 987
1565 2 2 0 0 611 1851 986
1566 2 2 0 0 1851 221 986
1567 2 2 0 0 221 1851 988
1568 2 2 0 0 1851 611 988
1569 2 2 0 0 622 1852 987
1570 2 2 0 0 1852 366 987
1571 2 2 0 0 366 1852 1010
1572 2 2 0 0 1852 622 1010
1573 2 2 0 0 221 1853 987
1574 2 2 0 0 1853 622 987
1575 2 2 0 0 622 1853 1018
1576 2 2 0 0 1853 221 1018
1577 2 2 0 0 611 1854 988
1578 2 2 0 0 1854 415 988
1579 2 2 0 0 415 1854 989
1580 2 2 0 0 1854 611 989
1581 2 2 0 0 712 1855 988
1582 2 2 0 0 1855 221 988
1583 2 2 0 0 221 1855 1018
1584 2 2 0 0 1855 712 1018
1585 2 2 0 0 415 1856 988
1586 2 2 0 0 1856 712 988
1587 2 2 0 0 712 1856 1214
1588 2 2 0 0 1856 415 1214
1589 2 2 0 0 706 1857 989
1590 2 2 0 0 1857 415 989
1591 2 2 0 0 415 1857 1200
1592 2 2 0 0 1857 706 1200
1593 2 2 0 0 612 1858 990
1594 2 2 0 0 1858 93 990
1595 2 2 0 0 93 1858 991
1596 2 2 0 0 1858 612 991
1597 2 2 0 0 613 1859 990
1598 2 2 0 0 1859 93 990
1599 2 2 0 0 93 1859 994
1600 2 2 0 0 1859 613 994
1601 2 2 0 0 358 1860 990
1602 2 2 0 0 1860 613 990
1603 2 2 0 0 613 1860 992
1604 2 2 0 0 1860 358 992
1605 2 2 0 0 615 1861 991
1606 2 2 0 0 1861 93 991
1607 2 2 0 0 93 1861 999
1608 2 2 0 0 1861 615 999
1609 2 2 0 0 359 1862 991
1610 2 2 0 0 1862 615 991
1611 2 2 0 0 615 1862 998
1612 2 2 0 0 1862 359 998
1613 2 2 0 0 194 1863 992
1614 2 2 0 0 1863 613 992
1615 2 2 0 0 613 1863 996
1616 2 2 0 0 1863 194 996
1617 2 2 0 0 614 1864 992
1618 2 2 0 0 1864 194 992
1619 2 2 0 0 194 1864 997
1620 2 2 0 0 1864 614 997
1621 2 2 0 0 613 1865 994
1622 2 2 0 0 1865 362 994
1623 2 2 0 0 362 1865 996
1624 2 2 0 0 1865 613 996
1625 2 2 0 0 993 1866 994
1626 2 2 0 0 1866 93 994
1627 2 2 0 0 93 1866 999
1628 2 2 0 0 1866 993 999
1629 2 2 0 0 194 1867 996
1630 2 2 0 0 1867 995 996
1631 2 2 0 0 995 1867 1004
1632 2 2 0 0 1867 194 1004
1633 2 2 0 0 617 1868 997
1634 2 2 0 0 1868 194 997
1635 2 2 0 0 194 1868 1004
1636 2 2 0 0 1868 617 1004
1637 2 2 0 0 360 1869 997
1638 2 2 0 0 1869 617 997
1639 2 2 0 0 617 1869 1003
1640 2 2 0 0 1869 360 1003
1641 2 2 0 0 197 1870 998
1642 2 2 0 0 1870 615 998
1643 2 2 0 0 615 1870 1001
1644 2 2 0 0 1870 197 1001
1645 2 2 0 0 616 1871 998
1646 2 2 0 0 1871 197 998
1647 2 2 0 0 197 1871 1002
1648 2 2 0 0 1871 616 1002
1649 2 2 0 0 615 1872 999
1650 2 2 0 0 1872 368 999
1651 2 2 0 0 368 1872 1001
1652 2 2 0 0 1872 615 1001
1653 2 2 0 0 197 1873 1001
1654 2 2 0 0 1873 1000 1001
1655 2 2 0 0 1000 1873 1020
1656 2 2 0 0 1873 197 1020
1657 2 2 0 0 623 1874 1002
1658 2 2 0 0 1874 197 1002
1659 2 2 0 0 197 1874 1020
1660 2 2 0 0 1874 623 1020
1661 2 2 0 0 367 1875 1002
1662 2 2 0 0 1875 623 1002
1663 2 2 0 0 623 1875 1019
1664 2 2 0 0 1875 367 1019
1665 2 2 0 0 124 1876 1003
1666 2 2 0 0 1876 617 1003
1667 2 2 0 0 617 1876 1006
1668 2 2 0 0 1876 124 1006
1669 2 2 0 0 618 1877 1003
1670 2 2 0 0 1877 124 1003
1671 2 2 0 0 124 1877 1007
1672 2 2 0 0 1877 618 1007
1673 2 2 0 0 617 1878 1004
1674 2 2 0 0 1878 364 1004
1675 2 2 0 0 364 1878 1006
1676 2 2 0 0 1878 617 1006
1677 2 2 0 0 124 1879 1006
1678 2 2 0 0 1879 1005 1006
1679 2 2 0 0 1005 1879 1012
1680 2 2 0 0 1879 124 1012
1681 2 2 0 0 618 1880 1007
1682 2 2 0 0 1880 365 1007
1683 2 2 0 0 365 1880 1008
1684 2 2 0 0 1880 618 1008
1685 2 2 0 0 620 1881 1007
1686 2 2 0 0 1881 124 1007
1687 2 2 0 0 124 1881 1012
1688 2 2 0 0 1881 620 1012
1689 2 2 0 0 365 1882 1007
1690 2 2 0 0 1882 620 1007
1691 2 2 0 0 620 1882 1011
1692 2 2 0 0 1882 365 1011
1693 2 2 0 0 619 1883 1008
1694 2 2 0 0 1883 365 1008
1695 2 2 0 0 365 1883 1009
1696 2 2 0 0 1883 619 1009
1697 2 2 0 0 619 1884 1009
1698 2 2 0 0 1884 159 1009
1699 2 2 0 0 159 1884 1010
1700 2 2 0 0 1884 619 1010
1701 2 2 0 0 621 1885 1009
1702 2 2 0 0 1885 365 1009
1703 2 2 0 0 365 1885 1011
1704 2 2 0 0 1885 621 1011
1705 2 2 0 0 159 1886 1009
1706 2 2 0 0 1886 621 1009
1707 2 2 0 0 621 1886 1016
1708 2 2 0 0 1886 159 1016
1709 2 2 0 0 622 1887 1010
1710 2 2 0 0 1887 159 1010
1711 2 2 0 0 159 1887 1017
1712 2 2 0 0 1887 622 1017
1713 2 2 0 0 234 1888 1011
1714 2 2 0 0 1888 620 1011
1715 2 2 0 0 620 1888 1014
1716 2 2 0 0 1888 234 1014
1717 2 2 0 0 621 1889 1011
1718 2 2 0 0 1889 234 1011
1719 2 2 0 0 234 1889 1015
1720 2 2 0 0 1889 621 1015
1721 2 2 0 0 620 1890 1012
1722 2 2 0 0 1890 427 1012
1723 2 2 0 0 427 1890 1014
1724 2 2 0 0 1890 620 1014
1725 2 2 0 0 234 1891 1014
1726 2 2 0 0 1891 1013 1014
1727 2 2 0 0 1013 1891 1241
1728 2 2 0 0 1891 234 1241
1729 2 2 0 0 621 1892 1015
1730 2 2 0 0 1892 426 1015
1731 2 2 0 0 426 1892 1016
1732 2 2 0 0 1892 621 1016
1733 2 2 0 0 722 1893 1015
1734 2 2 0 0 1893 234 1015
1735 2 2 0 0 234 1893 1241
1736 2 2 0 0 1893 722 1241
1737 2 2 0 0 426 1894 1015
1738 2 2 0 0 1894 722 1015
1739 2 2 0 0 722 1894 1240
1740 2 2 0 0 1894 426 1240
1741 2 2 0 0 714 1895 1016
1742 2 2 0 0 1895 426 1016
1743 2 2 0 0 426 1895 1220
1744 2 2 0 0 1895 714 1220
1745 2 2 0 0 159 1896 1016
1746 2 2 0 0 1896 714 1016
1747 2 2 0 0 714 1896 1017
1748 2 2 0 0 1896 159 1017
1749 2 2 0 0 622 1897 1017
1750 2 2 0 0 1897 416 1017
1751 2 2 0 0 416 1897 1018
1752 2 2 0 0 1897 622 1018
1753 2 2 0 0 416 1898 1017
1754 2 2 0 0 1898 714 1017
1755 2 2 0 0 714 1898 1219
1756 2 2 0 0 1898 416 1219
1757 2 2 0 0 712 1899 1018
1758 2 2 0 0 1899 416 1018
1759 2 2 0 0 416 1899 1215
1760 2 2 0 0 1899 712 1215
1761 2 2 0 0 122 1900 1019
1762 2 2 0 0 1900 623 1019
1763 2 2 0 0 623 1900 1022
1764 2 2 0 0 1900 122 1022
1765 2 2 0 0 624 1901 1019
1766 2 2 0 0 1901 122 1019
1767 2 2 0 0 624 1901 1024
1768 2 2 0 0 1901 122 1024
1769 2 2 0 0 623 1902 1020
1770 2 2 0 0 1902 370 1020
1771 2 2 0 0 370 1902 1022
1772 2 2 0 0 1902 623 1022
1773 2 2 0 0 122 1903 1022
1774 2 2 0 0 1903 1021 1022
1775 2 2 0 0 122 1903 1034
1776 2 2 0 0 1903 1021 1034
1777 2 2 0 0 624 1904 1023
1778 2 2 0 0 1904 372 1023
1779 2 2 0 0 372 1904 1024
1780 2 2 0 0 1904 624 1024
1781 2 2 0 0 372 1905 1023
1782 2 2 0 0 1905 625 1023
1783 2 2 0 0 625 1905 1026
1784 2 2 0 0 1905 372 1026
1785 2 2 0 0 628 1906 1024
1786 2 2 0 0 1906 372 1024
1787 2 2 0 0 372 1906 1029
1788 2 2 0 0 1906 628 1029
1789 2 2 0 0 122 1907 1024
1790 2 2 0 0 1907 628 1024
1791 2 2 0 0 628 1907 1034
1792 2 2 0 0 1907 122 1034
1793 2 2 0 0 625 1908 1025
1794 2 2 0 0 1908 158 1025
1795 2 2 0 0 158 1908 1026
1796 2 2 0 0 1908 625 1026
1797 2 2 0 0 158 1909 1025
1798 2 2 0 0 1909 626 1025
1799 2 2 0 0 626 1909 1028
1800 2 2 0 0 1909 158 1028
1801 2 2 0 0 627 1910 1026
1802 2 2 0 0 1910 158 1026
1803 2 2 0 0 158 1910 1030
1804 2 2 0 0 1910 627 1030
1805 2 2 0 0 372 1911 1026
1806 2 2 0 0 1911 627 1026
1807 2 2 0 0 627 1911 1029
1808 2 2 0 0 1911 372 1029
1809 2 2 0 0 626 1912 1027
1810 2 2 0 0 1912 390 1027
1811 2 2 0 0 390 1912 1028
1812 2 2 0 0 1912 626 1028
1813 2 2 0 0 390 1913 1027
1814 2 2 0 0 1913 662 1027
1815 2 2 0 0 662 1913 1106
1816 2 2 0 0 1913 390 1106
1817 2 2 0 0 668 1914 1028
1818 2 2 0 0 1914 390 1028
1819 2 2 0 0 390 1914 1116
1820 2 2 0 0 1914 668 1116
1821 2 2 0 0 158 1915 1028
1822 2 2 0 0 1915 668 1028
1823 2 2 0 0 668 1915 1030
1824 2 2 0 0 1915 158 1030
1825 2 2 0 0 227 1916 1029
1826 2 2 0 0 1916 627 1029
1827 2 2 0 0 627 1916 1031
1828 2 2 0 0 1916 227 1031
1829 2 2 0 0 628 1917 1029
1830 2 2 0 0 1917 227 1029
1831 2 2 0 0 227 1917 1033
1832 2 2 0 0 1917 628 1033
1833 2 2 0 0 627 1918 1030
1834 2 2 0 0 1918 420 1030
1835 2 2 0 0 420 1918 1031
1836 2 2 0 0 1918 627 1031
1837 2 2 0 0 420 1919 1030
1838 2 2 0 0 1919 668 1030
1839 2 2 0 0 668 1919 1118
1840 2 2 0 0 1919 420 1118
1841 2 2 0 0 716 1920 1031
1842 2 2 0 0 1920 420 1031
1843 2 2 0 0 420 1920 1224
1844 2 2 0 0 1920 716 1224
1845 2 2 0 0 227 1921 1031
1846 2 2 0 0 1921 716 1031
1847 2 2 0 0 716 1921 1227
1848 2 2 0 0 1921 227 1227
1849 2 2 0 0 628 1922 1033
1850 2 2 0 0 1922 423 1033
1851 2 2 0 0 423 1922 1034
1852 2 2 0 0 1922 628 1034
1853 2 2 0 0 1032 1923 1033
1854 2 2 0 0 1923 227 1033
1855 2 2 0 0 227 1923 1227
1856 2 2 0 0 1923 1032 1227
1857 2 2 0 0 40 1924 1035
1858 2 2 0 0 1924 629 1035
1859 2 2 0 0 40 1924 1036
1860 2 2 0 0 1924 629 1036
1861 2 2 0 0 630 1925 1035
1862 2 2 0 0 1925 40 1035
1863 2 2 0 0 630 1925 1040
1864 2 2 0 0 1925 40 1040
1865 2 2 0 0 373 1926 1035
1866 2 2 0 0 1926 630 1035
1867 2 2 0 0 630 1926 1038
1868 2 2 0 0 1926 373 1038
1869 2 2 0 0 629 1927 1036
1870 2 2 0 0 1927 374 1036
1871 2 2 0 0 374 1927 1037
1872 2 2 0 0 1927 629 1037
1873 2 2 0 0 634 1928 1036
1874 2 2 0 0 1928 374 1036
1875 2 2 0 0 374 1928 1044
1876 2 2 0 0 1928 634 1044
1877 2 2 0 0 40 1929 1036
1878 2 2 0 0 1929 634 1036
1879 2 2 0 0 40 1929 1047
1880 2 2 0 0 1929 634 1047
1881 2 2 0 0 632 1930 1037
1882 2 2 0 0 1930 374 1037
1883 2 2 0 0 374 1930 1042
1884 2 2 0 0 1930 632 1042
1885 2 2 0 0 200 1931 1038
1886 2 2 0 0 1931 630 1038
1887 2 2 0 0 200 1931 1039
1888 2 2 0 0 1931 630 1039
1889 2 2 0 0 631 1932 1038
1890 2 2 0 0 1932 200 1038
1891 2 2 0 0 200 1932 1041
1892 2 2 0 0 1932 631 1041
1893 2 2 0 0 630 1933 1039
1894 2 2 0 0 1933 378 1039
1895 2 2 0 0 378 1933 1040
1896 2 2 0 0 1933 630 1040
1897 2 2 0 0 638 1934 1039
1898 2 2 0 0 1934 200 1039
1899 2 2 0 0 200 1934 1053
1900 2 2 0 0 1934 638 1053
1901 2 2 0 0 378 1935 1039
1902 2 2 0 0 1935 638 1039
1903 2 2 0 0 638 1935 1056
1904 2 2 0 0 1935 378 1056
1905 2 2 0 0 641 1936 1040
1906 2 2 0 0 1936 40 1040
1907 2 2 0 0 641 1936 1047
1908 2 2 0 0 1936 40 1047
1909 2 2 0 0 378 1937 1040
1910 2 2 0 0 1937 641 1040
1911 2 2 0 0 641 1937 1062
1912 2 2 0 0 1937 378 1062
1913 2 2 0 0 636 1938 1041
1914 2 2 0 0 1938 200 1041
1915 2 2 0 0 636 1938 1053
1916 2 2 0 0 1938 200 1053
1917 2 2 0 0 376 1939 1041
1918 2 2 0 0 1939 636 1041
1919 2 2 0 0 636 1939 1051
1920 2 2 0 0 1939 376 1051
1921 2 2 0 0 632 1940 1042
1922 2 2 0 0 1940 151 1042
1923 2 2 0 0 151 1940 1043
1924 2 2 0 0 1940 632 1043
1925 2 2 0 0 633 1941 1042
1926 2 2 0 0 1941 151 1042
1927 2 2 0 0 151 1941 1045
1928 2 2 0 0 1941 633 1045
1929 2 2 0 0 374 1942 1042
1930 2 2 0 0 1942 633 1042
1931 2 2 0 0 633 1942 1044
1932 2 2 0 0 1942 374 1044
1933 2 2 0 0 635 1943 1043
1934 2 2 0 0 1943 151 1043
1935 2 2 0 0 151 1943 1049
1936 2 2 0 0 1943 635 1049
1937 2 2 0 0 204 1944 1044
1938 2 2 0 0 1944 633 1044
1939 2 2 0 0 633 1944 1046
1940 2 2 0 0 1944 204 1046
1941 2 2 0 0 634 1945 1044
1942 2 2 0 0 1945 204 1044
1943 2 2 0 0 634 1945 1048
1944 2 2 0 0 1945 204 1048
1945 2 2 0 0 633 1946 1045
1946 2 2 0 0 1946 382 1045
1947 2 2 0 0 382 1946 1046
1948 2 2 0 0 1946 633 1046
1949 2 2 0 0 647 1947 1045
1950 2 2 0 0 1947 151 1045
1951 2 2 0 0 151 1947 1049
1952 2 2 0 0 1947 647 1049
1953 2 2 0 0 382 1948 1045
1954 2 2 0 0 1948 647 1045
1955 2 2 0 0 647 1948 1074
1956 2 2 0 0 1948 382 1074
1957 2 2 0 0 651 1949 1046
1958 2 2 0 0 1949 382 1046
1959 2 2 0 0 382 1949 1079
1960 2 2 0 0 1949 651 1079
1961 2 2 0 0 204 1950 1046
1962 2 2 0 0 1950 651 1046
1963 2 2 0 0 204 1950 1082
1964 2 2 0 0 1950 651 1082
1965 2 2 0 0 634 1951 1047
1966 2 2 0 0 1951 385 1047
1967 2 2 0 0 385 1951 1048
1968 2 2 0 0 1951 634 1048
1969 2 2 0 0 385 1952 1047
1970 2 2 0 0 1952 641 1047
1971 2 2 0 0 641 1952 1063
1972 2 2 0 0 1952 385 1063
1973 2 2 0 0 657 1953 1048
1974 2 2 0 0 1953 385 1048
1975 2 2 0 0 385 1953 1095
1976 2 2 0 0 1953 657 1095
1977 2 2 0 0 204 1954 1048
1978 2 2 0 0 1954 657 1048
1979 2 2 0 0 657 1954 1082
1980 2 2 0 0 1954 204 1082
1981 2 2 0 0 635 1955 1049
1982 2 2 0 0 1955 380 1049
1983 2 2 0 0 380 1955 1050
1984 2 2 0 0 1955 635 1050
1985 2 2 0 0 647 1956 1049
1986 2 2 0 0 1956 380 1049
1987 2 2 0 0 380 1956 1071
1988 2 2 0 0 1956 647 1071
1989 2 2 0 0 645 1957 1050
1990 2 2 0 0 1957 380 1050
1991 2 2 0 0 380 1957 1069
1992 2 2 0 0 1957 645 1069
1993 2 2 0 0 120 1958 1051
1994 2 2 0 0 1958 636 1051
1995 2 2 0 0 120 1958 1052
1996 2 2 0 0 1958 636 1052
1997 2 2 0 0 637 1959 1051
1998 2 2 0 0 1959 120 1051
1999 2 2 0 0 120 1959 1054
2000 2 2 0 0 1959 637 1054
2001 2 2 0 0 636 1960 1052
2002 2 2 0 0 1960 377 1052
2003 2 2 0 0 377 1960 1053
2004 2 2 0 0 1960 636 1053
2005 2 2 0 0 639 1961 1052
2006 2 2 0 0 1961 120 1052
2007 2 2 0 0 120 1961 1058
2008 2 2 0 0 1961 639 1058
2009 2 2 0 0 377 1962 1052
2010 2 2 0 0 1962 639 1052
2011 2 2 0 0 639 1962 1057
2012 2 2 0 0 1962 377 1057
2013 2 2 0 0 638 1963 1053
2014 2 2 0 0 1963 377 1053
2015 2 2 0 0 377 1963 1055
2016 2 2 0 0 1963 638 1055
2017 2 2 0 0 643 1964 1054
2018 2 2 0 0 1964 120 1054
2019 2 2 0 0 643 1964 1058
2020 2 2 0 0 1964 120 1058
2021 2 2 0 0 379 1965 1054
2022 2 2 0 0 1965 643 1054
2023 2 2 0 0 643 1965 1066
2024 2 2 0 0 1965 379 1066
2025 2 2 0 0 638 1966 1055
2026 2 2 0 0 1966 155 1055
2027 2 2 0 0 155 1966 1056
2028 2 2 0 0 1966 638 1056
2029 2 2 0 0 640 1967 1055
2030 2 2 0 0 1967 377 1055
2031 2 2 0 0 377 1967 1057
2032 2 2 0 0 1967 640 1057
2033 2 2 0 0 155 1968 1055
2034 2 2 0 0 1968 640 1055
2035 2 2 0 0 640 1968 1061
2036 2 2 0 0 1968 155 1061
2037 2 2 0 0 642 1969 1056
2038 2 2 0 0 1969 378 1056
2039 2 2 0 0 378 1969 1062
2040 2 2 0 0 1969 642 1062
2041 2 2 0 0 155 1970 1056
2042 2 2 0 0 1970 642 1056
2043 2 2 0 0 642 1970 1065
2044 2 2 0 0 1970 155 1065
2045 2 2 0 0 209 1971 1057
2046 2 2 0 0 1971 639 1057
2047 2 2 0 0 639 1971 1059
2048 2 2 0 0 1971 209 1059
2049 2 2 0 0 640 1972 1057
2050 2 2 0 0 1972 209 1057
2051 2 2 0 0 209 1972 1060
2052 2 2 0 0 1972 640 1060
2053 2 2 0 0 639 1973 1058
2054 2 2 0 0 1973 393 1058
2055 2 2 0 0 393 1973 1059
2056 2 2 0 0 1973 639 1059
2057 2 2 0 0 393 1974 1058
2058 2 2 0 0 1974 643 1058
2059 2 2 0 0 643 1974 1067
2060 2 2 0 0 1974 393 1067
2061 2 2 0 0 674 1975 1059
2062 2 2 0 0 1975 393 1059
2063 2 2 0 0 393 1975 1125
2064 2 2 0 0 1975 674 1125
2065 2 2 0 0 209 1976 1059
2066 2 2 0 0 1976 674 1059
2067 2 2 0 0 674 1976 1132
2068 2 2 0 0 1976 209 1132
2069 2 2 0 0 640 1977 1060
2070 2 2 0 0 1977 397 1060
2071 2 2 0 0 397 1977 1061
2072 2 2 0 0 1977 640 1061
2073 2 2 0 0 679 1978 1060
2074 2 2 0 0 1978 209 1060
2075 2 2 0 0 209 1978 1132
2076 2 2 0 0 1978 679 1132
2077 2 2 0 0 397 1979 1060
2078 2 2 0 0 1979 679 1060
2079 2 2 0 0 679 1979 1142
2080 2 2 0 0 1979 397 1142
2081 2 2 0 0 682 1980 1061
2082 2 2 0 0 1980 155 1061
2083 2 2 0 0 155 1980 1065
2084 2 2 0 0 1980 682 1065
2085 2 2 0 0 397 1981 1061
2086 2 2 0 0 1981 682 1061
2087 2 2 0 0 682 1981 1147
2088 2 2 0 0 1981 397 1147
2089 2 2 0 0 212 1982 1062
2090 2 2 0 0 1982 641 1062
2091 2 2 0 0 212 1982 1063
2092 2 2 0 0 1982 641 1063
2093 2 2 0 0 642 1983 1062
2094 2 2 0 0 1983 212 1062
2095 2 2 0 0 212 1983 1064
2096 2 2 0 0 1983 642 1064
2097 2 2 0 0 658 1984 1063
2098 2 2 0 0 1984 212 1063
2099 2 2 0 0 212 1984 1097
2100 2 2 0 0 1984 658 1097
2101 2 2 0 0 385 1985 1063
2102 2 2 0 0 1985 658 1063
2103 2 2 0 0 658 1985 1095
2104 2 2 0 0 1985 385 1095
2105 2 2 0 0 642 1986 1064
2106 2 2 0 0 1986 403 1064
2107 2 2 0 0 403 1986 1065
2108 2 2 0 0 1986 642 1065
2109 2 2 0 0 695 1987 1064
2110 2 2 0 0 1987 212 1064
2111 2 2 0 0 695 1987 1097
2112 2 2 0 0 1987 212 1097
2113 2 2 0 0 403 1988 1064
2114 2 2 0 0 1988 695 1064
2115 2 2 0 0 695 1988 1175
2116 2 2 0 0 1988 403 1175
2117 2 2 0 0 682 1989 1065
2118 2 2 0 0 1989 403 1065
2119 2 2 0 0 403 1989 1148
2120 2 2 0 0 1989 682 1148
2121 2 2 0 0 207 1990 1066
2122 2 2 0 0 1990 643 1066
2123 2 2 0 0 207 1990 1067
2124 2 2 0 0 1990 643 1067
2125 2 2 0 0 644 1991 1066
2126 2 2 0 0 1991 207 1066
2127 2 2 0 0 207 1991 1068
2128 2 2 0 0 1991 644 1068
2129 2 2 0 0 671 1992 1067
2130 2 2 0 0 1992 207 1067
2131 2 2 0 0 207 1992 1121
2132 2 2 0 0 1992 671 1121
2133 2 2 0 0 393 1993 1067
2134 2 2 0 0 1993 671 1067
2135 2 2 0 0 671 1993 1125
2136 2 2 0 0 1993 393 1125
2137 2 2 0 0 669 1994 1068
2138 2 2 0 0 1994 207 1068
2139 2 2 0 0 669 1994 1121
2140 2 2 0 0 1994 207 1121
2141 2 2 0 0 391 1995 1068
2142 2 2 0 0 1995 669 1068
2143 2 2 0 0 669 1995 1119
2144 2 2 0 0 1995 391 1119
2145 2 2 0 0 645 1996 1069
2146 2 2 0 0 1996 94 1069
2147 2 2 0 0 94 1996 1070
2148 2 2 0 0 1996 645 1070
2149 2 2 0 0 646 1997 1069
2150 2 2 0 0 1997 94 1069
2151 2 2 0 0 94 1997 1072
2152 2 2 0 0 1997 646 1072
2153 2 2 0 0 380 1998 1069
2154 2 2 0 0 1998 646 1069
2155 2 2 0 0 646 1998 1071
2156 2 2 0 0 1998 380 1071
2157 2 2 0 0 648 1999 1070
2158 2 2 0 0 1999 94 1070
2159 2 2 0 0 94 1999 1076
2160 2 2 0 0 1999 648 1076
2161 2 2 0 0 381 2000 1070
2162 2 2 0 0 2000 648 1070
2163 2 2 0 0 648 2000 1075
2164 2 2 0 0 2000 381 1075
2165 2 2 0 0 203 2001 1071
2166 2 2 0 0 2001 646 1071
2167 2 2 0 0 646 2001 1073
2168 2 2 0 0 2001 203 1073
2169 2 2 0 0 647 2002 1071
2170 2 2 0 0 2002 203 1071
2171 2 2 0 0 203 2002 1074
2172 2 2 0 0 2002 647 1074
2173 2 2 0 0 646 2003 1072
2174 2 2 0 0 2003 383 1072
2175 2 2 0 0 383 2003 1073
2176 2 2 0 0 2003 646 1073
2177 2 2 0 0 653 2004 1072
2178 2 2 0 0 2004 94 1072
2179 2 2 0 0 94 2004 1076
2180 2 2 0 0 2004 653 1076
2181 2 2 0 0 383 2005 1072
2182 2 2 0 0 2005 653 1072
2183 2 2 0 0 653 2005 1086
2184 2 2 0 0 2005 383 1086
2185 2 2 0 0 652 2006 1073
2186 2 2 0 0 2006 383 1073
2187 2 2 0 0 383 2006 1084
2188 2 2 0 0 2006 652 1084
2189 2 2 0 0 203 2007 1073
2190 2 2 0 0 2007 652 1073
2191 2 2 0 0 652 2007 1080
2192 2 2 0 0 2007 203 1080
2193 2 2 0 0 650 2008 1074
2194 2 2 0 0 2008 203 1074
2195 2 2 0 0 203 2008 1080
2196 2 2 0 0 2008 650 1080
2197 2 2 0 0 382 2009 1074
2198 2 2 0 0 2009 650 1074
2199 2 2 0 0 650 2009 1079
2200 2 2 0 0 2009 382 1079
2201 2 2 0 0 205 2010 1075
2202 2 2 0 0 2010 648 1075
2203 2 2 0 0 648 2010 1077
2204 2 2 0 0 2010 205 1077
2205 2 2 0 0 649 2011 1075
2206 2 2 0 0 2011 205 1075
2207 2 2 0 0 205 2011 1078
2208 2 2 0 0 2011 649 1078
2209 2 2 0 0 648 2012 1076
2210 2 2 0 0 2012 388 1076
2211 2 2 0 0 388 2012 1077
2212 2 2 0 0 2012 648 1077
2213 2 2 0 0 653 2013 1076
2214 2 2 0 0 2013 388 1076
2215 2 2 0 0 388 2013 1087
2216 2 2 0 0 2013 653 1087
2217 2 2 0 0 663 2014 1077
2218 2 2 0 0 2014 388 1077
2219 2 2 0 0 388 2014 1107
2220 2 2 0 0 2014 663 1107
2221 2 2 0 0 205 2015 1077
2222 2 2 0 0 2015 663 1077
2223 2 2 0 0 663 2015 1104
2224 2 2 0 0 2015 205 1104
2225 2 2 0 0 661 2016 1078
2226 2 2 0 0 2016 205 1078
2227 2 2 0 0 205 2016 1104
2228 2 2 0 0 2016 661 1104
2229 2 2 0 0 387 2017 1078
2230 2 2 0 0 2017 661 1078
2231 2 2 0 0 661 2017 1103
2232 2 2 0 0 2017 387 1103
2233 2 2 0 0 127 2018 1079
2234 2 2 0 0 2018 650 1079
2235 2 2 0 0 650 2018 1081
2236 2 2 0 0 2018 127 1081
2237 2 2 0 0 651 2019 1079
2238 2 2 0 0 2019 127 1079
2239 2 2 0 0 651 2019 1083
2240 2 2 0 0 2019 127 1083
2241 2 2 0 0 650 2020 1080
2242 2 2 0 0 2020 384 1080
2243 2 2 0 0 384 2020 1081
2244 2 2 0 0 2020 650 1081
2245 2 2 0 0 384 2021 1080
2246 2 2 0 0 2021 652 1080
2247 2 2 0 0 652 2021 1085
2248 2 2 0 0 2021 384 1085
2249 2 2 0 0 656 2022 1081
2250 2 2 0 0 2022 384 1081
2251 2 2 0 0 384 2022 1090
2252 2 2 0 0 2022 656 1090
2253 2 2 0 0 127 2023 1081
2254 2 2 0 0 2023 656 1081
2255 2 2 0 0 127 2023 1093
2256 2 2 0 0 2023 656 1093
2257 2 2 0 0 651 2024 1082
2258 2 2 0 0 2024 386 1082
2259 2 2 0 0 386 2024 1083
2260 2 2 0 0 2024 651 1083
2261 2 2 0 0 386 2025 1082
2262 2 2 0 0 2025 657 1082
2263 2 2 0 0 657 2025 1096
2264 2 2 0 0 2025 386 1096
2265 2 2 0 0 660 2026 1083
2266 2 2 0 0 2026 386 1083
2267 2 2 0 0 386 2026 1099
2268 2 2 0 0 2026 660 1099
2269 2 2 0 0 127 2027 1083
2270 2 2 0 0 2027 660 1083
2271 2 2 0 0 660 2027 1093
2272 2 2 0 0 2027 127 1093
2273 2 2 0 0 652 2028 1084
2274 2 2 0 0 2028 162 1084
2275 2 2 0 0 162 2028 1085
2276 2 2 0 0 2028 652 1085
2277 2 2 0 0 654 2029 1084
2278 2 2 0 0 2029 383 1084
2279 2 2 0 0 383 2029 1086
2280 2 2 0 0 2029 654 1086
2281 2 2 0 0 162 2030 1084
2282 2 2 0 0 2030 654 1084
2283 2 2 0 0 654 2030 1089
2284 2 2 0 0 2030 162 1089
2285 2 2 0 0 655 2031 1085
2286 2 2 0 0 2031 162 1085
2287 2 2 0 0 162 2031 1091
2288 2 2 0 0 2031 655 1091
2289 2 2 0 0 384 2032 1085
2290 2 2 0 0 2032 655 1085
2291 2 2 0 0 655 2032 1090
2292 2 2 0 0 2032 384 1090
2293 2 2 0 0 242 2033 1086
2294 2 2 0 0 2033 653 1086
2295 2 2 0 0 653 2033 1087
2296 2 2 0 0 2033 242 1087
2297 2 2 0 0 654 2034 1086
2298 2 2 0 0 2034 242 1086
2299 2 2 0 0 242 2034 1088
2300 2 2 0 0 2034 654 1088
2301 2 2 0 0 664 2035 1087
2302 2 2 0 0 2035 388 1087
2303 2 2 0 0 388 2035 1107
2304 2 2 0 0 2035 664 1107
2305 2 2 0 0 242 2036 1087
2306 2 2 0 0 2036 664 1087
2307 2 2 0 0 664 2036 1110
2308 2 2 0 0 2036 242 1110
2309 2 2 0 0 654 2037 1088
2310 2 2 0 0 2037 439 1088
2311 2 2 0 0 439 2037 1089
2312 2 2 0 0 2037 654 1089
2313 2 2 0 0 730 2038 1088
2314 2 2 0 0 2038 242 1088
2315 2 2 0 0 242 2038 1110
2316 2 2 0 0 2038 730 1110
2317 2 2 0 0 439 2039 1088
2318 2 2 0 0 2039 730 1088
2319 2 2 0 0 730 2039 1261
2320 2 2 0 0 2039 439 1261
2321 2 2 0 0 737 2040 1089
2322 2 2 0 0 2040 439 1089
2323 2 2 0 0 439 2040 1273
2324 2 2 0 0 2040 737 1273
2325 2 2 0 0 162 2041 1089
2326 2 2 0 0 2041 737 1089
2327 2 2 0 0 737 2041 1091
2328 2 2 0 0 2041 162 1091
2329 2 2 0 0 247 2042 1090
2330 2 2 0 0 2042 655 1090
2331 2 2 0 0 655 2042 1092
2332 2 2 0 0 2042 247 1092
2333 2 2 0 0 656 2043 1090
2334 2 2 0 0 2043 247 1090
2335 2 2 0 0 656 2043 1094
2336 2 2 0 0 2043 247 1094
2337 2 2 0 0 655 2044 1091
2338 2 2 0 0 2044 446 1091
2339 2 2 0 0 446 2044 1092
2340 2 2 0 0 2044 655 1092
2341 2 2 0 0 446 2045 1091
2342 2 2 0 0 2045 737 1091
2343 2 2 0 0 737 2045 1275
2344 2 2 0 0 2045 446 1275
2345 2 2 0 0 745 2046 1092
2346 2 2 0 0 2046 446 1092
2347 2 2 0 0 446 2046 1292
2348 2 2 0 0 2046 745 1292
2349 2 2 0 0 247 2047 1092
2350 2 2 0 0 2047 745 1092
2351 2 2 0 0 247 2047 1295
2352 2 2 0 0 2047 745 1295
2353 2 2 0 0 656 2048 1093
2354 2 2 0 0 2048 449 1093
2355 2 2 0 0 449 2048 1094
2356 2 2 0 0 2048 656 1094
2357 2 2 0 0 449 2049 1093
2358 2 2 0 0 2049 660 1093
2359 2 2 0 0 660 2049 1102
2360 2 2 0 0 2049 449 1102
2361 2 2 0 0 750 2050 1094
2362 2 2 0 0 2050 449 1094
2363 2 2 0 0 449 2050 1306
2364 2 2 0 0 2050 750 1306
2365 2 2 0 0 247 2051 1094
2366 2 2 0 0 2051 750 1094
2367 2 2 0 0 750 2051 1295
2368 2 2 0 0 2051 247 1295
2369 2 2 0 0 657 2052 1095
2370 2 2 0 0 2052 165 1095
2371 2 2 0 0 165 2052 1096
2372 2 2 0 0 2052 657 1096
2373 2 2 0 0 165 2053 1095
2374 2 2 0 0 2053 658 1095
2375 2 2 0 0 658 2053 1098
2376 2 2 0 0 2053 165 1098
2377 2 2 0 0 659 2054 1096
2378 2 2 0 0 2054 165 1096
2379 2 2 0 0 165 2054 1100
2380 2 2 0 0 2054 659 1100
2381 2 2 0 0 386 2055 1096
2382 2 2 0 0 2055 659 1096
2383 2 2 0 0 659 2055 1099
2384 2 2 0 0 2055 386 1099
2385 2 2 0 0 658 2056 1097
2386 2 2 0 0 2056 404 1097
2387 2 2 0 0 404 2056 1098
2388 2 2 0 0 2056 658 1098
2389 2 2 0 0 404 2057 1097
2390 2 2 0 0 2057 695 1097
2391 2 2 0 0 695 2057 1176
2392 2 2 0 0 2057 404 1176
2393 2 2 0 0 698 2058 1098
2394 2 2 0 0 2058 404 1098
2395 2 2 0 0 404 2058 1179
2396 2 2 0 0 2058 698 1179
2397 2 2 0 0 165 2059 1098
2398 2 2 0 0 2059 698 1098
2399 2 2 0 0 698 2059 1100
2400 2 2 0 0 2059 165 1100
2401 2 2 0 0 258 2060 1099
2402 2 2 0 0 2060 659 1099
2403 2 2 0 0 659 2060 1101
2404 2 2 0 0 2060 258 1101
2405 2 2 0 0 660 2061 1099
2406 2 2 0 0 2061 258 1099
2407 2 2 0 0 258 2061 1102
2408 2 2 0 0 2061 660 1102
2409 2 2 0 0 659 2062 1100
2410 2 2 0 0 2062 465 1100
2411 2 2 0 0 465 2062 1101
2412 2 2 0 0 2062 659 1101
2413 2 2 0 0 465 2063 1100
2414 2 2 0 0 2063 698 1100
2415 2 2 0 0 698 2063 1182
2416 2 2 0 0 2063 465 1182
2417 2 2 0 0 769 2064 1101
2418 2 2 0 0 2064 465 1101
2419 2 2 0 0 465 2064 1353
2420 2 2 0 0 2064 769 1353
2421 2 2 0 0 258 2065 1101
2422 2 2 0 0 2065 769 1101
2423 2 2 0 0 769 2065 1308
2424 2 2 0 0 2065 258 1308
2425 2 2 0 0 751 2066 1102
2426 2 2 0 0 2066 258 1102
2427 2 2 0 0 258 2066 1308
2428 2 2 0 0 2066 751 1308
2429 2 2 0 0 449 2067 1102
2430 2 2 0 0 2067 751 1102
2431 2 2 0 0 751 2067 1306
2432 2 2 0 0 2067 449 1306
2433 2 2 0 0 125 2068 1103
2434 2 2 0 0 2068 661 1103
2435 2 2 0 0 661 2068 1105
2436 2 2 0 0 2068 125 1105
2437 2 2 0 0 662 2069 1103
2438 2 2 0 0 2069 125 1103
2439 2 2 0 0 125 2069 1106
2440 2 2 0 0 2069 662 1106
2441 2 2 0 0 661 2070 1104
2442 2 2 0 0 2070 389 1104
2443 2 2 0 0 389 2070 1105
2444 2 2 0 0 2070 661 1105
2445 2 2 0 0 389 2071 1104
2446 2 2 0 0 2071 663 1104
2447 2 2 0 0 663 2071 1108
2448 2 2 0 0 2071 389 1108
2449 2 2 0 0 666 2072 1105
2450 2 2 0 0 2072 389 1105
2451 2 2 0 0 389 2072 1111
2452 2 2 0 0 2072 666 1111
2453 2 2 0 0 125 2073 1105
2454 2 2 0 0 2073 666 1105
2455 2 2 0 0 666 2073 1115
2456 2 2 0 0 2073 125 1115
2457 2 2 0 0 667 2074 1106
2458 2 2 0 0 2074 125 1106
2459 2 2 0 0 125 2074 1115
2460 2 2 0 0 2074 667 1115
2461 2 2 0 0 390 2075 1106
2462 2 2 0 0 2075 667 1106
2463 2 2 0 0 667 2075 1116
2464 2 2 0 0 2075 390 1116
2465 2 2 0 0 663 2076 1107
2466 2 2 0 0 2076 160 1107
2467 2 2 0 0 160 2076 1108
2468 2 2 0 0 2076 663 1108
2469 2 2 0 0 664 2077 1107
2470 2 2 0 0 2077 160 1107
2471 2 2 0 0 160 2077 1109
2472 2 2 0 0 2077 664 1109
2473 2 2 0 0 665 2078 1108
2474 2 2 0 0 2078 160 1108
2475 2 2 0 0 160 2078 1112
2476 2 2 0 0 2078 665 1112
2477 2 2 0 0 389 2079 1108
2478 2 2 0 0 2079 665 1108
2479 2 2 0 0 665 2079 1111
2480 2 2 0 0 2079 389 1111
2481 2 2 0 0 664 2080 1109
2482 2 2 0 0 2080 436 1109
2483 2 2 0 0 436 2080 1110
2484 2 2 0 0 2080 664 1110
2485 2 2 0 0 726 2081 1109
2486 2 2 0 0 2081 160 1109
2487 2 2 0 0 160 2081 1112
2488 2 2 0 0 2081 726 1112
2489 2 2 0 0 436 2082 1109
2490 2 2 0 0 2082 726 1109
2491 2 2 0 0 726 2082 1253
2492 2 2 0 0 2082 436 1253
2493 2 2 0 0 730 2083 1110
2494 2 2 0 0 2083 436 1110
2495 2 2 0 0 436 2083 1258
2496 2 2 0 0 2083 730 1258
2497 2 2 0 0 240 2084 1111
2498 2 2 0 0 2084 665 1111
2499 2 2 0 0 665 2084 1113
2500 2 2 0 0 2084 240 1113
2501 2 2 0 0 666 2085 1111
2502 2 2 0 0 2085 240 1111
2503 2 2 0 0 240 2085 1114
2504 2 2 0 0 2085 666 1114
2505 2 2 0 0 665 2086 1112
2506 2 2 0 0 2086 434 1112
2507 2 2 0 0 434 2086 1113
2508 2 2 0 0 2086 665 1113
2509 2 2 0 0 726 2087 1112
2510 2 2 0 0 2087 434 1112
2511 2 2 0 0 434 2087 1250
2512 2 2 0 0 2087 726 1250
2513 2 2 0 0 724 2088 1113
2514 2 2 0 0 2088 434 1113
2515 2 2 0 0 434 2088 1248
2516 2 2 0 0 2088 724 1248
2517 2 2 0 0 240 2089 1113
2518 2 2 0 0 2089 724 1113
2519 2 2 0 0 724 2089 1232
2520 2 2 0 0 2089 240 1232
2521 2 2 0 0 666 2090 1114
2522 2 2 0 0 2090 424 1114
2523 2 2 0 0 424 2090 1115
2524 2 2 0 0 2090 666 1115
2525 2 2 0 0 719 2091 1114
2526 2 2 0 0 2091 240 1114
2527 2 2 0 0 240 2091 1232
2528 2 2 0 0 2091 719 1232
2529 2 2 0 0 424 2092 1114
2530 2 2 0 0 2092 719 1114
2531 2 2 0 0 719 2092 1230
2532 2 2 0 0 2092 424 1230
2533 2 2 0 0 667 2093 1115
2534 2 2 0 0 2093 424 1115
2535 2 2 0 0 424 2093 1117
2536 2 2 0 0 2093 667 1117
2537 2 2 0 0 228 2094 1116
2538 2 2 0 0 2094 667 1116
2539 2 2 0 0 667 2094 1117
2540 2 2 0 0 2094 228 1117
2541 2 2 0 0 668 2095 1116
2542 2 2 0 0 2095 228 1116
2543 2 2 0 0 228 2095 1118
2544 2 2 0 0 2095 668 1118
2545 2 2 0 0 718 2096 1117
2546 2 2 0 0 2096 424 1117
2547 2 2 0 0 424 2096 1230
2548 2 2 0 0 2096 718 1230
2549 2 2 0 0 228 2097 1117
2550 2 2 0 0 2097 718 1117
2551 2 2 0 0 718 2097 1228
2552 2 2 0 0 2097 228 1228
2553 2 2 0 0 717 2098 1118
2554 2 2 0 0 2098 228 1118
2555 2 2 0 0 228 2098 1228
2556 2 2 0 0 2098 717 1228
2557 2 2 0 0 420 2099 1118
2558 2 2 0 0 2099 717 1118
2559 2 2 0 0 717 2099 1224
2560 2 2 0 0 2099 420 1224
2561 2 2 0 0 87 2100 1119
2562 2 2 0 0 2100 669 1119
2563 2 2 0 0 87 2100 1120
2564 2 2 0 0 2100 669 1120
2565 2 2 0 0 670 2101 1119
2566 2 2 0 0 2101 87 1119
2567 2 2 0 0 87 2101 1122
2568 2 2 0 0 2101 670 1122
2569 2 2 0 0 669 2102 1120
2570 2 2 0 0 2102 392 1120
2571 2 2 0 0 392 2102 1121
2572 2 2 0 0 2102 669 1121
2573 2 2 0 0 672 2103 1120
2574 2 2 0 0 2103 87 1120
2575 2 2 0 0 87 2103 1127
2576 2 2 0 0 2103 672 1127
2577 2 2 0 0 392 2104 1120
2578 2 2 0 0 2104 672 1120
2579 2 2 0 0 672 2104 1126
2580 2 2 0 0 2104 392 1126
2581 2 2 0 0 671 2105 1121
2582 2 2 0 0 2105 392 1121
2583 2 2 0 0 392 2105 1124
2584 2 2 0 0 2105 671 1124
2585 2 2 0 0 670 2106 1122
2586 2 2 0 0 2106 394 1122
2587 2 2 0 0 394 2106 1123
2588 2 2 0 0 2106 670 1123
2589 2 2 0 0 676 2107 1122
2590 2 2 0 0 2107 87 1122
2591 2 2 0 0 676 2107 1127
2592 2 2 0 0 2107 87 1127
2593 2 2 0 0 394 2108 1122
2594 2 2 0 0 2108 676 1122
2595 2 2 0 0 676 2108 1135
2596 2 2 0 0 2108 394 1135
2597 2 2 0 0 675 2109 1123
2598 2 2 0 0 2109 394 1123
2599 2 2 0 0 394 2109 1133
2600 2 2 0 0 2109 675 1133
2601 2 2 0 0 671 2110 1124
2602 2 2 0 0 2110 154 1124
2603 2 2 0 0 154 2110 1125
2604 2 2 0 0 2110 671 1125
2605 2 2 0 0 673 2111 1124
2606 2 2 0 0 2111 392 1124
2607 2 2 0 0 392 2111 1126
2608 2 2 0 0 2111 673 1126
2609 2 2 0 0 154 2112 1124
2610 2 2 0 0 2112 673 1124
2611 2 2 0 0 673 2112 1130
2612 2 2 0 0 2112 154 1130
2613 2 2 0 0 674 2113 1125
2614 2 2 0 0 2113 154 1125
2615 2 2 0 0 154 2113 1131
2616 2 2 0 0 2113 674 1131
2617 2 2 0 0 210 2114 1126
2618 2 2 0 0 2114 672 1126
2619 2 2 0 0 672 2114 1128
2620 2 2 0 0 2114 210 1128
2621 2 2 0 0 673 2115 1126
2622 2 2 0 0 2115 210 1126
2623 2 2 0 0 210 2115 1129
2624 2 2 0 0 2115 673 1129
2625 2 2 0 0 672 2116 1127
2626 2 2 0 0 2116 399 1127
2627 2 2 0 0 399 2116 1128
2628 2 2 0 0 2116 672 1128
2629 2 2 0 0 399 2117 1127
2630 2 2 0 0 2117 676 1127
2631 2 2 0 0 676 2117 1136
2632 2 2 0 0 2117 399 1136
2633 2 2 0 0 686 2118 1128
2634 2 2 0 0 2118 399 1128
2635 2 2 0 0 399 2118 1156
2636 2 2 0 0 2118 686 1156
2637 2 2 0 0 210 2119 1128
2638 2 2 0 0 2119 686 1128
2639 2 2 0 0 686 2119 1152
2640 2 2 0 0 2119 210 1152
2641 2 2 0 0 673 2120 1129
2642 2 2 0 0 2120 398 1129
2643 2 2 0 0 398 2120 1130
2644 2 2 0 0 2120 673 1130
2645 2 2 0 0 684 2121 1129
2646 2 2 0 0 2121 210 1129
2647 2 2 0 0 210 2121 1152
2648 2 2 0 0 2121 684 1152
2649 2 2 0 0 398 2122 1129
2650 2 2 0 0 2122 684 1129
2651 2 2 0 0 684 2122 1151
2652 2 2 0 0 2122 398 1151
2653 2 2 0 0 680 2123 1130
2654 2 2 0 0 2123 398 1130
2655 2 2 0 0 398 2123 1144
2656 2 2 0 0 2123 680 1144
2657 2 2 0 0 154 2124 1130
2658 2 2 0 0 2124 680 1130
2659 2 2 0 0 680 2124 1131
2660 2 2 0 0 2124 154 1131
2661 2 2 0 0 674 2125 1131
2662 2 2 0 0 2125 396 1131
2663 2 2 0 0 396 2125 1132
2664 2 2 0 0 2125 674 1132
2665 2 2 0 0 396 2126 1131
2666 2 2 0 0 2126 680 1131
2667 2 2 0 0 680 2126 1143
2668 2 2 0 0 2126 396 1143
2669 2 2 0 0 679 2127 1132
2670 2 2 0 0 2127 396 1132
2671 2 2 0 0 396 2127 1141
2672 2 2 0 0 2127 679 1141
2673 2 2 0 0 675 2128 1133
2674 2 2 0 0 2128 156 1133
2675 2 2 0 0 156 2128 1134
2676 2 2 0 0 2128 675 1134
2677 2 2 0 0 677 2129 1133
2678 2 2 0 0 2129 394 1133
2679 2 2 0 0 394 2129 1135
2680 2 2 0 0 2129 677 1135
2681 2 2 0 0 156 2130 1133
2682 2 2 0 0 2130 677 1133
2683 2 2 0 0 677 2130 1138
2684 2 2 0 0 2130 156 1138
2685 2 2 0 0 678 2131 1134
2686 2 2 0 0 2131 156 1134
2687 2 2 0 0 156 2131 1139
2688 2 2 0 0 2131 678 1139
2689 2 2 0 0 215 2132 1135
2690 2 2 0 0 2132 676 1135
2691 2 2 0 0 215 2132 1136
2692 2 2 0 0 2132 676 1136
2693 2 2 0 0 677 2133 1135
2694 2 2 0 0 2133 215 1135
2695 2 2 0 0 215 2133 1137
2696 2 2 0 0 2133 677 1137
2697 2 2 0 0 687 2134 1136
2698 2 2 0 0 2134 215 1136
2699 2 2 0 0 215 2134 1158
2700 2 2 0 0 2134 687 1158
2701 2 2 0 0 399 2135 1136
2702 2 2 0 0 2135 687 1136
2703 2 2 0 0 687 2135 1156
2704 2 2 0 0 2135 399 1156
2705 2 2 0 0 677 2136 1137
2706 2 2 0 0 2136 409 1137
2707 2 2 0 0 409 2136 1138
2708 2 2 0 0 2136 677 1138
2709 2 2 0 0 708 2137 1137
2710 2 2 0 0 2137 215 1137
2711 2 2 0 0 708 2137 1158
2712 2 2 0 0 2137 215 1158
2713 2 2 0 0 409 2138 1137
2714 2 2 0 0 2138 708 1137
2715 2 2 0 0 708 2138 1204
2716 2 2 0 0 2138 409 1204
2717 2 2 0 0 704 2139 1138
2718 2 2 0 0 2139 409 1138
2719 2 2 0 0 409 2139 1194
2720 2 2 0 0 2139 704 1194
2721 2 2 0 0 156 2140 1138
2722 2 2 0 0 2140 704 1138
2723 2 2 0 0 704 2140 1139
2724 2 2 0 0 2140 156 1139
2725 2 2 0 0 678 2141 1139
2726 2 2 0 0 2141 407 1139
2727 2 2 0 0 407 2141 1140
2728 2 2 0 0 2141 678 1140
2729 2 2 0 0 407 2142 1139
2730 2 2 0 0 2142 704 1139
2731 2 2 0 0 704 2142 1193
2732 2 2 0 0 2142 407 1193
2733 2 2 0 0 703 2143 1140
2734 2 2 0 0 2143 407 1140
2735 2 2 0 0 407 2143 1191
2736 2 2 0 0 2143 703 1191
2737 2 2 0 0 679 2144 1141
2738 2 2 0 0 2144 104 1141
2739 2 2 0 0 104 2144 1142
2740 2 2 0 0 2144 679 1142
2741 2 2 0 0 681 2145 1141
2742 2 2 0 0 2145 396 1141
2743 2 2 0 0 396 2145 1143
2744 2 2 0 0 2145 681 1143
2745 2 2 0 0 104 2146 1141
2746 2 2 0 0 2146 681 1141
2747 2 2 0 0 681 2146 1146
2748 2 2 0 0 2146 104 1146
2749 2 2 0 0 683 2147 1142
2750 2 2 0 0 2147 397 1142
2751 2 2 0 0 397 2147 1147
2752 2 2 0 0 2147 683 1147
2753 2 2 0 0 104 2148 1142
2754 2 2 0 0 2148 683 1142
2755 2 2 0 0 683 2148 1150
2756 2 2 0 0 2148 104 1150
2757 2 2 0 0 211 2149 1143
2758 2 2 0 0 2149 680 1143
2759 2 2 0 0 680 2149 1144
2760 2 2 0 0 2149 211 1144
2761 2 2 0 0 681 2150 1143
2762 2 2 0 0 2150 211 1143
2763 2 2 0 0 211 2150 1145
2764 2 2 0 0 2150 681 1145
2765 2 2 0 0 685 2151 1144
2766 2 2 0 0 2151 398 1144
2767 2 2 0 0 398 2151 1151
2768 2 2 0 0 2151 685 1151
2769 2 2 0 0 211 2152 1144
2770 2 2 0 0 2152 685 1144
2771 2 2 0 0 685 2152 1155
2772 2 2 0 0 2152 211 1155
2773 2 2 0 0 681 2153 1145
2774 2 2 0 0 2153 402 1145
2775 2 2 0 0 402 2153 1146
2776 2 2 0 0 2153 681 1146
2777 2 2 0 0 690 2154 1145
2778 2 2 0 0 2154 211 1145
2779 2 2 0 0 211 2154 1155
2780 2 2 0 0 2154 690 1155
2781 2 2 0 0 402 2155 1145
2782 2 2 0 0 2155 690 1145
2783 2 2 0 0 690 2155 1166
2784 2 2 0 0 2155 402 1166
2785 2 2 0 0 693 2156 1146
2786 2 2 0 0 2156 104 1146
2787 2 2 0 0 104 2156 1150
2788 2 2 0 0 2156 693 1150
2789 2 2 0 0 402 2157 1146
2790 2 2 0 0 2157 693 1146
2791 2 2 0 0 693 2157 1171
2792 2 2 0 0 2157 402 1171
2793 2 2 0 0 213 2158 1147
2794 2 2 0 0 2158 682 1147
2795 2 2 0 0 682 2158 1148
2796 2 2 0 0 2158 213 1148
2797 2 2 0 0 683 2159 1147
2798 2 2 0 0 2159 213 1147
2799 2 2 0 0 213 2159 1149
2800 2 2 0 0 2159 683 1149
2801 2 2 0 0 696 2160 1148
2802 2 2 0 0 2160 403 1148
2803 2 2 0 0 403 2160 1175
2804 2 2 0 0 2160 696 1175
2805 2 2 0 0 213 2161 1148
2806 2 2 0 0 2161 696 1148
2807 2 2 0 0 696 2161 1178
2808 2 2 0 0 2161 213 1178
2809 2 2 0 0 683 2162 1149
2810 2 2 0 0 2162 406 1149
2811 2 2 0 0 406 2162 1150
2812 2 2 0 0 2162 683 1150
2813 2 2 0 0 699 2163 1149
2814 2 2 0 0 2163 213 1149
2815 2 2 0 0 213 2163 1178
2816 2 2 0 0 2163 699 1178
2817 2 2 0 0 406 2164 1149
2818 2 2 0 0 2164 699 1149
2819 2 2 0 0 699 2164 1184
2820 2 2 0 0 2164 406 1184
2821 2 2 0 0 693 2165 1150
2822 2 2 0 0 2165 406 1150
2823 2 2 0 0 406 2165 1172
2824 2 2 0 0 2165 693 1172
2825 2 2 0 0 132 2166 1151
2826 2 2 0 0 2166 684 1151
2827 2 2 0 0 684 2166 1153
2828 2 2 0 0 2166 132 1153
2829 2 2 0 0 685 2167 1151
2830 2 2 0 0 2167 132 1151
2831 2 2 0 0 132 2167 1154
2832 2 2 0 0 2167 685 1154
2833 2 2 0 0 684 2168 1152
2834 2 2 0 0 2168 400 1152
2835 2 2 0 0 400 2168 1153
2836 2 2 0 0 2168 684 1153
2837 2 2 0 0 400 2169 1152
2838 2 2 0 0 2169 686 1152
2839 2 2 0 0 686 2169 1157
2840 2 2 0 0 2169 400 1157
2841 2 2 0 0 689 2170 1153
2842 2 2 0 0 2170 400 1153
2843 2 2 0 0 400 2170 1160
2844 2 2 0 0 2170 689 1160
2845 2 2 0 0 132 2171 1153
2846 2 2 0 0 2171 689 1153
2847 2 2 0 0 689 2171 1164
2848 2 2 0 0 2171 132 1164
2849 2 2 0 0 685 2172 1154
2850 2 2 0 0 2172 401 1154
2851 2 2 0 0 401 2172 1155
2852 2 2 0 0 2172 685 1155
2853 2 2 0 0 691 2173 1154
2854 2 2 0 0 2173 132 1154
2855 2 2 0 0 132 2173 1164
2856 2 2 0 0 2173 691 1164
2857 2 2 0 0 401 2174 1154
2858 2 2 0 0 2174 691 1154
2859 2 2 0 0 691 2174 1167
2860 2 2 0 0 2174 401 1167
2861 2 2 0 0 690 2175 1155
2862 2 2 0 0 2175 401 1155
2863 2 2 0 0 401 2175 1165
2864 2 2 0 0 2175 690 1165
2865 2 2 0 0 686 2176 1156
2866 2 2 0 0 2176 168 1156
2867 2 2 0 0 168 2176 1157
2868 2 2 0 0 2176 686 1157
2869 2 2 0 0 168 2177 1156
2870 2 2 0 0 2177 687 1156
2871 2 2 0 0 687 2177 1159
2872 2 2 0 0 2177 168 1159
2873 2 2 0 0 688 2178 1157
2874 2 2 0 0 2178 168 1157
2875 2 2 0 0 168 2178 1161
2876 2 2 0 0 2178 688 1161
2877 2 2 0 0 400 2179 1157
2878 2 2 0 0 2179 688 1157
2879 2 2 0 0 688 2179 1160
2880 2 2 0 0 2179 400 1160
2881 2 2 0 0 687 2180 1158
2882 2 2 0 0 2180 410 1158
2883 2 2 0 0 410 2180 1159
2884 2 2 0 0 2180 687 1159
2885 2 2 0 0 410 2181 1158
2886 2 2 0 0 2181 708 1158
2887 2 2 0 0 708 2181 1205
2888 2 2 0 0 2181 410 1205
2889 2 2 0 0 711 2182 1159
2890 2 2 0 0 2182 410 1159
2891 2 2 0 0 410 2182 1209
2892 2 2 0 0 2182 711 1209
2893 2 2 0 0 168 2183 1159
2894 2 2 0 0 2183 711 1159
2895 2 2 0 0 711 2183 1161
2896 2 2 0 0 2183 168 1161
2897 2 2 0 0 277 2184 1160
2898 2 2 0 0 2184 688 1160
2899 2 2 0 0 688 2184 1162
2900 2 2 0 0 2184 277 1162
2901 2 2 0 0 689 2185 1160
2902 2 2 0 0 2185 277 1160
2903 2 2 0 0 277 2185 1163
2904 2 2 0 0 2185 689 1163
2905 2 2 0 0 688 2186 1161
2906 2 2 0 0 2186 481 1161
2907 2 2 0 0 481 2186 1162
2908 2 2 0 0 2186 688 1162
2909 2 2 0 0 481 2187 1161
2910 2 2 0 0 2187 711 1161
2911 2 2 0 0 711 2187 1213
2912 2 2 0 0 2187 481 1213
2913 2 2 0 0 788 2188 1162
2914 2 2 0 0 2188 481 1162
2915 2 2 0 0 481 2188 1393
2916 2 2 0 0 2188 788 1393
2917 2 2 0 0 277 2189 1162
2918 2 2 0 0 2189 788 1162
2919 2 2 0 0 788 2189 1398
2920 2 2 0 0 2189 277 1398
2921 2 2 0 0 689 2190 1163
2922 2 2 0 0 2190 486 1163
2923 2 2 0 0 486 2190 1164
2924 2 2 0 0 2190 689 1164
2925 2 2 0 0 789 2191 1163
2926 2 2 0 0 2191 277 1163
2927 2 2 0 0 277 2191 1398
2928 2 2 0 0 2191 789 1398
2929 2 2 0 0 486 2192 1163
2930 2 2 0 0 2192 789 1163
2931 2 2 0 0 789 2192 1400
2932 2 2 0 0 2192 486 1400
2933 2 2 0 0 691 2193 1164
2934 2 2 0 0 2193 486 1164
2935 2 2 0 0 486 2193 1168
2936 2 2 0 0 2193 691 1168
2937 2 2 0 0 690 2194 1165
2938 2 2 0 0 2194 170 1165
2939 2 2 0 0 170 2194 1166
2940 2 2 0 0 2194 690 1166
2941 2 2 0 0 692 2195 1165
2942 2 2 0 0 2195 401 1165
2943 2 2 0 0 401 2195 1167
2944 2 2 0 0 2195 692 1167
2945 2 2 0 0 170 2196 1165
2946 2 2 0 0 2196 692 1165
2947 2 2 0 0 692 2196 1170
2948 2 2 0 0 2196 170 1170
2949 2 2 0 0 694 2197 1166
2950 2 2 0 0 2197 402 1166
2951 2 2 0 0 402 2197 1171
2952 2 2 0 0 2197 694 1171
2953 2 2 0 0 170 2198 1166
2954 2 2 0 0 2198 694 1166
2955 2 2 0 0 694 2198 1174
2956 2 2 0 0 2198 170 1174
2957 2 2 0 0 278 2199 1167
2958 2 2 0 0 2199 691 1167
2959 2 2 0 0 691 2199 1168
2960 2 2 0 0 2199 278 1168
2961 2 2 0 0 692 2200 1167
2962 2 2 0 0 2200 278 1167
2963 2 2 0 0 278 2200 1169
2964 2 2 0 0 2200 692 1169
2965 2 2 0 0 792 2201 1168
2966 2 2 0 0 2201 486 1168
2967 2 2 0 0 486 2201 1400
2968 2 2 0 0 2201 792 1400
2969 2 2 0 0 278 2202 1168
2970 2 2 0 0 2202 792 1168
2971 2 2 0 0 792 2202 1408
2972 2 2 0 0 2202 278 1408
2973 2 2 0 0 692 2203 1169
2974 2 2 0 0 2203 488 1169
2975 2 2 0 0 488 2203 1170
2976 2 2 0 0 2203 692 1170
2977 2 2 0 0 793 2204 1169
2978 2 2 0 0 2204 278 1169
2979 2 2 0 0 278 2204 1408
2980 2 2 0 0 2204 793 1408
2981 2 2 0 0 488 2205 1169
2982 2 2 0 0 2205 793 1169
2983 2 2 0 0 793 2205 1410
2984 2 2 0 0 2205 488 1410
2985 2 2 0 0 796 2206 1170
2986 2 2 0 0 2206 170 1170
2987 2 2 0 0 170 2206 1174
2988 2 2 0 0 2206 796 1174
2989 2 2 0 0 488 2207 1170
2990 2 2 0 0 2207 796 1170
2991 2 2 0 0 796 2207 1415
2992 2 2 0 0 2207 488 1415
2993 2 2 0 0 282 2208 1171
2994 2 2 0 0 2208 693 1171
2995 2 2 0 0 693 2208 1172
2996 2 2 0 0 2208 282 1172
2997 2 2 0 0 694 2209 1171
2998 2 2 0 0 2209 282 1171
2999 2 2 0 0 282 2209 1173
3000 2 2 0 0 2209 694 1173
3001 2 2 0 0 702 2210 1172
3002 2 2 0 0 2210 406 1172
3003 2 2 0 0 406 2210 1184
3004 2 2 0 0 2210 702 1184
3005 2 2 0 0 282 2211 1172
3006 2 2 0 0 2211 702 1172
3007 2 2 0 0 702 2211 1190
3008 2 2 0 0 2211 282 1190
3009 2 2 0 0 694 2212 1173
3010 2 2 0 0 2212 495 1173
3011 2 2 0 0 495 2212 1174
3012 2 2 0 0 2212 694 1174
3013 2 2 0 0 805 2213 1173
3014 2 2 0 0 2213 282 1173
3015 2 2 0 0 282 2213 1190
3016 2 2 0 0 2213 805 1190
3017 2 2 0 0 495 2214 1173
3018 2 2 0 0 2214 805 1173
3019 2 2 0 0 805 2214 1437
3020 2 2 0 0 2214 495 1437
3021 2 2 0 0 796 2215 1174
3022 2 2 0 0 2215 495 1174
3023 2 2 0 0 495 2215 1416
3024 2 2 0 0 2215 796 1416
3025 2 2 0 0 135 2216 1175
3026 2 2 0 0 2216 695 1175
3027 2 2 0 0 135 2216 1176
3028 2 2 0 0 2216 695 1176
3029 2 2 0 0 696 2217 1175
3030 2 2 0 0 2217 135 1175
3031 2 2 0 0 135 2217 1177
3032 2 2 0 0 2217 696 1177
3033 2 2 0 0 697 2218 1176
3034 2 2 0 0 2218 135 1176
3035 2 2 0 0 135 2218 1180
3036 2 2 0 0 2218 697 1180
3037 2 2 0 0 404 2219 1176
3038 2 2 0 0 2219 697 1176
3039 2 2 0 0 697 2219 1179
3040 2 2 0 0 2219 404 1179
3041 2 2 0 0 696 2220 1177
3042 2 2 0 0 2220 405 1177
3043 2 2 0 0 405 2220 1178
3044 2 2 0 0 2220 696 1178
3045 2 2 0 0 700 2221 1177
3046 2 2 0 0 2221 135 1177
3047 2 2 0 0 700 2221 1180
3048 2 2 0 0 2221 135 1180
3049 2 2 0 0 405 2222 1177
3050 2 2 0 0 2222 700 1177
3051 2 2 0 0 700 2222 1185
3052 2 2 0 0 2222 405 1185
3053 2 2 0 0 699 2223 1178
3054 2 2 0 0 2223 405 1178
3055 2 2 0 0 405 2223 1183
3056 2 2 0 0 2223 699 1183
3057 2 2 0 0 259 2224 1179
3058 2 2 0 0 2224 697 1179
3059 2 2 0 0 697 2224 1181
3060 2 2 0 0 2224 259 1181
3061 2 2 0 0 698 2225 1179
3062 2 2 0 0 2225 259 1179
3063 2 2 0 0 259 2225 1182
3064 2 2 0 0 2225 698 1182
3065 2 2 0 0 697 2226 1180
3066 2 2 0 0 2226 467 1180
3067 2 2 0 0 467 2226 1181
3068 2 2 0 0 2226 697 1181
3069 2 2 0 0 467 2227 1180
3070 2 2 0 0 2227 700 1180
3071 2 2 0 0 700 2227 1186
3072 2 2 0 0 2227 467 1186
3073 2 2 0 0 773 2228 1181
3074 2 2 0 0 2228 467 1181
3075 2 2 0 0 467 2228 1361
3076 2 2 0 0 2228 773 1361
3077 2 2 0 0 259 2229 1181
3078 2 2 0 0 2229 773 1181
3079 2 2 0 0 773 2229 1355
3080 2 2 0 0 2229 259 1355
3081 2 2 0 0 770 2230 1182
3082 2 2 0 0 2230 259 1182
3083 2 2 0 0 259 2230 1355
3084 2 2 0 0 2230 770 1355
3085 2 2 0 0 465 2231 1182
3086 2 2 0 0 2231 770 1182
3087 2 2 0 0 770 2231 1353
3088 2 2 0 0 2231 465 1353
3089 2 2 0 0 699 2232 1183
3090 2 2 0 0 2232 172 1183
3091 2 2 0 0 172 2232 1184
3092 2 2 0 0 2232 699 1184
3093 2 2 0 0 701 2233 1183
3094 2 2 0 0 2233 405 1183
3095 2 2 0 0 405 2233 1185
3096 2 2 0 0 2233 701 1185
3097 2 2 0 0 172 2234 1183
3098 2 2 0 0 2234 701 1183
3099 2 2 0 0 701 2234 1188
3100 2 2 0 0 2234 172 1188
3101 2 2 0 0 702 2235 1184
3102 2 2 0 0 2235 172 1184
3103 2 2 0 0 172 2235 1189
3104 2 2 0 0 2235 702 1189
3105 2 2 0 0 296 2236 1185
3106 2 2 0 0 2236 700 1185
3107 2 2 0 0 296 2236 1186
3108 2 2 0 0 2236 700 1186
3109 2 2 0 0 701 2237 1185
3110 2 2 0 0 2237 296 1185
3111 2 2 0 0 296 2237 1187
3112 2 2 0 0 2237 701 1187
3113 2 2 0 0 774 2238 1186
3114 2 2 0 0 2238 296 1186
3115 2 2 0 0 296 2238 1363
3116 2 2 0 0 2238 774 1363
3117 2 2 0 0 467 2239 1186
3118 2 2 0 0 2239 774 1186
3119 2 2 0 0 774 2239 1361
3120 2 2 0 0 2239 467 1361
3121 2 2 0 0 701 2240 1187
3122 2 2 0 0 2240 510 1187
3123 2 2 0 0 510 2240 1188
3124 2 2 0 0 2240 701 1188
3125 2 2 0 0 820 2241 1187
3126 2 2 0 0 2241 296 1187
3127 2 2 0 0 820 2241 1363
3128 2 2 0 0 2241 296 1363
3129 2 2 0 0 510 2242 1187
3130 2 2 0 0 2242 820 1187
3131 2 2 0 0 820 2242 1474
3132 2 2 0 0 2242 510 1474
3133 2 2 0 0 807 2243 1188
3134 2 2 0 0 2243 510 1188
3135 2 2 0 0 510 2243 1442
3136 2 2 0 0 2243 807 1442
3137 2 2 0 0 172 2244 1188
3138 2 2 0 0 2244 807 1188
3139 2 2 0 0 807 2244 1189
3140 2 2 0 0 2244 172 1189
3141 2 2 0 0 702 2245 1189
3142 2 2 0 0 2245 496 1189
3143 2 2 0 0 496 2245 1190
3144 2 2 0 0 2245 702 1190
3145 2 2 0 0 496 2246 1189
3146 2 2 0 0 2246 807 1189
3147 2 2 0 0 807 2246 1441
3148 2 2 0 0 2246 496 1441
3149 2 2 0 0 805 2247 1190
3150 2 2 0 0 2247 496 1190
3151 2 2 0 0 496 2247 1438
3152 2 2 0 0 2247 805 1438
3153 2 2 0 0 703 2248 1191
3154 2 2 0 0 2248 100 1191
3155 2 2 0 0 100 2248 1192
3156 2 2 0 0 2248 703 1192
3157 2 2 0 0 705 2249 1191
3158 2 2 0 0 2249 407 1191
3159 2 2 0 0 407 2249 1193
3160 2 2 0 0 2249 705 1193
3161 2 2 0 0 100 2250 1191
3162 2 2 0 0 2250 705 1191
3163 2 2 0 0 705 2250 1198
3164 2 2 0 0 2250 100 1198
3165 2 2 0 0 707 2251 1192
3166 2 2 0 0 2251 408 1192
3167 2 2 0 0 408 2251 1199
3168 2 2 0 0 2251 707 1199
3169 2 2 0 0 100 2252 1192
3170 2 2 0 0 2252 707 1192
3171 2 2 0 0 707 2252 1203
3172 2 2 0 0 2252 100 1203
3173 2 2 0 0 220 2253 1193
3174 2 2 0 0 2253 704 1193
3175 2 2 0 0 704 2253 1194
3176 2 2 0 0 2253 220 1194
3177 2 2 0 0 705 2254 1193
3178 2 2 0 0 2254 220 1193
3179 2 2 0 0 220 2254 1196
3180 2 2 0 0 2254 705 1196
3181 2 2 0 0 709 2255 1194
3182 2 2 0 0 2255 409 1194
3183 2 2 0 0 409 2255 1204
3184 2 2 0 0 2255 709 1204
3185 2 2 0 0 220 2256 1194
3186 2 2 0 0 2256 709 1194
3187 2 2 0 0 709 2256 1208
3188 2 2 0 0 2256 220 1208
3189 2 2 0 0 705 2257 1196
3190 2 2 0 0 2257 414 1196
3191 2 2 0 0 414 2257 1198
3192 2 2 0 0 2257 705 1198
3193 2 2 0 0 1195 2258 1196
3194 2 2 0 0 2258 220 1196
3195 2 2 0 0 220 2258 1208
3196 2 2 0 0 2258 1195 1208
3197 2 2 0 0 1197 2259 1198
3198 2 2 0 0 2259 100 1198
3199 2 2 0 0 100 2259 1203
3200 2 2 0 0 2259 1197 1203
3201 2 2 0 0 223 2260 1199
3202 2 2 0 0 2260 706 1199
3203 2 2 0 0 706 2260 1200
3204 2 2 0 0 2260 223 1200
3205 2 2 0 0 707 2261 1199
3206 2 2 0 0 2261 223 1199
3207 2 2 0 0 223 2261 1202
3208 2 2 0 0 2261 707 1202
3209 2 2 0 0 713 2262 1200
3210 2 2 0 0 2262 415 1200
3211 2 2 0 0 415 2262 1214
3212 2 2 0 0 2262 713 1214
3213 2 2 0 0 223 2263 1200
3214 2 2 0 0 2263 713 1200
3215 2 2 0 0 713 2263 1218
3216 2 2 0 0 2263 223 1218
3217 2 2 0 0 707 2264 1202
3218 2 2 0 0 2264 419 1202
3219 2 2 0 0 419 2264 1203
3220 2 2 0 0 2264 707 1203
3221 2 2 0 0 1201 2265 1202
3222 2 2 0 0 2265 223 1202
3223 2 2 0 0 223 2265 1218
3224 2 2 0 0 2265 1201 1218
3225 2 2 0 0 130 2266 1204
3226 2 2 0 0 2266 708 1204
3227 2 2 0 0 130 2266 1205
3228 2 2 0 0 2266 708 1205
3229 2 2 0 0 709 2267 1204
3230 2 2 0 0 2267 130 1204
3231 2 2 0 0 130 2267 1207
3232 2 2 0 0 2267 709 1207
3233 2 2 0 0 710 2268 1205
3234 2 2 0 0 2268 130 1205
3235 2 2 0 0 130 2268 1210
3236 2 2 0 0 2268 710 1210
3237 2 2 0 0 410 2269 1205
3238 2 2 0 0 2269 710 1205
3239 2 2 0 0 710 2269 1209
3240 2 2 0 0 2269 410 1209
3241 2 2 0 0 709 2270 1207
3242 2 2 0 0 2270 412 1207
3243 2 2 0 0 412 2270 1208
3244 2 2 0 0 2270 709 1208
3245 2 2 0 0 1206 2271 1207
3246 2 2 0 0 2271 130 1207
3247 2 2 0 0 1206 2271 1210
3248 2 2 0 0 2271 130 1210
3249 2 2 0 0 276 2272 1209
3250 2 2 0 0 2272 710 1209
3251 2 2 0 0 710 2272 1212
3252 2 2 0 0 2272 276 1212
3253 2 2 0 0 711 2273 1209
3254 2 2 0 0 2273 276 1209
3255 2 2 0 0 276 2273 1213
3256 2 2 0 0 2273 711 1213
3257 2 2 0 0 710 2274 1210
3258 2 2 0 0 2274 482 1210
3259 2 2 0 0 482 2274 1212
3260 2 2 0 0 2274 710 1212
3261 2 2 0 0 276 2275 1212
3262 2 2 0 0 2275 1211 1212
3263 2 2 0 0 1211 2275 1394
3264 2 2 0 0 2275 276 1394
3265 2 2 0 0 787 2276 1213
3266 2 2 0 0 2276 276 1213
3267 2 2 0 0 276 2276 1394
3268 2 2 0 0 2276 787 1394
3269 2 2 0 0 481 2277 1213
3270 2 2 0 0 2277 787 1213
3271 2 2 0 0 787 2277 1393
3272 2 2 0 0 2277 481 1393
3273 2 2 0 0 131 2278 1214
3274 2 2 0 0 2278 712 1214
3275 2 2 0 0 712 2278 1215
3276 2 2 0 0 2278 131 1215
3277 2 2 0 0 713 2279 1214
3278 2 2 0 0 2279 131 1214
3279 2 2 0 0 131 2279 1217
3280 2 2 0 0 2279 713 1217
3281 2 2 0 0 715 2280 1215
3282 2 2 0 0 2280 416 1215
3283 2 2 0 0 416 2280 1219
3284 2 2 0 0 2280 715 1219
3285 2 2 0 0 131 2281 1215
3286 2 2 0 0 2281 715 1215
3287 2 2 0 0 715 2281 1223
3288 2 2 0 0 2281 131 1223
3289 2 2 0 0 713 2282 1217
3290 2 2 0 0 2282 418 1217
3291 2 2 0 0 418 2282 1218
3292 2 2 0 0 2282 713 1218
3293 2 2 0 0 1216 2283 1217
3294 2 2 0 0 2283 131 1217
3295 2 2 0 0 131 2283 1223
3296 2 2 0 0 2283 1216 1223
3297 2 2 0 0 239 2284 1219
3298 2 2 0 0 2284 714 1219
3299 2 2 0 0 714 2284 1220
3300 2 2 0 0 2284 239 1220
3301 2 2 0 0 715 2285 1219
3302 2 2 0 0 2285 239 1219
3303 2 2 0 0 239 2285 1222
3304 2 2 0 0 2285 715 1222
3305 2 2 0 0 723 2286 1220
3306 2 2 0 0 2286 426 1220
3307 2 2 0 0 426 2286 1240
3308 2 2 0 0 2286 723 1240
3309 2 2 0 0 239 2287 1220
3310 2 2 0 0 2287 723 1220
3311 2 2 0 0 723 2287 1247
3312 2 2 0 0 2287 239 1247
3313 2 2 0 0 715 2288 1222
3314 2 2 0 0 2288 433 1222
3315 2 2 0 0 433 2288 1223
3316 2 2 0 0 2288 715 1223
3317 2 2 0 0 1221 2289 1222
3318 2 2 0 0 2289 239 1222
3319 2 2 0 0 239 2289 1247
3320 2 2 0 0 2289 1221 1247
3321 2 2 0 0 716 2290 1224
3322 2 2 0 0 2290 97 1224
3323 2 2 0 0 97 2290 1226
3324 2 2 0 0 2290 716 1226
3325 2 2 0 0 97 2291 1224
3326 2 2 0 0 2291 717 1224
3327 2 2 0 0 717 2291 1229
3328 2 2 0 0 2291 97 1229
3329 2 2 0 0 716 2292 1226
3330 2 2 0 0 2292 422 1226
3331 2 2 0 0 422 2292 1227
3332 2 2 0 0 2292 716 1227
3333 2 2 0 0 1225 2293 1226
3334 2 2 0 0 2293 97 1226
3335 2 2 0 0 97 2293 1239
3336 2 2 0 0 2293 1225 1239
3337 2 2 0 0 717 2294 1228
3338 2 2 0 0 2294 425 1228
3339 2 2 0 0 425 2294 1229
3340 2 2 0 0 2294 717 1229
3341 2 2 0 0 425 2295 1228
3342 2 2 0 0 2295 718 1228
3343 2 2 0 0 718 2295 1231
3344 2 2 0 0 2295 425 1231
3345 2 2 0 0 721 2296 1229
3346 2 2 0 0 2296 425 1229
3347 2 2 0 0 425 2296 1234
3348 2 2 0 0 2296 721 1234
3349 2 2 0 0 97 2297 1229
3350 2 2 0 0 2297 721 1229
3351 2 2 0 0 721 2297 1239
3352 2 2 0 0 2297 97 1239
3353 2 2 0 0 718 2298 1230
3354 2 2 0 0 2298 161 1230
3355 2 2 0 0 161 2298 1231
3356 2 2 0 0 2298 718 1231
3357 2 2 0 0 161 2299 1230
3358 2 2 0 0 2299 719 1230
3359 2 2 0 0 719 2299 1233
3360 2 2 0 0 2299 161 1233
3361 2 2 0 0 720 2300 1231
3362 2 2 0 0 2300 161 1231
3363 2 2 0 0 161 2300 1235
3364 2 2 0 0 2300 720 1235
3365 2 2 0 0 425 2301 1231
3366 2 2 0 0 2301 720 1231
3367 2 2 0 0 720 2301 1234
3368 2 2 0 0 2301 425 1234
3369 2 2 0 0 719 2302 1232
3370 2 2 0 0 2302 435 1232
3371 2 2 0 0 435 2302 1233
3372 2 2 0 0 2302 719 1233
3373 2 2 0 0 435 2303 1232
3374 2 2 0 0 2303 724 1232
3375 2 2 0 0 724 2303 1249
3376 2 2 0 0 2303 435 1249
3377 2 2 0 0 728 2304 1233
3378 2 2 0 0 2304 435 1233
3379 2 2 0 0 435 2304 1254
3380 2 2 0 0 2304 728 1254
3381 2 2 0 0 161 2305 1233
3382 2 2 0 0 2305 728 1233
3383 2 2 0 0 728 2305 1235
3384 2 2 0 0 2305 161 1235
3385 2 2 0 0 245 2306 1234
3386 2 2 0 0 2306 720 1234
3387 2 2 0 0 720 2306 1236
3388 2 2 0 0 2306 245 1236
3389 2 2 0 0 721 2307 1234
3390 2 2 0 0 2307 245 1234
3391 2 2 0 0 245 2307 1238
3392 2 2 0 0 2307 721 1238
3393 2 2 0 0 720 2308 1235
3394 2 2 0 0 2308 440 1235
3395 2 2 0 0 440 2308 1236
3396 2 2 0 0 2308 720 1236
3397 2 2 0 0 440 2309 1235
3398 2 2 0 0 2309 728 1235
3399 2 2 0 0 728 2309 1257
3400 2 2 0 0 2309 440 1257
3401 2 2 0 0 739 2310 1236
3402 2 2 0 0 2310 440 1236
3403 2 2 0 0 440 2310 1276
3404 2 2 0 0 2310 739 1276
3405 2 2 0 0 245 2311 1236
3406 2 2 0 0 2311 739 1236
3407 2 2 0 0 739 2311 1281
3408 2 2 0 0 2311 245 1281
3409 2 2 0 0 721 2312 1238
3410 2 2 0 0 2312 445 1238
3411 2 2 0 0 445 2312 1239
3412 2 2 0 0 2312 721 1239
3413 2 2 0 0 1237 2313 1238
3414 2 2 0 0 2313 245 1238
3415 2 2 0 0 245 2313 1281
3416 2 2 0 0 2313 1237 1281
3417 2 2 0 0 123 2314 1240
3418 2 2 0 0 2314 722 1240
3419 2 2 0 0 722 2314 1244
3420 2 2 0 0 2314 123 1244
3421 2 2 0 0 723 2315 1240
3422 2 2 0 0 2315 123 1240
3423 2 2 0 0 123 2315 1246
3424 2 2 0 0 2315 723 1246
3425 2 2 0 0 722 2316 1241
3426 2 2 0 0 2316 430 1241
3427 2 2 0 0 430 2316 1244
3428 2 2 0 0 2316 722 1244
3429 2 2 0 0 2317 1242 1243
3430 2 2 0 0 1242 2317 1245
3431 2 2 0 0 123 2318 1244
3432 2 2 0 0 2318 1243 1244
3433 2 2 0 0 1243 2318 2317
3434 2 2 0 0 2318 123 2317
3435 2 2 0 0 723 2319 1246
3436 2 2 0 0 2319 432 1246
3437 2 2 0 0 432 2319 1247
3438 2 2 0 0 2319 723 1247
3439 2 2 0 0 1245 2320 1246
3440 2 2 0 0 2320 123 1246
3441 2 2 0 0 123 2320 2317
3442 2 2 0 0 2320 1245 2317
3443 2 2 0 0 724 2321 1248
3444 2 2 0 0 2321 83 1248
3445 2 2 0 0 83 2321 1249
3446 2 2 0 0 2321 724 1249
3447 2 2 0 0 725 2322 1248
3448 2 2 0 0 2322 83 1248
3449 2 2 0 0 83 2322 1251
3450 2 2 0 0 2322 725 1251
3451 2 2 0 0 434 2323 1248
3452 2 2 0 0 2323 725 1248
3453 2 2 0 0 725 2323 1250
3454 2 2 0 0 2323 434 1250
3455 2 2 0 0 727 2324 1249
3456 2 2 0 0 2324 83 1249
3457 2 2 0 0 83 2324 1255
3458 2 2 0 0 2324 727 1255
3459 2 2 0 0 435 2325 1249
3460 2 2 0 0 2325 727 1249
3461 2 2 0 0 727 2325 1254
3462 2 2 0 0 2325 435 1254
3463 2 2 0 0 241 2326 1250
3464 2 2 0 0 2326 725 1250
3465 2 2 0 0 725 2326 1252
3466 2 2 0 0 2326 241 1252
3467 2 2 0 0 726 2327 1250
3468 2 2 0 0 2327 241 1250
3469 2 2 0 0 241 2327 1253
3470 2 2 0 0 2327 726 1253
3471 2 2 0 0 725 2328 1251
3472 2 2 0 0 2328 437 1251
3473 2 2 0 0 437 2328 1252
3474 2 2 0 0 2328 725 1252
3475 2 2 0 0 732 2329 1251
3476 2 2 0 0 2329 83 1251
3477 2 2 0 0 83 2329 1255
3478 2 2 0 0 2329 732 1255
3479 2 2 0 0 437 2330 1251
3480 2 2 0 0 2330 732 1251
3481 2 2 0 0 732 2330 1264
3482 2 2 0 0 2330 437 1264
3483 2 2 0 0 731 2331 1252
3484 2 2 0 0 2331 437 1252
3485 2 2 0 0 437 2331 1262
3486 2 2 0 0 2331 731 1262
3487 2 2 0 0 241 2332 1252
3488 2 2 0 0 2332 731 1252
3489 2 2 0 0 731 2332 1259
3490 2 2 0 0 2332 241 1259
3491 2 2 0 0 729 2333 1253
3492 2 2 0 0 2333 241 1253
3493 2 2 0 0 241 2333 1259
3494 2 2 0 0 2333 729 1259
3495 2 2 0 0 436 2334 1253
3496 2 2 0 0 2334 729 1253
3497 2 2 0 0 729 2334 1258
3498 2 2 0 0 2334 436 1258
3499 2 2 0 0 243 2335 1254
3500 2 2 0 0 2335 727 1254
3501 2 2 0 0 727 2335 1256
3502 2 2 0 0 2335 243 1256
3503 2 2 0 0 728 2336 1254
3504 2 2 0 0 2336 243 1254
3505 2 2 0 0 243 2336 1257
3506 2 2 0 0 2336 728 1257
3507 2 2 0 0 727 2337 1255
3508 2 2 0 0 2337 441 1255
3509 2 2 0 0 441 2337 1256
3510 2 2 0 0 2337 727 1256
3511 2 2 0 0 732 2338 1255
3512 2 2 0 0 2338 441 1255
3513 2 2 0 0 441 2338 1265
3514 2 2 0 0 2338 732 1265
3515 2 2 0 0 740 2339 1256
3516 2 2 0 0 2339 441 1256
3517 2 2 0 0 441 2339 1282
3518 2 2 0 0 2339 740 1282
3519 2 2 0 0 243 2340 1256
3520 2 2 0 0 2340 740 1256
3521 2 2 0 0 740 2340 1277
3522 2 2 0 0 2340 243 1277
3523 2 2 0 0 738 2341 1257
3524 2 2 0 0 2341 243 1257
3525 2 2 0 0 243 2341 1277
3526 2 2 0 0 2341 738 1277
3527 2 2 0 0 440 2342 1257
3528 2 2 0 0 2342 738 1257
3529 2 2 0 0 738 2342 1276
3530 2 2 0 0 2342 440 1276
3531 2 2 0 0 126 2343 1258
3532 2 2 0 0 2343 729 1258
3533 2 2 0 0 729 2343 1260
3534 2 2 0 0 2343 126 1260
3535 2 2 0 0 730 2344 1258
3536 2 2 0 0 2344 126 1258
3537 2 2 0 0 126 2344 1261
3538 2 2 0 0 2344 730 1261
3539 2 2 0 0 729 2345 1259
3540 2 2 0 0 2345 438 1259
3541 2 2 0 0 438 2345 1260
3542 2 2 0 0 2345 729 1260
3543 2 2 0 0 438 2346 1259
3544 2 2 0 0 2346 731 1259
3545 2 2 0 0 731 2346 1263
3546 2 2 0 0 2346 438 1263
3547 2 2 0 0 735 2347 1260
3548 2 2 0 0 2347 438 1260
3549 2 2 0 0 438 2347 1268
3550 2 2 0 0 2347 735 1268
3551 2 2 0 0 126 2348 1260
3552 2 2 0 0 2348 735 1260
3553 2 2 0 0 735 2348 1272
3554 2 2 0 0 2348 126 1272
3555 2 2 0 0 736 2349 1261
3556 2 2 0 0 2349 126 1261
3557 2 2 0 0 126 2349 1272
3558 2 2 0 0 2349 736 1272
3559 2 2 0 0 439 2350 1261
3560 2 2 0 0 2350 736 1261
3561 2 2 0 0 736 2350 1273
3562 2 2 0 0 2350 439 1273
3563 2 2 0 0 731 2351 1262
3564 2 2 0 0 2351 163 1262
3565 2 2 0 0 163 2351 1263
3566 2 2 0 0 2351 731 1263
3567 2 2 0 0 733 2352 1262
3568 2 2 0 0 2352 437 1262
3569 2 2 0 0 437 2352 1264
3570 2 2 0 0 2352 733 1264
3571 2 2 0 0 163 2353 1262
3572 2 2 0 0 2353 733 1262
3573 2 2 0 0 733 2353 1267
3574 2 2 0 0 2353 163 1267
3575 2 2 0 0 734 2354 1263
3576 2 2 0 0 2354 163 1263
3577 2 2 0 0 163 2354 1269
3578 2 2 0 0 2354 734 1269
3579 2 2 0 0 438 2355 1263
3580 2 2 0 0 2355 734 1263
3581 2 2 0 0 734 2355 1268
3582 2 2 0 0 2355 438 1268
3583 2 2 0 0 249 2356 1264
3584 2 2 0 0 2356 732 1264
3585 2 2 0 0 732 2356 1265
3586 2 2 0 0 2356 249 1265
3587 2 2 0 0 733 2357 1264
3588 2 2 0 0 2357 249 1264
3589 2 2 0 0 249 2357 1266
3590 2 2 0 0 2357 733 1266
3591 2 2 0 0 741 2358 1265
3592 2 2 0 0 2358 441 1265
3593 2 2 0 0 441 2358 1282
3594 2 2 0 0 2358 741 1282
3595 2 2 0 0 249 2359 1265
3596 2 2 0 0 2359 741 1265
3597 2 2 0 0 741 2359 1285
3598 2 2 0 0 2359 249 1285
3599 2 2 0 0 733 2360 1266
3600 2 2 0 0 2360 453 1266
3601 2 2 0 0 453 2360 1267
3602 2 2 0 0 2360 733 1267
3603 2 2 0 0 759 2361 1266
3604 2 2 0 0 2361 249 1266
3605 2 2 0 0 249 2361 1285
3606 2 2 0 0 2361 759 1285
3607 2 2 0 0 453 2362 1266
3608 2 2 0 0 2362 759 1266
3609 2 2 0 0 759 2362 1327
3610 2 2 0 0 2362 453 1327
3611 2 2 0 0 755 2363 1267
3612 2 2 0 0 2363 453 1267
3613 2 2 0 0 453 2363 1317
3614 2 2 0 0 2363 755 1317
3615 2 2 0 0 163 2364 1267
3616 2 2 0 0 2364 755 1267
3617 2 2 0 0 755 2364 1269
3618 2 2 0 0 2364 163 1269
3619 2 2 0 0 248 2365 1268
3620 2 2 0 0 2365 734 1268
3621 2 2 0 0 734 2365 1270
3622 2 2 0 0 2365 248 1270
3623 2 2 0 0 735 2366 1268
3624 2 2 0 0 2366 248 1268
3625 2 2 0 0 248 2366 1271
3626 2 2 0 0 2366 735 1271
3627 2 2 0 0 734 2367 1269
3628 2 2 0 0 2367 451 1269
3629 2 2 0 0 451 2367 1270
3630 2 2 0 0 2367 734 1270
3631 2 2 0 0 451 2368 1269
3632 2 2 0 0 2368 755 1269
3633 2 2 0 0 755 2368 1316
3634 2 2 0 0 2368 451 1316
3635 2 2 0 0 754 2369 1270
3636 2 2 0 0 2369 451 1270
3637 2 2 0 0 451 2369 1314
3638 2 2 0 0 2369 754 1314
3639 2 2 0 0 248 2370 1270
3640 2 2 0 0 2370 754 1270
3641 2 2 0 0 754 2370 1299
3642 2 2 0 0 2370 248 1299
3643 2 2 0 0 735 2371 1271
3644 2 2 0 0 2371 447 1271
3645 2 2 0 0 447 2371 1272
3646 2 2 0 0 2371 735 1272
3647 2 2 0 0 747 2372 1271
3648 2 2 0 0 2372 248 1271
3649 2 2 0 0 248 2372 1299
3650 2 2 0 0 2372 747 1299
3651 2 2 0 0 447 2373 1271
3652 2 2 0 0 2373 747 1271
3653 2 2 0 0 747 2373 1297
3654 2 2 0 0 2373 447 1297
3655 2 2 0 0 736 2374 1272
3656 2 2 0 0 2374 447 1272
3657 2 2 0 0 447 2374 1274
3658 2 2 0 0 2374 736 1274
3659 2 2 0 0 246 2375 1273
3660 2 2 0 0 2375 736 1273
3661 2 2 0 0 736 2375 1274
3662 2 2 0 0 2375 246 1274
3663 2 2 0 0 737 2376 1273
3664 2 2 0 0 2376 246 1273
3665 2 2 0 0 246 2376 1275
3666 2 2 0 0 2376 737 1275
3667 2 2 0 0 746 2377 1274
3668 2 2 0 0 2377 447 1274
3669 2 2 0 0 447 2377 1297
3670 2 2 0 0 2377 746 1297
3671 2 2 0 0 246 2378 1274
3672 2 2 0 0 2378 746 1274
3673 2 2 0 0 746 2378 1293
3674 2 2 0 0 2378 246 1293
3675 2 2 0 0 744 2379 1275
3676 2 2 0 0 2379 246 1275
3677 2 2 0 0 246 2379 1293
3678 2 2 0 0 2379 744 1293
3679 2 2 0 0 446 2380 1275
3680 2 2 0 0 2380 744 1275
3681 2 2 0 0 744 2380 1292
3682 2 2 0 0 2380 446 1292
3683 2 2 0 0 129 2381 1276
3684 2 2 0 0 2381 738 1276
3685 2 2 0 0 738 2381 1278
3686 2 2 0 0 2381 129 1278
3687 2 2 0 0 739 2382 1276
3688 2 2 0 0 2382 129 1276
3689 2 2 0 0 129 2382 1280
3690 2 2 0 0 2382 739 1280
3691 2 2 0 0 738 2383 1277
3692 2 2 0 0 2383 442 1277
3693 2 2 0 0 442 2383 1278
3694 2 2 0 0 2383 738 1278
3695 2 2 0 0 442 2384 1277
3696 2 2 0 0 2384 740 1277
3697 2 2 0 0 740 2384 1283
3698 2 2 0 0 2384 442 1283
3699 2 2 0 0 743 2385 1278
3700 2 2 0 0 2385 442 1278
3701 2 2 0 0 442 2385 1286
3702 2 2 0 0 2385 743 1286
3703 2 2 0 0 129 2386 1278
3704 2 2 0 0 2386 743 1278
3705 2 2 0 0 743 2386 1291
3706 2 2 0 0 2386 129 1291
3707 2 2 0 0 739 2387 1280
3708 2 2 0 0 2387 444 1280
3709 2 2 0 0 444 2387 1281
3710 2 2 0 0 2387 739 1281
3711 2 2 0 0 1279 2388 1280
3712 2 2 0 0 2388 129 1280
3713 2 2 0 0 129 2388 1291
3714 2 2 0 0 2388 1279 1291
3715 2 2 0 0 740 2389 1282
3716 2 2 0 0 2389 167 1282
3717 2 2 0 0 167 2389 1283
3718 2 2 0 0 2389 740 1283
3719 2 2 0 0 741 2390 1282
3720 2 2 0 0 2390 167 1282
3721 2 2 0 0 167 2390 1284
3722 2 2 0 0 2390 741 1284
3723 2 2 0 0 742 2391 1283
3724 2 2 0 0 2391 167 1283
3725 2 2 0 0 167 2391 1287
3726 2 2 0 0 2391 742 1287
3727 2 2 0 0 442 2392 1283
3728 2 2 0 0 2392 742 1283
3729 2 2 0 0 742 2392 1286
3730 2 2 0 0 2392 442 1286
3731 2 2 0 0 741 2393 1284
3732 2 2 0 0 2393 454 1284
3733 2 2 0 0 454 2393 1285
3734 2 2 0 0 2393 741 1285
3735 2 2 0 0 761 2394 1284
3736 2 2 0 0 2394 167 1284
3737 2 2 0 0 167 2394 1287
3738 2 2 0 0 2394 761 1287
3739 2 2 0 0 454 2395 1284
3740 2 2 0 0 2395 761 1284
3741 2 2 0 0 761 2395 1332
3742 2 2 0 0 2395 454 1332
3743 2 2 0 0 759 2396 1285
3744 2 2 0 0 2396 454 1285
3745 2 2 0 0 454 2396 1328
3746 2 2 0 0 2396 759 1328
3747 2 2 0 0 267 2397 1286
3748 2 2 0 0 2397 742 1286
3749 2 2 0 0 742 2397 1288
3750 2 2 0 0 2397 267 1288
3751 2 2 0 0 743 2398 1286
3752 2 2 0 0 2398 267 1286
3753 2 2 0 0 267 2398 1290
3754 2 2 0 0 2398 743 1290
3755 2 2 0 0 742 2399 1287
3756 2 2 0 0 2399 473 1287
3757 2 2 0 0 473 2399 1288
3758 2 2 0 0 2399 742 1288
3759 2 2 0 0 761 2400 1287
3760 2 2 0 0 2400 473 1287
3761 2 2 0 0 473 2400 1333
3762 2 2 0 0 2400 761 1333
3763 2 2 0 0 785 2401 1288
3764 2 2 0 0 2401 473 1288
3765 2 2 0 0 473 2401 1385
3766 2 2 0 0 2401 785 1385
3767 2 2 0 0 267 2402 1288
3768 2 2 0 0 2402 785 1288
3769 2 2 0 0 785 2402 1389
3770 2 2 0 0 2402 267 1389
3771 2 2 0 0 743 2403 1290
3772 2 2 0 0 2403 477 1290
3773 2 2 0 0 477 2403 1291
3774 2 2 0 0 2403 743 1291
3775 2 2 0 0 1289 2404 1290
3776 2 2 0 0 2404 267 1290
3777 2 2 0 0 267 2404 1389
3778 2 2 0 0 2404 1289 1389
3779 2 2 0 0 88 2405 1292
3780 2 2 0 0 2405 744 1292
3781 2 2 0 0 744 2405 1294
3782 2 2 0 0 2405 88 1294
3783 2 2 0 0 745 2406 1292
3784 2 2 0 0 2406 88 1292
3785 2 2 0 0 745 2406 1296
3786 2 2 0 0 2406 88 1296
3787 2 2 0 0 744 2407 1293
3788 2 2 0 0 2407 448 1293
3789 2 2 0 0 448 2407 1294
3790 2 2 0 0 2407 744 1294
3791 2 2 0 0 448 2408 1293
3792 2 2 0 0 2408 746 1293
3793 2 2 0 0 746 2408 1298
3794 2 2 0 0 2408 448 1298
3795 2 2 0 0 749 2409 1294
3796 2 2 0 0 2409 448 1294
3797 2 2 0 0 448 2409 1301
3798 2 2 0 0 2409 749 1301
3799 2 2 0 0 88 2410 1294
3800 2 2 0 0 2410 749 1294
3801 2 2 0 0 88 2410 1304
3802 2 2 0 0 2410 749 1304
3803 2 2 0 0 745 2411 1295
3804 2 2 0 0 2411 450 1295
3805 2 2 0 0 450 2411 1296
3806 2 2 0 0 2411 745 1296
3807 2 2 0 0 450 2412 1295
3808 2 2 0 0 2412 750 1295
3809 2 2 0 0 750 2412 1307
3810 2 2 0 0 2412 450 1307
3811 2 2 0 0 753 2413 1296
3812 2 2 0 0 2413 450 1296
3813 2 2 0 0 450 2413 1310
3814 2 2 0 0 2413 753 1310
3815 2 2 0 0 88 2414 1296
3816 2 2 0 0 2414 753 1296
3817 2 2 0 0 753 2414 1304
3818 2 2 0 0 2414 88 1304
3819 2 2 0 0 746 2415 1297
3820 2 2 0 0 2415 164 1297
3821 2 2 0 0 164 2415 1298
3822 2 2 0 0 2415 746 1298
3823 2 2 0 0 164 2416 1297
3824 2 2 0 0 2416 747 1297
3825 2 2 0 0 747 2416 1300
3826 2 2 0 0 2416 164 1300
3827 2 2 0 0 748 2417 1298
3828 2 2 0 0 2417 164 1298
3829 2 2 0 0 164 2417 1302
3830 2 2 0 0 2417 748 1302
3831 2 2 0 0 448 2418 1298
3832 2 2 0 0 2418 748 1298
3833 2 2 0 0 748 2418 1301
3834 2 2 0 0 2418 448 1301
3835 2 2 0 0 747 2419 1299
3836 2 2 0 0 2419 452 1299
3837 2 2 0 0 452 2419 1300
3838 2 2 0 0 2419 747 1300
3839 2 2 0 0 452 2420 1299
3840 2 2 0 0 2420 754 1299
3841 2 2 0 0 754 2420 1315
3842 2 2 0 0 2420 452 1315
3843 2 2 0 0 758 2421 1300
3844 2 2 0 0 2421 452 1300
3845 2 2 0 0 452 2421 1322
3846 2 2 0 0 2421 758 1322
3847 2 2 0 0 164 2422 1300
3848 2 2 0 0 2422 758 1300
3849 2 2 0 0 758 2422 1302
3850 2 2 0 0 2422 164 1302
3851 2 2 0 0 257 2423 1301
3852 2 2 0 0 2423 748 1301
3853 2 2 0 0 748 2423 1303
3854 2 2 0 0 2423 257 1303
3855 2 2 0 0 749 2424 1301
3856 2 2 0 0 2424 257 1301
3857 2 2 0 0 749 2424 1305
3858 2 2 0 0 2424 257 1305
3859 2 2 0 0 748 2425 1302
3860 2 2 0 0 2425 459 1302
3861 2 2 0 0 459 2425 1303
3862 2 2 0 0 2425 748 1303
3863 2 2 0 0 459 2426 1302
3864 2 2 0 0 2426 758 1302
3865 2 2 0 0 758 2426 1326
3866 2 2 0 0 2426 459 1326
3867 2 2 0 0 764 2427 1303
3868 2 2 0 0 2427 459 1303
3869 2 2 0 0 459 2427 1337
3870 2 2 0 0 2427 764 1337
3871 2 2 0 0 257 2428 1303
3872 2 2 0 0 2428 764 1303
3873 2 2 0 0 257 2428 1341
3874 2 2 0 0 2428 764 1341
3875 2 2 0 0 749 2429 1304
3876 2 2 0 0 2429 463 1304
3877 2 2 0 0 463 2429 1305
3878 2 2 0 0 2429 749 1305
3879 2 2 0 0 463 2430 1304
3880 2 2 0 0 2430 753 1304
3881 2 2 0 0 753 2430 1313
3882 2 2 0 0 2430 463 1313
3883 2 2 0 0 765 2431 1305
3884 2 2 0 0 2431 463 1305
3885 2 2 0 0 463 2431 1343
3886 2 2 0 0 2431 765 1343
3887 2 2 0 0 257 2432 1305
3888 2 2 0 0 2432 765 1305
3889 2 2 0 0 765 2432 1341
3890 2 2 0 0 2432 257 1341
3891 2 2 0 0 750 2433 1306
3892 2 2 0 0 2433 166 1306
3893 2 2 0 0 166 2433 1307
3894 2 2 0 0 2433 750 1307
3895 2 2 0 0 166 2434 1306
3896 2 2 0 0 2434 751 1306
3897 2 2 0 0 751 2434 1309
3898 2 2 0 0 2434 166 1309
3899 2 2 0 0 752 2435 1307
3900 2 2 0 0 2435 166 1307
3901 2 2 0 0 166 2435 1311
3902 2 2 0 0 2435 752 1311
3903 2 2 0 0 450 2436 1307
3904 2 2 0 0 2436 752 1307
3905 2 2 0 0 752 2436 1310
3906 2 2 0 0 2436 450 1310
3907 2 2 0 0 751 2437 1308
3908 2 2 0 0 2437 466 1308
3909 2 2 0 0 466 2437 1309
3910 2 2 0 0 2437 751 1309
3911 2 2 0 0 466 2438 1308
3912 2 2 0 0 2438 769 1308
3913 2 2 0 0 769 2438 1354
3914 2 2 0 0 2438 466 1354
3915 2 2 0 0 772 2439 1309
3916 2 2 0 0 2439 466 1309
3917 2 2 0 0 466 2439 1357
3918 2 2 0 0 2439 772 1357
3919 2 2 0 0 166 2440 1309
3920 2 2 0 0 2440 772 1309
3921 2 2 0 0 772 2440 1311
3922 2 2 0 0 2440 166 1311
3923 2 2 0 0 261 2441 1310
3924 2 2 0 0 2441 752 1310
3925 2 2 0 0 752 2441 1312
3926 2 2 0 0 2441 261 1312
3927 2 2 0 0 753 2442 1310
3928 2 2 0 0 2442 261 1310
3929 2 2 0 0 261 2442 1313
3930 2 2 0 0 2442 753 1313
3931 2 2 0 0 752 2443 1311
3932 2 2 0 0 2443 469 1311
3933 2 2 0 0 469 2443 1312
3934 2 2 0 0 2443 752 1312
3935 2 2 0 0 469 2444 1311
3936 2 2 0 0 2444 772 1311
3937 2 2 0 0 772 2444 1360
3938 2 2 0 0 2444 469 1360
3939 2 2 0 0 778 2445 1312
3940 2 2 0 0 2445 469 1312
3941 2 2 0 0 469 2445 1369
3942 2 2 0 0 2445 778 1369
3943 2 2 0 0 261 2446 1312
3944 2 2 0 0 2446 778 1312
3945 2 2 0 0 778 2446 1345
3946 2 2 0 0 2446 261 1345
3947 2 2 0 0 766 2447 1313
3948 2 2 0 0 2447 261 1313
3949 2 2 0 0 261 2447 1345
3950 2 2 0 0 2447 766 1345
3951 2 2 0 0 463 2448 1313
3952 2 2 0 0 2448 766 1313
3953 2 2 0 0 766 2448 1343
3954 2 2 0 0 2448 463 1343
3955 2 2 0 0 754 2449 1314
3956 2 2 0 0 2449 107 1314
3957 2 2 0 0 107 2449 1315
3958 2 2 0 0 2449 754 1315
3959 2 2 0 0 756 2450 1314
3960 2 2 0 0 2450 451 1314
3961 2 2 0 0 451 2450 1316
3962 2 2 0 0 2450 756 1316
3963 2 2 0 0 107 2451 1314
3964 2 2 0 0 2451 756 1314
3965 2 2 0 0 756 2451 1321
3966 2 2 0 0 2451 107 1321
3967 2 2 0 0 757 2452 1315
3968 2 2 0 0 2452 107 1315
3969 2 2 0 0 107 2452 1323
3970 2 2 0 0 2452 757 1323
3971 2 2 0 0 452 2453 1315
3972 2 2 0 0 2453 757 1315
3973 2 2 0 0 757 2453 1322
3974 2 2 0 0 2453 452 1322
3975 2 2 0 0 254 2454 1316
3976 2 2 0 0 2454 755 1316
3977 2 2 0 0 755 2454 1317
3978 2 2 0 0 2454 254 1317
3979 2 2 0 0 756 2455 1316
3980 2 2 0 0 2455 254 1316
3981 2 2 0 0 254 2455 1319
3982 2 2 0 0 2455 756 1319
3983 2 2 0 0 760 2456 1317
3984 2 2 0 0 2456 453 1317
3985 2 2 0 0 453 2456 1327
3986 2 2 0 0 2456 760 1327
3987 2 2 0 0 254 2457 1317
3988 2 2 0 0 2457 760 1317
3989 2 2 0 0 760 2457 1331
3990 2 2 0 0 2457 254 1331
3991 2 2 0 0 756 2458 1319
3992 2 2 0 0 2458 458 1319
3993 2 2 0 0 458 2458 1321
3994 2 2 0 0 2458 756 1321
3995 2 2 0 0 1318 2459 1319
3996 2 2 0 0 2459 254 1319
3997 2 2 0 0 254 2459 1331
3998 2 2 0 0 2459 1318 1331
3999 2 2 0 0 107 2460 1321
4000 2 2 0 0 2460 1320 1321
4001 2 2 0 0 1320 2460 1323
4002 2 2 0 0 2460 107 1323
4003 2 2 0 0 256 2461 1322
4004 2 2 0 0 2461 757 1322
4005 2 2 0 0 757 2461 1325
4006 2 2 0 0 2461 256 1325
4007 2 2 0 0 758 2462 1322
4008 2 2 0 0 2462 256 1322
4009 2 2 0 0 256 2462 1326
4010 2 2 0 0 2462 758 1326
4011 2 2 0 0 757 2463 1323
4012 2 2 0 0 2463 460 1323
4013 2 2 0 0 460 2463 1325
4014 2 2 0 0 2463 757 1325
4015 2 2 0 0 256 2464 1325
4016 2 2 0 0 2464 1324 1325
4017 2 2 0 0 1324 2464 1338
4018 2 2 0 0 2464 256 1338
4019 2 2 0 0 763 2465 1326
4020 2 2 0 0 2465 256 1326
4021 2 2 0 0 256 2465 1338
4022 2 2 0 0 2465 763 1338
4023 2 2 0 0 459 2466 1326
4024 2 2 0 0 2466 763 1326
4025 2 2 0 0 763 2466 1337
4026 2 2 0 0 2466 459 1337
4027 2 2 0 0 138 2467 1327
4028 2 2 0 0 2467 759 1327
4029 2 2 0 0 759 2467 1328
4030 2 2 0 0 2467 138 1328
4031 2 2 0 0 760 2468 1327
4032 2 2 0 0 2468 138 1327
4033 2 2 0 0 138 2468 1330
4034 2 2 0 0 2468 760 1330
4035 2 2 0 0 762 2469 1328
4036 2 2 0 0 2469 454 1328
4037 2 2 0 0 454 2469 1332
4038 2 2 0 0 2469 762 1332
4039 2 2 0 0 138 2470 1328
4040 2 2 0 0 2470 762 1328
4041 2 2 0 0 762 2470 1336
4042 2 2 0 0 2470 138 1336
4043 2 2 0 0 760 2471 1330
4044 2 2 0 0 2471 456 1330
4045 2 2 0 0 456 2471 1331
4046 2 2 0 0 2471 760 1331
4047 2 2 0 0 1329 2472 1330
4048 2 2 0 0 2472 138 1330
4049 2 2 0 0 138 2472 1336
4050 2 2 0 0 2472 1329 1336
4051 2 2 0 0 272 2473 1332
4052 2 2 0 0 2473 761 1332
4053 2 2 0 0 761 2473 1333
4054 2 2 0 0 2473 272 1333
4055 2 2 0 0 762 2474 1332
4056 2 2 0 0 2474 272 1332
4057 2 2 0 0 272 2474 1335
4058 2 2 0 0 2474 762 1335
4059 2 2 0 0 786 2475 1333
4060 2 2 0 0 2475 473 1333
4061 2 2 0 0 473 2475 1385
4062 2 2 0 0 2475 786 1385
4063 2 2 0 0 272 2476 1333
4064 2 2 0 0 2476 786 1333
4065 2 2 0 0 786 2476 1392
4066 2 2 0 0 2476 272 1392
4067 2 2 0 0 762 2477 1335
4068 2 2 0 0 2477 480 1335
4069 2 2 0 0 480 2477 1336
4070 2 2 0 0 2477 762 1336
4071 2 2 0 0 1334 2478 1335
4072 2 2 0 0 2478 272 1335
4073 2 2 0 0 272 2478 1392
4074 2 2 0 0 2478 1334 1392
4075 2 2 0 0 137 2479 1337
4076 2 2 0 0 2479 763 1337
4077 2 2 0 0 763 2479 1340
4078 2 2 0 0 2479 137 1340
4079 2 2 0 0 764 2480 1337
4080 2 2 0 0 2480 137 1337
4081 2 2 0 0 764 2480 1342
4082 2 2 0 0 2480 137 1342
4083 2 2 0 0 763 2481 1338
4084 2 2 0 0 2481 462 1338
4085 2 2 0 0 462 2481 1340
4086 2 2 0 0 2481 763 1340
4087 2 2 0 0 137 2482 1340
4088 2 2 0 0 2482 1339 1340
4089 2 2 0 0 137 2482 1352
4090 2 2 0 0 2482 1339 1352
4091 2 2 0 0 764 2483 1341
4092 2 2 0 0 2483 464 1341
4093 2 2 0 0 464 2483 1342
4094 2 2 0 0 2483 764 1342
4095 2 2 0 0 464 2484 1341
4096 2 2 0 0 2484 765 1341
4097 2 2 0 0 765 2484 1344
4098 2 2 0 0 2484 464 1344
4099 2 2 0 0 768 2485 1342
4100 2 2 0 0 2485 464 1342
4101 2 2 0 0 464 2485 1347
4102 2 2 0 0 2485 768 1347
4103 2 2 0 0 137 2486 1342
4104 2 2 0 0 2486 768 1342
4105 2 2 0 0 768 2486 1352
4106 2 2 0 0 2486 137 1352
4107 2 2 0 0 765 2487 1343
4108 2 2 0 0 2487 176 1343
4109 2 2 0 0 176 2487 1344
4110 2 2 0 0 2487 765 1344
4111 2 2 0 0 176 2488 1343
4112 2 2 0 0 2488 766 1343
4113 2 2 0 0 766 2488 1346
4114 2 2 0 0 2488 176 1346
4115 2 2 0 0 767 2489 1344
4116 2 2 0 0 2489 176 1344
4117 2 2 0 0 176 2489 1348
4118 2 2 0 0 2489 767 1348
4119 2 2 0 0 464 2490 1344
4120 2 2 0 0 2490 767 1344
4121 2 2 0 0 767 2490 1347
4122 2 2 0 0 2490 464 1347
4123 2 2 0 0 766 2491 1345
4124 2 2 0 0 2491 472 1345
4125 2 2 0 0 472 2491 1346
4126 2 2 0 0 2491 766 1346
4127 2 2 0 0 472 2492 1345
4128 2 2 0 0 2492 778 1345
4129 2 2 0 0 778 2492 1372
4130 2 2 0 0 2492 472 1372
4131 2 2 0 0 784 2493 1346
4132 2 2 0 0 2493 472 1346
4133 2 2 0 0 472 2493 1382
4134 2 2 0 0 2493 784 1382
4135 2 2 0 0 176 2494 1346
4136 2 2 0 0 2494 784 1346
4137 2 2 0 0 784 2494 1348
4138 2 2 0 0 2494 176 1348
4139 2 2 0 0 312 2495 1347
4140 2 2 0 0 2495 767 1347
4141 2 2 0 0 767 2495 1349
4142 2 2 0 0 2495 312 1349
4143 2 2 0 0 768 2496 1347
4144 2 2 0 0 2496 312 1347
4145 2 2 0 0 312 2496 1351
4146 2 2 0 0 2496 768 1351
4147 2 2 0 0 767 2497 1348
4148 2 2 0 0 2497 528 1348
4149 2 2 0 0 528 2497 1349
4150 2 2 0 0 2497 767 1349
4151 2 2 0 0 528 2498 1348
4152 2 2 0 0 2498 784 1348
4153 2 2 0 0 784 2498 1384
4154 2 2 0 0 2498 528 1384
4155 2 2 0 0 844 2499 1349
4156 2 2 0 0 2499 528 1349
4157 2 2 0 0 528 2499 1526
4158 2 2 0 0 2499 844 1526
4159 2 2 0 0 312 2500 1349
4160 2 2 0 0 2500 844 1349
4161 2 2 0 0 844 2500 1529
4162 2 2 0 0 2500 312 1529
4163 2 2 0 0 768 2501 1351
4164 2 2 0 0 2501 531 1351
4165 2 2 0 0 531 2501 1352
4166 2 2 0 0 2501 768 1352
4167 2 2 0 0 1350 2502 1351
4168 2 2 0 0 2502 312 1351
4169 2 2 0 0 312 2502 1529
4170 2 2 0 0 2502 1350 1529
4171 2 2 0 0 769 2503 1353
4172 2 2 0 0 2503 108 1353
4173 2 2 0 0 108 2503 1354
4174 2 2 0 0 2503 769 1354
4175 2 2 0 0 108 2504 1353
4176 2 2 0 0 2504 770 1353
4177 2 2 0 0 770 2504 1356
4178 2 2 0 0 2504 108 1356
4179 2 2 0 0 771 2505 1354
4180 2 2 0 0 2505 108 1354
4181 2 2 0 0 108 2505 1358
4182 2 2 0 0 2505 771 1358
4183 2 2 0 0 466 2506 1354
4184 2 2 0 0 2506 771 1354
4185 2 2 0 0 771 2506 1357
4186 2 2 0 0 2506 466 1357
4187 2 2 0 0 770 2507 1355
4188 2 2 0 0 2507 468 1355
4189 2 2 0 0 468 2507 1356
4190 2 2 0 0 2507 770 1356
4191 2 2 0 0 468 2508 1355
4192 2 2 0 0 2508 773 1355
4193 2 2 0 0 773 2508 1362
4194 2 2 0 0 2508 468 1362
4195 2 2 0 0 776 2509 1356
4196 2 2 0 0 2509 468 1356
4197 2 2 0 0 468 2509 1365
4198 2 2 0 0 2509 776 1365
4199 2 2 0 0 108 2510 1356
4200 2 2 0 0 2510 776 1356
4201 2 2 0 0 776 2510 1358
4202 2 2 0 0 2510 108 1358
4203 2 2 0 0 260 2511 1357
4204 2 2 0 0 2511 771 1357
4205 2 2 0 0 771 2511 1359
4206 2 2 0 0 2511 260 1359
4207 2 2 0 0 772 2512 1357
4208 2 2 0 0 2512 260 1357
4209 2 2 0 0 260 2512 1360
4210 2 2 0 0 2512 772 1360
4211 2 2 0 0 771 2513 1358
4212 2 2 0 0 2513 470 1358
4213 2 2 0 0 470 2513 1359
4214 2 2 0 0 2513 771 1359
4215 2 2 0 0 470 2514 1358
4216 2 2 0 0 2514 776 1358
4217 2 2 0 0 776 2514 1368
4218 2 2 0 0 2514 470 1368
4219 2 2 0 0 779 2515 1359
4220 2 2 0 0 2515 470 1359
4221 2 2 0 0 470 2515 1373
4222 2 2 0 0 2515 779 1373
4223 2 2 0 0 260 2516 1359
4224 2 2 0 0 2516 779 1359
4225 2 2 0 0 779 2516 1370
4226 2 2 0 0 2516 260 1370
4227 2 2 0 0 777 2517 1360
4228 2 2 0 0 2517 260 1360
4229 2 2 0 0 260 2517 1370
4230 2 2 0 0 2517 777 1370
4231 2 2 0 0 469 2518 1360
4232 2 2 0 0 2518 777 1360
4233 2 2 0 0 777 2518 1369
4234 2 2 0 0 2518 469 1369
4235 2 2 0 0 773 2519 1361
4236 2 2 0 0 2519 173 1361
4237 2 2 0 0 173 2519 1362
4238 2 2 0 0 2519 773 1362
4239 2 2 0 0 173 2520 1361
4240 2 2 0 0 2520 774 1361
4241 2 2 0 0 774 2520 1364
4242 2 2 0 0 2520 173 1364
4243 2 2 0 0 775 2521 1362
4244 2 2 0 0 2521 173 1362
4245 2 2 0 0 173 2521 1366
4246 2 2 0 0 2521 775 1366
4247 2 2 0 0 468 2522 1362
4248 2 2 0 0 2522 775 1362
4249 2 2 0 0 775 2522 1365
4250 2 2 0 0 2522 468 1365
4251 2 2 0 0 774 2523 1363
4252 2 2 0 0 2523 511 1363
4253 2 2 0 0 511 2523 1364
4254 2 2 0 0 2523 774 1364
4255 2 2 0 0 511 2524 1363
4256 2 2 0 0 2524 820 1363
4257 2 2 0 0 820 2524 1475
4258 2 2 0 0 2524 511 1475
4259 2 2 0 0 823 2525 1364
4260 2 2 0 0 2525 511 1364
4261 2 2 0 0 511 2525 1478
4262 2 2 0 0 2525 823 1478
4263 2 2 0 0 173 2526 1364
4264 2 2 0 0 2526 823 1364
4265 2 2 0 0 823 2526 1366
4266 2 2 0 0 2526 173 1366
4267 2 2 0 0 299 2527 1365
4268 2 2 0 0 2527 775 1365
4269 2 2 0 0 775 2527 1367
4270 2 2 0 0 2527 299 1367
4271 2 2 0 0 776 2528 1365
4272 2 2 0 0 2528 299 1365
4273 2 2 0 0 299 2528 1368
4274 2 2 0 0 2528 776 1368
4275 2 2 0 0 775 2529 1366
4276 2 2 0 0 2529 514 1366
4277 2 2 0 0 514 2529 1367
4278 2 2 0 0 2529 775 1367
4279 2 2 0 0 514 2530 1366
4280 2 2 0 0 2530 823 1366
4281 2 2 0 0 823 2530 1481
4282 2 2 0 0 2530 514 1481
4283 2 2 0 0 829 2531 1367
4284 2 2 0 0 2531 514 1367
4285 2 2 0 0 514 2531 1490
4286 2 2 0 0 2531 829 1490
4287 2 2 0 0 299 2532 1367
4288 2 2 0 0 2532 829 1367
4289 2 2 0 0 829 2532 1375
4290 2 2 0 0 2532 299 1375
4291 2 2 0 0 780 2533 1368
4292 2 2 0 0 2533 299 1368
4293 2 2 0 0 299 2533 1375
4294 2 2 0 0 2533 780 1375
4295 2 2 0 0 470 2534 1368
4296 2 2 0 0 2534 780 1368
4297 2 2 0 0 780 2534 1373
4298 2 2 0 0 2534 470 1373
4299 2 2 0 0 139 2535 1369
4300 2 2 0 0 2535 777 1369
4301 2 2 0 0 777 2535 1371
4302 2 2 0 0 2535 139 1371
4303 2 2 0 0 778 2536 1369
4304 2 2 0 0 2536 139 1369
4305 2 2 0 0 139 2536 1372
4306 2 2 0 0 2536 778 1372
4307 2 2 0 0 777 2537 1370
4308 2 2 0 0 2537 471 1370
4309 2 2 0 0 471 2537 1371
4310 2 2 0 0 2537 777 1371
4311 2 2 0 0 471 2538 1370
4312 2 2 0 0 2538 779 1370
4313 2 2 0 0 779 2538 1374
4314 2 2 0 0 2538 471 1374
4315 2 2 0 0 782 2539 1371
4316 2 2 0 0 2539 471 1371
4317 2 2 0 0 471 2539 1377
4318 2 2 0 0 2539 782 1377
4319 2 2 0 0 139 2540 1371
4320 2 2 0 0 2540 782 1371
4321 2 2 0 0 782 2540 1381
4322 2 2 0 0 2540 139 1381
4323 2 2 0 0 783 2541 1372
4324 2 2 0 0 2541 139 1372
4325 2 2 0 0 139 2541 1381
4326 2 2 0 0 2541 783 1381
4327 2 2 0 0 472 2542 1372
4328 2 2 0 0 2542 783 1372
4329 2 2 0 0 783 2542 1382
4330 2 2 0 0 2542 472 1382
4331 2 2 0 0 779 2543 1373
4332 2 2 0 0 2543 177 1373
4333 2 2 0 0 177 2543 1374
4334 2 2 0 0 2543 779 1374
4335 2 2 0 0 177 2544 1373
4336 2 2 0 0 2544 780 1373
4337 2 2 0 0 780 2544 1376
4338 2 2 0 0 2544 177 1376
4339 2 2 0 0 781 2545 1374
4340 2 2 0 0 2545 177 1374
4341 2 2 0 0 177 2545 1378
4342 2 2 0 0 2545 781 1378
4343 2 2 0 0 471 2546 1374
4344 2 2 0 0 2546 781 1374
4345 2 2 0 0 781 2546 1377
4346 2 2 0 0 2546 471 1377
4347 2 2 0 0 780 2547 1375
4348 2 2 0 0 2547 517 1375
4349 2 2 0 0 517 2547 1376
4350 2 2 0 0 2547 780 1376
4351 2 2 0 0 517 2548 1375
4352 2 2 0 0 2548 829 1375
4353 2 2 0 0 829 2548 1493
4354 2 2 0 0 2548 517 1493
4355 2 2 0 0 835 2549 1376
4356 2 2 0 0 2549 517 1376
4357 2 2 0 0 517 2549 1503
4358 2 2 0 0 2549 835 1503
4359 2 2 0 0 177 2550 1376
4360 2 2 0 0 2550 835 1376
4361 2 2 0 0 835 2550 1378
4362 2 2 0 0 2550 177 1378
4363 2 2 0 0 314 2551 1377
4364 2 2 0 0 2551 781 1377
4365 2 2 0 0 781 2551 1379
4366 2 2 0 0 2551 314 1379
4367 2 2 0 0 782 2552 1377
4368 2 2 0 0 2552 314 1377
4369 2 2 0 0 314 2552 1380
4370 2 2 0 0 2552 782 1380
4371 2 2 0 0 781 2553 1378
4372 2 2 0 0 2553 534 1378
4373 2 2 0 0 534 2553 1379
4374 2 2 0 0 2553 781 1379
4375 2 2 0 0 534 2554 1378
4376 2 2 0 0 2554 835 1378
4377 2 2 0 0 835 2554 1505
4378 2 2 0 0 2554 534 1505
4379 2 2 0 0 850 2555 1379
4380 2 2 0 0 2555 534 1379
4381 2 2 0 0 534 2555 1542
4382 2 2 0 0 2555 850 1542
4383 2 2 0 0 314 2556 1379
4384 2 2 0 0 2556 850 1379
4385 2 2 0 0 850 2556 1534
4386 2 2 0 0 2556 314 1534
4387 2 2 0 0 782 2557 1380
4388 2 2 0 0 2557 532 1380
4389 2 2 0 0 532 2557 1381
4390 2 2 0 0 2557 782 1381
4391 2 2 0 0 847 2558 1380
4392 2 2 0 0 2558 314 1380
4393 2 2 0 0 314 2558 1534
4394 2 2 0 0 2558 847 1534
4395 2 2 0 0 532 2559 1380
4396 2 2 0 0 2559 847 1380
4397 2 2 0 0 847 2559 1532
4398 2 2 0 0 2559 532 1532
4399 2 2 0 0 783 2560 1381
4400 2 2 0 0 2560 532 1381
4401 2 2 0 0 532 2560 1383
4402 2 2 0 0 2560 783 1383
4403 2 2 0 0 313 2561 1382
4404 2 2 0 0 2561 783 1382
4405 2 2 0 0 783 2561 1383
4406 2 2 0 0 2561 313 1383
4407 2 2 0 0 784 2562 1382
4408 2 2 0 0 2562 313 1382
4409 2 2 0 0 313 2562 1384
4410 2 2 0 0 2562 784 1384
4411 2 2 0 0 846 2563 1383
4412 2 2 0 0 2563 532 1383
4413 2 2 0 0 532 2563 1532
4414 2 2 0 0 2563 846 1532
4415 2 2 0 0 313 2564 1383
4416 2 2 0 0 2564 846 1383
4417 2 2 0 0 846 2564 1530
4418 2 2 0 0 2564 313 1530
4419 2 2 0 0 845 2565 1384
4420 2 2 0 0 2565 313 1384
4421 2 2 0 0 313 2565 1530
4422 2 2 0 0 2565 845 1530
4423 2 2 0 0 528 2566 1384
4424 2 2 0 0 2566 845 1384
4425 2 2 0 0 845 2566 1526
4426 2 2 0 0 2566 528 1526
4427 2 2 0 0 785 2567 1385
4428 2 2 0 0 2567 128 1385
4429 2 2 0 0 128 2567 1388
4430 2 2 0 0 2567 785 1388
4431 2 2 0 0 786 2568 1385
4432 2 2 0 0 2568 128 1385
4433 2 2 0 0 128 2568 1391
4434 2 2 0 0 2568 786 1391
4435 2 2 0 0 1386 2569 1387
4436 2 2 0 0 1386 2569 1390
4437 2 2 0 0 785 2570 1388
4438 2 2 0 0 2570 476 1388
4439 2 2 0 0 476 2570 1389
4440 2 2 0 0 2570 785 1389
4441 2 2 0 0 1387 2571 1388
4442 2 2 0 0 2571 128 1388
4443 2 2 0 0 128 2571 2569
4444 2 2 0 0 2571 1387 2569
4445 2 2 0 0 786 2572 1391
4446 2 2 0 0 2572 479 1391
4447 2 2 0 0 479 2572 1392
4448 2 2 0 0 2572 786 1392
4449 2 2 0 0 1390 2573 1391
4450 2 2 0 0 2573 128 1391
4451 2 2 0 0 128 2573 2569
4452 2 2 0 0 2573 1390 2569
4453 2 2 0 0 103 2574 1393
4454 2 2 0 0 2574 787 1393
4455 2 2 0 0 787 2574 1396
4456 2 2 0 0 2574 103 1396
4457 2 2 0 0 788 2575 1393
4458 2 2 0 0 2575 103 1393
4459 2 2 0 0 103 2575 1397
4460 2 2 0 0 2575 788 1397
4461 2 2 0 0 787 2576 1394
4462 2 2 0 0 2576 484 1394
4463 2 2 0 0 484 2576 1396
4464 2 2 0 0 2576 787 1396
4465 2 2 0 0 103 2577 1396
4466 2 2 0 0 2577 1395 1396
4467 2 2 0 0 1395 2577 1402
4468 2 2 0 0 2577 103 1402
4469 2 2 0 0 788 2578 1397
4470 2 2 0 0 2578 485 1397
4471 2 2 0 0 485 2578 1398
4472 2 2 0 0 2578 788 1398
4473 2 2 0 0 790 2579 1397
4474 2 2 0 0 2579 103 1397
4475 2 2 0 0 103 2579 1402
4476 2 2 0 0 2579 790 1402
4477 2 2 0 0 485 2580 1397
4478 2 2 0 0 2580 790 1397
4479 2 2 0 0 790 2580 1401
4480 2 2 0 0 2580 485 1401
4481 2 2 0 0 789 2581 1398
4482 2 2 0 0 2581 485 1398
4483 2 2 0 0 485 2581 1399
4484 2 2 0 0 2581 789 1399
4485 2 2 0 0 789 2582 1399
4486 2 2 0 0 2582 169 1399
4487 2 2 0 0 169 2582 1400
4488 2 2 0 0 2582 789 1400
4489 2 2 0 0 791 2583 1399
4490 2 2 0 0 2583 485 1399
4491 2 2 0 0 485 2583 1401
4492 2 2 0 0 2583 791 1401
4493 2 2 0 0 169 2584 1399
4494 2 2 0 0 2584 791 1399
4495 2 2 0 0 791 2584 1406
4496 2 2 0 0 2584 169 1406
4497 2 2 0 0 792 2585 1400
4498 2 2 0 0 2585 169 1400
4499 2 2 0 0 169 2585 1407
4500 2 2 0 0 2585 792 1407
4501 2 2 0 0 280 2586 1401
4502 2 2 0 0 2586 790 1401
4503 2 2 0 0 790 2586 1404
4504 2 2 0 0 2586 280 1404
4505 2 2 0 0 791 2587 1401
4506 2 2 0 0 2587 280 1401
4507 2 2 0 0 280 2587 1405
4508 2 2 0 0 2587 791 1405
4509 2 2 0 0 790 2588 1402
4510 2 2 0 0 2588 490 1402
4511 2 2 0 0 490 2588 1404
4512 2 2 0 0 2588 790 1404
4513 2 2 0 0 280 2589 1404
4514 2 2 0 0 2589 1403 1404
4515 2 2 0 0 1403 2589 1420
4516 2 2 0 0 2589 280 1420
4517 2 2 0 0 791 2590 1405
4518 2 2 0 0 2590 489 1405
4519 2 2 0 0 489 2590 1406
4520 2 2 0 0 2590 791 1406
4521 2 2 0 0 798 2591 1405
4522 2 2 0 0 2591 280 1405
4523 2 2 0 0 280 2591 1420
4524 2 2 0 0 2591 798 1420
4525 2 2 0 0 489 2592 1405
4526 2 2 0 0 2592 798 1405
4527 2 2 0 0 798 2592 1419
4528 2 2 0 0 2592 489 1419
4529 2 2 0 0 794 2593 1406
4530 2 2 0 0 2593 489 1406
4531 2 2 0 0 489 2593 1412
4532 2 2 0 0 2593 794 1412
4533 2 2 0 0 169 2594 1406
4534 2 2 0 0 2594 794 1406
4535 2 2 0 0 794 2594 1407
4536 2 2 0 0 2594 169 1407
4537 2 2 0 0 792 2595 1407
4538 2 2 0 0 2595 487 1407
4539 2 2 0 0 487 2595 1408
4540 2 2 0 0 2595 792 1408
4541 2 2 0 0 487 2596 1407
4542 2 2 0 0 2596 794 1407
4543 2 2 0 0 794 2596 1411
4544 2 2 0 0 2596 487 1411
4545 2 2 0 0 793 2597 1408
4546 2 2 0 0 2597 487 1408
4547 2 2 0 0 487 2597 1409
4548 2 2 0 0 2597 793 1409
4549 2 2 0 0 793 2598 1409
4550 2 2 0 0 2598 84 1409
4551 2 2 0 0 84 2598 1410
4552 2 2 0 0 2598 793 1410
4553 2 2 0 0 795 2599 1409
4554 2 2 0 0 2599 487 1409
4555 2 2 0 0 487 2599 1411
4556 2 2 0 0 2599 795 1411
4557 2 2 0 0 84 2600 1409
4558 2 2 0 0 2600 795 1409
4559 2 2 0 0 795 2600 1414
4560 2 2 0 0 2600 84 1414
4561 2 2 0 0 797 2601 1410
4562 2 2 0 0 2601 488 1410
4563 2 2 0 0 488 2601 1415
4564 2 2 0 0 2601 797 1415
4565 2 2 0 0 84 2602 1410
4566 2 2 0 0 2602 797 1410
4567 2 2 0 0 797 2602 1418
4568 2 2 0 0 2602 84 1418
4569 2 2 0 0 281 2603 1411
4570 2 2 0 0 2603 794 1411
4571 2 2 0 0 794 2603 1412
4572 2 2 0 0 2603 281 1412
4573 2 2 0 0 795 2604 1411
4574 2 2 0 0 2604 281 1411
4575 2 2 0 0 281 2604 1413
4576 2 2 0 0 2604 795 1413
4577 2 2 0 0 799 2605 1412
4578 2 2 0 0 2605 489 1412
4579 2 2 0 0 489 2605 1419
4580 2 2 0 0 2605 799 1419
4581 2 2 0 0 281 2606 1412
4582 2 2 0 0 2606 799 1412
4583 2 2 0 0 799 2606 1424
4584 2 2 0 0 2606 281 1424
4585 2 2 0 0 795 2607 1413
4586 2 2 0 0 2607 494 1413
4587 2 2 0 0 494 2607 1414
4588 2 2 0 0 2607 795 1414
4589 2 2 0 0 800 2608 1413
4590 2 2 0 0 2608 281 1413
4591 2 2 0 0 281 2608 1424
4592 2 2 0 0 2608 800 1424
4593 2 2 0 0 494 2609 1413
4594 2 2 0 0 2609 800 1413
4595 2 2 0 0 800 2609 1426
4596 2 2 0 0 2609 494 1426
4597 2 2 0 0 803 2610 1414
4598 2 2 0 0 2610 84 1414
4599 2 2 0 0 84 2610 1418
4600 2 2 0 0 2610 803 1418
4601 2 2 0 0 494 2611 1414
4602 2 2 0 0 2611 803 1414
4603 2 2 0 0 803 2611 1433
4604 2 2 0 0 2611 494 1433
4605 2 2 0 0 283 2612 1415
4606 2 2 0 0 2612 796 1415
4607 2 2 0 0 796 2612 1416
4608 2 2 0 0 2612 283 1416
4609 2 2 0 0 797 2613 1415
4610 2 2 0 0 2613 283 1415
4611 2 2 0 0 283 2613 1417
4612 2 2 0 0 2613 797 1417
4613 2 2 0 0 806 2614 1416
4614 2 2 0 0 2614 495 1416
4615 2 2 0 0 495 2614 1437
4616 2 2 0 0 2614 806 1437
4617 2 2 0 0 283 2615 1416
4618 2 2 0 0 2615 806 1416
4619 2 2 0 0 806 2615 1440
4620 2 2 0 0 2615 283 1440
4621 2 2 0 0 797 2616 1417
4622 2 2 0 0 2616 498 1417
4623 2 2 0 0 498 2616 1418
4624 2 2 0 0 2616 797 1418
4625 2 2 0 0 809 2617 1417
4626 2 2 0 0 2617 283 1417
4627 2 2 0 0 283 2617 1440
4628 2 2 0 0 2617 809 1440
4629 2 2 0 0 498 2618 1417
4630 2 2 0 0 2618 809 1417
4631 2 2 0 0 809 2618 1446
4632 2 2 0 0 2618 498 1446
4633 2 2 0 0 803 2619 1418
4634 2 2 0 0 2619 498 1418
4635 2 2 0 0 498 2619 1434
4636 2 2 0 0 2619 803 1434
4637 2 2 0 0 134 2620 1419
4638 2 2 0 0 2620 798 1419
4639 2 2 0 0 798 2620 1422
4640 2 2 0 0 2620 134 1422
4641 2 2 0 0 799 2621 1419
4642 2 2 0 0 2621 134 1419
4643 2 2 0 0 134 2621 1423
4644 2 2 0 0 2621 799 1423
4645 2 2 0 0 798 2622 1420
4646 2 2 0 0 2622 492 1420
4647 2 2 0 0 492 2622 1422
4648 2 2 0 0 2622 798 1422
4649 2 2 0 0 134 2623 1422
4650 2 2 0 0 2623 1421 1422
4651 2 2 0 0 1421 2623 1428
4652 2 2 0 0 2623 134 1428
4653 2 2 0 0 799 2624 1423
4654 2 2 0 0 2624 493 1423
4655 2 2 0 0 493 2624 1424
4656 2 2 0 0 2624 799 1424
4657 2 2 0 0 801 2625 1423
4658 2 2 0 0 2625 134 1423
4659 2 2 0 0 134 2625 1428
4660 2 2 0 0 2625 801 1428
4661 2 2 0 0 493 2626 1423
4662 2 2 0 0 2626 801 1423
4663 2 2 0 0 801 2626 1427
4664 2 2 0 0 2626 493 1427
4665 2 2 0 0 800 2627 1424
4666 2 2 0 0 2627 493 1424
4667 2 2 0 0 493 2627 1425
4668 2 2 0 0 2627 800 1425
4669 2 2 0 0 800 2628 1425
4670 2 2 0 0 2628 171 1425
4671 2 2 0 0 171 2628 1426
4672 2 2 0 0 2628 800 1426
4673 2 2 0 0 802 2629 1425
4674 2 2 0 0 2629 493 1425
4675 2 2 0 0 493 2629 1427
4676 2 2 0 0 2629 802 1427
4677 2 2 0 0 171 2630 1425
4678 2 2 0 0 2630 802 1425
4679 2 2 0 0 802 2630 1432
4680 2 2 0 0 2630 171 1432
4681 2 2 0 0 804 2631 1426
4682 2 2 0 0 2631 494 1426
4683 2 2 0 0 494 2631 1433
4684 2 2 0 0 2631 804 1433
4685 2 2 0 0 171 2632 1426
4686 2 2 0 0 2632 804 1426
4687 2 2 0 0 804 2632 1436
4688 2 2 0 0 2632 171 1436
4689 2 2 0 0 289 2633 1427
4690 2 2 0 0 2633 801 1427
4691 2 2 0 0 801 2633 1430
4692 2 2 0 0 2633 289 1430
4693 2 2 0 0 802 2634 1427
4694 2 2 0 0 2634 289 1427
4695 2 2 0 0 289 2634 1431
4696 2 2 0 0 2634 802 1431
4697 2 2 0 0 801 2635 1428
4698 2 2 0 0 2635 500 1428
4699 2 2 0 0 500 2635 1430
4700 2 2 0 0 2635 801 1430
4701 2 2 0 0 289 2636 1430
4702 2 2 0 0 2636 1429 1430
4703 2 2 0 0 1429 2636 1454
4704 2 2 0 0 2636 289 1454
4705 2 2 0 0 802 2637 1431
4706 2 2 0 0 2637 499 1431
4707 2 2 0 0 499 2637 1432
4708 2 2 0 0 2637 802 1432
4709 2 2 0 0 813 2638 1431
4710 2 2 0 0 2638 289 1431
4711 2 2 0 0 289 2638 1454
4712 2 2 0 0 2638 813 1454
4713 2 2 0 0 499 2639 1431
4714 2 2 0 0 2639 813 1431
4715 2 2 0 0 813 2639 1453
4716 2 2 0 0 2639 499 1453
4717 2 2 0 0 814 2640 1432
4718 2 2 0 0 2640 171 1432
4719 2 2 0 0 171 2640 1436
4720 2 2 0 0 2640 814 1436
4721 2 2 0 0 499 2641 1432
4722 2 2 0 0 2641 814 1432
4723 2 2 0 0 814 2641 1458
4724 2 2 0 0 2641 499 1458
4725 2 2 0 0 290 2642 1433
4726 2 2 0 0 2642 803 1433
4727 2 2 0 0 803 2642 1434
4728 2 2 0 0 2642 290 1434
4729 2 2 0 0 804 2643 1433
4730 2 2 0 0 2643 290 1433
4731 2 2 0 0 290 2643 1435
4732 2 2 0 0 2643 804 1435
4733 2 2 0 0 812 2644 1434
4734 2 2 0 0 2644 498 1434
4735 2 2 0 0 498 2644 1446
4736 2 2 0 0 2644 812 1446
4737 2 2 0 0 290 2645 1434
4738 2 2 0 0 2645 812 1434
4739 2 2 0 0 812 2645 1452
4740 2 2 0 0 2645 290 1452
4741 2 2 0 0 804 2646 1435
4742 2 2 0 0 2646 504 1435
4743 2 2 0 0 504 2646 1436
4744 2 2 0 0 2646 804 1436
4745 2 2 0 0 816 2647 1435
4746 2 2 0 0 2647 290 1435
4747 2 2 0 0 290 2647 1452
4748 2 2 0 0 2647 816 1452
4749 2 2 0 0 504 2648 1435
4750 2 2 0 0 2648 816 1435
4751 2 2 0 0 816 2648 1464
4752 2 2 0 0 2648 504 1464
4753 2 2 0 0 814 2649 1436
4754 2 2 0 0 2649 504 1436
4755 2 2 0 0 504 2649 1459
4756 2 2 0 0 2649 814 1459
4757 2 2 0 0 136 2650 1437
4758 2 2 0 0 2650 805 1437
4759 2 2 0 0 805 2650 1438
4760 2 2 0 0 2650 136 1438
4761 2 2 0 0 806 2651 1437
4762 2 2 0 0 2651 136 1437
4763 2 2 0 0 136 2651 1439
4764 2 2 0 0 2651 806 1439
4765 2 2 0 0 808 2652 1438
4766 2 2 0 0 2652 496 1438
4767 2 2 0 0 496 2652 1441
4768 2 2 0 0 2652 808 1441
4769 2 2 0 0 136 2653 1438
4770 2 2 0 0 2653 808 1438
4771 2 2 0 0 808 2653 1444
4772 2 2 0 0 2653 136 1444
4773 2 2 0 0 806 2654 1439
4774 2 2 0 0 2654 497 1439
4775 2 2 0 0 497 2654 1440
4776 2 2 0 0 2654 806 1440
4777 2 2 0 0 810 2655 1439
4778 2 2 0 0 2655 136 1439
4779 2 2 0 0 136 2655 1444
4780 2 2 0 0 2655 810 1444
4781 2 2 0 0 497 2656 1439
4782 2 2 0 0 2656 810 1439
4783 2 2 0 0 810 2656 1447
4784 2 2 0 0 2656 497 1447
4785 2 2 0 0 809 2657 1440
4786 2 2 0 0 2657 497 1440
4787 2 2 0 0 497 2657 1445
4788 2 2 0 0 2657 809 1445
4789 2 2 0 0 297 2658 1441
4790 2 2 0 0 2658 807 1441
4791 2 2 0 0 807 2658 1442
4792 2 2 0 0 2658 297 1442
4793 2 2 0 0 808 2659 1441
4794 2 2 0 0 2659 297 1441
4795 2 2 0 0 297 2659 1443
4796 2 2 0 0 2659 808 1443
4797 2 2 0 0 821 2660 1442
4798 2 2 0 0 2660 510 1442
4799 2 2 0 0 510 2660 1474
4800 2 2 0 0 2660 821 1474
4801 2 2 0 0 297 2661 1442
4802 2 2 0 0 2661 821 1442
4803 2 2 0 0 821 2661 1477
4804 2 2 0 0 2661 297 1477
4805 2 2 0 0 808 2662 1443
4806 2 2 0 0 2662 513 1443
4807 2 2 0 0 513 2662 1444
4808 2 2 0 0 2662 808 1444
4809 2 2 0 0 824 2663 1443
4810 2 2 0 0 2663 297 1443
4811 2 2 0 0 297 2663 1477
4812 2 2 0 0 2663 824 1477
4813 2 2 0 0 513 2664 1443
4814 2 2 0 0 2664 824 1443
4815 2 2 0 0 824 2664 1483
4816 2 2 0 0 2664 513 1483
4817 2 2 0 0 810 2665 1444
4818 2 2 0 0 2665 513 1444
4819 2 2 0 0 513 2665 1448
4820 2 2 0 0 2665 810 1448
4821 2 2 0 0 809 2666 1445
4822 2 2 0 0 2666 175 1445
4823 2 2 0 0 175 2666 1446
4824 2 2 0 0 2666 809 1446
4825 2 2 0 0 811 2667 1445
4826 2 2 0 0 2667 497 1445
4827 2 2 0 0 497 2667 1447
4828 2 2 0 0 2667 811 1447
4829 2 2 0 0 175 2668 1445
4830 2 2 0 0 2668 811 1445
4831 2 2 0 0 811 2668 1450
4832 2 2 0 0 2668 175 1450
4833 2 2 0 0 812 2669 1446
4834 2 2 0 0 2669 175 1446
4835 2 2 0 0 175 2669 1451
4836 2 2 0 0 2669 812 1451
4837 2 2 0 0 300 2670 1447
4838 2 2 0 0 2670 810 1447
4839 2 2 0 0 810 2670 1448
4840 2 2 0 0 2670 300 1448
4841 2 2 0 0 811 2671 1447
4842 2 2 0 0 2671 300 1447
4843 2 2 0 0 300 2671 1449
4844 2 2 0 0 2671 811 1449
4845 2 2 0 0 827 2672 1448
4846 2 2 0 0 2672 513 1448
4847 2 2 0 0 513 2672 1483
4848 2 2 0 0 2672 827 1483
4849 2 2 0 0 300 2673 1448
4850 2 2 0 0 2673 827 1448
4851 2 2 0 0 827 2673 1489
4852 2 2 0 0 2673 300 1489
4853 2 2 0 0 811 2674 1449
4854 2 2 0 0 2674 519 1449
4855 2 2 0 0 519 2674 1450
4856 2 2 0 0 2674 811 1450
4857 2 2 0 0 836 2675 1449
4858 2 2 0 0 2675 300 1449
4859 2 2 0 0 300 2675 1489
4860 2 2 0 0 2675 836 1489
4861 2 2 0 0 519 2676 1449
4862 2 2 0 0 2676 836 1449
4863 2 2 0 0 836 2676 1507
4864 2 2 0 0 2676 519 1507
4865 2 2 0 0 818 2677 1450
4866 2 2 0 0 2677 519 1450
4867 2 2 0 0 519 2677 1470
4868 2 2 0 0 2677 818 1470
4869 2 2 0 0 175 2678 1450
4870 2 2 0 0 2678 818 1450
4871 2 2 0 0 818 2678 1451
4872 2 2 0 0 2678 175 1451
4873 2 2 0 0 812 2679 1451
4874 2 2 0 0 2679 505 1451
4875 2 2 0 0 505 2679 1452
4876 2 2 0 0 2679 812 1452
4877 2 2 0 0 505 2680 1451
4878 2 2 0 0 2680 818 1451
4879 2 2 0 0 818 2680 1469
4880 2 2 0 0 2680 505 1469
4881 2 2 0 0 816 2681 1452
4882 2 2 0 0 2681 505 1452
4883 2 2 0 0 505 2681 1465
4884 2 2 0 0 2681 816 1465
4885 2 2 0 0 133 2682 1453
4886 2 2 0 0 2682 813 1453
4887 2 2 0 0 813 2682 1457
4888 2 2 0 0 2682 133 1457
4889 2 2 0 0 815 2683 1453
4890 2 2 0 0 2683 499 1453
4891 2 2 0 0 499 2683 1458
4892 2 2 0 0 2683 815 1458
4893 2 2 0 0 133 2684 1453
4894 2 2 0 0 2684 815 1453
4895 2 2 0 0 815 2684 1463
4896 2 2 0 0 2684 133 1463
4897 2 2 0 0 813 2685 1454
4898 2 2 0 0 2685 503 1454
4899 2 2 0 0 503 2685 1457
4900 2 2 0 0 2685 813 1457
4901 2 2 0 0 2686 1455 1456
4902 2 2 0 0 2686 1455 1462
4903 2 2 0 0 133 2687 1457
4904 2 2 0 0 2687 1456 1457
4905 2 2 0 0 1456 2687 2686
4906 2 2 0 0 2687 133 2686
4907 2 2 0 0 295 2688 1458
4908 2 2 0 0 2688 814 1458
4909 2 2 0 0 814 2688 1459
4910 2 2 0 0 2688 295 1459
4911 2 2 0 0 815 2689 1458
4912 2 2 0 0 2689 295 1458
4913 2 2 0 0 295 2689 1461
4914 2 2 0 0 2689 815 1461
4915 2 2 0 0 817 2690 1459
4916 2 2 0 0 2690 504 1459
4917 2 2 0 0 504 2690 1464
4918 2 2 0 0 2690 817 1464
4919 2 2 0 0 295 2691 1459
4920 2 2 0 0 2691 817 1459
4921 2 2 0 0 817 2691 1468
4922 2 2 0 0 2691 295 1468
4923 2 2 0 0 815 2692 1461
4924 2 2 0 0 2692 509 1461
4925 2 2 0 0 509 2692 1463
4926 2 2 0 0 2692 815 1463
4927 2 2 0 0 1460 2693 1461
4928 2 2 0 0 2693 295 1461
4929 2 2 0 0 295 2693 1468
4930 2 2 0 0 2693 1460 1468
4931 2 2 0 0 133 2694 1463
4932 2 2 0 0 2694 1462 1463
4933 2 2 0 0 1462 2694 2686
4934 2 2 0 0 2694 133 2686
4935 2 2 0 0 144 2695 1464
4936 2 2 0 0 2695 816 1464
4937 2 2 0 0 816 2695 1465
4938 2 2 0 0 2695 144 1465
4939 2 2 0 0 817 2696 1464
4940 2 2 0 0 2696 144 1464
4941 2 2 0 0 144 2696 1467
4942 2 2 0 0 2696 817 1467
4943 2 2 0 0 819 2697 1465
4944 2 2 0 0 2697 505 1465
4945 2 2 0 0 505 2697 1469
4946 2 2 0 0 2697 819 1469
4947 2 2 0 0 144 2698 1465
4948 2 2 0 0 2698 819 1465
4949 2 2 0 0 819 2698 1473
4950 2 2 0 0 2698 144 1473
4951 2 2 0 0 817 2699 1467
4952 2 2 0 0 2699 507 1467
4953 2 2 0 0 507 2699 1468
4954 2 2 0 0 2699 817 1468
4955 2 2 0 0 1466 2700 1467
4956 2 2 0 0 2700 144 1467
4957 2 2 0 0 144 2700 1473
4958 2 2 0 0 2700 1466 1473
4959 2 2 0 0 308 2701 1469
4960 2 2 0 0 2701 818 1469
4961 2 2 0 0 818 2701 1470
4962 2 2 0 0 2701 308 1470
4963 2 2 0 0 819 2702 1469
4964 2 2 0 0 2702 308 1469
4965 2 2 0 0 308 2702 1472
4966 2 2 0 0 2702 819 1472
4967 2 2 0 0 839 2703 1470
4968 2 2 0 0 2703 519 1470
4969 2 2 0 0 519 2703 1507
4970 2 2 0 0 2703 839 1507
4971 2 2 0 0 308 2704 1470
4972 2 2 0 0 2704 839 1470
4973 2 2 0 0 839 2704 1515
4974 2 2 0 0 2704 308 1515
4975 2 2 0 0 819 2705 1472
4976 2 2 0 0 2705 527 1472
4977 2 2 0 0 527 2705 1473
4978 2 2 0 0 2705 819 1473
4979 2 2 0 0 1471 2706 1472
4980 2 2 0 0 2706 308 1472
4981 2 2 0 0 308 2706 1515
4982 2 2 0 0 2706 1471 1515
4983 2 2 0 0 89 2707 1474
4984 2 2 0 0 2707 820 1474
4985 2 2 0 0 89 2707 1475
4986 2 2 0 0 2707 820 1475
4987 2 2 0 0 821 2708 1474
4988 2 2 0 0 2708 89 1474
4989 2 2 0 0 89 2708 1476
4990 2 2 0 0 2708 821 1476
4991 2 2 0 0 822 2709 1475
4992 2 2 0 0 2709 89 1475
4993 2 2 0 0 89 2709 1479
4994 2 2 0 0 2709 822 1479
4995 2 2 0 0 511 2710 1475
4996 2 2 0 0 2710 822 1475
4997 2 2 0 0 822 2710 1478
4998 2 2 0 0 2710 511 1478
4999 2 2 0 0 821 2711 1476
5000 2 2 0 0 2711 512 1476
5001 2 2 0 0 512 2711 1477
5002 2 2 0 0 2711 821 1477
5003 2 2 0 0 825 2712 1476
5004 2 2 0 0 2712 89 1476
5005 2 2 0 0 825 2712 1479
5006 2 2 0 0 2712 89 1479
5007 2 2 0 0 512 2713 1476
5008 2 2 0 0 2713 825 1476
5009 2 2 0 0 825 2713 1484
5010 2 2 0 0 2713 512 1484
5011 2 2 0 0 824 2714 1477
5012 2 2 0 0 2714 512 1477
5013 2 2 0 0 512 2714 1482
5014 2 2 0 0 2714 824 1482
5015 2 2 0 0 298 2715 1478
5016 2 2 0 0 2715 822 1478
5017 2 2 0 0 822 2715 1480
5018 2 2 0 0 2715 298 1480
5019 2 2 0 0 823 2716 1478
5020 2 2 0 0 2716 298 1478
5021 2 2 0 0 298 2716 1481
5022 2 2 0 0 2716 823 1481
5023 2 2 0 0 822 2717 1479
5024 2 2 0 0 2717 515 1479
5025 2 2 0 0 515 2717 1480
5026 2 2 0 0 2717 822 1480
5027 2 2 0 0 515 2718 1479
5028 2 2 0 0 2718 825 1479
5029 2 2 0 0 825 2718 1485
5030 2 2 0 0 2718 515 1485
5031 2 2 0 0 830 2719 1480
5032 2 2 0 0 2719 515 1480
5033 2 2 0 0 515 2719 1494
5034 2 2 0 0 2719 830 1494
5035 2 2 0 0 298 2720 1480
5036 2 2 0 0 2720 830 1480
5037 2 2 0 0 830 2720 1491
5038 2 2 0 0 2720 298 1491
5039 2 2 0 0 828 2721 1481
5040 2 2 0 0 2721 298 1481
5041 2 2 0 0 298 2721 1491
5042 2 2 0 0 2721 828 1491
5043 2 2 0 0 514 2722 1481
5044 2 2 0 0 2722 828 1481
5045 2 2 0 0 828 2722 1490
5046 2 2 0 0 2722 514 1490
5047 2 2 0 0 824 2723 1482
5048 2 2 0 0 2723 174 1482
5049 2 2 0 0 174 2723 1483
5050 2 2 0 0 2723 824 1483
5051 2 2 0 0 826 2724 1482
5052 2 2 0 0 2724 512 1482
5053 2 2 0 0 512 2724 1484
5054 2 2 0 0 2724 826 1484
5055 2 2 0 0 174 2725 1482
5056 2 2 0 0 2725 826 1482
5057 2 2 0 0 826 2725 1487
5058 2 2 0 0 2725 174 1487
5059 2 2 0 0 827 2726 1483
5060 2 2 0 0 2726 174 1483
5061 2 2 0 0 174 2726 1488
5062 2 2 0 0 2726 827 1488
5063 2 2 0 0 301 2727 1484
5064 2 2 0 0 2727 825 1484
5065 2 2 0 0 301 2727 1485
5066 2 2 0 0 2727 825 1485
5067 2 2 0 0 826 2728 1484
5068 2 2 0 0 2728 301 1484
5069 2 2 0 0 301 2728 1486
5070 2 2 0 0 2728 826 1486
5071 2 2 0 0 831 2729 1485
5072 2 2 0 0 2729 301 1485
5073 2 2 0 0 301 2729 1496
5074 2 2 0 0 2729 831 1496
5075 2 2 0 0 515 2730 1485
5076 2 2 0 0 2730 831 1485
5077 2 2 0 0 831 2730 1494
5078 2 2 0 0 2730 515 1494
5079 2 2 0 0 826 2731 1486
5080 2 2 0 0 2731 520 1486
5081 2 2 0 0 520 2731 1487
5082 2 2 0 0 2731 826 1487
5083 2 2 0 0 840 2732 1486
5084 2 2 0 0 2732 301 1486
5085 2 2 0 0 840 2732 1496
5086 2 2 0 0 2732 301 1496
5087 2 2 0 0 520 2733 1486
5088 2 2 0 0 2733 840 1486
5089 2 2 0 0 840 2733 1516
5090 2 2 0 0 2733 520 1516
5091 2 2 0 0 837 2734 1487
5092 2 2 0 0 2734 520 1487
5093 2 2 0 0 520 2734 1509
5094 2 2 0 0 2734 837 1509
5095 2 2 0 0 174 2735 1487
5096 2 2 0 0 2735 837 1487
5097 2 2 0 0 837 2735 1488
5098 2 2 0 0 2735 174 1488
5099 2 2 0 0 827 2736 1488
5100 2 2 0 0 2736 518 1488
5101 2 2 0 0 518 2736 1489
5102 2 2 0 0 2736 827 1489
5103 2 2 0 0 518 2737 1488
5104 2 2 0 0 2737 837 1488
5105 2 2 0 0 837 2737 1508
5106 2 2 0 0 2737 518 1508
5107 2 2 0 0 836 2738 1489
5108 2 2 0 0 2738 518 1489
5109 2 2 0 0 518 2738 1506
5110 2 2 0 0 2738 836 1506
5111 2 2 0 0 140 2739 1490
5112 2 2 0 0 2739 828 1490
5113 2 2 0 0 828 2739 1492
5114 2 2 0 0 2739 140 1492
5115 2 2 0 0 829 2740 1490
5116 2 2 0 0 2740 140 1490
5117 2 2 0 0 140 2740 1493
5118 2 2 0 0 2740 829 1493
5119 2 2 0 0 828 2741 1491
5120 2 2 0 0 2741 516 1491
5121 2 2 0 0 516 2741 1492
5122 2 2 0 0 2741 828 1492
5123 2 2 0 0 516 2742 1491
5124 2 2 0 0 2742 830 1491
5125 2 2 0 0 830 2742 1495
5126 2 2 0 0 2742 516 1495
5127 2 2 0 0 833 2743 1492
5128 2 2 0 0 2743 516 1492
5129 2 2 0 0 516 2743 1498
5130 2 2 0 0 2743 833 1498
5131 2 2 0 0 140 2744 1492
5132 2 2 0 0 2744 833 1492
5133 2 2 0 0 833 2744 1502
5134 2 2 0 0 2744 140 1502
5135 2 2 0 0 834 2745 1493
5136 2 2 0 0 2745 140 1493
5137 2 2 0 0 140 2745 1502
5138 2 2 0 0 2745 834 1502
5139 2 2 0 0 517 2746 1493
5140 2 2 0 0 2746 834 1493
5141 2 2 0 0 834 2746 1503
5142 2 2 0 0 2746 517 1503
5143 2 2 0 0 830 2747 1494
5144 2 2 0 0 2747 179 1494
5145 2 2 0 0 179 2747 1495
5146 2 2 0 0 2747 830 1495
5147 2 2 0 0 179 2748 1494
5148 2 2 0 0 2748 831 1494
5149 2 2 0 0 831 2748 1497
5150 2 2 0 0 2748 179 1497
5151 2 2 0 0 832 2749 1495
5152 2 2 0 0 2749 179 1495
5153 2 2 0 0 179 2749 1499
5154 2 2 0 0 2749 832 1499
5155 2 2 0 0 516 2750 1495
5156 2 2 0 0 2750 832 1495
5157 2 2 0 0 832 2750 1498
5158 2 2 0 0 2750 516 1498
5159 2 2 0 0 831 2751 1496
5160 2 2 0 0 2751 521 1496
5161 2 2 0 0 521 2751 1497
5162 2 2 0 0 2751 831 1497
5163 2 2 0 0 521 2752 1496
5164 2 2 0 0 2752 840 1496
5165 2 2 0 0 840 2752 1517
5166 2 2 0 0 2752 521 1517
5167 2 2 0 0 843 2753 1497
5168 2 2 0 0 2753 521 1497
5169 2 2 0 0 521 2753 1521
5170 2 2 0 0 2753 843 1521
5171 2 2 0 0 179 2754 1497
5172 2 2 0 0 2754 843 1497
5173 2 2 0 0 843 2754 1499
5174 2 2 0 0 2754 179 1499
5175 2 2 0 0 319 2755 1498
5176 2 2 0 0 2755 832 1498
5177 2 2 0 0 832 2755 1500
5178 2 2 0 0 2755 319 1500
5179 2 2 0 0 833 2756 1498
5180 2 2 0 0 2756 319 1498
5181 2 2 0 0 319 2756 1501
5182 2 2 0 0 2756 833 1501
5183 2 2 0 0 832 2757 1499
5184 2 2 0 0 2757 544 1499
5185 2 2 0 0 544 2757 1500
5186 2 2 0 0 2757 832 1500
5187 2 2 0 0 544 2758 1499
5188 2 2 0 0 2758 843 1499
5189 2 2 0 0 843 2758 1525
5190 2 2 0 0 2758 544 1525
5191 2 2 0 0 864 2759 1500
5192 2 2 0 0 2759 544 1500
5193 2 2 0 0 544 2759 1574
5194 2 2 0 0 2759 864 1574
5195 2 2 0 0 319 2760 1500
5196 2 2 0 0 2760 864 1500
5197 2 2 0 0 864 2760 1552
5198 2 2 0 0 2760 319 1552
5199 2 2 0 0 833 2761 1501
5200 2 2 0 0 2761 536 1501
5201 2 2 0 0 536 2761 1502
5202 2 2 0 0 2761 833 1502
5203 2 2 0 0 855 2762 1501
5204 2 2 0 0 2762 319 1501
5205 2 2 0 0 319 2762 1552
5206 2 2 0 0 2762 855 1552
5207 2 2 0 0 536 2763 1501
5208 2 2 0 0 2763 855 1501
5209 2 2 0 0 855 2763 1550
5210 2 2 0 0 2763 536 1550
5211 2 2 0 0 834 2764 1502
5212 2 2 0 0 2764 536 1502
5213 2 2 0 0 536 2764 1504
5214 2 2 0 0 2764 834 1504
5215 2 2 0 0 315 2765 1503
5216 2 2 0 0 2765 834 1503
5217 2 2 0 0 834 2765 1504
5218 2 2 0 0 2765 315 1504
5219 2 2 0 0 835 2766 1503
5220 2 2 0 0 2766 315 1503
5221 2 2 0 0 315 2766 1505
5222 2 2 0 0 2766 835 1505
5223 2 2 0 0 854 2767 1504
5224 2 2 0 0 2767 536 1504
5225 2 2 0 0 536 2767 1550
5226 2 2 0 0 2767 854 1550
5227 2 2 0 0 315 2768 1504
5228 2 2 0 0 2768 854 1504
5229 2 2 0 0 854 2768 1544
5230 2 2 0 0 2768 315 1544
5231 2 2 0 0 851 2769 1505
5232 2 2 0 0 2769 315 1505
5233 2 2 0 0 315 2769 1544
5234 2 2 0 0 2769 851 1544
5235 2 2 0 0 534 2770 1505
5236 2 2 0 0 2770 851 1505
5237 2 2 0 0 851 2770 1542
5238 2 2 0 0 2770 534 1542
5239 2 2 0 0 836 2771 1506
5240 2 2 0 0 2771 114 1506
5241 2 2 0 0 114 2771 1507
5242 2 2 0 0 2771 836 1507
5243 2 2 0 0 838 2772 1506
5244 2 2 0 0 2772 518 1506
5245 2 2 0 0 518 2772 1508
5246 2 2 0 0 2772 838 1508
5247 2 2 0 0 114 2773 1506
5248 2 2 0 0 2773 838 1506
5249 2 2 0 0 838 2773 1513
5250 2 2 0 0 2773 114 1513
5251 2 2 0 0 839 2774 1507
5252 2 2 0 0 2774 114 1507
5253 2 2 0 0 114 2774 1514
5254 2 2 0 0 2774 839 1514
5255 2 2 0 0 306 2775 1508
5256 2 2 0 0 2775 837 1508
5257 2 2 0 0 837 2775 1509
5258 2 2 0 0 2775 306 1509
5259 2 2 0 0 838 2776 1508
5260 2 2 0 0 2776 306 1508
5261 2 2 0 0 306 2776 1511
5262 2 2 0 0 2776 838 1511
5263 2 2 0 0 841 2777 1509
5264 2 2 0 0 2777 520 1509
5265 2 2 0 0 520 2777 1516
5266 2 2 0 0 2777 841 1516
5267 2 2 0 0 306 2778 1509
5268 2 2 0 0 2778 841 1509
5269 2 2 0 0 841 2778 1520
5270 2 2 0 0 2778 306 1520
5271 2 2 0 0 838 2779 1511
5272 2 2 0 0 2779 525 1511
5273 2 2 0 0 525 2779 1513
5274 2 2 0 0 2779 838 1513
5275 2 2 0 0 1510 2780 1511
5276 2 2 0 0 2780 306 1511
5277 2 2 0 0 306 2780 1520
5278 2 2 0 0 2780 1510 1520
5279 2 2 0 0 114 2781 1513
5280 2 2 0 0 2781 1512 1513
5281 2 2 0 0 1512 2781 1514
5282 2 2 0 0 2781 114 1514
5283 2 2 0 0 839 2782 1514
5284 2 2 0 0 2782 526 1514
5285 2 2 0 0 526 2782 1515
5286 2 2 0 0 2782 839 1515
5287 2 2 0 0 143 2783 1516
5288 2 2 0 0 2783 840 1516
5289 2 2 0 0 143 2783 1517
5290 2 2 0 0 2783 840 1517
5291 2 2 0 0 841 2784 1516
5292 2 2 0 0 2784 143 1516
5293 2 2 0 0 143 2784 1519
5294 2 2 0 0 2784 841 1519
5295 2 2 0 0 842 2785 1517
5296 2 2 0 0 2785 143 1517
5297 2 2 0 0 143 2785 1522
5298 2 2 0 0 2785 842 1522
5299 2 2 0 0 521 2786 1517
5300 2 2 0 0 2786 842 1517
5301 2 2 0 0 842 2786 1521
5302 2 2 0 0 2786 521 1521
5303 2 2 0 0 841 2787 1519
5304 2 2 0 0 2787 523 1519
5305 2 2 0 0 523 2787 1520
5306 2 2 0 0 2787 841 1520
5307 2 2 0 0 1518 2788 1519
5308 2 2 0 0 2788 143 1519
5309 2 2 0 0 1518 2788 1522
5310 2 2 0 0 2788 143 1522
5311 2 2 0 0 323 2789 1521
5312 2 2 0 0 2789 842 1521
5313 2 2 0 0 842 2789 1524
5314 2 2 0 0 2789 323 1524
5315 2 2 0 0 843 2790 1521
5316 2 2 0 0 2790 323 1521
5317 2 2 0 0 323 2790 1525
5318 2 2 0 0 2790 843 1525
5319 2 2 0 0 842 2791 1522
5320 2 2 0 0 2791 546 1522
5321 2 2 0 0 546 2791 1524
5322 2 2 0 0 2791 842 1524
5323 2 2 0 0 323 2792 1524
5324 2 2 0 0 2792 1523 1524
5325 2 2 0 0 1523 2792 1576
5326 2 2 0 0 2792 323 1576
5327 2 2 0 0 865 2793 1525
5328 2 2 0 0 2793 323 1525
5329 2 2 0 0 323 2793 1576
5330 2 2 0 0 2793 865 1576
5331 2 2 0 0 544 2794 1525
5332 2 2 0 0 2794 865 1525
5333 2 2 0 0 865 2794 1574
5334 2 2 0 0 2794 544 1574
5335 2 2 0 0 844 2795 1526
5336 2 2 0 0 2795 111 1526
5337 2 2 0 0 111 2795 1528
5338 2 2 0 0 2795 844 1528
5339 2 2 0 0 111 2796 1526
5340 2 2 0 0 2796 845 1526
5341 2 2 0 0 845 2796 1531
5342 2 2 0 0 2796 111 1531
5343 2 2 0 0 844 2797 1528
5344 2 2 0 0 2797 530 1528
5345 2 2 0 0 530 2797 1529
5346 2 2 0 0 2797 844 1529
5347 2 2 0 0 111 2798 1528
5348 2 2 0 0 2798 1527 1528
5349 2 2 0 0 1527 2798 1537
5350 2 2 0 0 2798 111 1537
5351 2 2 0 0 845 2799 1530
5352 2 2 0 0 2799 533 1530
5353 2 2 0 0 533 2799 1531
5354 2 2 0 0 2799 845 1531
5355 2 2 0 0 533 2800 1530
5356 2 2 0 0 2800 846 1530
5357 2 2 0 0 846 2800 1533
5358 2 2 0 0 2800 533 1533
5359 2 2 0 0 848 2801 1531
5360 2 2 0 0 2801 111 1531
5361 2 2 0 0 111 2801 1537
5362 2 2 0 0 2801 848 1537
5363 2 2 0 0 533 2802 1531
5364 2 2 0 0 2802 848 1531
5365 2 2 0 0 848 2802 1536
5366 2 2 0 0 2802 533 1536
5367 2 2 0 0 846 2803 1532
5368 2 2 0 0 2803 178 1532
5369 2 2 0 0 178 2803 1533
5370 2 2 0 0 2803 846 1533
5371 2 2 0 0 178 2804 1532
5372 2 2 0 0 2804 847 1532
5373 2 2 0 0 847 2804 1535
5374 2 2 0 0 2804 178 1535
5375 2 2 0 0 849 2805 1533
5376 2 2 0 0 2805 533 1533
5377 2 2 0 0 533 2805 1536
5378 2 2 0 0 2805 849 1536
5379 2 2 0 0 178 2806 1533
5380 2 2 0 0 2806 849 1533
5381 2 2 0 0 849 2806 1541
5382 2 2 0 0 2806 178 1541
5383 2 2 0 0 847 2807 1534
5384 2 2 0 0 2807 535 1534
5385 2 2 0 0 535 2807 1535
5386 2 2 0 0 2807 847 1535
5387 2 2 0 0 535 2808 1534
5388 2 2 0 0 2808 850 1534
5389 2 2 0 0 850 2808 1543
5390 2 2 0 0 2808 535 1543
5391 2 2 0 0 852 2809 1535
5392 2 2 0 0 2809 178 1535
5393 2 2 0 0 178 2809 1541
5394 2 2 0 0 2809 852 1541
5395 2 2 0 0 535 2810 1535
5396 2 2 0 0 2810 852 1535
5397 2 2 0 0 852 2810 1546
5398 2 2 0 0 2810 535 1546
5399 2 2 0 0 317 2811 1536
5400 2 2 0 0 2811 848 1536
5401 2 2 0 0 848 2811 1539
5402 2 2 0 0 2811 317 1539
5403 2 2 0 0 849 2812 1536
5404 2 2 0 0 2812 317 1536
5405 2 2 0 0 317 2812 1540
5406 2 2 0 0 2812 849 1540
5407 2 2 0 0 848 2813 1537
5408 2 2 0 0 2813 539 1537
5409 2 2 0 0 539 2813 1539
5410 2 2 0 0 2813 848 1539
5411 2 2 0 0 317 2814 1539
5412 2 2 0 0 2814 1538 1539
5413 2 2 0 0 1538 2814 1559
5414 2 2 0 0 2814 317 1559
5415 2 2 0 0 849 2815 1540
5416 2 2 0 0 2815 538 1540
5417 2 2 0 0 538 2815 1541
5418 2 2 0 0 2815 849 1541
5419 2 2 0 0 858 2816 1540
5420 2 2 0 0 2816 317 1540
5421 2 2 0 0 317 2816 1559
5422 2 2 0 0 2816 858 1559
5423 2 2 0 0 538 2817 1540
5424 2 2 0 0 2817 858 1540
5425 2 2 0 0 858 2817 1558
5426 2 2 0 0 2817 538 1558
5427 2 2 0 0 852 2818 1541
5428 2 2 0 0 2818 538 1541
5429 2 2 0 0 538 2818 1547
5430 2 2 0 0 2818 852 1547
5431 2 2 0 0 850 2819 1542
5432 2 2 0 0 2819 85 1542
5433 2 2 0 0 85 2819 1543
5434 2 2 0 0 2819 850 1543
5435 2 2 0 0 85 2820 1542
5436 2 2 0 0 2820 851 1542
5437 2 2 0 0 851 2820 1545
5438 2 2 0 0 2820 85 1545
5439 2 2 0 0 853 2821 1543
5440 2 2 0 0 2821 535 1543
5441 2 2 0 0 535 2821 1546
5442 2 2 0 0 2821 853 1546
5443 2 2 0 0 85 2822 1543
5444 2 2 0 0 2822 853 1543
5445 2 2 0 0 853 2822 1549
5446 2 2 0 0 2822 85 1549
5447 2 2 0 0 851 2823 1544
5448 2 2 0 0 2823 537 1544
5449 2 2 0 0 537 2823 1545
5450 2 2 0 0 2823 851 1545
5451 2 2 0 0 537 2824 1544
5452 2 2 0 0 2824 854 1544
5453 2 2 0 0 854 2824 1551
5454 2 2 0 0 2824 537 1551
5455 2 2 0 0 856 2825 1545
5456 2 2 0 0 2825 85 1545
5457 2 2 0 0 85 2825 1549
5458 2 2 0 0 2825 856 1549
5459 2 2 0 0 537 2826 1545
5460 2 2 0 0 2826 856 1545
5461 2 2 0 0 856 2826 1554
5462 2 2 0 0 2826 537 1554
5463 2 2 0 0 318 2827 1546
5464 2 2 0 0 2827 852 1546
5465 2 2 0 0 852 2827 1547
5466 2 2 0 0 2827 318 1547
5467 2 2 0 0 853 2828 1546
5468 2 2 0 0 2828 318 1546
5469 2 2 0 0 318 2828 1548
5470 2 2 0 0 2828 853 1548
5471 2 2 0 0 859 2829 1547
5472 2 2 0 0 2829 538 1547
5473 2 2 0 0 538 2829 1558
5474 2 2 0 0 2829 859 1558
5475 2 2 0 0 318 2830 1547
5476 2 2 0 0 2830 859 1547
5477 2 2 0 0 859 2830 1563
5478 2 2 0 0 2830 318 1563
5479 2 2 0 0 853 2831 1548
5480 2 2 0 0 2831 543 1548
5481 2 2 0 0 543 2831 1549
5482 2 2 0 0 2831 853 1549
5483 2 2 0 0 860 2832 1548
5484 2 2 0 0 2832 318 1548
5485 2 2 0 0 318 2832 1563
5486 2 2 0 0 2832 860 1563
5487 2 2 0 0 543 2833 1548
5488 2 2 0 0 2833 860 1548
5489 2 2 0 0 860 2833 1565
5490 2 2 0 0 2833 543 1565
5491 2 2 0 0 856 2834 1549
5492 2 2 0 0 2834 543 1549
5493 2 2 0 0 543 2834 1555
5494 2 2 0 0 2834 856 1555
5495 2 2 0 0 854 2835 1550
5496 2 2 0 0 2835 180 1550
5497 2 2 0 0 180 2835 1551
5498 2 2 0 0 2835 854 1551
5499 2 2 0 0 180 2836 1550
5500 2 2 0 0 2836 855 1550
5501 2 2 0 0 855 2836 1553
5502 2 2 0 0 2836 180 1553
5503 2 2 0 0 857 2837 1551
5504 2 2 0 0 2837 537 1551
5505 2 2 0 0 537 2837 1554
5506 2 2 0 0 2837 857 1554
5507 2 2 0 0 180 2838 1551
5508 2 2 0 0 2838 857 1551
5509 2 2 0 0 857 2838 1557
5510 2 2 0 0 2838 180 1557
5511 2 2 0 0 855 2839 1552
5512 2 2 0 0 2839 545 1552
5513 2 2 0 0 545 2839 1553
5514 2 2 0 0 2839 855 1553
5515 2 2 0 0 545 2840 1552
5516 2 2 0 0 2840 864 1552
5517 2 2 0 0 864 2840 1575
5518 2 2 0 0 2840 545 1575
5519 2 2 0 0 866 2841 1553
5520 2 2 0 0 2841 180 1553
5521 2 2 0 0 180 2841 1557
5522 2 2 0 0 2841 866 1557
5523 2 2 0 0 545 2842 1553
5524 2 2 0 0 2842 866 1553
5525 2 2 0 0 866 2842 1579
5526 2 2 0 0 2842 545 1579
5527 2 2 0 0 324 2843 1554
5528 2 2 0 0 2843 856 1554
5529 2 2 0 0 856 2843 1555
5530 2 2 0 0 2843 324 1555
5531 2 2 0 0 857 2844 1554
5532 2 2 0 0 2844 324 1554
5533 2 2 0 0 324 2844 1556
5534 2 2 0 0 2844 857 1556
5535 2 2 0 0 863 2845 1555
5536 2 2 0 0 2845 543 1555
5537 2 2 0 0 543 2845 1565
5538 2 2 0 0 2845 863 1565
5539 2 2 0 0 324 2846 1555
5540 2 2 0 0 2846 863 1555
5541 2 2 0 0 863 2846 1573
5542 2 2 0 0 2846 324 1573
5543 2 2 0 0 857 2847 1556
5544 2 2 0 0 2847 549 1556
5545 2 2 0 0 549 2847 1557
5546 2 2 0 0 2847 857 1557
5547 2 2 0 0 868 2848 1556
5548 2 2 0 0 2848 324 1556
5549 2 2 0 0 324 2848 1573
5550 2 2 0 0 2848 868 1573
5551 2 2 0 0 549 2849 1556
5552 2 2 0 0 2849 868 1556
5553 2 2 0 0 868 2849 1584
5554 2 2 0 0 2849 549 1584
5555 2 2 0 0 866 2850 1557
5556 2 2 0 0 2850 549 1557
5557 2 2 0 0 549 2850 1580
5558 2 2 0 0 2850 866 1580
5559 2 2 0 0 142 2851 1558
5560 2 2 0 0 2851 858 1558
5561 2 2 0 0 858 2851 1561
5562 2 2 0 0 2851 142 1561
5563 2 2 0 0 859 2852 1558
5564 2 2 0 0 2852 142 1558
5565 2 2 0 0 142 2852 1562
5566 2 2 0 0 2852 859 1562
5567 2 2 0 0 858 2853 1559
5568 2 2 0 0 2853 541 1559
5569 2 2 0 0 541 2853 1561
5570 2 2 0 0 2853 858 1561
5571 2 2 0 0 142 2854 1561
5572 2 2 0 0 2854 1560 1561
5573 2 2 0 0 1560 2854 1567
5574 2 2 0 0 2854 142 1567
5575 2 2 0 0 859 2855 1562
5576 2 2 0 0 2855 542 1562
5577 2 2 0 0 542 2855 1563
5578 2 2 0 0 2855 859 1563
5579 2 2 0 0 861 2856 1562
5580 2 2 0 0 2856 142 1562
5581 2 2 0 0 142 2856 1567
5582 2 2 0 0 2856 861 1567
5583 2 2 0 0 542 2857 1562
5584 2 2 0 0 2857 861 1562
5585 2 2 0 0 861 2857 1566
5586 2 2 0 0 2857 542 1566
5587 2 2 0 0 860 2858 1563
5588 2 2 0 0 2858 542 1563
5589 2 2 0 0 542 2858 1564
5590 2 2 0 0 2858 860 1564
5591 2 2 0 0 860 2859 1564
5592 2 2 0 0 2859 181 1564
5593 2 2 0 0 181 2859 1565
5594 2 2 0 0 2859 860 1565
5595 2 2 0 0 862 2860 1564
5596 2 2 0 0 2860 542 1564
5597 2 2 0 0 542 2860 1566
5598 2 2 0 0 2860 862 1566
5599 2 2 0 0 181 2861 1564
5600 2 2 0 0 2861 862 1564
5601 2 2 0 0 862 2861 1571
5602 2 2 0 0 2861 181 1571
5603 2 2 0 0 863 2862 1565
5604 2 2 0 0 2862 181 1565
5605 2 2 0 0 181 2862 1572
5606 2 2 0 0 2862 863 1572
5607 2 2 0 0 332 2863 1566
5608 2 2 0 0 2863 861 1566
5609 2 2 0 0 861 2863 1569
5610 2 2 0 0 2863 332 1569
5611 2 2 0 0 862 2864 1566
5612 2 2 0 0 2864 332 1566
5613 2 2 0 0 332 2864 1570
5614 2 2 0 0 2864 862 1570
5615 2 2 0 0 861 2865 1567
5616 2 2 0 0 2865 555 1567
5617 2 2 0 0 555 2865 1569
5618 2 2 0 0 2865 861 1569
5619 2 2 0 0 332 2866 1569
5620 2 2 0 0 2866 1568 1569
5621 2 2 0 0 1568 2866 1595
5622 2 2 0 0 2866 332 1595
5623 2 2 0 0 862 2867 1570
5624 2 2 0 0 2867 554 1570
5625 2 2 0 0 554 2867 1571
5626 2 2 0 0 2867 862 1571
5627 2 2 0 0 872 2868 1570
5628 2 2 0 0 2868 332 1570
5629 2 2 0 0 332 2868 1595
5630 2 2 0 0 2868 872 1595
5631 2 2 0 0 554 2869 1570
5632 2 2 0 0 2869 872 1570
5633 2 2 0 0 872 2869 1594
5634 2 2 0 0 2869 554 1594
5635 2 2 0 0 870 2870 1571
5636 2 2 0 0 2870 554 1571
5637 2 2 0 0 554 2870 1590
5638 2 2 0 0 2870 870 1590
5639 2 2 0 0 181 2871 1571
5640 2 2 0 0 2871 870 1571
5641 2 2 0 0 870 2871 1572
5642 2 2 0 0 2871 181 1572
5643 2 2 0 0 863 2872 1572
5644 2 2 0 0 2872 550 1572
5645 2 2 0 0 550 2872 1573
5646 2 2 0 0 2872 863 1573
5647 2 2 0 0 550 2873 1572
5648 2 2 0 0 2873 870 1572
5649 2 2 0 0 870 2873 1589
5650 2 2 0 0 2873 550 1589
5651 2 2 0 0 868 2874 1573
5652 2 2 0 0 2874 550 1573
5653 2 2 0 0 550 2874 1585
5654 2 2 0 0 2874 868 1585
5655 2 2 0 0 864 2875 1574
5656 2 2 0 0 2875 117 1574
5657 2 2 0 0 117 2875 1575
5658 2 2 0 0 2875 864 1575
5659 2 2 0 0 117 2876 1574
5660 2 2 0 0 2876 865 1574
5661 2 2 0 0 865 2876 1578
5662 2 2 0 0 2876 117 1578
5663 2 2 0 0 867 2877 1575
5664 2 2 0 0 2877 545 1575
5665 2 2 0 0 545 2877 1579
5666 2 2 0 0 2877 867 1579
5667 2 2 0 0 117 2878 1575
5668 2 2 0 0 2878 867 1575
5669 2 2 0 0 867 2878 1583
5670 2 2 0 0 2878 117 1583
5671 2 2 0 0 865 2879 1576
5672 2 2 0 0 2879 548 1576
5673 2 2 0 0 548 2879 1578
5674 2 2 0 0 2879 865 1578
5675 2 2 0 0 1577 2880 1578
5676 2 2 0 0 2880 117 1578
5677 2 2 0 0 117 2880 1583
5678 2 2 0 0 2880 1577 1583
5679 2 2 0 0 326 2881 1579
5680 2 2 0 0 2881 866 1579
5681 2 2 0 0 866 2881 1580
5682 2 2 0 0 2881 326 1580
5683 2 2 0 0 867 2882 1579
5684 2 2 0 0 2882 326 1579
5685 2 2 0 0 326 2882 1582
5686 2 2 0 0 2882 867 1582
5687 2 2 0 0 869 2883 1580
5688 2 2 0 0 2883 549 1580
5689 2 2 0 0 549 2883 1584
5690 2 2 0 0 2883 869 1584
5691 2 2 0 0 326 2884 1580
5692 2 2 0 0 2884 869 1580
5693 2 2 0 0 869 2884 1588
5694 2 2 0 0 2884 326 1588
5695 2 2 0 0 867 2885 1582
5696 2 2 0 0 2885 553 1582
5697 2 2 0 0 553 2885 1583
5698 2 2 0 0 2885 867 1583
5699 2 2 0 0 1581 2886 1582
5700 2 2 0 0 2886 326 1582
5701 2 2 0 0 326 2886 1588
5702 2 2 0 0 2886 1581 1588
5703 2 2 0 0 145 2887 1584
5704 2 2 0 0 2887 868 1584
5705 2 2 0 0 868 2887 1585
5706 2 2 0 0 2887 145 1585
5707 2 2 0 0 869 2888 1584
5708 2 2 0 0 2888 145 1584
5709 2 2 0 0 145 2888 1587
5710 2 2 0 0 2888 869 1587
5711 2 2 0 0 871 2889 1585
5712 2 2 0 0 2889 550 1585
5713 2 2 0 0 550 2889 1589
5714 2 2 0 0 2889 871 1589
5715 2 2 0 0 145 2890 1585
5716 2 2 0 0 2890 871 1585
5717 2 2 0 0 871 2890 1593
5718 2 2 0 0 2890 145 1593
5719 2 2 0 0 869 2891 1587
5720 2 2 0 0 2891 552 1587
5721 2 2 0 0 552 2891 1588
5722 2 2 0 0 2891 869 1588
5723 2 2 0 0 1586 2892 1587
5724 2 2 0 0 2892 145 1587
5725 2 2 0 0 145 2892 1593
5726 2 2 0 0 2892 1586 1593
5727 2 2 0 0 337 2893 1589
5728 2 2 0 0 2893 870 1589
5729 2 2 0 0 870 2893 1590
5730 2 2 0 0 2893 337 1590
5731 2 2 0 0 871 2894 1589
5732 2 2 0 0 2894 337 1589
5733 2 2 0 0 337 2894 1592
5734 2 2 0 0 2894 871 1592
5735 2 2 0 0 873 2895 1590
5736 2 2 0 0 2895 554 1590
5737 2 2 0 0 554 2895 1594
5738 2 2 0 0 2895 873 1594
5739 2 2 0 0 337 2896 1590
5740 2 2 0 0 2896 873 1590
5741 2 2 0 0 873 2896 1601
5742 2 2 0 0 2896 337 1601
5743 2 2 0 0 871 2897 1592
5744 2 2 0 0 2897 561 1592
5745 2 2 0 0 561 2897 1593
5746 2 2 0 0 2897 871 1593
5747 2 2 0 0 1591 2898 1592
5748 2 2 0 0 2898 337 1592
5749 2 2 0 0 337 2898 1601
5750 2 2 0 0 2898 1591 1601
5751 2 2 0 0 141 2899 1594
5752 2 2 0 0 2899 872 1594
5753 2 2 0 0 872 2899 1598
5754 2 2 0 0 2899 141 1598
5755 2 2 0 0 873 2900 1594
5756 2 2 0 0 2900 141 1594
5757 2 2 0 0 141 2900 1600
5758 2 2 0 0 2900 873 1600
5759 2 2 0 0 872 2901 1595
5760 2 2 0 0 2901 558 1595
5761 2 2 0 0 558 2901 1598
5762 2 2 0 0 2901 872 1598
5763 2 2 0 0 2902 1596 1597
5764 2 2 0 0 1596 2902 1599
5765 2 2 0 0 141 2903 1598
5766 2 2 0 0 2903 1597 1598
5767 2 2 0 0 1597 2903 2902
5768 2 2 0 0 2903 141 2902
5769 2 2 0 0 873 2904 1600
5770 2 2 0 0 2904 560 1600
5771 2 2 0 0 560 2904 1601
5772 2 2 0 0 2904 873 1601
5773 2 2 0 0 1599 2905 1600
5774 2 2 0 0 2905 141 1600
5775 2 2 0 0 141 2905 2902
5776 2 2 0 0 2905 1599 2902
$EndElements
