$MeshFormat
2.2 0 8
$EndMeshFormat
$Nodes
2742
1 0 0 0
2 0 0.125 0
3 0.125 0 0
4 0.125 0.125 0
5 0.25 0 0
6 0 0.25 0
7 0.25 0.125 0
8 0.125 0.25 0
9 0.375 0 0
10 0 0.375 0
11 0.375 0.125 0
12 0.25 0.25 0
13 0.125 0.375 0
14 0.5 0 0
15 0 0.5 0
16 0.5 0.125 0
17 0.375 0.25 0
18 0.25 0.375 0
19 0.125 0.5 0
20 0.625 0 0
21 0 0.625 0
22 0.625 0.125 0
23 0.5 0.25 0
24 0.375 0.375 0
25 0.25 0.5 0
26 0.125 0.625 0
27 0.75 0 0
28 0 0.75 0
29 0.75 0.125 0
30 0.625 0.25 0
31 0.5 0.375 0
32 0.375 0.5 0
33 0.25 0.625 0
34 0.125 0.75 0
35 0.875 0 0
36 0 0.875 0
37 0.875 0.125 0
38 0.75 0.25 0
39 0.625 0.375 0
40 0.5 0.5 0
41 0.375 0.625 0
42 0.25 0.75 0
43 0.125 0.875 0
44 1 0 0
45 0 1 0
46 1 0.125 0
47 0.875 0.25 0
48 0.75 0.375 0
49 0.625 0.5 0
50 0.5 0.625 0
51 0.375 0.75 0
52 0.25 0.875 0
53 0.125 1 0
54 1 0.25 0
55 0.875 0.375 0
56 0.75 0.5 0
57 0.625 0.625 0
58 0.5 0.75 0
59 0.375 0.875 0
60 0.25 1 0
61 1 0.375 0
62 0.875 0.5 0
63 0.75 0.625 0
64 0.625 0.75 0
65 0.5 0.875 0
66 0.375 1 0
67 1 0.5 0
68 0.875 0.625 0
69 0.75 0.75 0
70 0.625 0.875 0
71 0.5 1 0
72 1 0.625 0
73 0.875 0.75 0
74 0.75 0.875 0
75 0.625 1 0
76 1 0.75 0
77 0.875 0.875 0
78 0.75 1 0
79 1 0.875 0
80 0.875 1 0
81 1 1 0
82 0.3125 0.3125 0
83 0.4375 0.3125 0
84 0.5625 0.3125 0
85 0.5625 0.4375 0
86 0.4375 0.5625 0
87 0.6875 0.4375 0
88 0.5625 0.5625 0
89 0.4375 0.6875 0
90 0.6875 0.5625 0
91 0.3125 0.4375 0
92 0.4375 0.4375 0
93 0.3125 0.5625 0
94 0.375 0.3125 0
95 0.3125 0.375 0
96 0.5 0.3125 0
97 0.5625 0.5 0
98 0.5 0.5625 0
99 0.375 0.5625 0
100 0.6875 0.3125 0
101 0.6875 0.375 0
102 0.5625 0.6875 0
103 0.5625 0.625 0
104 0.4375 0.625 0
105 0.3125 0.6875 0
106 0.375 0.6875 0
107 0.5 0.6875 0
108 0.6875 0.5 0
109 0.625 0.5625 0
110 0.4375 0.375 0
111 0.375 0.4375 0
112 0.4375 0.5 0
113 0.40625 0.34375 0
114 0.34375 0.34375 0
115 0.46875 0.34375 0
116 0.5625 0.375 0
117 0.53125 0.34375 0
118 0.53125 0.53125 0
119 0.46875 0.59375 0
120 0.46875 0.53125 0
121 0.53125 0.59375 0
122 0.40625 0.59375 0
123 0.3125 0.5 0
124 0.34375 0.53125 0
125 0.6875 0.6875 0
126 0.625 0.6875 0
127 0.59375 0.65625 0
128 0.40625 0.65625 0
129 0.46875 0.65625 0
130 0.65625 0.53125 0
131 0.6875 0.625 0
132 0.65625 0.59375 0
133 0.625 0.4375 0
134 0.3125 0.625 0
135 0.40625 0.53125 0
136 0.625 0.3125 0
137 0.65625 0.34375 0
138 0.59375 0.59375 0
139 0.34375 0.46875 0
140 0.4375 0.1875 0
141 0.4375 0.25 0
142 0.40625 0.28125 0
143 0.40625 0.3125 0
144 0.40625 0.40625 0
145 0.40625 0.375 0
146 0.34375 0.40625 0
147 0.34375 0.375 0
148 0.1875 0.3125 0
149 0.25 0.3125 0
150 0.28125 0.34375 0
151 0.3125 0.34375 0
152 0.5 0.4375 0
153 0.53125 0.40625 0
154 0.53125 0.375 0
155 0.53125 0.46875 0
156 0.53125 0.5 0
157 0.5 0.53125 0
158 0.46875 0.5625 0
159 0.46875 0.46875 0
160 0.46875 0.5 0
161 0.5 0.59375 0
162 0.40625 0.5625 0
163 0.34375 0.59375 0
164 0.34375 0.5625 0
165 0.65625 0.65625 0
166 0.5625 0.8125 0
167 0.5625 0.75 0
168 0.59375 0.71875 0
169 0.59375 0.6875 0
170 0.40625 0.625 0
171 0.65625 0.46875 0
172 0.65625 0.5 0
173 0.65625 0.5625 0
174 0.625 0.59375 0
175 0.59375 0.53125 0
176 0.65625 0.40625 0
177 0.53125 0.65625 0
178 0.34375 0.65625 0
179 0.40625 0.46875 0
180 0.375 0.34375 0
181 0.59375 0.34375 0
182 0.59375 0.40625 0
183 0.5 0.34375 0
184 0.53125 0.5625 0
185 0.4375 0.59375 0
186 0.625 0.65625 0
187 0.46875 0.625 0
188 0.5 0.65625 0
189 0.4375 0.8125 0
190 0.4375 0.75 0
191 0.46875 0.71875 0
192 0.46875 0.6875 0
193 0.375 0.53125 0
194 0.65625 0.375 0
195 0.34375 0.4375 0
196 0.390625 0.328125 0
197 0.46875 0.28125 0
198 0.4375 0.28125 0
199 0.421875 0.296875 0
200 0.3125 0.1875 0
201 0.3125 0.25 0
202 0.34375 0.28125 0
203 0.375 0.28125 0
204 0.390625 0.296875 0
205 0.40625 0.4375 0
206 0.390625 0.359375 0
207 0.4375 0.34375 0
208 0.421875 0.359375 0
209 0.1875 0.4375 0
210 0.25 0.4375 0
211 0.28125 0.40625 0
212 0.3125 0.40625 0
213 0.375 0.40625 0
214 0.359375 0.390625 0
215 0.34375 0.3125 0
216 0.328125 0.328125 0
217 0.328125 0.359375 0
218 0.28125 0.28125 0
219 0.28125 0.3125 0
220 0.296875 0.328125 0
221 0.53125 0.4375 0
222 0.515625 0.359375 0
223 0.5625 0.34375 0
224 0.546875 0.359375 0
225 0.59375 0.46875 0
226 0.5625 0.46875 0
227 0.546875 0.484375 0
228 0.515625 0.515625 0
229 0.484375 0.515625 0
230 0.4375 0.53125 0
231 0.453125 0.546875 0
232 0.484375 0.578125 0
233 0.46875 0.40625 0
234 0.46875 0.4375 0
235 0.4375 0.46875 0
236 0.453125 0.484375 0
237 0.53125 0.625 0
238 0.515625 0.609375 0
239 0.515625 0.578125 0
240 0.484375 0.609375 0
241 0.1875 0.5625 0
242 0.25 0.5625 0
243 0.28125 0.53125 0
244 0.3125 0.53125 0
245 0.328125 0.546875 0
246 0.359375 0.546875 0
247 0.6875 0.8125 0
248 0.6875 0.75 0
249 0.65625 0.71875 0
250 0.65625 0.6875 0
251 0.65625 0.625 0
252 0.5625 0.65625 0
253 0.578125 0.671875 0
254 0.4375 0.65625 0
255 0.421875 0.640625 0
256 0.421875 0.609375 0
257 0.8125 0.4375 0
258 0.75 0.4375 0
259 0.71875 0.46875 0
260 0.6875 0.46875 0
261 0.65625 0.4375 0
262 0.671875 0.484375 0
263 0.8125 0.5625 0
264 0.75 0.5625 0
265 0.71875 0.59375 0
266 0.6875 0.59375 0
267 0.671875 0.578125 0
268 0.640625 0.578125 0
269 0.59375 0.625 0
270 0.609375 0.609375 0
271 0.46875 0.3125 0
272 0.5625 0.1875 0
273 0.5625 0.25 0
274 0.53125 0.28125 0
275 0.53125 0.3125 0
276 0.5625 0.53125 0
277 0.375 0.65625 0
278 0.40625 0.71875 0
279 0.40625 0.6875 0
280 0.71875 0.53125 0
281 0.6875 0.53125 0
282 0.40625 0.5 0
283 0.8125 0.3125 0
284 0.75 0.3125 0
285 0.71875 0.34375 0
286 0.6875 0.34375 0
287 0.6875 0.1875 0
288 0.6875 0.25 0
289 0.65625 0.28125 0
290 0.65625 0.3125 0
291 0.34375 0.5 0
292 0.28125 0.46875 0
293 0.3125 0.46875 0
294 0.421875 0.328125 0
295 0.5 0.40625 0
296 0.484375 0.546875 0
297 0.5 0.46875 0
298 0.484375 0.484375 0
299 0.421875 0.578125 0
300 0.421875 0.546875 0
301 0.375 0.59375 0
302 0.34375 0.625 0
303 0.28125 0.59375 0
304 0.3125 0.59375 0
305 0.8125 0.6875 0
306 0.75 0.6875 0
307 0.71875 0.65625 0
308 0.6875 0.65625 0
309 0.53125 0.71875 0
310 0.5625 0.71875 0
311 0.578125 0.703125 0
312 0.625 0.46875 0
313 0.640625 0.484375 0
314 0.671875 0.546875 0
315 0.640625 0.609375 0
316 0.59375 0.5625 0
317 0.609375 0.578125 0
318 0.59375 0.5 0
319 0.625 0.40625 0
320 0.375 0.46875 0
321 0.359375 0.359375 0
322 0.59375 0.375 0
323 0.59375 0.4375 0
324 0.515625 0.328125 0
325 0.546875 0.546875 0
326 0.609375 0.671875 0
327 0.640625 0.671875 0
328 0.484375 0.640625 0
329 0.453125 0.609375 0
330 0.484375 0.671875 0
331 0.515625 0.640625 0
332 0.453125 0.671875 0
333 0.5 0.71875 0
334 0.484375 0.703125 0
335 0.390625 0.546875 0
336 0.390625 0.515625 0
337 0.625 0.34375 0
338 0.640625 0.359375 0
339 0.640625 0.390625 0
340 0.359375 0.453125 0
341 0.328125 0.421875 0
342 0.390625 0.3125 0
343 0.359375 0.328125 0
344 0.375 0.328125 0
345 0.390625 0.34375 0
346 0.421875 0.3125 0
347 0.4375 0.40625 0
348 0.421875 0.421875 0
349 0.46875 0.375 0
350 0.453125 0.359375 0
351 0.28125 0.375 0
352 0.296875 0.390625 0
353 0.359375 0.375 0
354 0.3125 0.28125 0
355 0.328125 0.296875 0
356 0.359375 0.296875 0
357 0.328125 0.3125 0
358 0.328125 0.390625 0
359 0.328125 0.375 0
360 0.3125 0.328125 0
361 0.546875 0.453125 0
362 0.484375 0.359375 0
363 0.5 0.359375 0
364 0.578125 0.453125 0
365 0.578125 0.484375 0
366 0.515625 0.484375 0
367 0.53125 0.484375 0
368 0.515625 0.546875 0
369 0.515625 0.53125 0
370 0.484375 0.53125 0
371 0.453125 0.515625 0
372 0.421875 0.515625 0
373 0.46875 0.546875 0
374 0.453125 0.578125 0
375 0.453125 0.5625 0
376 0.5 0.578125 0
377 0.453125 0.453125 0
378 0.421875 0.484375 0
379 0.46875 0.484375 0
380 0.4375 0.484375 0
381 0.546875 0.640625 0
382 0.5 0.609375 0
383 0.515625 0.5625 0
384 0.484375 0.625 0
385 0.46875 0.609375 0
386 0.671875 0.640625 0
387 0.671875 0.609375 0
388 0.578125 0.640625 0
389 0.53125 0.6875 0
390 0.546875 0.671875 0
391 0.5625 0.671875 0
392 0.390625 0.640625 0
393 0.40625 0.640625 0
394 0.421875 0.671875 0
395 0.421875 0.65625 0
396 0.453125 0.640625 0
397 0.4375 0.640625 0
398 0.71875 0.40625 0
399 0.71875 0.4375 0
400 0.703125 0.453125 0
401 0.71875 0.5 0
402 0.703125 0.484375 0
403 0.640625 0.59375 0
404 0.5625 0.59375 0
405 0.390625 0.390625 0
406 0.421875 0.390625 0
407 0.5625 0.40625 0
408 0.546875 0.390625 0
409 0.359375 0.578125 0
410 0.328125 0.578125 0
411 0.625 0.53125 0
412 0.640625 0.515625 0
413 0.671875 0.515625 0
414 0.6875 0.40625 0
415 0.3125 0.8125 0
416 0.3125 0.75 0
417 0.34375 0.71875 0
418 0.34375 0.6875 0
419 0.640625 0.640625 0
420 0.515625 0.671875 0
421 0.671875 0.359375 0
422 0.359375 0.421875 0
423 0.390625 0.453125 0
424 0.375 0.359375 0
425 0.453125 0.328125 0
426 0.40625 0.359375 0
427 0.34375 0.390625 0
428 0.375 0.390625 0
429 0.546875 0.328125 0
430 0.546875 0.375 0
431 0.546875 0.46875 0
432 0.5 0.515625 0
433 0.484375 0.5 0
434 0.46875 0.515625 0
435 0.484375 0.5625 0
436 0.484375 0.59375 0
437 0.453125 0.421875 0
438 0.453125 0.5 0
439 0.546875 0.609375 0
440 0.515625 0.59375 0
441 0.34375 0.546875 0
442 0.28125 0.5625 0
443 0.296875 0.546875 0
444 0.3125 0.546875 0
445 0.671875 0.671875 0
446 0.421875 0.59375 0
447 0.671875 0.453125 0
448 0.671875 0.421875 0
449 0.671875 0.5 0
450 0.65625 0.484375 0
451 0.65625 0.578125 0
452 0.625 0.578125 0
453 0.609375 0.640625 0
454 0.5 0.28125 0
455 0.515625 0.296875 0
456 0.546875 0.515625 0
457 0.578125 0.546875 0
458 0.578125 0.515625 0
459 0.375 0.71875 0
460 0.390625 0.703125 0
461 0.703125 0.515625 0
462 0.71875 0.28125 0
463 0.6875 0.28125 0
464 0.671875 0.296875 0
465 0.59375 0.28125 0
466 0.625 0.28125 0
467 0.640625 0.296875 0
468 0.328125 0.453125 0
469 0.328125 0.484375 0
470 0.28125 0.5 0
471 0.296875 0.484375 0
472 0.4375 0.328125 0
473 0.515625 0.390625 0
474 0.484375 0.421875 0
475 0.484375 0.390625 0
476 0.484375 0.453125 0
477 0.515625 0.453125 0
478 0.484375 0.46875 0
479 0.421875 0.5625 0
480 0.40625 0.546875 0
481 0.421875 0.53125 0
482 0.359375 0.609375 0
483 0.390625 0.578125 0
484 0.328125 0.609375 0
485 0.1875 0.6875 0
486 0.25 0.6875 0
487 0.28125 0.65625 0
488 0.28125 0.625 0
489 0.296875 0.609375 0
490 0.296875 0.578125 0
491 0.640625 0.453125 0
492 0.609375 0.453125 0
493 0.640625 0.46875 0
494 0.625 0.609375 0
495 0.578125 0.578125 0
496 0.59375 0.578125 0
497 0.640625 0.421875 0
498 0.359375 0.484375 0
499 0.578125 0.359375 0
500 0.578125 0.421875 0
501 0.484375 0.328125 0
502 0.5 0.328125 0
503 0.515625 0.3125 0
504 0.53125 0.546875 0
505 0.5625 0.546875 0
506 0.546875 0.53125 0
507 0.625 0.71875 0
508 0.609375 0.703125 0
509 0.609375 0.6875 0
510 0.59375 0.671875 0
511 0.484375 0.65625 0
512 0.453125 0.59375 0
513 0.484375 0.6875 0
514 0.46875 0.671875 0
515 0.5 0.640625 0
516 0.4375 0.71875 0
517 0.453125 0.703125 0
518 0.453125 0.6875 0
519 0.390625 0.53125 0
520 0.390625 0.484375 0
521 0.390625 0.5 0
522 0.59375 0.3125 0
523 0.609375 0.328125 0
524 0.640625 0.328125 0
525 0.640625 0.34375 0
526 0.640625 0.40625 0
527 0.375 0.453125 0
528 0.359375 0.46875 0
529 0.328125 0.4375 0
530 0.3828125 0.3203125 0
531 0.359375 0.34375 0
532 0.34375 0.328125 0
533 0.3828125 0.3359375 0
534 0.3671875 0.3359375 0
535 0.3984375 0.3515625 0
536 0.4296875 0.3203125 0
537 0.421875 0.453125 0
538 0.421875 0.4375 0
539 0.4375 0.421875 0
540 0.421875 0.40625 0
541 0.453125 0.34375 0
542 0.453125 0.390625 0
543 0.453125 0.375 0
544 0.3515625 0.3828125 0
545 0.34375 0.359375 0
546 0.3515625 0.3671875 0
547 0.3671875 0.3671875 0
548 0.3203125 0.3203125 0
549 0.296875 0.296875 0
550 0.3125 0.296875 0
551 0.3203125 0.3046875 0
552 0.3125 0.390625 0
553 0.296875 0.359375 0
554 0.3125 0.359375 0
555 0.3203125 0.3671875 0
556 0.3203125 0.3828125 0
557 0.3359375 0.3828125 0
558 0.296875 0.34375 0
559 0.3046875 0.3359375 0
560 0.296875 0.3125 0
561 0.3046875 0.3203125 0
562 0.328125 0.34375 0
563 0.3203125 0.3359375 0
564 0.546875 0.421875 0
565 0.546875 0.4375 0
566 0.53125 0.453125 0
567 0.484375 0.34375 0
568 0.484375 0.375 0
569 0.46875 0.359375 0
570 0.515625 0.375 0
571 0.5078125 0.3671875 0
572 0.515625 0.34375 0
573 0.5078125 0.3515625 0
574 0.59375 0.453125 0
575 0.5390625 0.4765625 0
576 0.515625 0.5 0
577 0.5234375 0.4921875 0
578 0.5078125 0.5234375 0
579 0.5 0.546875 0
580 0.4921875 0.5390625 0
581 0.4765625 0.5390625 0
582 0.453125 0.53125 0
583 0.40625 0.515625 0
584 0.4375 0.546875 0
585 0.4453125 0.5546875 0
586 0.4921875 0.5703125 0
587 0.453125 0.46875 0
588 0.421875 0.46875 0
589 0.4609375 0.4921875 0
590 0.4765625 0.4765625 0
591 0.4453125 0.4921875 0
592 0.546875 0.625 0
593 0.546875 0.65625 0
594 0.515625 0.625 0
595 0.5078125 0.6171875 0
596 0.4921875 0.6015625 0
597 0.5078125 0.5703125 0
598 0.4765625 0.6171875 0
599 0.4921875 0.6171875 0
600 0.4609375 0.6015625 0
601 0.671875 0.625 0
602 0.71875 0.625 0
603 0.703125 0.640625 0
604 0.6875 0.640625 0
605 0.703125 0.609375 0
606 0.6875 0.609375 0
607 0.578125 0.65625 0
608 0.578125 0.609375 0
609 0.578125 0.625 0
610 0.546875 0.703125 0
611 0.53125 0.671875 0
612 0.5546875 0.6640625 0
613 0.546875 0.6875 0
614 0.5546875 0.6796875 0
615 0.390625 0.671875 0
616 0.390625 0.65625 0
617 0.4140625 0.6484375 0
618 0.390625 0.609375 0
619 0.390625 0.625 0
620 0.3984375 0.6328125 0
621 0.4375 0.671875 0
622 0.40625 0.671875 0
623 0.453125 0.625 0
624 0.4453125 0.6328125 0
625 0.6328125 0.5859375 0
626 0.359375 0.515625 0
627 0.671875 0.390625 0
628 0.40625 0.328125 0
629 0.390625 0.375 0
630 0.4375 0.359375 0
631 0.390625 0.421875 0
632 0.53125 0.359375 0
633 0.546875 0.34375 0
634 0.546875 0.5 0
635 0.53125 0.515625 0
636 0.46875 0.578125 0
637 0.546875 0.578125 0
638 0.53125 0.578125 0
639 0.328125 0.515625 0
640 0.328125 0.53125 0
641 0.71875 0.71875 0
642 0.6875 0.71875 0
643 0.671875 0.703125 0
644 0.671875 0.46875 0
645 0.71875 0.5625 0
646 0.703125 0.578125 0
647 0.6875 0.578125 0
648 0.453125 0.296875 0
649 0.484375 0.296875 0
650 0.421875 0.703125 0
651 0.671875 0.328125 0
652 0.28125 0.4375 0
653 0.296875 0.453125 0
654 0.421875 0.34375 0
655 0.515625 0.421875 0
656 0.40625 0.578125 0
657 0.4375 0.578125 0
658 0.609375 0.484375 0
659 0.625 0.484375 0
660 0.640625 0.546875 0
661 0.65625 0.546875 0
662 0.65625 0.609375 0
663 0.640625 0.625 0
664 0.609375 0.546875 0
665 0.609375 0.421875 0
666 0.609375 0.359375 0
667 0.578125 0.390625 0
668 0.640625 0.703125 0
669 0.640625 0.6875 0
670 0.65625 0.671875 0
671 0.5 0.671875 0
672 0.375 0.546875 0
673 0.375 0.515625 0
674 0.65625 0.359375 0
675 0.625 0.359375 0
676 0.65625 0.390625 0
677 0.328125 0.40625 0
678 0.296875 0.421875 0
679 0.3125 0.421875 0
680 0.40625 0.296875 0
681 0.3984375 0.3046875 0
682 0.4140625 0.3203125 0
683 0.40625 0.421875 0
684 0.34375 0.296875 0
685 0.3359375 0.3046875 0
686 0.4921875 0.3515625 0
687 0.578125 0.46875 0
688 0.5625 0.453125 0
689 0.578125 0.4375 0
690 0.5390625 0.4921875 0
691 0.5234375 0.5234375 0
692 0.4375 0.515625 0
693 0.46875 0.453125 0
694 0.4375 0.453125 0
695 0.4765625 0.4921875 0
696 0.53125 0.640625 0
697 0.59375 0.640625 0
698 0.578125 0.6875 0
699 0.5703125 0.6796875 0
700 0.359375 0.640625 0
701 0.375 0.640625 0
702 0.3984375 0.6484375 0
703 0.421875 0.625 0
704 0.4296875 0.6328125 0
705 0.453125 0.65625 0
706 0.4453125 0.6484375 0
707 0.6484375 0.5859375 0
708 0.6484375 0.6015625 0
709 0.53125 0.390625 0
710 0.34375 0.578125 0
711 0.359375 0.59375 0
712 0.328125 0.5625 0
713 0.328125 0.59375 0
714 0.3125 0.578125 0
715 0.609375 0.515625 0
716 0.625 0.515625 0
717 0.65625 0.515625 0
718 0.703125 0.421875 0
719 0.71875 0.375 0
720 0.703125 0.390625 0
721 0.65625 0.640625 0
722 0.515625 0.65625 0
723 0.703125 0.359375 0
724 0.6875 0.359375 0
725 0.359375 0.40625 0
726 0.3828125 0.3671875 0
727 0.3828125 0.3515625 0
728 0.3671875 0.3515625 0
729 0.453125 0.3125 0
730 0.421875 0.375 0
731 0.4140625 0.3671875 0
732 0.3828125 0.3828125 0
733 0.5546875 0.4609375 0
734 0.4921875 0.5234375 0
735 0.4921875 0.5078125 0
736 0.4765625 0.5078125 0
737 0.5 0.484375 0
738 0.4921875 0.4921875 0
739 0.4765625 0.5234375 0
740 0.4609375 0.5234375 0
741 0.4765625 0.5703125 0
742 0.4921875 0.5546875 0
743 0.46875 0.421875 0
744 0.453125 0.40625 0
745 0.5625 0.609375 0
746 0.5078125 0.6015625 0
747 0.296875 0.515625 0
748 0.296875 0.53125 0
749 0.3046875 0.5390625 0
750 0.296875 0.5625 0
751 0.3046875 0.5546875 0
752 0.671875 0.6875 0
753 0.71875 0.6875 0
754 0.703125 0.671875 0
755 0.6875 0.671875 0
756 0.6875 0.453125 0
757 0.6875 0.484375 0
758 0.6796875 0.4921875 0
759 0.6640625 0.5078125 0
760 0.6640625 0.4765625 0
761 0.671875 0.59375 0
762 0.6640625 0.5859375 0
763 0.640625 0.5625 0
764 0.6328125 0.5703125 0
765 0.609375 0.59375 0
766 0.6171875 0.5859375 0
767 0.609375 0.5625 0
768 0.6171875 0.5703125 0
769 0.609375 0.625 0
770 0.609375 0.65625 0
771 0.5625 0.515625 0
772 0.578125 0.53125 0
773 0.59375 0.546875 0
774 0.578125 0.5 0
775 0.640625 0.3125 0
776 0.34375 0.484375 0
777 0.3125 0.484375 0
778 0.4453125 0.3203125 0
779 0.5 0.390625 0
780 0.515625 0.40625 0
781 0.484375 0.40625 0
782 0.46875 0.390625 0
783 0.484375 0.4375 0
784 0.5 0.453125 0
785 0.515625 0.46875 0
786 0.515625 0.4375 0
787 0.4140625 0.5703125 0
788 0.4296875 0.5546875 0
789 0.4140625 0.5546875 0
790 0.4140625 0.5390625 0
791 0.390625 0.5625 0
792 0.3984375 0.5546875 0
793 0.4296875 0.5234375 0
794 0.34375 0.609375 0
795 0.3125 0.609375 0
796 0.3125 0.65625 0
797 0.65625 0.453125 0
798 0.640625 0.4375 0
799 0.609375 0.46875 0
800 0.6484375 0.4609375 0
801 0.6328125 0.6015625 0
802 0.6171875 0.6171875 0
803 0.6171875 0.6015625 0
804 0.6015625 0.5859375 0
805 0.578125 0.59375 0
806 0.5859375 0.5859375 0
807 0.578125 0.5625 0
808 0.5859375 0.5703125 0
809 0.359375 0.5 0
810 0.59375 0.359375 0
811 0.59375 0.421875 0
812 0.5625 0.28125 0
813 0.546875 0.296875 0
814 0.53125 0.296875 0
815 0.5234375 0.3046875 0
816 0.546875 0.5625 0
817 0.5390625 0.5546875 0
818 0.5703125 0.5546875 0
819 0.5703125 0.5390625 0
820 0.5390625 0.5390625 0
821 0.5390625 0.5234375 0
822 0.625 0.671875 0
823 0.6171875 0.6796875 0
824 0.5859375 0.6640625 0
825 0.4921875 0.6640625 0
826 0.4765625 0.6640625 0
827 0.4375 0.609375 0
828 0.4453125 0.6015625 0
829 0.4921875 0.6796875 0
830 0.515625 0.703125 0
831 0.5 0.703125 0
832 0.4921875 0.6953125 0
833 0.4921875 0.6328125 0
834 0.3984375 0.5234375 0
835 0.3828125 0.5390625 0
836 0.40625 0.484375 0
837 0.390625 0.46875 0
838 0.3984375 0.4921875 0
839 0.578125 0.296875 0
840 0.609375 0.296875 0
841 0.625 0.328125 0
842 0.609375 0.34375 0
843 0.578125 0.328125 0
844 0.59375 0.328125 0
845 0.65625 0.328125 0
846 0.6328125 0.3515625 0
847 0.609375 0.390625 0
848 0.625 0.390625 0
849 0.6328125 0.3984375 0
850 0.625 0.421875 0
851 0.6328125 0.4140625 0
852 0.3828125 0.4609375 0
853 0.3671875 0.4609375 0
854 0.375 0.484375 0
855 0.3671875 0.4765625 0
856 0.3203125 0.4296875 0
857 0.359375 0.3125 0
858 0.3671875 0.3203125 0
859 0.375 0.3203125 0
860 0.3828125 0.328125 0
861 0.3515625 0.3515625 0
862 0.3515625 0.3203125 0
863 0.3515625 0.3359375 0
864 0.3359375 0.3359375 0
865 0.3359375 0.3203125 0
866 0.375 0.3359375 0
867 0.3671875 0.328125 0
868 0.3984375 0.3359375 0
869 0.3984375 0.34375 0
870 0.390625 0.3515625 0
871 0.4140625 0.3515625 0
872 0.40625 0.3515625 0
873 0.40625 0.453125 0
874 0.4140625 0.4453125 0
875 0.4296875 0.4296875 0
876 0.4453125 0.4140625 0
877 0.4140625 0.4140625 0
878 0.4296875 0.4140625 0
879 0.4609375 0.3515625 0
880 0.4453125 0.3515625 0
881 0.4453125 0.3359375 0
882 0.46875 0.328125 0
883 0.4609375 0.3359375 0
884 0.4375 0.390625 0
885 0.4453125 0.3828125 0
886 0.4609375 0.3828125 0
887 0.359375 0.3671875 0
888 0.3515625 0.375 0
889 0.3359375 0.3671875 0
890 0.34375 0.3671875 0
891 0.3515625 0.359375 0
892 0.3203125 0.3125 0
893 0.3125 0.3203125 0
894 0.3203125 0.3984375 0
895 0.296875 0.375 0
896 0.3046875 0.3671875 0
897 0.3046875 0.3515625 0
898 0.328125 0.3671875 0
899 0.3125 0.3671875 0
900 0.328125 0.3828125 0
901 0.3359375 0.375 0
902 0.34375 0.3828125 0
903 0.3046875 0.34375 0
904 0.3046875 0.3046875 0
905 0.3046875 0.3125 0
906 0.3359375 0.3515625 0
907 0.3125 0.3359375 0
908 0.3203125 0.328125 0
909 0.328125 0.3359375 0
910 0.5625 0.421875 0
911 0.5234375 0.4609375 0
912 0.4765625 0.3359375 0
913 0.4921875 0.3359375 0
914 0.4765625 0.3671875 0
915 0.4921875 0.3671875 0
916 0.53125 0.328125 0
917 0.5234375 0.3359375 0
918 0.5 0.3515625 0
919 0.5078125 0.359375 0
920 0.5859375 0.4609375 0
921 0.5859375 0.4453125 0
922 0.609375 0.4375 0
923 0.6015625 0.4453125 0
924 0.5390625 0.484375 0
925 0.5078125 0.5078125 0
926 0.5234375 0.5078125 0
927 0.53125 0.4921875 0
928 0.5234375 0.5 0
929 0.5078125 0.4921875 0
930 0.515625 0.4921875 0
931 0.5078125 0.5390625 0
932 0.5078125 0.53125 0
933 0.5 0.5390625 0
934 0.4765625 0.53125 0
935 0.484375 0.5390625 0
936 0.4765625 0.5546875 0
937 0.4765625 0.546875 0
938 0.4609375 0.5390625 0
939 0.421875 0.5 0
940 0.4140625 0.5078125 0
941 0.4453125 0.5390625 0
942 0.5 0.5703125 0
943 0.4921875 0.5859375 0
944 0.4921875 0.578125 0
945 0.484375 0.5703125 0
946 0.4921875 0.5625 0
947 0.4140625 0.4609375 0
948 0.4296875 0.4609375 0
949 0.4609375 0.5078125 0
950 0.4609375 0.5 0
951 0.453125 0.4921875 0
952 0.4765625 0.4609375 0
953 0.4765625 0.46875 0
954 0.4453125 0.4765625 0
955 0.4453125 0.484375 0
956 0.4453125 0.5078125 0
957 0.4453125 0.5 0
958 0.53125 0.609375 0
959 0.5390625 0.6171875 0
960 0.5390625 0.6640625 0
961 0.5078125 0.609375 0
962 0.4921875 0.609375 0
963 0.4765625 0.6015625 0
964 0.484375 0.6015625 0
965 0.5078125 0.5546875 0
966 0.5078125 0.5625 0
967 0.484375 0.6171875 0
968 0.46875 0.640625 0
969 0.4765625 0.6328125 0
970 0.4765625 0.625 0
971 0.4921875 0.625 0
972 0.4609375 0.5859375 0
973 0.4609375 0.59375 0
974 0.6796875 0.6328125 0
975 0.6796875 0.6171875 0
976 0.671875 0.65625 0
977 0.6796875 0.6484375 0
978 0.703125 0.59375 0
979 0.6953125 0.6015625 0
980 0.5859375 0.6328125 0
981 0.5703125 0.6171875 0
982 0.59375 0.609375 0
983 0.5859375 0.6171875 0
984 0.5390625 0.6796875 0
985 0.515625 0.6875 0
986 0.5234375 0.6796875 0
987 0.5625 0.640625 0
988 0.5546875 0.6484375 0
989 0.5546875 0.65625 0
990 0.5625 0.703125 0
991 0.5546875 0.6953125 0
992 0.5625 0.6796875 0
993 0.390625 0.6875 0
994 0.3984375 0.6640625 0
995 0.4140625 0.6328125 0
996 0.4140625 0.640625 0
997 0.40625 0.609375 0
998 0.390625 0.59375 0
999 0.4375 0.6328125 0
1000 0.4453125 0.6171875 0
1001 0.4453125 0.625 0
1002 0.6328125 0.578125 0
1003 0.5625 0.484375 0
1004 0.359375 0.5625 0
1005 0.703125 0.546875 0
1006 0.71875 0.3125 0
1007 0.703125 0.328125 0
1008 0.328125 0.640625 0
1009 0.671875 0.5625 0
1010 0.6875 0.546875 0
1011 0.640625 0.65625 0
1012 0.640625 0.375 0
1013 0.34375 0.421875 0
1014 0.375 0.296875 0
1015 0.3828125 0.3046875 0
1016 0.59375 0.484375 0
1017 0.40625 0.390625 0
1018 0.546875 0.40625 0
1019 0.375 0.578125 0
1020 0.640625 0.53125 0
1021 0.6875 0.515625 0
1022 0.328125 0.671875 0
1023 0.359375 0.703125 0
1024 0.625 0.640625 0
1025 0.671875 0.375 0
1026 0.671875 0.34375 0
1027 0.375 0.421875 0
1028 0.5390625 0.3671875 0
1029 0.5625 0.390625 0
1030 0.5546875 0.3828125 0
1031 0.4765625 0.5859375 0
1032 0.5078125 0.5859375 0
1033 0.5234375 0.6015625 0
1034 0.3359375 0.5390625 0
1035 0.359375 0.53125 0
1036 0.3515625 0.5390625 0
1037 0.3515625 0.5546875 0
1038 0.4140625 0.6015625 0
1039 0.4140625 0.5859375 0
1040 0.4296875 0.5859375 0
1041 0.671875 0.4375 0
1042 0.65625 0.421875 0
1043 0.6875 0.421875 0
1044 0.6484375 0.4765625 0
1045 0.6484375 0.5703125 0
1046 0.671875 0.3125 0
1047 0.34375 0.453125 0
1048 0.328125 0.46875 0
1049 0.4921875 0.4609375 0
1050 0.3984375 0.5390625 0
1051 0.4140625 0.5234375 0
1052 0.359375 0.625 0
1053 0.328125 0.625 0
1054 0.625 0.453125 0
1055 0.6328125 0.6171875 0
1056 0.5625 0.578125 0
1057 0.578125 0.40625 0
1058 0.5078125 0.3359375 0
1059 0.5078125 0.3203125 0
1060 0.484375 0.3125 0
1061 0.4921875 0.3203125 0
1062 0.6015625 0.6796875 0
1063 0.5859375 0.6796875 0
1064 0.4921875 0.6484375 0
1065 0.4765625 0.6796875 0
1066 0.4609375 0.6640625 0
1067 0.46875 0.703125 0
1068 0.4609375 0.6953125 0
1069 0.4375 0.703125 0
1070 0.4453125 0.6953125 0
1071 0.3828125 0.5234375 0
1072 0.3984375 0.5078125 0
1073 0.609375 0.3125 0
1074 0.6484375 0.3515625 0
1075 0.6328125 0.3359375 0
1076 0.3515625 0.4609375 0
1077 0.3125 0.453125 0
1078 0.3203125 0.4453125 0
1079 0.3828125 0.3125 0
1080 0.3828125 0.34375 0
1081 0.3671875 0.34375 0
1082 0.359375 0.3359375 0
1083 0.3984375 0.3671875 0
1084 0.3984375 0.359375 0
1085 0.421875 0.3203125 0
1086 0.4296875 0.3359375 0
1087 0.4296875 0.328125 0
1088 0.4296875 0.4453125 0
1089 0.4296875 0.3984375 0
1090 0.4140625 0.3984375 0
1091 0.4453125 0.3671875 0
1092 0.4609375 0.3671875 0
1093 0.3671875 0.3828125 0
1094 0.359375 0.3828125 0
1095 0.3671875 0.359375 0
1096 0.3203125 0.3515625 0
1097 0.3203125 0.375 0
1098 0.3203125 0.359375 0
1099 0.3203125 0.390625 0
1100 0.3359375 0.3984375 0
1101 0.3359375 0.390625 0
1102 0.53125 0.421875 0
1103 0.5546875 0.4453125 0
1104 0.5390625 0.4609375 0
1105 0.5234375 0.4453125 0
1106 0.4765625 0.3828125 0
1107 0.4921875 0.3828125 0
1108 0.4765625 0.3515625 0
1109 0.6015625 0.4609375 0
1110 0.5390625 0.46875 0
1111 0.4921875 0.53125 0
1112 0.4453125 0.5234375 0
1113 0.4296875 0.4765625 0
1114 0.4921875 0.4765625 0
1115 0.484375 0.4765625 0
1116 0.5390625 0.6328125 0
1117 0.5546875 0.6171875 0
1118 0.5078125 0.6328125 0
1119 0.5078125 0.625 0
1120 0.5 0.6015625 0
1121 0.4609375 0.6171875 0
1122 0.46875 0.6171875 0
1123 0.46875 0.6015625 0
1124 0.453125 0.6015625 0
1125 0.6796875 0.6015625 0
1126 0.5703125 0.6328125 0
1127 0.5234375 0.6640625 0
1128 0.5703125 0.6640625 0
1129 0.5625 0.6640625 0
1130 0.5546875 0.6875 0
1131 0.4140625 0.6640625 0
1132 0.4140625 0.65625 0
1133 0.3828125 0.6328125 0
1134 0.4296875 0.6640625 0
1135 0.4609375 0.6328125 0
1136 0.453125 0.6328125 0
1137 0.671875 0.40625 0
1138 0.4140625 0.3359375 0
1139 0.5234375 0.3515625 0
1140 0.5390625 0.3515625 0
1141 0.5625 0.328125 0
1142 0.5546875 0.3359375 0
1143 0.5390625 0.5078125 0
1144 0.5390625 0.5703125 0
1145 0.6640625 0.4609375 0
1146 0.6796875 0.5703125 0
1147 0.703125 0.5625 0
1148 0.6953125 0.5703125 0
1149 0.6953125 0.5859375 0
1150 0.4296875 0.3515625 0
1151 0.5 0.421875 0
1152 0.3984375 0.5703125 0
1153 0.4453125 0.5703125 0
1154 0.640625 0.5 0
1155 0.6328125 0.4921875 0
1156 0.6484375 0.6171875 0
1157 0.6640625 0.6171875 0
1158 0.6328125 0.6328125 0
1159 0.6484375 0.6328125 0
1160 0.609375 0.53125 0
1161 0.609375 0.375 0
1162 0.59375 0.390625 0
1163 0.3671875 0.5546875 0
1164 0.3671875 0.5390625 0
1165 0.3671875 0.5234375 0
1166 0.6484375 0.3671875 0
1167 0.6640625 0.3671875 0
1168 0.6171875 0.3671875 0
1169 0.6484375 0.3828125 0
1170 0.6640625 0.3828125 0
1171 0.3203125 0.4140625 0
1172 0.3359375 0.4140625 0
1173 0.3984375 0.3203125 0
1174 0.3984375 0.3125 0
1175 0.4140625 0.3046875 0
1176 0.40625 0.3046875 0
1177 0.390625 0.40625 0
1178 0.3984375 0.4140625 0
1179 0.4921875 0.34375 0
1180 0.5703125 0.4609375 0
1181 0.5703125 0.4765625 0
1182 0.5703125 0.4453125 0
1183 0.5859375 0.4296875 0
1184 0.515625 0.5234375 0
1185 0.5234375 0.5390625 0
1186 0.5234375 0.53125 0
1187 0.53125 0.5234375 0
1188 0.4296875 0.5078125 0
1189 0.4609375 0.4609375 0
1190 0.4765625 0.4453125 0
1191 0.4765625 0.5 0
1192 0.5390625 0.6484375 0
1193 0.5234375 0.6328125 0
1194 0.6015625 0.6328125 0
1195 0.5703125 0.6953125 0
1196 0.3671875 0.6328125 0
1197 0.40625 0.6484375 0
1198 0.3828125 0.6484375 0
1199 0.390625 0.6484375 0
1200 0.4140625 0.6171875 0
1201 0.4296875 0.6484375 0
1202 0.4296875 0.640625 0
1203 0.421875 0.6328125 0
1204 0.4453125 0.6640625 0
1205 0.4609375 0.6484375 0
1206 0.453125 0.6484375 0
1207 0.640625 0.5859375 0
1208 0.6484375 0.578125 0
1209 0.5390625 0.3828125 0
1210 0.5234375 0.3984375 0
1211 0.3359375 0.5703125 0
1212 0.3515625 0.5859375 0
1213 0.3203125 0.5546875 0
1214 0.3203125 0.5859375 0
1215 0.3359375 0.6015625 0
1216 0.3203125 0.6015625 0
1217 0.296875 0.59375 0
1218 0.3046875 0.5859375 0
1219 0.3046875 0.5703125 0
1220 0.609375 0.5 0
1221 0.59375 0.515625 0
1222 0.6328125 0.5078125 0
1223 0.671875 0.53125 0
1224 0.6640625 0.5234375 0
1225 0.6484375 0.5078125 0
1226 0.6484375 0.5234375 0
1227 0.6484375 0.6484375 0
1228 0.6640625 0.6484375 0
1229 0.3515625 0.4140625 0
1230 0.3515625 0.3984375 0
1231 0.3828125 0.359375 0
1232 0.375 0.3515625 0
1233 0.4609375 0.3203125 0
1234 0.46875 0.296875 0
1235 0.4609375 0.3046875 0
1236 0.4140625 0.3828125 0
1237 0.4296875 0.3671875 0
1238 0.421875 0.3671875 0
1239 0.5546875 0.4765625 0
1240 0.5546875 0.46875 0
1241 0.5546875 0.453125 0
1242 0.4921875 0.515625 0
1243 0.5 0.5234375 0
1244 0.4921875 0.5 0
1245 0.484375 0.5078125 0
1246 0.5078125 0.4765625 0
1247 0.5 0.4921875 0
1248 0.484375 0.5234375 0
1249 0.4609375 0.515625 0
1250 0.4765625 0.578125 0
1251 0.4609375 0.5703125 0
1252 0.46875 0.5703125 0
1253 0.484375 0.5546875 0
1254 0.5 0.5546875 0
1255 0.4609375 0.4140625 0
1256 0.4765625 0.4140625 0
1257 0.515625 0.6015625 0
1258 0.3125 0.515625 0
1259 0.3046875 0.5234375 0
1260 0.3203125 0.5390625 0
1261 0.3125 0.5390625 0
1262 0.3046875 0.546875 0
1263 0.3046875 0.5625 0
1264 0.6640625 0.6796875 0
1265 0.65625 0.703125 0
1266 0.6640625 0.6953125 0
1267 0.6796875 0.6640625 0
1268 0.703125 0.65625 0
1269 0.6953125 0.6640625 0
1270 0.6796875 0.4609375 0
1271 0.703125 0.4375 0
1272 0.6953125 0.4453125 0
1273 0.703125 0.46875 0
1274 0.6953125 0.4765625 0
1275 0.6640625 0.4921875 0
1276 0.671875 0.4921875 0
1277 0.703125 0.5 0
1278 0.6953125 0.4921875 0
1279 0.6875 0.4921875 0
1280 0.65625 0.5078125 0
1281 0.6640625 0.484375 0
1282 0.6640625 0.46875 0
1283 0.625 0.546875 0
1284 0.6328125 0.5546875 0
1285 0.6328125 0.5625 0
1286 0.6015625 0.6015625 0
1287 0.6171875 0.59375 0
1288 0.609375 0.5859375 0
1289 0.6171875 0.5546875 0
1290 0.6171875 0.5625 0
1291 0.6171875 0.6328125 0
1292 0.6015625 0.6171875 0
1293 0.6171875 0.6640625 0
1294 0.5546875 0.5234375 0
1295 0.5703125 0.5234375 0
1296 0.5703125 0.5078125 0
1297 0.5859375 0.5546875 0
1298 0.5859375 0.4921875 0
1299 0.65625 0.296875 0
1300 0.6484375 0.3046875 0
1301 0.625 0.296875 0
1302 0.6328125 0.3046875 0
1303 0.6328125 0.3203125 0
1304 0.328125 0.5 0
1305 0.3359375 0.4921875 0
1306 0.3359375 0.4765625 0
1307 0.3515625 0.4921875 0
1308 0.296875 0.5 0
1309 0.3046875 0.4921875 0
1310 0.3203125 0.4765625 0
1311 0.3203125 0.4921875 0
1312 0.4453125 0.328125 0
1313 0.4375 0.3203125 0
1314 0.453125 0.3203125 0
1315 0.5078125 0.3984375 0
1316 0.4921875 0.4140625 0
1317 0.4921875 0.4453125 0
1318 0.5078125 0.4609375 0
1319 0.5234375 0.4765625 0
1320 0.5078125 0.4453125 0
1321 0.5234375 0.4296875 0
1322 0.5078125 0.4296875 0
1323 0.4140625 0.5625 0
1324 0.40625 0.5703125 0
1325 0.4140625 0.578125 0
1326 0.421875 0.5546875 0
1327 0.4296875 0.5390625 0
1328 0.4296875 0.546875 0
1329 0.40625 0.5390625 0
1330 0.3828125 0.5703125 0
1331 0.3515625 0.6171875 0
1332 0.3203125 0.6171875 0
1333 0.3046875 0.6015625 0
1334 0.296875 0.640625 0
1335 0.6640625 0.4453125 0
1336 0.6328125 0.4453125 0
1337 0.6328125 0.4296875 0
1338 0.6171875 0.4765625 0
1339 0.6328125 0.4609375 0
1340 0.640625 0.4609375 0
1341 0.6484375 0.46875 0
1342 0.6484375 0.4453125 0
1343 0.6484375 0.453125 0
1344 0.640625 0.6015625 0
1345 0.6171875 0.609375 0
1346 0.625 0.6171875 0
1347 0.609375 0.6015625 0
1348 0.59375 0.5859375 0
1349 0.6015625 0.5703125 0
1350 0.6015625 0.578125 0
1351 0.6015625 0.59375 0
1352 0.5703125 0.5859375 0
1353 0.5859375 0.6015625 0
1354 0.5859375 0.59375 0
1355 0.578125 0.5859375 0
1356 0.3671875 0.4921875 0
1357 0.6015625 0.4296875 0
1358 0.546875 0.3125 0
1359 0.5390625 0.3046875 0
1360 0.5 0.296875 0
1361 0.5078125 0.3046875 0
1362 0.515625 0.3046875 0
1363 0.5234375 0.3203125 0
1364 0.5234375 0.3125 0
1365 0.5390625 0.5625 0
1366 0.5703125 0.546875 0
1367 0.5703125 0.5703125 0
1368 0.5703125 0.5625 0
1369 0.5546875 0.5390625 0
1370 0.5625 0.5390625 0
1371 0.5859375 0.5390625 0
1372 0.578125 0.5390625 0
1373 0.5703125 0.53125 0
1374 0.546875 0.5390625 0
1375 0.546875 0.5234375 0
1376 0.5390625 0.515625 0
1377 0.484375 0.6640625 0
1378 0.4921875 0.65625 0
1379 0.4765625 0.671875 0
1380 0.4921875 0.671875 0
1381 0.5078125 0.6953125 0
1382 0.4765625 0.6953125 0
1383 0.484375 0.6953125 0
1384 0.4921875 0.6875 0
1385 0.5 0.6328125 0
1386 0.390625 0.5234375 0
1387 0.3984375 0.53125 0
1388 0.3984375 0.515625 0
1389 0.3828125 0.53125 0
1390 0.3984375 0.4765625 0
1391 0.4140625 0.4765625 0
1392 0.3984375 0.4609375 0
1393 0.3984375 0.5 0
1394 0.4140625 0.4921875 0
1395 0.40625 0.4921875 0
1396 0.6171875 0.3359375 0
1397 0.578125 0.34375 0
1398 0.6015625 0.3359375 0
1399 0.6484375 0.3203125 0
1400 0.640625 0.3515625 0
1401 0.6328125 0.34375 0
1402 0.6328125 0.3671875 0
1403 0.6328125 0.359375 0
1404 0.6484375 0.3984375 0
1405 0.640625 0.3984375 0
1406 0.6328125 0.3828125 0
1407 0.6328125 0.390625 0
1408 0.6484375 0.4140625 0
1409 0.640625 0.4140625 0
1410 0.609375 0.40625 0
1411 0.6171875 0.4140625 0
1412 0.625 0.4140625 0
1413 0.6328125 0.421875 0
1414 0.390625 0.4609375 0
1415 0.3828125 0.4765625 0
1416 0.3515625 0.4765625 0
1417 0.359375 0.4765625 0
1418 0.3671875 0.484375 0
1419 0.3359375 0.4296875 0
1420 0.328125 0.4296875 0
1421 0.296875 0.4375 0
1422 0.3046875 0.4296875 0
1423 0.3125 0.4296875 0
1424 0.3671875 0.3046875 0
1425 0.3671875 0.3125 0
1426 0.37890625 0.31640625 0
1427 0.37890625 0.32421875 0
1428 0.390625 0.3359375 0
1429 0.38671875 0.33203125 0
1430 0.3515625 0.328125 0
1431 0.3515625 0.34375 0
1432 0.34375 0.3359375 0
1433 0.3359375 0.34375 0
1434 0.3359375 0.328125 0
1435 0.37890625 0.33984375 0
1436 0.37890625 0.33203125 0
1437 0.37109375 0.33203125 0
1438 0.36328125 0.33203125 0
1439 0.37109375 0.32421875 0
1440 0.39453125 0.34765625 0
1441 0.40234375 0.34765625 0
1442 0.38671875 0.34765625 0
1443 0.421875 0.3515625 0
1444 0.40234375 0.35546875 0
1445 0.4140625 0.34375 0
1446 0.41015625 0.34765625 0
1447 0.4140625 0.359375 0
1448 0.41015625 0.35546875 0
1449 0.4140625 0.4296875 0
1450 0.4140625 0.4375 0
1451 0.390625 0.4375 0
1452 0.3984375 0.4453125 0
1453 0.40625 0.4453125 0
1454 0.4296875 0.4375 0
1455 0.4375 0.4140625 0
1456 0.421875 0.4140625 0
1457 0.4140625 0.421875 0
1458 0.4296875 0.40625 0
1459 0.46875 0.3515625 0
1460 0.4453125 0.34375 0
1461 0.4453125 0.359375 0
1462 0.4375 0.3515625 0
1463 0.4296875 0.3828125 0
1464 0.453125 0.3828125 0
1465 0.4453125 0.375 0
1466 0.4453125 0.3984375 0
1467 0.4453125 0.390625 0
1468 0.4609375 0.3984375 0
1469 0.4609375 0.390625 0
1470 0.35546875 0.37109375 0
1471 0.3671875 0.375 0
1472 0.36328125 0.37109375 0
1473 0.34765625 0.37109375 0
1474 0.35546875 0.37890625 0
1475 0.34765625 0.36328125 0
1476 0.33984375 0.37109375 0
1477 0.35546875 0.36328125 0
1478 0.359375 0.3515625 0
1479 0.35546875 0.35546875 0
1480 0.31640625 0.31640625 0
1481 0.31640625 0.32421875 0
1482 0.3046875 0.328125 0
1483 0.30859375 0.32421875 0
1484 0.30859375 0.31640625 0
1485 0.296875 0.40625 0
1486 0.3046875 0.3984375 0
1487 0.3125 0.3984375 0
1488 0.3046875 0.3828125 0
1489 0.3046875 0.375 0
1490 0.32421875 0.37109375 0
1491 0.3359375 0.359375 0
1492 0.33203125 0.36328125 0
1493 0.33203125 0.37109375 0
1494 0.31640625 0.37109375 0
1495 0.32421875 0.37890625 0
1496 0.33984375 0.38671875 0
1497 0.1875 0.375 0
1498 0.21875 0.34375 0
1499 0.25 0.34375 0
1500 0.265625 0.328125 0
1501 0.28125 0.328125 0
1502 0.2890625 0.3203125 0
1503 0.296875 0.3203125 0
1504 0.30078125 0.31640625 0
1505 0.328125 0.3515625 0
1506 0.31640625 0.33203125 0
1507 0.32421875 0.33203125 0
1508 0.3203125 0.34375 0
1509 0.32421875 0.33984375 0
1510 0.33203125 0.33984375 0
1511 0.5703125 0.4140625 0
1512 0.5234375 0.453125 0
1513 0.484375 0.3359375 0
1514 0.4765625 0.34375 0
1515 0.46875 0.3359375 0
1516 0.4921875 0.328125 0
1517 0.5 0.3359375 0
1518 0.484375 0.3671875 0
1519 0.4921875 0.375 0
1520 0.4921875 0.359375 0
1521 0.515625 0.3359375 0
1522 0.5390625 0.3359375 0
1523 0.53125 0.3359375 0
1524 0.50390625 0.35546875 0
1525 0.5078125 0.34375 0
1526 0.50390625 0.34765625 0
1527 0.49609375 0.35546875 0
1528 0.49609375 0.34765625 0
1529 0.5 0.3671875 0
1530 0.50390625 0.36328125 0
1531 0.59375 0.4609375 0
1532 0.5859375 0.4375 0
1533 0.6171875 0.4453125 0
1534 0.59375 0.4453125 0
1535 0.6015625 0.4375 0
1536 0.609375 0.4453125 0
1537 0.53125 0.4765625 0
1538 0.53515625 0.48046875 0
1539 0.546875 0.4765625 0
1540 0.54296875 0.48046875 0
1541 0.5 0.5078125 0
1542 0.515625 0.5078125 0
1543 0.53125 0.5078125 0
1544 0.52734375 0.49609375 0
1545 0.5078125 0.5 0
1546 0.51171875 0.49609375 0
1547 0.5078125 0.484375 0
1548 0.51171875 0.48828125 0
1549 0.515625 0.5390625 0
1550 0.51171875 0.52734375 0
1551 0.50390625 0.52734375 0
1552 0.50390625 0.53515625 0
1553 0.4921875 0.546875 0
1554 0.49609375 0.54296875 0
1555 0.49609375 0.53515625 0
1556 0.48046875 0.53515625 0
1557 0.48828125 0.53515625 0
1558 0.48828125 0.54296875 0
1559 0.4609375 0.5546875 0
1560 0.46875 0.5546875 0
1561 0.4765625 0.5625 0
1562 0.46875 0.5390625 0
1563 0.47265625 0.54296875 0
1564 0.47265625 0.55078125 0
1565 0.4609375 0.53125 0
1566 0.453125 0.5390625 0
1567 0.421875 0.5078125 0
1568 0.4140625 0.5 0
1569 0.4453125 0.53125 0
1570 0.49609375 0.57421875 0
1571 0.49609375 0.56640625 0
1572 0.4921875 0.59375 0
1573 0.484375 0.5859375 0
1574 0.5 0.5859375 0
1575 0.49609375 0.58203125 0
1576 0.48828125 0.58203125 0
1577 0.48828125 0.55859375 0
1578 0.4140625 0.46875 0
1579 0.4296875 0.46875 0
1580 0.421875 0.4609375 0
1581 0.44921875 0.49609375 0
1582 0.46875 0.4609375 0
1583 0.4609375 0.4765625 0
1584 0.46875 0.4765625 0
1585 0.47265625 0.47265625 0
1586 0.47265625 0.46484375 0
1587 0.4453125 0.4609375 0
1588 0.4453125 0.46875 0
1589 0.44921875 0.48828125 0
1590 0.4296875 0.4921875 0
1591 0.4375 0.4921875 0
1592 0.44140625 0.49609375 0
1593 0.4375 0.5078125 0
1594 0.44140625 0.50390625 0
1595 0.546875 0.6171875 0
1596 0.546875 0.59375 0
1597 0.5390625 0.6015625 0
1598 0.5390625 0.609375 0
1599 0.546875 0.6640625 0
1600 0.5390625 0.65625 0
1601 0.5390625 0.671875 0
1602 0.5 0.6171875 0
1603 0.50390625 0.61328125 0
1604 0.51171875 0.60546875 0
1605 0.48828125 0.60546875 0
1606 0.48828125 0.61328125 0
1607 0.4765625 0.59375 0
1608 0.48828125 0.59765625 0
1609 0.4765625 0.609375 0
1610 0.48046875 0.60546875 0
1611 0.5234375 0.5546875 0
1612 0.515625 0.5546875 0
1613 0.51171875 0.55859375 0
1614 0.50390625 0.55859375 0
1615 0.484375 0.6328125 0
1616 0.47265625 0.62109375 0
1617 0.48046875 0.62109375 0
1618 0.49609375 0.62109375 0
1619 0.6796875 0.640625 0
1620 0.703125 0.625 0
1621 0.6953125 0.6328125 0
1622 0.6875 0.6328125 0
1623 0.6953125 0.6484375 0
1624 0.6875 0.6484375 0
1625 0.671875 0.6484375 0
1626 0.6875 0.6015625 0
1627 0.5859375 0.6484375 0
1628 0.5859375 0.640625 0
1629 0.59375 0.6328125 0
1630 0.5703125 0.625 0
1631 0.5625 0.6171875 0
1632 0.53125 0.6796875 0
1633 0.546875 0.6796875 0
1634 0.5546875 0.6328125 0
1635 0.5703125 0.6484375 0
1636 0.546875 0.6484375 0
1637 0.5546875 0.640625 0
1638 0.55078125 0.66015625 0
1639 0.55078125 0.65234375 0
1640 0.40625 0.6640625 0
1641 0.41015625 0.64453125 0
1642 0.421875 0.6484375 0
1643 0.41796875 0.64453125 0
1644 0.3828125 0.5859375 0
1645 0.4296875 0.6171875 0
1646 0.4296875 0.625 0
1647 0.43359375 0.62890625 0
1648 0.4375 0.6171875 0
1649 0.44140625 0.62890625 0
1650 0.44921875 0.62890625 0
1651 0.453125 0.6171875 0
1652 0.44921875 0.62109375 0
1653 0.625 0.5859375 0
1654 0.62890625 0.58203125 0
1655 0.640625 0.5703125 0
1656 0.63671875 0.57421875 0
1657 0.4375 0.296875 0
1658 0.4296875 0.3046875 0
1659 0.5234375 0.5703125 0
1660 0.28125 0.71875 0
1661 0.3125 0.71875 0
1662 0.328125 0.703125 0
1663 0.359375 0.4375 0
1664 0.3828125 0.3984375 0
1665 0.6484375 0.4921875 0
1666 0.6328125 0.4765625 0
1667 0.578125 0.375 0
1668 0.5546875 0.5546875 0
1669 0.625 0.703125 0
1670 0.6171875 0.6953125 0
1671 0.6015625 0.6640625 0
1672 0.4765625 0.6484375 0
1673 0.390625 0.3203125 0
1674 0.4296875 0.3125 0
1675 0.328125 0.3203125 0
1676 0.3125 0.3828125 0
1677 0.5078125 0.3828125 0
1678 0.5078125 0.375 0
1679 0.5234375 0.484375 0
1680 0.5078125 0.515625 0
1681 0.4375 0.5546875 0
1682 0.5234375 0.6171875 0
1683 0.515625 0.6171875 0
1684 0.6953125 0.6171875 0
1685 0.421875 0.6875 0
1686 0.4296875 0.6796875 0
1687 0.3984375 0.6796875 0
1688 0.3984375 0.3828125 0
1689 0.5234375 0.3671875 0
1690 0.5390625 0.5859375 0
1691 0.34375 0.515625 0
1692 0.3359375 0.5234375 0
1693 0.4453125 0.5859375 0
1694 0.6171875 0.4921875 0
1695 0.6640625 0.6015625 0
1696 0.6328125 0.6953125 0
1697 0.6484375 0.6796875 0
1698 0.6640625 0.6640625 0
1699 0.5078125 0.6640625 0
1700 0.3828125 0.5546875 0
1701 0.3828125 0.5078125 0
1702 0.3671875 0.5078125 0
1703 0.6640625 0.3984375 0
1704 0.3046875 0.4140625 0
1705 0.40625 0.3203125 0
1706 0.4140625 0.328125 0
1707 0.3984375 0.4296875 0
1708 0.3515625 0.3046875 0
1709 0.34375 0.3046875 0
1710 0.5859375 0.4765625 0
1711 0.5390625 0.5 0
1712 0.453125 0.4375 0
1713 0.4609375 0.4453125 0
1714 0.4453125 0.4453125 0
1715 0.59375 0.703125 0
1716 0.5859375 0.6953125 0
1717 0.5703125 0.671875 0
1718 0.5703125 0.6875 0
1719 0.34375 0.640625 0
1720 0.359375 0.671875 0
1721 0.359375 0.65625 0
1722 0.3671875 0.6484375 0
1723 0.4453125 0.65625 0
1724 0.65625 0.5859375 0
1725 0.65625 0.6015625 0
1726 0.5390625 0.3984375 0
1727 0.3671875 0.5859375 0
1728 0.3515625 0.6015625 0
1729 0.3203125 0.5703125 0
1730 0.3359375 0.5546875 0
1731 0.3359375 0.5859375 0
1732 0.6328125 0.5234375 0
1733 0.5078125 0.6484375 0
1734 0.703125 0.375 0
1735 0.6953125 0.3671875 0
1736 0.3671875 0.3984375 0
1737 0.375 0.3671875 0
1738 0.390625 0.3671875 0
1739 0.4453125 0.3046875 0
1740 0.4140625 0.375 0
1741 0.3828125 0.390625 0
1742 0.5625 0.4609375 0
1743 0.4921875 0.484375 0
1744 0.46875 0.5234375 0
1745 0.5703125 0.6015625 0
1746 0.6796875 0.6796875 0
1747 0.6796875 0.4453125 0
1748 0.6953125 0.4609375 0
1749 0.6796875 0.4765625 0
1750 0.671875 0.4765625 0
1751 0.6640625 0.5703125 0
1752 0.6640625 0.578125 0
1753 0.6015625 0.5546875 0
1754 0.6015625 0.6484375 0
1755 0.6171875 0.6484375 0
1756 0.5546875 0.5078125 0
1757 0.5859375 0.5078125 0
1758 0.4921875 0.3984375 0
1759 0.4765625 0.3984375 0
1760 0.4296875 0.5703125 0
1761 0.4296875 0.5625 0
1762 0.4140625 0.53125 0
1763 0.40625 0.5546875 0
1764 0.3984375 0.546875 0
1765 0.4296875 0.515625 0
1766 0.6484375 0.4296875 0
1767 0.6171875 0.4609375 0
1768 0.6015625 0.4765625 0
1769 0.625 0.6015625 0
1770 0.6328125 0.609375 0
1771 0.6328125 0.59375 0
1772 0.5859375 0.578125 0
1773 0.578125 0.5703125 0
1774 0.3515625 0.5078125 0
1775 0.6015625 0.3515625 0
1776 0.6015625 0.3671875 0
1777 0.6015625 0.4140625 0
1778 0.5390625 0.546875 0
1779 0.53125 0.5390625 0
1780 0.6328125 0.6796875 0
1781 0.6171875 0.6875 0
1782 0.5859375 0.671875 0
1783 0.578125 0.6640625 0
1784 0.5 0.6640625 0
1785 0.4296875 0.6015625 0
1786 0.4453125 0.59375 0
1787 0.4453125 0.609375 0
1788 0.4375 0.6015625 0
1789 0.484375 0.6796875 0
1790 0.5 0.6953125 0
1791 0.4921875 0.640625 0
1792 0.390625 0.5390625 0
1793 0.375 0.5390625 0
1794 0.3828125 0.4921875 0
1795 0.390625 0.4921875 0
1796 0.3984375 0.484375 0
1797 0.5859375 0.3359375 0
1798 0.6484375 0.3359375 0
1799 0.6640625 0.3203125 0
1800 0.6171875 0.3515625 0
1801 0.625 0.3515625 0
1802 0.6171875 0.3984375 0
1803 0.625 0.3984375 0
1804 0.3671875 0.46875 0
1805 0.38671875 0.32421875 0
1806 0.359375 0.3203125 0
1807 0.3359375 0.3125 0
1808 0.3984375 0.328125 0
1809 0.40625 0.3359375 0
1810 0.40234375 0.33984375 0
1811 0.39453125 0.35546875 0
1812 0.4140625 0.453125 0
1813 0.4453125 0.40625 0
1814 0.4140625 0.40625 0
1815 0.453125 0.3515625 0
1816 0.4609375 0.34375 0
1817 0.453125 0.3359375 0
1818 0.4609375 0.375 0
1819 0.34765625 0.37890625 0
1820 0.34375 0.3515625 0
1821 0.34765625 0.35546875 0
1822 0.3125 0.3046875 0
1823 0.31640625 0.30859375 0
1824 0.3203125 0.40625 0
1825 0.3125 0.3515625 0
1826 0.33203125 0.38671875 0
1827 0.33203125 0.37890625 0
1828 0.33984375 0.37890625 0
1829 0.265625 0.359375 0
1830 0.28125 0.359375 0
1831 0.2890625 0.3515625 0
1832 0.296875 0.3515625 0
1833 0.30078125 0.34765625 0
1834 0.30859375 0.33984375 0
1835 0.32421875 0.32421875 0
1836 0.33203125 0.33203125 0
1837 0.53125 0.4609375 0
1838 0.5234375 0.46875 0
1839 0.4765625 0.3203125 0
1840 0.4765625 0.328125 0
1841 0.46875 0.3671875 0
1842 0.5390625 0.3203125 0
1843 0.5234375 0.34375 0
1844 0.515625 0.3515625 0
1845 0.51171875 0.35546875 0
1846 0.5859375 0.46875 0
1847 0.5859375 0.453125 0
1848 0.6171875 0.4296875 0
1849 0.5234375 0.515625 0
1850 0.52734375 0.50390625 0
1851 0.51171875 0.53515625 0
1852 0.47265625 0.53515625 0
1853 0.48046875 0.54296875 0
1854 0.48046875 0.55078125 0
1855 0.4140625 0.515625 0
1856 0.4453125 0.546875 0
1857 0.48828125 0.57421875 0
1858 0.4375 0.4609375 0
1859 0.46875 0.5078125 0
1860 0.46484375 0.50390625 0
1861 0.453125 0.4765625 0
1862 0.44140625 0.48828125 0
1863 0.50390625 0.56640625 0
1864 0.48046875 0.61328125 0
1865 0.4765625 0.640625 0
1866 0.48828125 0.62109375 0
1867 0.4609375 0.578125 0
1868 0.453125 0.5859375 0
1869 0.45703125 0.58984375 0
1870 0.6640625 0.6328125 0
1871 0.671875 0.6328125 0
1872 0.6796875 0.625 0
1873 0.671875 0.6171875 0
1874 0.6875 0.6171875 0
1875 0.6953125 0.59375 0
1876 0.5859375 0.625 0
1877 0.578125 0.6328125 0
1878 0.5703125 0.609375 0
1879 0.5859375 0.609375 0
1880 0.59375 0.6171875 0
1881 0.5234375 0.671875 0
1882 0.5625 0.6484375 0
1883 0.55859375 0.66015625 0
1884 0.55859375 0.65234375 0
1885 0.55859375 0.68359375 0
1886 0.56640625 0.68359375 0
1887 0.40625 0.703125 0
1888 0.3984375 0.6953125 0
1889 0.375 0.671875 0
1890 0.3828125 0.6640625 0
1891 0.390625 0.6640625 0
1892 0.4140625 0.625 0
1893 0.3984375 0.6015625 0
1894 0.375 0.609375 0
1895 0.3828125 0.6015625 0
1896 0.43359375 0.63671875 0
1897 0.63671875 0.58203125 0
1898 0.3515625 0.5703125 0
1899 0.6875 0.328125 0
1900 0.6796875 0.5546875 0
1901 0.6640625 0.5546875 0
1902 0.6796875 0.5390625 0
1903 0.3515625 0.4296875 0
1904 0.390625 0.3046875 0
1905 0.5546875 0.4140625 0
1906 0.6328125 0.5390625 0
1907 0.6484375 0.5390625 0
1908 0.328125 0.65625 0
1909 0.6875 0.390625 0
1910 0.6796875 0.3828125 0
1911 0.3671875 0.4140625 0
1912 0.5390625 0.375 0
1913 0.5390625 0.359375 0
1914 0.5625 0.359375 0
1915 0.5546875 0.3671875 0
1916 0.5546875 0.375 0
1917 0.546875 0.3828125 0
1918 0.5703125 0.3828125 0
1919 0.5625 0.3828125 0
1920 0.5078125 0.578125 0
1921 0.5234375 0.5859375 0
1922 0.5234375 0.59375 0
1923 0.34375 0.5390625 0
1924 0.3359375 0.546875 0
1925 0.3359375 0.53125 0
1926 0.3515625 0.5234375 0
1927 0.3515625 0.546875 0
1928 0.3515625 0.53125 0
1929 0.359375 0.5390625 0
1930 0.359375 0.5546875 0
1931 0.4140625 0.59375 0
1932 0.421875 0.6015625 0
1933 0.3984375 0.5859375 0
1934 0.40625 0.5859375 0
1935 0.4296875 0.578125 0
1936 0.6640625 0.4296875 0
1937 0.6796875 0.4296875 0
1938 0.6953125 0.4296875 0
1939 0.6484375 0.484375 0
1940 0.65625 0.5703125 0
1941 0.6640625 0.3046875 0
1942 0.3125 0.640625 0
1943 0.3203125 0.6328125 0
1944 0.5546875 0.5703125 0
1945 0.5 0.3203125 0
1946 0.5078125 0.328125 0
1947 0.515625 0.3203125 0
1948 0.5078125 0.3125 0
1949 0.4765625 0.3046875 0
1950 0.4921875 0.3046875 0
1951 0.484375 0.3203125 0
1952 0.609375 0.6796875 0
1953 0.59375 0.6796875 0
1954 0.6015625 0.671875 0
1955 0.5859375 0.6875 0
1956 0.484375 0.6484375 0
1957 0.5 0.6484375 0
1958 0.4609375 0.6796875 0
1959 0.46875 0.6796875 0
1960 0.46875 0.6640625 0
1961 0.4609375 0.65625 0
1962 0.453125 0.6640625 0
1963 0.4296875 0.6953125 0
1964 0.4375 0.6953125 0
1965 0.3828125 0.515625 0
1966 0.6171875 0.3203125 0
1967 0.59375 0.296875 0
1968 0.6015625 0.3046875 0
1969 0.6171875 0.3046875 0
1970 0.6640625 0.3515625 0
1971 0.65625 0.3515625 0
1972 0.6484375 0.359375 0
1973 0.640625 0.3359375 0
1974 0.625 0.3359375 0
1975 0.3046875 0.4453125 0
1976 0.3125 0.4453125 0
1977 0.38671875 0.30859375 0
1978 0.38671875 0.33984375 0
1979 0.37109375 0.34765625 0
1980 0.35546875 0.33984375 0
1981 0.39453125 0.36328125 0
1982 0.4296875 0.34375 0
1983 0.4375 0.4453125 0
1984 0.4296875 0.390625 0
1985 0.421875 0.3984375 0
1986 0.453125 0.3671875 0
1987 0.375 0.3828125 0
1988 0.3671875 0.390625 0
1989 0.36328125 0.38671875 0
1990 0.36328125 0.37890625 0
1991 0.36328125 0.36328125 0
1992 0.31640625 0.39453125 0
1993 0.328125 0.3984375 0
1994 0.3359375 0.40625 0
1995 0.5546875 0.4296875 0
1996 0.5546875 0.4375 0
1997 0.5625 0.4453125 0
1998 0.546875 0.4609375 0
1999 0.515625 0.4453125 0
2000 0.484375 0.3828125 0
2001 0.4765625 0.375 0
2002 0.46875 0.3828125 0
2003 0.4765625 0.359375 0
2004 0.484375 0.3515625 0
2005 0.54296875 0.47265625 0
2006 0.48828125 0.52734375 0
2007 0.49609375 0.52734375 0
2008 0.421875 0.4765625 0
2009 0.4765625 0.484375 0
2010 0.48046875 0.48046875 0
2011 0.51171875 0.62109375 0
2012 0.4609375 0.625 0
2013 0.47265625 0.59765625 0
2014 0.45703125 0.59765625 0
2015 0.53125 0.6640625 0
2016 0.5234375 0.6484375 0
2017 0.5234375 0.65625 0
2018 0.515625 0.6640625 0
2019 0.5703125 0.65625 0
2020 0.5546875 0.671875 0
2021 0.55859375 0.66796875 0
2022 0.56640625 0.66796875 0
2023 0.5625 0.6953125 0
2024 0.55859375 0.69140625 0
2025 0.41796875 0.65234375 0
2026 0.375 0.6328125 0
2027 0.4375 0.6640625 0
2028 0.4296875 0.65625 0
2029 0.45703125 0.62890625 0
2030 0.6640625 0.4140625 0
2031 0.5390625 0.34375 0
2032 0.5546875 0.3515625 0
2033 0.546875 0.3515625 0
2034 0.53125 0.3515625 0
2035 0.5546875 0.3203125 0
2036 0.578125 0.3125 0
2037 0.5703125 0.3203125 0
2038 0.5546875 0.34375 0
2039 0.546875 0.3359375 0
2040 0.6875 0.5703125 0
2041 0.6796875 0.5625 0
2042 0.671875 0.5703125 0
2043 0.6953125 0.5546875 0
2044 0.5078125 0.4140625 0
2045 0.4921875 0.4296875 0
2046 0.3984375 0.578125 0
2047 0.3984375 0.5625 0
2048 0.390625 0.5703125 0
2049 0.4375 0.5703125 0
2050 0.640625 0.4921875 0
2051 0.6328125 0.6484375 0
2052 0.6328125 0.640625 0
2053 0.640625 0.6328125 0
2054 0.6171875 0.5234375 0
2055 0.6015625 0.3828125 0
2056 0.5859375 0.3828125 0
2057 0.6015625 0.3984375 0
2058 0.3671875 0.53125 0
2059 0.6171875 0.359375 0
2060 0.6484375 0.390625 0
2061 0.6640625 0.390625 0
2062 0.328125 0.4140625 0
2063 0.3203125 0.421875 0
2064 0.40234375 0.30859375 0
2065 0.39453125 0.31640625 0
2066 0.375 0.1875 0
2067 0.40625 0.21875 0
2068 0.40625 0.25 0
2069 0.390625 0.265625 0
2070 0.390625 0.28125 0
2071 0.3984375 0.2890625 0
2072 0.3984375 0.296875 0
2073 0.40234375 0.30078125 0
2074 0.4140625 0.3125 0
2075 0.41015625 0.30859375 0
2076 0.3984375 0.3984375 0
2077 0.3984375 0.421875 0
2078 0.40625 0.4140625 0
2079 0.3984375 0.40625 0
2080 0.5703125 0.4296875 0
2081 0.578125 0.4296875 0
2082 0.59375 0.4296875 0
2083 0.51953125 0.51953125 0
2084 0.5234375 0.546875 0
2085 0.51953125 0.52734375 0
2086 0.51953125 0.53515625 0
2087 0.5390625 0.53125 0
2088 0.53515625 0.52734375 0
2089 0.4609375 0.46875 0
2090 0.46875 0.4453125 0
2091 0.4765625 0.4296875 0
2092 0.4765625 0.4375 0
2093 0.484375 0.4453125 0
2094 0.46875 0.4921875 0
2095 0.47265625 0.49609375 0
2096 0.484375 0.4921875 0
2097 0.48046875 0.49609375 0
2098 0.48046875 0.50390625 0
2099 0.5234375 0.625 0
2100 0.515625 0.6328125 0
2101 0.6015625 0.640625 0
2102 0.578125 0.6953125 0
2103 0.3671875 0.640625 0
2104 0.3984375 0.640625 0
2105 0.40234375 0.64453125 0
2106 0.3828125 0.65625 0
2107 0.3984375 0.65625 0
2108 0.39453125 0.65234375 0
2109 0.39453125 0.64453125 0
2110 0.3828125 0.640625 0
2111 0.38671875 0.64453125 0
2112 0.38671875 0.65234375 0
2113 0.42578125 0.63671875 0
2114 0.42578125 0.64453125 0
2115 0.41796875 0.62890625 0
2116 0.46875 0.6484375 0
2117 0.45703125 0.65234375 0
2118 0.4609375 0.640625 0
2119 0.45703125 0.64453125 0
2120 0.6484375 0.59375 0
2121 0.64453125 0.58984375 0
2122 0.65234375 0.57421875 0
2123 0.5234375 0.3828125 0
2124 0.53125 0.3828125 0
2125 0.5390625 0.390625 0
2126 0.53125 0.3984375 0
2127 0.515625 0.3984375 0
2128 0.5234375 0.4140625 0
2129 0.5234375 0.40625 0
2130 0.34375 0.5703125 0
2131 0.3359375 0.5625 0
2132 0.359375 0.5859375 0
2133 0.3203125 0.59375 0
2134 0.328125 0.6015625 0
2135 0.3359375 0.6171875 0
2136 0.3359375 0.609375 0
2137 0.3125 0.5859375 0
2138 0.3046875 0.578125 0
2139 0.6171875 0.5078125 0
2140 0.6015625 0.5078125 0
2141 0.625 0.5078125 0
2142 0.6484375 0.5 0
2143 0.640625 0.5078125 0
2144 0.6484375 0.6640625 0
2145 0.6484375 0.65625 0
2146 0.65625 0.6484375 0
2147 0.359375 0.3984375 0
2148 0.3515625 0.40625 0
2149 0.37890625 0.36328125 0
2150 0.38671875 0.36328125 0
2151 0.37890625 0.34765625 0
2152 0.4609375 0.3125 0
2153 0.46875 0.3203125 0
2154 0.46875 0.3046875 0
2155 0.4296875 0.375 0
2156 0.4296875 0.359375 0
2157 0.42578125 0.37109375 0
2158 0.5625 0.4765625 0
2159 0.55078125 0.45703125 0
2160 0.49609375 0.51953125 0
2161 0.48828125 0.51953125 0
2162 0.48828125 0.51171875 0
2163 0.49609375 0.51171875 0
2164 0.48828125 0.50390625 0
2165 0.49609375 0.50390625 0
2166 0.48828125 0.49609375 0
2167 0.49609375 0.49609375 0
2168 0.4765625 0.515625 0
2169 0.48046875 0.51171875 0
2170 0.48046875 0.51953125 0
2171 0.453125 0.5078125 0
2172 0.45703125 0.51171875 0
2173 0.47265625 0.56640625 0
2174 0.48828125 0.55078125 0
2175 0.49609375 0.55078125 0
2176 0.46875 0.4140625 0
2177 0.4609375 0.4296875 0
2178 0.4609375 0.421875 0
2179 0.484375 0.4140625 0
2180 0.5078125 0.59375 0
2181 0.51171875 0.59765625 0
2182 0.3203125 0.5234375 0
2183 0.3125 0.5234375 0
2184 0.3046875 0.5078125 0
2185 0.3046875 0.515625 0
2186 0.3203125 0.546875 0
2187 0.30859375 0.54296875 0
2188 0.3203125 0.53125 0
2189 0.31640625 0.53515625 0
2190 0.3125 0.5546875 0
2191 0.30859375 0.55078125 0
2192 0.1875 0.5 0
2193 0.21875 0.53125 0
2194 0.25 0.53125 0
2195 0.265625 0.546875 0
2196 0.28125 0.546875 0
2197 0.2890625 0.5390625 0
2198 0.296875 0.5390625 0
2199 0.30078125 0.54296875 0
2200 0.3125 0.5703125 0
2201 0.30859375 0.56640625 0
2202 0.6640625 0.6875 0
2203 0.6796875 0.65625 0
2204 0.6875 0.6640625 0
2205 0.6796875 0.453125 0
2206 0.6875 0.4609375 0
2207 0.6796875 0.46875 0
2208 0.6953125 0.4375 0
2209 0.65625 0.4921875 0
2210 0.6640625 0.5 0
2211 0.66796875 0.49609375 0
2212 0.6953125 0.5078125 0
2213 0.6953125 0.484375 0
2214 0.6953125 0.5 0
2215 0.6796875 0.5078125 0
2216 0.6796875 0.5 0
2217 0.68359375 0.49609375 0
2218 0.6796875 0.484375 0
2219 0.68359375 0.48828125 0
2220 0.69140625 0.48828125 0
2221 0.65625 0.4765625 0
2222 0.66015625 0.48046875 0
2223 0.66796875 0.48046875 0
2224 0.671875 0.4609375 0
2225 0.66796875 0.46484375 0
2226 0.6171875 0.5390625 0
2227 0.625 0.5703125 0
2228 0.62890625 0.56640625 0
2229 0.59375 0.6015625 0
2230 0.61328125 0.58984375 0
2231 0.60546875 0.58203125 0
2232 0.609375 0.5546875 0
2233 0.62109375 0.56640625 0
2234 0.609375 0.5703125 0
2235 0.61328125 0.56640625 0
2236 0.61328125 0.55859375 0
2237 0.625 0.5546875 0
2238 0.62109375 0.55859375 0
2239 0.6171875 0.625 0
2240 0.609375 0.6328125 0
2241 0.6328125 0.6640625 0
2242 0.625 0.6640625 0
2243 0.6171875 0.671875 0
2244 0.5546875 0.53125 0
2245 0.5625 0.5078125 0
2246 0.5703125 0.4921875 0
2247 0.5703125 0.5 0
2248 0.578125 0.5546875 0
2249 0.5859375 0.484375 0
2250 0.6015625 0.4921875 0
2251 0.59375 0.4921875 0
2252 0.6484375 0.3125 0
2253 0.625 0.3046875 0
2254 0.6328125 0.3125 0
2255 0.6328125 0.328125 0
2256 0.3359375 0.5078125 0
2257 0.3359375 0.5 0
2258 0.328125 0.4921875 0
2259 0.3515625 0.484375 0
2260 0.359375 0.4921875 0
2261 0.3046875 0.5 0
2262 0.3203125 0.4609375 0
2263 0.3203125 0.46875 0
2264 0.3203125 0.484375 0
2265 0.3203125 0.5078125 0
2266 0.3203125 0.5 0
2267 0.44921875 0.33203125 0
2268 0.4453125 0.3125 0
2269 0.44921875 0.31640625 0
2270 0.5 0.4140625 0
2271 0.4921875 0.421875 0
2272 0.4921875 0.4375 0
2273 0.5 0.4609375 0
2274 0.5078125 0.453125 0
2275 0.421875 0.5703125 0
2276 0.41796875 0.56640625 0
2277 0.41796875 0.57421875 0
2278 0.41015625 0.57421875 0
2279 0.42578125 0.55859375 0
2280 0.42578125 0.55078125 0
2281 0.4140625 0.546875 0
2282 0.41796875 0.55078125 0
2283 0.421875 0.5390625 0
2284 0.43359375 0.55078125 0
2285 0.42578125 0.54296875 0
2286 0.41015625 0.54296875 0
2287 0.3828125 0.5625 0
2288 0.3515625 0.6328125 0
2289 0.3515625 0.625 0
2290 0.3203125 0.609375 0
2291 0.328125 0.6171875 0
2292 0.3203125 0.625 0
2293 0.3046875 0.59375 0
2294 0.6640625 0.4375 0
2295 0.640625 0.4453125 0
2296 0.625 0.4453125 0
2297 0.6328125 0.4375 0
2298 0.6171875 0.484375 0
2299 0.6328125 0.453125 0
2300 0.64453125 0.45703125 0
2301 0.63671875 0.45703125 0
2302 0.65625 0.4609375 0
2303 0.65234375 0.46484375 0
2304 0.640625 0.4765625 0
2305 0.64453125 0.47265625 0
2306 0.609375 0.6171875 0
2307 0.61328125 0.61328125 0
2308 0.59765625 0.58203125 0
2309 0.59765625 0.58984375 0
2310 0.59375 0.5703125 0
2311 0.59765625 0.57421875 0
2312 0.60546875 0.59765625 0
2313 0.5703125 0.59375 0
2314 0.5546875 0.5859375 0
2315 0.5625 0.5859375 0
2316 0.578125 0.6015625 0
2317 0.58203125 0.58984375 0
2318 0.57421875 0.58984375 0
2319 0.5703125 0.578125 0
2320 0.57421875 0.58203125 0
2321 0.6015625 0.421875 0
2322 0.5625 0.296875 0
2323 0.5546875 0.3046875 0
2324 0.53125 0.3046875 0
2325 0.546875 0.3046875 0
2326 0.5 0.3046875 0
2327 0.51171875 0.30859375 0
2328 0.51953125 0.31640625 0
2329 0.57421875 0.55078125 0
2330 0.5625 0.5703125 0
2331 0.56640625 0.53515625 0
2332 0.57421875 0.53515625 0
2333 0.5859375 0.5234375 0
2334 0.5859375 0.53125 0
2335 0.58203125 0.53515625 0
2336 0.578125 0.5234375 0
2337 0.57421875 0.52734375 0
2338 0.54296875 0.53515625 0
2339 0.5546875 0.546875 0
2340 0.55078125 0.54296875 0
2341 0.53515625 0.51953125 0
2342 0.4765625 0.65625 0
2343 0.48046875 0.66015625 0
2344 0.49609375 0.66015625 0
2345 0.48828125 0.66015625 0
2346 0.48046875 0.67578125 0
2347 0.5078125 0.6796875 0
2348 0.5 0.6796875 0
2349 0.49609375 0.67578125 0
2350 0.5078125 0.6875 0
2351 0.46875 0.6953125 0
2352 0.48828125 0.69140625 0
2353 0.38671875 0.52734375 0
2354 0.39453125 0.53515625 0
2355 0.390625 0.5078125 0
2356 0.39453125 0.51171875 0
2357 0.37890625 0.53515625 0
2358 0.38671875 0.53515625 0
2359 0.3984375 0.46875 0
2360 0.4140625 0.484375 0
2361 0.3984375 0.453125 0
2362 0.39453125 0.49609375 0
2363 0.40234375 0.49609375 0
2364 0.421875 0.4921875 0
2365 0.40234375 0.48828125 0
2366 0.6171875 0.328125 0
2367 0.6171875 0.34375 0
2368 0.59375 0.3359375 0
2369 0.6015625 0.34375 0
2370 0.640625 0.3203125 0
2371 0.64453125 0.35546875 0
2372 0.6484375 0.34375 0
2373 0.64453125 0.34765625 0
2374 0.62890625 0.33984375 0
2375 0.6328125 0.375 0
2376 0.62890625 0.35546875 0
2377 0.625 0.3671875 0
2378 0.62890625 0.36328125 0
2379 0.65625 0.3984375 0
2380 0.63671875 0.39453125 0
2381 0.62890625 0.39453125 0
2382 0.6171875 0.3828125 0
2383 0.625 0.3828125 0
2384 0.62890625 0.38671875 0
2385 0.6484375 0.421875 0
2386 0.6328125 0.40625 0
2387 0.63671875 0.41015625 0
2388 0.6484375 0.40625 0
2389 0.64453125 0.41015625 0
2390 0.6171875 0.421875 0
2391 0.62890625 0.41796875 0
2392 0.62109375 0.41796875 0
2393 0.6171875 0.40625 0
2394 0.62109375 0.41015625 0
2395 0.625 0.4296875 0
2396 0.62890625 0.42578125 0
2397 0.3828125 0.4453125 0
2398 0.3828125 0.453125 0
2399 0.38671875 0.45703125 0
2400 0.3828125 0.46875 0
2401 0.38671875 0.46484375 0
2402 0.34375 0.4765625 0
2403 0.3515625 0.46875 0
2404 0.35546875 0.47265625 0
2405 0.36328125 0.48046875 0
2406 0.3359375 0.4453125 0
2407 0.3359375 0.4375 0
2408 0.3359375 0.421875 0
2409 0.32421875 0.42578125 0
2410 0.33203125 0.42578125 0
2411 0.33203125 0.43359375 0
2412 0.31640625 0.42578125 0
2413 0.3046875 0.421875 0
2414 0.30859375 0.42578125 0
2415 0.3046875 0.4375 0
2416 0.30859375 0.43359375 0
2417 0.37109375 0.31640625 0
2418 0.36328125 0.31640625 0
2419 0.38671875 0.31640625 0
2420 0.3828125 0.31640625 0
2421 0.375 0.3046875 0
2422 0.37890625 0.30859375 0
2423 0.37890625 0.3125 0
2424 0.375 0.32421875 0
2425 0.39453125 0.33984375 0
2426 0.35546875 0.33203125 0
2427 0.35546875 0.34765625 0
2428 0.33984375 0.33984375 0
2429 0.37109375 0.33984375 0
2430 0.375 0.33984375 0
2431 0.37890625 0.34375 0
2432 0.375 0.33203125 0
2433 0.3828125 0.33203125 0
2434 0.37109375 0.3359375 0
2435 0.37109375 0.328125 0
2436 0.36328125 0.32421875 0
2437 0.36328125 0.328125 0
2438 0.3671875 0.33203125 0
2439 0.36328125 0.33984375 0
2440 0.36328125 0.3359375 0
2441 0.39453125 0.34375 0
2442 0.40234375 0.34375 0
2443 0.390625 0.34765625 0
2444 0.41796875 0.34765625 0
2445 0.42578125 0.34765625 0
2446 0.40234375 0.3515625 0
2447 0.40625 0.35546875 0
2448 0.40625 0.34765625 0
2449 0.41015625 0.33984375 0
2450 0.41015625 0.34375 0
2451 0.41796875 0.35546875 0
2452 0.40625 0.3671875 0
2453 0.41015625 0.36328125 0
2454 0.3984375 0.4375 0
2455 0.40234375 0.44140625 0
2456 0.4453125 0.4296875 0
2457 0.4375 0.4296875 0
2458 0.43359375 0.43359375 0
2459 0.421875 0.4296875 0
2460 0.42578125 0.43359375 0
2461 0.421875 0.4453125 0
2462 0.42578125 0.44140625 0
2463 0.4453125 0.421875 0
2464 0.44140625 0.41796875 0
2465 0.41796875 0.41015625 0
2466 0.41796875 0.41796875 0
2467 0.4609375 0.359375 0
2468 0.46484375 0.35546875 0
2469 0.46484375 0.34765625 0
2470 0.44921875 0.34765625 0
2471 0.4375 0.3359375 0
2472 0.44140625 0.33984375 0
2473 0.44921875 0.33984375 0
2474 0.44921875 0.36328125 0
2475 0.421875 0.3828125 0
2476 0.44921875 0.37890625 0
2477 0.4375 0.3828125 0
2478 0.44140625 0.37890625 0
2479 0.4375 0.3671875 0
2480 0.44140625 0.37109375 0
2481 0.44921875 0.38671875 0
2482 0.359375 0.37109375 0
2483 0.37109375 0.37109375 0
2484 0.3671875 0.37109375 0
2485 0.36328125 0.375 0
2486 0.34765625 0.375 0
2487 0.3515625 0.37890625 0
2488 0.33984375 0.36328125 0
2489 0.34375 0.36328125 0
2490 0.34765625 0.359375 0
2491 0.34375 0.37109375 0
2492 0.3359375 0.37109375 0
2493 0.35546875 0.359375 0
2494 0.36328125 0.35546875 0
2495 0.3515625 0.35546875 0
2496 0.35546875 0.3515625 0
2497 0.31640625 0.3125 0
2498 0.31640625 0.3203125 0
2499 0.3203125 0.32421875 0
2500 0.31640625 0.328125 0
2501 0.30859375 0.3203125 0
2502 0.3125 0.32421875 0
2503 0.30859375 0.30859375 0
2504 0.30859375 0.3125 0
2505 0.33203125 0.3671875 0
2506 0.33203125 0.35546875 0
2507 0.33203125 0.359375 0
2508 0.3359375 0.36328125 0
2509 0.328125 0.37109375 0
2510 0.31640625 0.36328125 0
2511 0.31640625 0.3671875 0
2512 0.3203125 0.37109375 0
2513 0.32421875 0.38671875 0
2514 0.32421875 0.3828125 0
2515 0.328125 0.33203125 0
2516 0.32421875 0.3359375 0
2517 0.32421875 0.34765625 0
2518 0.32421875 0.34375 0
2519 0.31640625 0.33984375 0
2520 0.3203125 0.33984375 0
2521 0.33203125 0.3359375 0
2522 0.33203125 0.34765625 0
2523 0.33203125 0.34375 0
2524 0.5859375 0.4140625 0
2525 0.578125 0.4140625 0
2526 0.48046875 0.33203125 0
2527 0.48828125 0.33203125 0
2528 0.47265625 0.34765625 0
2529 0.47265625 0.33984375 0
2530 0.4609375 0.328125 0
2531 0.46484375 0.33203125 0
2532 0.49609375 0.33203125 0
2533 0.48828125 0.32421875 0
2534 0.50390625 0.33984375 0
2535 0.48828125 0.36328125 0
2536 0.5 0.3828125 0
2537 0.49609375 0.37890625 0
2538 0.5234375 0.328125 0
2539 0.51953125 0.33203125 0
2540 0.51171875 0.33203125 0
2541 0.51171875 0.33984375 0
2542 0.52734375 0.33203125 0
2543 0.50390625 0.3515625 0
2544 0.50390625 0.359375 0
2545 0.5 0.35546875 0
2546 0.48828125 0.35546875 0
2547 0.4921875 0.35546875 0
2548 0.49609375 0.3515625 0
2549 0.50390625 0.37109375 0
2550 0.49609375 0.36328125 0
2551 0.5 0.36328125 0
2552 0.6015625 0.46875 0
2553 0.59765625 0.46484375 0
2554 0.58984375 0.44140625 0
2555 0.58984375 0.43359375 0
2556 0.6171875 0.4375 0
2557 0.6015625 0.453125 0
2558 0.59765625 0.44921875 0
2559 0.59765625 0.44140625 0
2560 0.59765625 0.43359375 0
2561 0.609375 0.4296875 0
2562 0.60546875 0.43359375 0
2563 0.61328125 0.44140625 0
2564 0.52734375 0.48046875 0
2565 0.55078125 0.47265625 0
2566 0.5546875 0.4921875 0
2567 0.5546875 0.484375 0
2568 0.55078125 0.48046875 0
2569 0.546875 0.4921875 0
2570 0.54296875 0.48828125 0
2571 0.54296875 0.484375 0
2572 0.50390625 0.51171875 0
2573 0.51953125 0.51171875 0
2574 0.51171875 0.51171875 0
2575 0.52734375 0.5 0
2576 0.52734375 0.48828125 0
2577 0.52734375 0.4921875 0
2578 0.50390625 0.49609375 0
2579 0.51171875 0.4921875 0
2580 0.5078125 0.49609375 0
2581 0.50390625 0.48828125 0
2582 0.5078125 0.48828125 0
2583 0.5078125 0.546875 0
2584 0.51171875 0.54296875 0
2585 0.51171875 0.53125 0
2586 0.5078125 0.52734375 0
2587 0.5 0.52734375 0
2588 0.5078125 0.53515625 0
2589 0.49609375 0.5390625 0
2590 0.49609375 0.546875 0
2591 0.4921875 0.54296875 0
2592 0.4921875 0.53515625 0
2593 0.484375 0.54296875 0
2594 0.48828125 0.5390625 0
2595 0.48046875 0.56640625 0
2596 0.4609375 0.546875 0
2597 0.46484375 0.54296875 0
2598 0.46875 0.54296875 0
2599 0.46484375 0.55078125 0
2600 0.46875 0.55078125 0
2601 0.44921875 0.53515625 0
2602 0.44921875 0.54296875 0
2603 0.4296875 0.5 0
2604 0.42578125 0.50390625 0
2605 0.40625 0.5078125 0
2606 0.41015625 0.50390625 0
2607 0.41796875 0.50390625 0
2608 0.49609375 0.5703125 0
2609 0.4921875 0.57421875 0
2610 0.5 0.56640625 0
2611 0.48046875 0.58984375 0
2612 0.49609375 0.58984375 0
2613 0.50390625 0.58984375 0
2614 0.49609375 0.578125 0
2615 0.48828125 0.578125 0
2616 0.48046875 0.58203125 0
2617 0.484375 0.58203125 0
2618 0.49609375 0.55859375 0
2619 0.4921875 0.55859375 0
2620 0.48046875 0.55859375 0
2621 0.484375 0.55859375 0
2622 0.48828125 0.5546875 0
2623 0.46484375 0.46484375 0
2624 0.4609375 0.453125 0
2625 0.46484375 0.45703125 0
2626 0.4609375 0.484375 0
2627 0.47265625 0.48046875 0
2628 0.46484375 0.47265625 0
2629 0.47265625 0.46875 0
2630 0.46875 0.46484375 0
2631 0.4453125 0.48828125 0
2632 0.44921875 0.4921875 0
2633 0.4296875 0.484375 0
2634 0.43359375 0.48828125 0
2635 0.44140625 0.5 0
2636 0.4453125 0.515625 0
2637 0.44140625 0.51171875 0
2638 0.5390625 0.625 0
2639 0.54296875 0.62109375 0
2640 0.5546875 0.6015625 0
2641 0.5546875 0.609375 0
2642 0.55078125 0.61328125 0
2643 0.53125 0.6015625 0
2644 0.53515625 0.60546875 0
2645 0.54296875 0.66015625 0
2646 0.54296875 0.66796875 0
2647 0.54296875 0.65234375 0
2648 0.53515625 0.66796875 0
2649 0.53515625 0.67578125 0
2650 0.54296875 0.67578125 0
2651 0.50390625 0.62109375 0
2652 0.51171875 0.61328125 0
2653 0.5078125 0.61328125 0
2654 0.48828125 0.6015625 0
2655 0.48828125 0.6171875 0
2656 0.48046875 0.59765625 0
2657 0.53125 0.5546875 0
2658 0.5234375 0.5625 0
2659 0.51953125 0.55859375 0
2660 0.515625 0.55859375 0
2661 0.5078125 0.55859375 0
2662 0.48828125 0.63671875 0
2663 0.46875 0.6328125 0
2664 0.47265625 0.62890625 0
2665 0.47265625 0.625 0
2666 0.49609375 0.62890625 0
2667 0.49609375 0.625 0
2668 0.4921875 0.62109375 0
2669 0.67578125 0.63671875 0
2670 0.68359375 0.64453125 0
2671 0.6953125 0.625 0
2672 0.69140625 0.62890625 0
2673 0.6953125 0.65625 0
2674 0.69140625 0.65234375 0
2675 0.6953125 0.640625 0
2676 0.69140625 0.64453125 0
2677 0.67578125 0.65234375 0
2678 0.6796875 0.609375 0
2679 0.68359375 0.60546875 0
2680 0.59375 0.6484375 0
2681 0.5859375 0.65625 0
2682 0.578125 0.6484375 0
2683 0.58203125 0.64453125 0
2684 0.58984375 0.64453125 0
2685 0.58984375 0.63671875 0
2686 0.59765625 0.63671875 0
2687 0.6015625 0.625 0
2688 0.59765625 0.62890625 0
2689 0.5625 0.6328125 0
2690 0.56640625 0.62890625 0
2691 0.56640625 0.62109375 0
2692 0.53125 0.703125 0
2693 0.5390625 0.6953125 0
2694 0.5390625 0.6875 0
2695 0.53515625 0.68359375 0
2696 0.52734375 0.67578125 0
2697 0.5234375 0.6953125 0
2698 0.5234375 0.6875 0
2699 0.52734375 0.68359375 0
2700 0.55078125 0.67578125 0
2701 0.5703125 0.640625 0
2702 0.55078125 0.64453125 0
2703 0.55859375 0.63671875 0
2704 0.546875 0.6328125 0
2705 0.55078125 0.63671875 0
2706 0.5546875 0.65234375 0
2707 0.3984375 0.671875 0
2708 0.40234375 0.66796875 0
2709 0.4140625 0.6796875 0
2710 0.4140625 0.671875 0
2711 0.41015625 0.66796875 0
2712 0.4140625 0.64453125 0
2713 0.40625 0.6328125 0
2714 0.41015625 0.63671875 0
2715 0.41015625 0.640625 0
2716 0.42578125 0.65234375 0
2717 0.41796875 0.6484375 0
2718 0.3828125 0.59375 0
2719 0.390625 0.5859375 0
2720 0.3828125 0.578125 0
2721 0.421875 0.6171875 0
2722 0.4296875 0.609375 0
2723 0.43359375 0.62109375 0
2724 0.43359375 0.6328125 0
2725 0.4375 0.62890625 0
2726 0.44140625 0.61328125 0
2727 0.43359375 0.61328125 0
2728 0.4453125 0.62890625 0
2729 0.44140625 0.62109375 0
2730 0.44140625 0.625 0
2731 0.44921875 0.625 0
2732 0.44921875 0.61328125 0
2733 0.44921875 0.6171875 0
2734 0.62890625 0.58984375 0
2735 0.6171875 0.578125 0
2736 0.62109375 0.58203125 0
2737 0.625 0.58203125 0
2738 0.63671875 0.56640625 0
2739 0.62890625 0.57421875 0
2740 0.6328125 0.57421875 0
2741 0.64453125 0.57421875 0
2742 0.640625 0.57421875 0
$EndNodes
$Elements
5450
1 2 2 0 0 1 2 3
2 2 2 0 0 2 3 4
3 2 2 0 0 3 4 5
4 2 2 0 0 2 4 6
5 2 2 0 0 4 5 7
6 2 2 0 0 4 6 8
7 2 2 0 0 5 7 9
8 2 2 0 0 4 7 8
9 2 2 0 0 6 8 10
10 2 2 0 0 7 9 11
11 2 2 0 0 7 8 12
12 2 2 0 0 8 10 13
13 2 2 0 0 9 11 14
14 2 2 0 0 10 13 15
15 2 2 0 0 11 14 16
16 2 2 0 0 13 15 19
17 2 2 0 0 14 16 20
18 2 2 0 0 15 19 21
19 2 2 0 0 16 20 22
20 2 2 0 0 19 21 26
21 2 2 0 0 20 22 27
22 2 2 0 0 21 26 28
23 2 2 0 0 22 27 29
24 2 2 0 0 26 28 34
25 2 2 0 0 27 29 35
26 2 2 0 0 28 34 36
27 2 2 0 0 29 35 37
28 2 2 0 0 34 36 43
29 2 2 0 0 35 37 44
30 2 2 0 0 29 37 38
31 2 2 0 0 34 42 43
32 2 2 0 0 36 43 45
33 2 2 0 0 37 44 46
34 2 2 0 0 37 38 47
35 2 2 0 0 42 43 52
36 2 2 0 0 43 45 53
37 2 2 0 0 37 46 47
38 2 2 0 0 43 52 53
39 2 2 0 0 46 47 54
40 2 2 0 0 52 53 60
41 2 2 0 0 47 54 55
42 2 2 0 0 52 59 60
43 2 2 0 0 54 55 61
44 2 2 0 0 59 60 66
45 2 2 0 0 55 61 62
46 2 2 0 0 59 65 66
47 2 2 0 0 61 62 67
48 2 2 0 0 65 66 71
49 2 2 0 0 62 67 68
50 2 2 0 0 65 70 71
51 2 2 0 0 67 68 72
52 2 2 0 0 70 71 75
53 2 2 0 0 68 72 73
54 2 2 0 0 69 73 74
55 2 2 0 0 70 74 75
56 2 2 0 0 72 73 76
57 2 2 0 0 73 74 77
58 2 2 0 0 74 75 78
59 2 2 0 0 73 76 77
60 2 2 0 0 74 77 78
61 2 2 0 0 76 77 79
62 2 2 0 0 77 78 80
63 2 2 0 0 77 79 80
64 2 2 0 0 79 80 81
65 2 2 0 0 16 140 23
66 2 2 0 0 16 140 11
67 2 2 0 0 141 23 140
68 2 2 0 0 12 148 8
69 2 2 0 0 148 13 8
70 2 2 0 0 149 12 148
71 2 2 0 0 166 65 58
72 2 2 0 0 64 166 70
73 2 2 0 0 166 65 70
74 2 2 0 0 58 167 166
75 2 2 0 0 167 64 166
76 2 2 0 0 64 168 167
77 2 2 0 0 189 59 51
78 2 2 0 0 58 189 65
79 2 2 0 0 189 59 65
80 2 2 0 0 51 190 189
81 2 2 0 0 190 58 189
82 2 2 0 0 58 191 190
83 2 2 0 0 23 197 141
84 2 2 0 0 141 198 142
85 2 2 0 0 198 141 197
86 2 2 0 0 199 142 198
87 2 2 0 0 11 200 7
88 2 2 0 0 200 12 7
89 2 2 0 0 12 201 200
90 2 2 0 0 201 17 200
91 2 2 0 0 17 202 201
92 2 2 0 0 203 17 202
93 2 2 0 0 209 19 13
94 2 2 0 0 25 210 209
95 2 2 0 0 210 18 209
96 2 2 0 0 18 211 210
97 2 2 0 0 12 218 149
98 2 2 0 0 218 12 201
99 2 2 0 0 219 149 218
100 2 2 0 0 241 26 33
101 2 2 0 0 241 26 19
102 2 2 0 0 33 242 241
103 2 2 0 0 247 70 64
104 2 2 0 0 69 247 74
105 2 2 0 0 247 70 74
106 2 2 0 0 64 248 247
107 2 2 0 0 248 69 247
108 2 2 0 0 249 64 248
109 2 2 0 0 55 257 48
110 2 2 0 0 55 257 62
111 2 2 0 0 257 56 62
112 2 2 0 0 56 258 257
113 2 2 0 0 258 48 257
114 2 2 0 0 259 56 258
115 2 2 0 0 62 263 56
116 2 2 0 0 62 263 68
117 2 2 0 0 263 63 68
118 2 2 0 0 63 264 263
119 2 2 0 0 264 56 263
120 2 2 0 0 265 63 264
121 2 2 0 0 22 272 30
122 2 2 0 0 22 272 16
123 2 2 0 0 272 23 16
124 2 2 0 0 23 273 272
125 2 2 0 0 273 30 272
126 2 2 0 0 274 23 273
127 2 2 0 0 278 51 190
128 2 2 0 0 56 280 264
129 2 2 0 0 47 283 38
130 2 2 0 0 47 283 55
131 2 2 0 0 283 48 55
132 2 2 0 0 48 284 283
133 2 2 0 0 284 38 283
134 2 2 0 0 285 48 284
135 2 2 0 0 29 287 38
136 2 2 0 0 29 287 22
137 2 2 0 0 287 30 22
138 2 2 0 0 30 288 287
139 2 2 0 0 288 38 287
140 2 2 0 0 289 30 288
141 2 2 0 0 292 25 210
142 2 2 0 0 303 33 242
143 2 2 0 0 68 305 63
144 2 2 0 0 68 305 73
145 2 2 0 0 305 69 73
146 2 2 0 0 69 306 305
147 2 2 0 0 306 63 305
148 2 2 0 0 63 307 306
149 2 2 0 0 309 58 167
150 2 2 0 0 310 167 168
151 2 2 0 0 167 310 309
152 2 2 0 0 168 311 310
153 2 2 0 0 58 333 191
154 2 2 0 0 58 333 309
155 2 2 0 0 334 191 333
156 2 2 0 0 18 351 211
157 2 2 0 0 352 211 351
158 2 2 0 0 354 201 202
159 2 2 0 0 201 354 218
160 2 2 0 0 202 355 354
161 2 2 0 0 202 356 203
162 2 2 0 0 48 398 258
163 2 2 0 0 258 399 259
164 2 2 0 0 399 258 398
165 2 2 0 0 400 259 399
166 2 2 0 0 401 56 259
167 2 2 0 0 401 56 280
168 2 2 0 0 259 402 401
169 2 2 0 0 415 52 42
170 2 2 0 0 51 415 59
171 2 2 0 0 415 52 59
172 2 2 0 0 42 416 415
173 2 2 0 0 416 51 415
174 2 2 0 0 51 417 416
175 2 2 0 0 242 442 303
176 2 2 0 0 454 23 274
177 2 2 0 0 454 23 197
178 2 2 0 0 274 455 454
179 2 2 0 0 51 459 278
180 2 2 0 0 51 459 417
181 2 2 0 0 106 460 459
182 2 2 0 0 460 278 459
183 2 2 0 0 461 280 281
184 2 2 0 0 280 461 401
185 2 2 0 0 38 462 288
186 2 2 0 0 38 462 284
187 2 2 0 0 288 463 289
188 2 2 0 0 100 463 462
189 2 2 0 0 463 288 462
190 2 2 0 0 100 464 463
191 2 2 0 0 464 289 463
192 2 2 0 0 30 465 273
193 2 2 0 0 466 30 289
194 2 2 0 0 466 30 465
195 2 2 0 0 289 467 466
196 2 2 0 0 25 470 292
197 2 2 0 0 25 470 243
198 2 2 0 0 292 471 293
199 2 2 0 0 471 292 470
200 2 2 0 0 485 34 42
201 2 2 0 0 33 485 26
202 2 2 0 0 485 34 26
203 2 2 0 0 42 486 485
204 2 2 0 0 486 33 485
205 2 2 0 0 33 487 486
206 2 2 0 0 487 105 486
207 2 2 0 0 33 488 303
208 2 2 0 0 33 488 487
209 2 2 0 0 134 489 488
210 2 2 0 0 489 303 488
211 2 2 0 0 490 303 442
212 2 2 0 0 64 507 168
213 2 2 0 0 64 507 249
214 2 2 0 0 508 168 507
215 2 2 0 0 509 169 508
216 2 2 0 0 516 190 191
217 2 2 0 0 190 516 278
218 2 2 0 0 191 517 516
219 2 2 0 0 89 518 332
220 2 2 0 0 527 111 340
221 2 2 0 0 544 214 427
222 2 2 0 0 549 218 354
223 2 2 0 0 218 549 219
224 2 2 0 0 550 354 355
225 2 2 0 0 354 550 549
226 2 2 0 0 355 551 357
227 2 2 0 0 355 551 550
228 2 2 0 0 150 558 220
229 2 2 0 0 559 220 558
230 2 2 0 0 560 219 549
231 2 2 0 0 221 565 361
232 2 2 0 0 565 221 564
233 2 2 0 0 566 221 361
234 2 2 0 0 222 571 570
235 2 2 0 0 231 585 375
236 2 2 0 0 585 86 375
237 2 2 0 0 239 597 383
238 2 2 0 0 600 329 385
239 2 2 0 0 602 63 307
240 2 2 0 0 602 63 265
241 2 2 0 0 307 603 602
242 2 2 0 0 265 605 602
243 2 2 0 0 610 309 310
244 2 2 0 0 41 619 618
245 2 2 0 0 619 170 618
246 2 2 0 0 170 620 619
247 2 2 0 0 620 392 619
248 2 2 0 0 89 621 332
249 2 2 0 0 624 396 397
250 2 2 0 0 69 641 248
251 2 2 0 0 641 69 306
252 2 2 0 0 248 642 249
253 2 2 0 0 125 642 641
254 2 2 0 0 642 248 641
255 2 2 0 0 125 643 642
256 2 2 0 0 643 249 642
257 2 2 0 0 264 645 265
258 2 2 0 0 645 264 280
259 2 2 0 0 646 265 645
260 2 2 0 0 266 647 267
261 2 2 0 0 197 648 198
262 2 2 0 0 197 649 454
263 2 2 0 0 650 278 516
264 2 2 0 0 210 652 292
265 2 2 0 0 652 210 211
266 2 2 0 0 653 292 293
267 2 2 0 0 653 292 652
268 2 2 0 0 661 130 314
269 2 2 0 0 661 173 660
270 2 2 0 0 668 249 507
271 2 2 0 0 669 250 668
272 2 2 0 0 211 678 652
273 2 2 0 0 680 142 199
274 2 2 0 0 684 202 355
275 2 2 0 0 202 684 356
276 2 2 0 0 685 355 357
277 2 2 0 0 355 685 684
278 2 2 0 0 253 699 698
279 2 2 0 0 396 706 397
280 2 2 0 0 706 254 397
281 2 2 0 0 708 315 662
282 2 2 0 0 301 711 482
283 2 2 0 0 398 718 414
284 2 2 0 0 398 718 399
285 2 2 0 0 719 48 398
286 2 2 0 0 719 48 285
287 2 2 0 0 720 398 414
288 2 2 0 0 398 720 719
289 2 2 0 0 723 285 286
290 2 2 0 0 285 723 719
291 2 2 0 0 101 724 421
292 2 2 0 0 724 286 421
293 2 2 0 0 286 724 723
294 2 2 0 0 726 24 629
295 2 2 0 0 405 732 629
296 2 2 0 0 732 24 629
297 2 2 0 0 371 740 582
298 2 2 0 0 747 243 470
299 2 2 0 0 748 243 747
300 2 2 0 0 244 749 748
301 2 2 0 0 750 442 443
302 2 2 0 0 442 750 490
303 2 2 0 0 443 751 750
304 2 2 0 0 752 125 643
305 2 2 0 0 753 306 307
306 2 2 0 0 306 753 641
307 2 2 0 0 753 125 641
308 2 2 0 0 307 754 753
309 2 2 0 0 754 125 753
310 2 2 0 0 125 755 754
311 2 2 0 0 413 759 449
312 2 2 0 0 759 413 717
313 2 2 0 0 761 266 267
314 2 2 0 0 267 762 761
315 2 2 0 0 762 132 761
316 2 2 0 0 173 763 660
317 2 2 0 0 175 773 664
318 2 2 0 0 777 293 471
319 2 2 0 0 335 792 791
320 2 2 0 0 372 793 481
321 2 2 0 0 793 230 481
322 2 2 0 0 230 793 692
323 2 2 0 0 134 795 489
324 2 2 0 0 796 105 487
325 2 2 0 0 808 316 807
326 2 2 0 0 322 810 499
327 2 2 0 0 810 181 499
328 2 2 0 0 273 812 274
329 2 2 0 0 812 273 465
330 2 2 0 0 813 274 812
331 2 2 0 0 274 814 455
332 2 2 0 0 814 274 813
333 2 2 0 0 815 455 814
334 2 2 0 0 817 325 816
335 2 2 0 0 818 88 505
336 2 2 0 0 823 126 822
337 2 2 0 0 127 824 510
338 2 2 0 0 830 309 333
339 2 2 0 0 333 831 334
340 2 2 0 0 333 831 830
341 2 2 0 0 832 334 831
342 2 2 0 0 135 834 583
343 2 2 0 0 835 335 672
344 2 2 0 0 465 839 812
345 2 2 0 0 465 840 466
346 2 2 0 0 522 844 523
347 2 2 0 0 844 522 843
348 2 2 0 0 137 845 651
349 2 2 0 0 852 320 527
350 2 2 0 0 853 340 528
351 2 2 0 0 340 853 527
352 2 2 0 0 853 320 527
353 2 2 0 0 320 855 854
354 2 2 0 0 856 91 529
355 2 2 0 0 862 215 532
356 2 2 0 0 215 862 857
357 2 2 0 0 215 865 532
358 2 2 0 0 870 206 727
359 2 2 0 0 875 348 539
360 2 2 0 0 437 876 744
361 2 2 0 0 348 878 539
362 2 2 0 0 357 892 548
363 2 2 0 0 892 357 551
364 2 2 0 0 351 895 553
365 2 2 0 0 351 895 352
366 2 2 0 0 553 896 554
367 2 2 0 0 896 553 895
368 2 2 0 0 897 553 554
369 2 2 0 0 898 217 555
370 2 2 0 0 95 899 896
371 2 2 0 0 899 554 896
372 2 2 0 0 427 902 544
373 2 2 0 0 558 903 559
374 2 2 0 0 151 903 897
375 2 2 0 0 549 904 560
376 2 2 0 0 904 549 550
377 2 2 0 0 905 560 904
378 2 2 0 0 907 360 559
379 2 2 0 0 477 911 785
380 2 2 0 0 919 222 571
381 2 2 0 0 920 364 687
382 2 2 0 0 364 921 689
383 2 2 0 0 924 367 690
384 2 2 0 0 367 927 690
385 2 2 0 0 927 156 690
386 2 2 0 0 576 928 577
387 2 2 0 0 576 928 926
388 2 2 0 0 366 930 577
389 2 2 0 0 930 576 577
390 2 2 0 0 579 933 931
391 2 2 0 0 120 934 739
392 2 2 0 0 934 370 739
393 2 2 0 0 230 941 584
394 2 2 0 0 376 942 597
395 2 2 0 0 435 945 586
396 2 2 0 0 232 945 741
397 2 2 0 0 946 435 586
398 2 2 0 0 947 179 873
399 2 2 0 0 537 948 694
400 2 2 0 0 438 950 589
401 2 2 0 0 950 160 589
402 2 2 0 0 438 950 949
403 2 2 0 0 236 951 589
404 2 2 0 0 951 438 589
405 2 2 0 0 476 952 478
406 2 2 0 0 952 476 693
407 2 2 0 0 478 953 590
408 2 2 0 0 953 478 952
409 2 2 0 0 954 235 380
410 2 2 0 0 380 955 954
411 2 2 0 0 955 236 954
412 2 2 0 0 957 438 956
413 2 2 0 0 237 959 958
414 2 2 0 0 961 382 746
415 2 2 0 0 962 382 596
416 2 2 0 0 382 962 599
417 2 2 0 0 966 383 597
418 2 2 0 0 970 384 969
419 2 2 0 0 384 971 833
420 2 2 0 0 972 119 636
421 2 2 0 0 119 973 600
422 2 2 0 0 973 119 972
423 2 2 0 0 265 978 605
424 2 2 0 0 978 265 646
425 2 2 0 0 605 979 606
426 2 2 0 0 979 605 978
427 2 2 0 0 608 981 609
428 2 2 0 0 983 608 609
429 2 2 0 0 420 986 985
430 2 2 0 0 310 990 610
431 2 2 0 0 990 310 311
432 2 2 0 0 991 610 613
433 2 2 0 0 991 610 990
434 2 2 0 0 391 992 614
435 2 2 0 0 992 391 699
436 2 2 0 0 993 106 615
437 2 2 0 0 106 993 460
438 2 2 0 0 255 996 995
439 2 2 0 0 170 997 618
440 2 2 0 0 397 999 624
441 2 2 0 0 99 1004 409
442 2 2 0 0 280 1005 281
443 2 2 0 0 280 1005 645
444 2 2 0 0 284 1006 285
445 2 2 0 0 100 1006 462
446 2 2 0 0 1006 284 462
447 2 2 0 0 285 1007 286
448 2 2 0 0 100 1007 1006
449 2 2 0 0 1007 285 1006
450 2 2 0 0 1010 281 1005
451 2 2 0 0 1014 203 204
452 2 2 0 0 1014 203 356
453 2 2 0 0 204 1015 1014
454 2 2 0 0 407 1018 408
455 2 2 0 0 153 1018 564
456 2 2 0 0 1019 99 409
457 2 2 0 0 1021 281 413
458 2 2 0 0 281 1021 461
459 2 2 0 0 178 1022 418
460 2 2 0 0 1022 105 418
461 2 2 0 0 1022 105 796
462 2 2 0 0 417 1023 418
463 2 2 0 0 1023 106 418
464 2 2 0 0 106 1023 459
465 2 2 0 0 1023 417 459
466 2 2 0 0 1025 101 421
467 2 2 0 0 286 1026 421
468 2 2 0 0 137 1026 651
469 2 2 0 0 1026 286 651
470 2 2 0 0 111 1027 422
471 2 2 0 0 111 1027 631
472 2 2 0 0 1027 213 631
473 2 2 0 0 224 1028 430
474 2 2 0 0 154 1028 632
475 2 2 0 0 1029 407 408
476 2 2 0 0 407 1029 667
477 2 2 0 0 408 1030 1029
478 2 2 0 0 119 1031 636
479 2 2 0 0 1032 239 440
480 2 2 0 0 1033 238 958
481 2 2 0 0 1034 245 640
482 2 2 0 0 164 1037 441
483 2 2 0 0 1037 164 1004
484 2 2 0 0 256 1038 997
485 2 2 0 0 1038 122 997
486 2 2 0 0 299 1039 446
487 2 2 0 0 185 1040 446
488 2 2 0 0 1040 299 446
489 2 2 0 0 1040 185 657
490 2 2 0 0 414 1043 448
491 2 2 0 0 1043 414 718
492 2 2 0 0 173 1045 763
493 2 2 0 0 100 1046 464
494 2 2 0 0 1046 100 651
495 2 2 0 0 139 1047 468
496 2 2 0 0 195 1047 340
497 2 2 0 0 1048 139 468
498 2 2 0 0 297 1049 478
499 2 2 0 0 1049 476 478
500 2 2 0 0 476 1049 784
501 2 2 0 0 1051 372 481
502 2 2 0 0 1051 135 583
503 2 2 0 0 1052 41 482
504 2 2 0 0 1053 302 1008
505 2 2 0 0 315 1055 663
506 2 2 0 0 1055 57 663
507 2 2 0 0 182 1057 667
508 2 2 0 0 1057 407 667
509 2 2 0 0 1061 96 1060
510 2 2 0 0 1062 169 509
511 2 2 0 0 1063 253 698
512 2 2 0 0 1065 192 513
513 2 2 0 0 1066 332 514
514 2 2 0 0 191 1067 517
515 2 2 0 0 1067 191 334
516 2 2 0 0 517 1068 518
517 2 2 0 0 1068 192 518
518 2 2 0 0 1068 517 1067
519 2 2 0 0 1069 516 517
520 2 2 0 0 516 1069 650
521 2 2 0 0 89 1070 518
522 2 2 0 0 1070 517 518
523 2 2 0 0 517 1070 1069
524 2 2 0 0 1071 193 673
525 2 2 0 0 1073 522 523
526 2 2 0 0 340 1076 528
527 2 2 0 0 139 1076 1047
528 2 2 0 0 1076 340 1047
529 2 2 0 0 293 1077 653
530 2 2 0 0 91 1078 529
531 2 2 0 0 1078 468 529
532 2 2 0 0 468 1078 1077
533 2 2 0 0 1081 531 728
534 2 2 0 0 145 1083 629
535 2 2 0 0 426 1084 1083
536 2 2 0 0 294 1085 536
537 2 2 0 0 1085 346 536
538 2 2 0 0 346 1085 682
539 2 2 0 0 1085 294 682
540 2 2 0 0 1086 294 654
541 2 2 0 0 294 1087 536
542 2 2 0 0 1087 472 536
543 2 2 0 0 472 1087 1086
544 2 2 0 0 1087 294 1086
545 2 2 0 0 1088 537 694
546 2 2 0 0 347 1089 884
547 2 2 0 0 406 1090 1017
548 2 2 0 0 1090 144 1017
549 2 2 0 0 1094 214 544
550 2 2 0 0 424 1095 547
551 2 2 0 0 1095 424 728
552 2 2 0 0 95 1097 556
553 2 2 0 0 217 1098 555
554 2 2 0 0 554 1098 1096
555 2 2 0 0 1098 217 1096
556 2 2 0 0 1099 552 556
557 2 2 0 0 1099 358 894
558 2 2 0 0 146 1100 427
559 2 2 0 0 358 1101 1100
560 2 2 0 0 1101 427 1100
561 2 2 0 0 221 1102 564
562 2 2 0 0 1102 153 564
563 2 2 0 0 1103 361 565
564 2 2 0 0 361 1104 566
565 2 2 0 0 1105 221 566
566 2 2 0 0 221 1105 786
567 2 2 0 0 1106 475 782
568 2 2 0 0 1107 475 779
569 2 2 0 0 492 1109 799
570 2 2 0 0 1110 155 575
571 2 2 0 0 155 1110 1104
572 2 2 0 0 1110 431 1104
573 2 2 0 0 1112 371 582
574 2 2 0 0 1112 230 692
575 2 2 0 0 235 1113 380
576 2 2 0 0 1114 297 478
577 2 2 0 0 297 1114 737
578 2 2 0 0 1115 478 590
579 2 2 0 0 478 1115 1114
580 2 2 0 0 1115 298 1114
581 2 2 0 0 237 1116 696
582 2 2 0 0 1116 381 696
583 2 2 0 0 103 1117 592
584 2 2 0 0 1118 331 515
585 2 2 0 0 50 1119 1118
586 2 2 0 0 1119 594 1118
587 2 2 0 0 382 1120 596
588 2 2 0 0 1120 161 596
589 2 2 0 0 382 1120 746
590 2 2 0 0 1120 161 746
591 2 2 0 0 329 1121 385
592 2 2 0 0 385 1122 598
593 2 2 0 0 187 1122 1121
594 2 2 0 0 1122 385 1121
595 2 2 0 0 385 1123 600
596 2 2 0 0 1123 119 600
597 2 2 0 0 1123 385 963
598 2 2 0 0 1124 329 600
599 2 2 0 0 329 1124 828
600 2 2 0 0 1124 512 828
601 2 2 0 0 387 1125 761
602 2 2 0 0 1125 266 761
603 2 2 0 0 1129 252 1128
604 2 2 0 0 1130 613 614
605 2 2 0 0 613 1130 991
606 2 2 0 0 394 1131 395
607 2 2 0 0 1132 128 617
608 2 2 0 0 128 1132 1131
609 2 2 0 0 1132 395 1131
610 2 2 0 0 392 1133 619
611 2 2 0 0 1133 41 619
612 2 2 0 0 394 1134 621
613 2 2 0 0 1134 394 395
614 2 2 0 0 1136 396 624
615 2 2 0 0 396 1136 1135
616 2 2 0 0 414 1137 627
617 2 2 0 0 1137 414 448
618 2 2 0 0 294 1138 654
619 2 2 0 0 1139 222 632
620 2 2 0 0 1141 223 843
621 2 2 0 0 429 1142 1141
622 2 2 0 0 1142 223 1141
623 2 2 0 0 456 1143 634
624 2 2 0 0 184 1144 638
625 2 2 0 0 1144 637 638
626 2 2 0 0 637 1144 816
627 2 2 0 0 447 1145 797
628 2 2 0 0 1146 267 647
629 2 2 0 0 645 1147 646
630 2 2 0 0 1147 645 1005
631 2 2 0 0 646 1148 647
632 2 2 0 0 90 1148 1147
633 2 2 0 0 1148 646 1147
634 2 2 0 0 266 1149 647
635 2 2 0 0 1149 646 647
636 2 2 0 0 646 1149 978
637 2 2 0 0 374 1153 657
638 2 2 0 0 86 1153 375
639 2 2 0 0 1153 374 375
640 2 2 0 0 313 1155 659
641 2 2 0 0 1155 49 659
642 2 2 0 0 1155 49 1154
643 2 2 0 0 315 1156 662
644 2 2 0 0 1156 251 662
645 2 2 0 0 251 1156 663
646 2 2 0 0 1156 315 663
647 2 2 0 0 251 1157 662
648 2 2 0 0 1157 387 662
649 2 2 0 0 1157 251 601
650 2 2 0 0 1158 57 663
651 2 2 0 0 57 1158 1024
652 2 2 0 0 251 1159 663
653 2 2 0 0 419 1159 721
654 2 2 0 0 1159 251 721
655 2 2 0 0 1160 175 664
656 2 2 0 0 175 1160 715
657 2 2 0 0 1162 182 667
658 2 2 0 0 246 1163 672
659 2 2 0 0 1163 99 672
660 2 2 0 0 99 1163 1004
661 2 2 0 0 1164 246 672
662 2 2 0 0 626 1165 673
663 2 2 0 0 1165 193 673
664 2 2 0 0 1165 626 1035
665 2 2 0 0 1166 194 674
666 2 2 0 0 194 1166 1012
667 2 2 0 0 1166 338 1012
668 2 2 0 0 194 1167 674
669 2 2 0 0 1167 421 674
670 2 2 0 0 421 1167 1025
671 2 2 0 0 1167 194 1025
672 2 2 0 0 39 1168 1161
673 2 2 0 0 1168 666 1161
674 2 2 0 0 1169 194 676
675 2 2 0 0 194 1169 1012
676 2 2 0 0 1169 339 1012
677 2 2 0 0 194 1170 676
678 2 2 0 0 627 1170 1025
679 2 2 0 0 1170 194 1025
680 2 2 0 0 212 1171 679
681 2 2 0 0 146 1172 1013
682 2 2 0 0 1174 342 681
683 2 2 0 0 1174 143 1173
684 2 2 0 0 199 1175 680
685 2 2 0 0 1175 199 346
686 2 2 0 0 1176 680 1175
687 2 2 0 0 213 1177 631
688 2 2 0 0 1178 631 1177
689 2 2 0 0 1179 567 686
690 2 2 0 0 567 1179 913
691 2 2 0 0 1179 183 913
692 2 2 0 0 364 1180 687
693 2 2 0 0 1180 226 687
694 2 2 0 0 1180 364 688
695 2 2 0 0 226 1181 687
696 2 2 0 0 1181 365 687
697 2 2 0 0 365 1181 1003
698 2 2 0 0 85 1182 689
699 2 2 0 0 1182 364 689
700 2 2 0 0 364 1182 688
701 2 2 0 0 500 1183 811
702 2 2 0 0 228 1184 578
703 2 2 0 0 118 1186 691
704 2 2 0 0 1186 118 1185
705 2 2 0 0 635 1187 691
706 2 2 0 0 1187 118 691
707 2 2 0 0 1189 377 587
708 2 2 0 0 476 1190 693
709 2 2 0 0 160 1191 736
710 2 2 0 0 381 1192 696
711 2 2 0 0 1192 177 696
712 2 2 0 0 331 1193 696
713 2 2 0 0 1193 237 696
714 2 2 0 0 311 1195 990
715 2 2 0 0 41 1196 1052
716 2 2 0 0 1196 700 1052
717 2 2 0 0 1197 128 702
718 2 2 0 0 128 1197 617
719 2 2 0 0 1198 277 701
720 2 2 0 0 170 1200 997
721 2 2 0 0 1200 256 997
722 2 2 0 0 254 1201 397
723 2 2 0 0 1202 397 1201
724 2 2 0 0 1203 703 704
725 2 2 0 0 1203 255 995
726 2 2 0 0 1204 332 621
727 2 2 0 0 396 1206 706
728 2 2 0 0 1206 705 706
729 2 2 0 0 1207 268 707
730 2 2 0 0 1207 403 625
731 2 2 0 0 268 1208 707
732 2 2 0 0 1208 451 707
733 2 2 0 0 1210 473 709
734 2 2 0 0 1211 410 710
735 2 2 0 0 410 1211 712
736 2 2 0 0 1212 163 711
737 2 2 0 0 163 1212 710
738 2 2 0 0 1212 409 710
739 2 2 0 0 245 1213 712
740 2 2 0 0 1213 93 712
741 2 2 0 0 410 1214 713
742 2 2 0 0 1214 410 714
743 2 2 0 0 1215 163 713
744 2 2 0 0 163 1215 794
745 2 2 0 0 1216 304 795
746 2 2 0 0 303 1217 490
747 2 2 0 0 1217 303 489
748 2 2 0 0 1218 490 1217
749 2 2 0 0 1219 490 750
750 2 2 0 0 175 1221 715
751 2 2 0 0 1222 412 716
752 2 2 0 0 1222 49 1154
753 2 2 0 0 281 1223 413
754 2 2 0 0 130 1223 314
755 2 2 0 0 413 1224 717
756 2 2 0 0 1224 130 717
757 2 2 0 0 130 1224 1223
758 2 2 0 0 1224 413 1223
759 2 2 0 0 412 1225 717
760 2 2 0 0 130 1226 717
761 2 2 0 0 1226 412 717
762 2 2 0 0 412 1226 1020
763 2 2 0 0 1226 130 1020
764 2 2 0 0 1227 419 721
765 2 2 0 0 419 1227 1011
766 2 2 0 0 386 1228 721
767 2 2 0 0 165 1228 976
768 2 2 0 0 1229 422 725
769 2 2 0 0 422 1229 1013
770 2 2 0 0 1229 146 1013
771 2 2 0 0 214 1230 427
772 2 2 0 0 1230 146 427
773 2 2 0 0 206 1231 727
774 2 2 0 0 1231 424 727
775 2 2 0 0 424 1232 727
776 2 2 0 0 424 1232 728
777 2 2 0 0 1234 197 648
778 2 2 0 0 197 1234 649
779 2 2 0 0 1235 648 729
780 2 2 0 0 648 1235 1234
781 2 2 0 0 145 1236 1017
782 2 2 0 0 1236 406 1017
783 2 2 0 0 730 1238 731
784 2 2 0 0 1238 208 731
785 2 2 0 0 208 1238 1237
786 2 2 0 0 431 1240 733
787 2 2 0 0 1240 226 733
788 2 2 0 0 226 1240 1239
789 2 2 0 0 688 1241 733
790 2 2 0 0 361 1241 1103
791 2 2 0 0 1241 688 1103
792 2 2 0 0 1243 432 578
793 2 2 0 0 297 1246 737
794 2 2 0 0 366 1246 785
795 2 2 0 0 1246 297 785
796 2 2 0 0 1247 737 738
797 2 2 0 0 370 1248 739
798 2 2 0 0 371 1249 740
799 2 2 0 0 1249 434 740
800 2 2 0 0 434 1249 949
801 2 2 0 0 636 1250 741
802 2 2 0 0 1250 232 741
803 2 2 0 0 1250 636 1031
804 2 2 0 0 374 1251 375
805 2 2 0 0 1251 158 375
806 2 2 0 0 1252 636 741
807 2 2 0 0 636 1252 1251
808 2 2 0 0 1252 158 1251
809 2 2 0 0 1254 579 965
810 2 2 0 0 233 1255 744
811 2 2 0 0 1255 437 744
812 2 2 0 0 474 1256 743
813 2 2 0 0 233 1256 781
814 2 2 0 0 238 1257 1033
815 2 2 0 0 1257 440 1033
816 2 2 0 0 747 1259 748
817 2 2 0 0 1259 244 748
818 2 2 0 0 245 1260 640
819 2 2 0 0 244 1261 749
820 2 2 0 0 444 1261 1260
821 2 2 0 0 443 1262 751
822 2 2 0 0 93 1263 751
823 2 2 0 0 1263 750 751
824 2 2 0 0 750 1263 1219
825 2 2 0 0 1264 445 752
826 2 2 0 0 445 1264 670
827 2 2 0 0 1264 250 670
828 2 2 0 0 249 1265 643
829 2 2 0 0 250 1265 668
830 2 2 0 0 1265 249 668
831 2 2 0 0 643 1266 752
832 2 2 0 0 250 1266 1265
833 2 2 0 0 1266 643 1265
834 2 2 0 0 445 1267 755
835 2 2 0 0 1267 445 976
836 2 2 0 0 1268 307 754
837 2 2 0 0 307 1268 603
838 2 2 0 0 1269 754 755
839 2 2 0 0 754 1269 1268
840 2 2 0 0 399 1271 400
841 2 2 0 0 1271 399 718
842 2 2 0 0 400 1272 756
843 2 2 0 0 1272 87 756
844 2 2 0 0 1272 400 1271
845 2 2 0 0 259 1273 402
846 2 2 0 0 1273 259 400
847 2 2 0 0 1274 260 757
848 2 2 0 0 260 1274 1273
849 2 2 0 0 1274 402 1273
850 2 2 0 0 262 1276 758
851 2 2 0 0 1276 449 758
852 2 2 0 0 1276 262 1275
853 2 2 0 0 1277 401 402
854 2 2 0 0 1277 401 461
855 2 2 0 0 402 1278 1277
856 2 2 0 0 1279 108 1278
857 2 2 0 0 717 1280 759
858 2 2 0 0 1280 172 759
859 2 2 0 0 172 1280 1225
860 2 2 0 0 1280 717 1225
861 2 2 0 0 262 1281 1275
862 2 2 0 0 1281 450 1275
863 2 2 0 0 644 1282 760
864 2 2 0 0 1282 171 760
865 2 2 0 0 171 1282 1145
866 2 2 0 0 1284 660 763
867 2 2 0 0 660 1284 1283
868 2 2 0 0 763 1285 1284
869 2 2 0 0 1285 109 1284
870 2 2 0 0 270 1286 982
871 2 2 0 0 1287 174 766
872 2 2 0 0 174 1287 803
873 2 2 0 0 1287 765 803
874 2 2 0 0 317 1288 766
875 2 2 0 0 765 1288 804
876 2 2 0 0 664 1289 1283
877 2 2 0 0 57 1291 1024
878 2 2 0 0 1291 453 1024
879 2 2 0 0 1292 270 982
880 2 2 0 0 326 1293 770
881 2 2 0 0 1293 186 770
882 2 2 0 0 276 1294 771
883 2 2 0 0 1294 456 771
884 2 2 0 0 458 1295 771
885 2 2 0 0 1295 276 771
886 2 2 0 0 1296 458 771
887 2 2 0 0 458 1296 774
888 2 2 0 0 457 1297 773
889 2 2 0 0 1297 316 773
890 2 2 0 0 316 1297 807
891 2 2 0 0 318 1298 774
892 2 2 0 0 1298 365 774
893 2 2 0 0 289 1299 467
894 2 2 0 0 1299 289 464
895 2 2 0 0 467 1300 775
896 2 2 0 0 290 1300 1299
897 2 2 0 0 1300 467 1299
898 2 2 0 0 1301 466 467
899 2 2 0 0 1301 466 840
900 2 2 0 0 1302 467 775
901 2 2 0 0 467 1302 1301
902 2 2 0 0 136 1303 841
903 2 2 0 0 469 1305 776
904 2 2 0 0 1305 291 776
905 2 2 0 0 1306 469 776
906 2 2 0 0 469 1306 1048
907 2 2 0 0 1306 139 1048
908 2 2 0 0 291 1307 776
909 2 2 0 0 1307 291 809
910 2 2 0 0 470 1308 471
911 2 2 0 0 470 1308 747
912 2 2 0 0 471 1309 777
913 2 2 0 0 1309 123 777
914 2 2 0 0 1309 471 1308
915 2 2 0 0 1310 293 777
916 2 2 0 0 1310 469 1048
917 2 2 0 0 123 1311 777
918 2 2 0 0 472 1312 778
919 2 2 0 0 1312 425 778
920 2 2 0 0 1312 472 881
921 2 2 0 0 83 1313 778
922 2 2 0 0 1313 472 778
923 2 2 0 0 472 1313 536
924 2 2 0 0 1313 83 536
925 2 2 0 0 425 1314 778
926 2 2 0 0 729 1314 1233
927 2 2 0 0 1314 425 1233
928 2 2 0 0 473 1315 779
929 2 2 0 0 1315 295 779
930 2 2 0 0 295 1315 780
931 2 2 0 0 1316 295 781
932 2 2 0 0 152 1317 784
933 2 2 0 0 1317 476 784
934 2 2 0 0 297 1318 785
935 2 2 0 0 1318 477 785
936 2 2 0 0 1319 366 785
937 2 2 0 0 1320 152 786
938 2 2 0 0 152 1320 784
939 2 2 0 0 655 1321 786
940 2 2 0 0 1321 221 786
941 2 2 0 0 221 1321 1102
942 2 2 0 0 1321 655 1102
943 2 2 0 0 152 1322 786
944 2 2 0 0 1322 655 786
945 2 2 0 0 655 1322 1151
946 2 2 0 0 1322 152 1151
947 2 2 0 0 162 1323 787
948 2 2 0 0 479 1323 789
949 2 2 0 0 1323 162 789
950 2 2 0 0 1324 162 787
951 2 2 0 0 162 1324 1152
952 2 2 0 0 1324 656 1152
953 2 2 0 0 656 1325 1039
954 2 2 0 0 1325 299 1039
955 2 2 0 0 1326 479 789
956 2 2 0 0 1327 230 584
957 2 2 0 0 230 1327 481
958 2 2 0 0 584 1328 1327
959 2 2 0 0 1329 135 790
960 2 2 0 0 135 1329 1050
961 2 2 0 0 1329 480 1050
962 2 2 0 0 99 1330 1019
963 2 2 0 0 302 1331 794
964 2 2 0 0 1331 482 794
965 2 2 0 0 482 1331 1052
966 2 2 0 0 134 1332 795
967 2 2 0 0 304 1333 795
968 2 2 0 0 1333 489 795
969 2 2 0 0 489 1333 1217
970 2 2 0 0 487 1334 796
971 2 2 0 0 134 1334 488
972 2 2 0 0 1334 487 488
973 2 2 0 0 261 1335 797
974 2 2 0 0 1335 447 797
975 2 2 0 0 447 1335 1041
976 2 2 0 0 1337 497 798
977 2 2 0 0 658 1338 799
978 2 2 0 0 1338 312 799
979 2 2 0 0 312 1338 659
980 2 2 0 0 312 1339 493
981 2 2 0 0 1339 312 1054
982 2 2 0 0 493 1340 800
983 2 2 0 0 1340 493 1339
984 2 2 0 0 1341 493 800
985 2 2 0 0 1341 171 1044
986 2 2 0 0 1342 261 797
987 2 2 0 0 261 1342 798
988 2 2 0 0 1343 797 800
989 2 2 0 0 797 1343 1342
990 2 2 0 0 1343 491 1342
991 2 2 0 0 403 1344 801
992 2 2 0 0 1344 315 801
993 2 2 0 0 315 1344 708
994 2 2 0 0 1344 403 708
995 2 2 0 0 494 1345 802
996 2 2 0 0 270 1345 803
997 2 2 0 0 1345 494 803
998 2 2 0 0 57 1346 802
999 2 2 0 0 1346 494 802
1000 2 2 0 0 57 1346 1055
1001 2 2 0 0 1346 494 1055
1002 2 2 0 0 765 1347 803
1003 2 2 0 0 1347 270 803
1004 2 2 0 0 270 1347 1286
1005 2 2 0 0 138 1348 806
1006 2 2 0 0 1348 496 806
1007 2 2 0 0 316 1349 767
1008 2 2 0 0 1350 317 1349
1009 2 2 0 0 1351 765 804
1010 2 2 0 0 1351 138 1286
1011 2 2 0 0 1354 138 806
1012 2 2 0 0 138 1354 1353
1013 2 2 0 0 1354 805 1353
1014 2 2 0 0 495 1355 806
1015 2 2 0 0 32 1356 809
1016 2 2 0 0 1356 32 854
1017 2 2 0 0 813 1359 814
1018 2 2 0 0 275 1359 1358
1019 2 2 0 0 1360 454 455
1020 2 2 0 0 1360 454 649
1021 2 2 0 0 455 1361 1360
1022 2 2 0 0 503 1362 815
1023 2 2 0 0 1362 455 815
1024 2 2 0 0 455 1362 1361
1025 2 2 0 0 1363 275 916
1026 2 2 0 0 275 1364 815
1027 2 2 0 0 1364 503 815
1028 2 2 0 0 1364 275 1363
1029 2 2 0 0 816 1365 817
1030 2 2 0 0 1365 184 817
1031 2 2 0 0 184 1365 1144
1032 2 2 0 0 1365 816 1144
1033 2 2 0 0 505 1366 818
1034 2 2 0 0 457 1366 819
1035 2 2 0 0 1366 505 819
1036 2 2 0 0 88 1368 818
1037 2 2 0 0 1368 807 818
1038 2 2 0 0 807 1368 1367
1039 2 2 0 0 1368 88 1367
1040 2 2 0 0 505 1370 819
1041 2 2 0 0 276 1370 1369
1042 2 2 0 0 1370 505 1369
1043 2 2 0 0 175 1371 773
1044 2 2 0 0 1371 457 773
1045 2 2 0 0 1372 457 819
1046 2 2 0 0 457 1372 1371
1047 2 2 0 0 1373 276 1295
1048 2 2 0 0 1374 325 820
1049 2 2 0 0 1374 506 1369
1050 2 2 0 0 456 1375 821
1051 2 2 0 0 1375 506 821
1052 2 2 0 0 506 1375 1294
1053 2 2 0 0 1375 456 1294
1054 2 2 0 0 1376 456 821
1055 2 2 0 0 456 1376 1143
1056 2 2 0 0 1376 635 1143
1057 2 2 0 0 1377 330 825
1058 2 2 0 0 330 1377 826
1059 2 2 0 0 511 1378 1064
1060 2 2 0 0 1378 188 1064
1061 2 2 0 0 514 1379 826
1062 2 2 0 0 1379 330 826
1063 2 2 0 0 1379 514 1065
1064 2 2 0 0 1380 330 829
1065 2 2 0 0 330 1380 825
1066 2 2 0 0 1380 671 825
1067 2 2 0 0 1381 830 831
1068 2 2 0 0 830 1381 985
1069 2 2 0 0 192 1382 513
1070 2 2 0 0 334 1382 1067
1071 2 2 0 0 1383 334 832
1072 2 2 0 0 334 1383 1382
1073 2 2 0 0 1383 513 1382
1074 2 2 0 0 107 1384 832
1075 2 2 0 0 513 1384 829
1076 2 2 0 0 1384 107 829
1077 2 2 0 0 515 1385 833
1078 2 2 0 0 515 1385 1118
1079 2 2 0 0 1385 50 1118
1080 2 2 0 0 519 1386 834
1081 2 2 0 0 1386 336 834
1082 2 2 0 0 336 1386 1071
1083 2 2 0 0 135 1387 834
1084 2 2 0 0 1387 519 834
1085 2 2 0 0 1387 135 1050
1086 2 2 0 0 336 1388 834
1087 2 2 0 0 1388 583 834
1088 2 2 0 0 583 1388 1072
1089 2 2 0 0 1389 193 1071
1090 2 2 0 0 179 1390 836
1091 2 2 0 0 1390 520 837
1092 2 2 0 0 1391 179 836
1093 2 2 0 0 179 1392 873
1094 2 2 0 0 521 1393 1072
1095 2 2 0 0 1393 282 1072
1096 2 2 0 0 836 1395 1394
1097 2 2 0 0 1395 282 1394
1098 2 2 0 0 1396 523 842
1099 2 2 0 0 223 1397 843
1100 2 2 0 0 181 1397 499
1101 2 2 0 0 1397 223 499
1102 2 2 0 0 1398 523 844
1103 2 2 0 0 523 1398 842
1104 2 2 0 0 524 1399 845
1105 2 2 0 0 1399 290 845
1106 2 2 0 0 525 1400 846
1107 2 2 0 0 1400 338 846
1108 2 2 0 0 337 1401 846
1109 2 2 0 0 1401 525 846
1110 2 2 0 0 525 1401 1075
1111 2 2 0 0 338 1402 1012
1112 2 2 0 0 338 1403 846
1113 2 2 0 0 1403 338 1402
1114 2 2 0 0 1405 526 849
1115 2 2 0 0 526 1405 1404
1116 2 2 0 0 1405 339 1404
1117 2 2 0 0 339 1406 1012
1118 2 2 0 0 339 1407 1406
1119 2 2 0 0 1408 176 1042
1120 2 2 0 0 1409 497 851
1121 2 2 0 0 497 1409 1408
1122 2 2 0 0 665 1411 1410
1123 2 2 0 0 1412 319 851
1124 2 2 0 0 497 1413 851
1125 2 2 0 0 1413 497 1337
1126 2 2 0 0 837 1414 1392
1127 2 2 0 0 1414 423 1392
1128 2 2 0 0 320 1415 854
1129 2 2 0 0 1415 520 854
1130 2 2 0 0 520 1415 837
1131 2 2 0 0 528 1417 855
1132 2 2 0 0 498 1417 1416
1133 2 2 0 0 1418 854 855
1134 2 2 0 0 854 1418 1356
1135 2 2 0 0 1418 498 1356
1136 2 2 0 0 1419 195 1013
1137 2 2 0 0 529 1420 856
1138 2 2 0 0 1421 652 678
1139 2 2 0 0 652 1421 653
1140 2 2 0 0 678 1422 1421
1141 2 2 0 0 91 1423 856
1142 2 2 0 0 1424 356 857
1143 2 2 0 0 356 1424 1014
1144 2 2 0 0 857 1425 1424
1145 2 2 0 0 1425 94 1424
1146 2 2 0 0 94 1426 859
1147 2 2 0 0 1426 530 859
1148 2 2 0 0 344 1427 860
1149 2 2 0 0 1427 530 860
1150 2 2 0 0 530 1427 859
1151 2 2 0 0 1428 196 868
1152 2 2 0 0 196 1429 860
1153 2 2 0 0 533 1429 1428
1154 2 2 0 0 1429 196 1428
1155 2 2 0 0 1430 532 863
1156 2 2 0 0 532 1430 862
1157 2 2 0 0 1430 343 862
1158 2 2 0 0 114 1431 863
1159 2 2 0 0 1431 114 861
1160 2 2 0 0 1432 532 864
1161 2 2 0 0 532 1432 863
1162 2 2 0 0 1432 114 863
1163 2 2 0 0 114 1433 906
1164 2 2 0 0 216 1434 865
1165 2 2 0 0 1434 532 865
1166 2 2 0 0 532 1434 864
1167 2 2 0 0 533 1435 866
1168 2 2 0 0 1435 533 1080
1169 2 2 0 0 1436 533 866
1170 2 2 0 0 1436 344 860
1171 2 2 0 0 1438 343 1082
1172 2 2 0 0 1439 858 867
1173 2 2 0 0 858 1439 859
1174 2 2 0 0 535 1440 869
1175 2 2 0 0 1440 535 870
1176 2 2 0 0 1441 535 869
1177 2 2 0 0 727 1442 870
1178 2 2 0 0 345 1442 1080
1179 2 2 0 0 1442 727 1080
1180 2 2 0 0 1443 208 1150
1181 2 2 0 0 426 1444 1084
1182 2 2 0 0 1444 535 1084
1183 2 2 0 0 1445 654 1138
1184 2 2 0 0 871 1446 872
1185 2 2 0 0 1446 871 1445
1186 2 2 0 0 208 1447 731
1187 2 2 0 0 1448 871 872
1188 2 2 0 0 871 1448 1447
1189 2 2 0 0 1448 426 1447
1190 2 2 0 0 1449 205 683
1191 2 2 0 0 205 1450 874
1192 2 2 0 0 1450 538 874
1193 2 2 0 0 538 1450 1449
1194 2 2 0 0 1450 205 1449
1195 2 2 0 0 1451 111 631
1196 2 2 0 0 1452 423 1451
1197 2 2 0 0 873 1453 874
1198 2 2 0 0 1453 205 874
1199 2 2 0 0 1453 873 1452
1200 2 2 0 0 1454 92 1088
1201 2 2 0 0 1455 347 876
1202 2 2 0 0 347 1455 878
1203 2 2 0 0 1455 539 878
1204 2 2 0 0 348 1456 878
1205 2 2 0 0 1456 540 878
1206 2 2 0 0 1457 683 877
1207 2 2 0 0 683 1457 1449
1208 2 2 0 0 1457 348 1449
1209 2 2 0 0 540 1458 878
1210 2 2 0 0 1458 347 878
1211 2 2 0 0 347 1458 1089
1212 2 2 0 0 1458 540 1089
1213 2 2 0 0 1459 569 1108
1214 2 2 0 0 1460 207 880
1215 2 2 0 0 630 1461 880
1216 2 2 0 0 1461 350 880
1217 2 2 0 0 1461 630 1091
1218 2 2 0 0 207 1462 880
1219 2 2 0 0 1462 630 880
1220 2 2 0 0 630 1462 1150
1221 2 2 0 0 1462 207 1150
1222 2 2 0 0 542 1464 886
1223 2 2 0 0 1464 543 886
1224 2 2 0 0 1465 543 1091
1225 2 2 0 0 1466 347 884
1226 2 2 0 0 1466 542 744
1227 2 2 0 0 1467 884 885
1228 2 2 0 0 884 1467 1466
1229 2 2 0 0 1467 542 1466
1230 2 2 0 0 233 1468 782
1231 2 2 0 0 542 1468 744
1232 2 2 0 0 1468 233 744
1233 2 2 0 0 782 1469 886
1234 2 2 0 0 1469 542 886
1235 2 2 0 0 542 1469 1468
1236 2 2 0 0 1469 782 1468
1237 2 2 0 0 546 1470 887
1238 2 2 0 0 353 1470 888
1239 2 2 0 0 1470 546 888
1240 2 2 0 0 1471 24 1093
1241 2 2 0 0 1472 547 887
1242 2 2 0 0 546 1473 888
1243 2 2 0 0 1473 546 890
1244 2 2 0 0 353 1474 888
1245 2 2 0 0 544 1474 1094
1246 2 2 0 0 1474 353 1094
1247 2 2 0 0 546 1475 890
1248 2 2 0 0 1475 546 891
1249 2 2 0 0 889 1476 890
1250 2 2 0 0 147 1476 901
1251 2 2 0 0 546 1477 891
1252 2 2 0 0 321 1477 887
1253 2 2 0 0 1477 546 887
1254 2 2 0 0 531 1478 728
1255 2 2 0 0 1479 321 1478
1256 2 2 0 0 1480 548 892
1257 2 2 0 0 1480 82 893
1258 2 2 0 0 220 1482 561
1259 2 2 0 0 360 1482 559
1260 2 2 0 0 1482 220 559
1261 2 2 0 0 360 1483 1482
1262 2 2 0 0 1483 561 1482
1263 2 2 0 0 82 1484 893
1264 2 2 0 0 1484 561 905
1265 2 2 0 0 1485 211 352
1266 2 2 0 0 211 1485 678
1267 2 2 0 0 1486 352 552
1268 2 2 0 0 352 1486 1485
1269 2 2 0 0 1486 212 1485
1270 2 2 0 0 212 1487 894
1271 2 2 0 0 552 1487 1486
1272 2 2 0 0 1487 212 1486
1273 2 2 0 0 1488 352 895
1274 2 2 0 0 352 1488 552
1275 2 2 0 0 895 1489 896
1276 2 2 0 0 1489 95 896
1277 2 2 0 0 895 1489 1488
1278 2 2 0 0 1489 95 1488
1279 2 2 0 0 555 1490 898
1280 2 2 0 0 359 1490 1097
1281 2 2 0 0 1491 545 906
1282 2 2 0 0 1492 217 898
1283 2 2 0 0 1493 359 901
1284 2 2 0 0 95 1494 899
1285 2 2 0 0 1494 95 1097
1286 2 2 0 0 1495 359 900
1287 2 2 0 0 359 1495 1097
1288 2 2 0 0 1495 556 1097
1289 2 2 0 0 427 1496 902
1290 2 2 0 0 1496 557 902
1291 2 2 0 0 557 1496 1101
1292 2 2 0 0 1496 427 1101
1293 2 2 0 0 13 1497 148
1294 2 2 0 0 13 1497 209
1295 2 2 0 0 1497 18 209
1296 2 2 0 0 148 1498 149
1297 2 2 0 0 18 1498 1497
1298 2 2 0 0 1498 148 1497
1299 2 2 0 0 18 1499 1498
1300 2 2 0 0 1499 149 1498
1301 2 2 0 0 1500 149 219
1302 2 2 0 0 149 1500 1499
1303 2 2 0 0 1500 150 1499
1304 2 2 0 0 150 1501 220
1305 2 2 0 0 219 1501 1500
1306 2 2 0 0 1501 150 1500
1307 2 2 0 0 1502 219 560
1308 2 2 0 0 219 1502 1501
1309 2 2 0 0 1502 220 1501
1310 2 2 0 0 220 1503 561
1311 2 2 0 0 560 1503 1502
1312 2 2 0 0 1503 220 1502
1313 2 2 0 0 561 1504 905
1314 2 2 0 0 1504 560 905
1315 2 2 0 0 560 1504 1503
1316 2 2 0 0 1504 561 1503
1317 2 2 0 0 217 1505 1096
1318 2 2 0 0 563 1506 907
1319 2 2 0 0 1506 360 907
1320 2 2 0 0 1506 563 908
1321 2 2 0 0 563 1507 908
1322 2 2 0 0 1507 216 908
1323 2 2 0 0 1508 151 1096
1324 2 2 0 0 1509 562 909
1325 2 2 0 0 562 1510 909
1326 2 2 0 0 864 1510 1433
1327 2 2 0 0 407 1511 910
1328 2 2 0 0 1511 500 910
1329 2 2 0 0 1511 407 1057
1330 2 2 0 0 477 1512 911
1331 2 2 0 0 1512 566 911
1332 2 2 0 0 566 1512 1105
1333 2 2 0 0 1512 477 1105
1334 2 2 0 0 567 1513 912
1335 2 2 0 0 1513 567 913
1336 2 2 0 0 1514 567 912
1337 2 2 0 0 567 1514 1108
1338 2 2 0 0 882 1515 912
1339 2 2 0 0 115 1515 883
1340 2 2 0 0 1516 502 1061
1341 2 2 0 0 183 1517 913
1342 2 2 0 0 1517 502 1058
1343 2 2 0 0 568 1518 914
1344 2 2 0 0 1518 362 914
1345 2 2 0 0 1518 568 915
1346 2 2 0 0 568 1519 915
1347 2 2 0 0 1519 31 915
1348 2 2 0 0 568 1519 1107
1349 2 2 0 0 572 1521 917
1350 2 2 0 0 429 1522 916
1351 2 2 0 0 1523 117 917
1352 2 2 0 0 117 1523 1522
1353 2 2 0 0 1523 916 1522
1354 2 2 0 0 1524 573 919
1355 2 2 0 0 1525 572 573
1356 2 2 0 0 183 1526 918
1357 2 2 0 0 573 1526 1525
1358 2 2 0 0 1526 183 1525
1359 2 2 0 0 363 1527 1520
1360 2 2 0 0 183 1528 918
1361 2 2 0 0 686 1528 1179
1362 2 2 0 0 1528 183 1179
1363 2 2 0 0 31 1529 915
1364 2 2 0 0 571 1530 919
1365 2 2 0 0 1530 571 1529
1366 2 2 0 0 225 1531 920
1367 2 2 0 0 1531 574 920
1368 2 2 0 0 574 1531 1109
1369 2 2 0 0 1532 689 921
1370 2 2 0 0 689 1532 1183
1371 2 2 0 0 1533 492 1054
1372 2 2 0 0 574 1534 921
1373 2 2 0 0 922 1535 923
1374 2 2 0 0 492 1536 923
1375 2 2 0 0 1536 922 923
1376 2 2 0 0 1536 492 1533
1377 2 2 0 0 155 1537 575
1378 2 2 0 0 1537 155 1319
1379 2 2 0 0 575 1538 924
1380 2 2 0 0 1538 367 924
1381 2 2 0 0 367 1538 1537
1382 2 2 0 0 1538 575 1537
1383 2 2 0 0 1540 575 924
1384 2 2 0 0 575 1540 1539
1385 2 2 0 0 1540 227 1539
1386 2 2 0 0 1541 40 925
1387 2 2 0 0 1542 576 926
1388 2 2 0 0 576 1542 925
1389 2 2 0 0 1543 635 926
1390 2 2 0 0 635 1543 1143
1391 2 2 0 0 1543 156 1143
1392 2 2 0 0 1544 577 928
1393 2 2 0 0 1544 156 927
1394 2 2 0 0 40 1545 925
1395 2 2 0 0 1545 576 925
1396 2 2 0 0 1546 576 930
1397 2 2 0 0 576 1546 1545
1398 2 2 0 0 366 1547 1246
1399 2 2 0 0 1547 737 1246
1400 2 2 0 0 366 1548 930
1401 2 2 0 0 366 1548 1547
1402 2 2 0 0 368 1549 1185
1403 2 2 0 0 369 1550 1184
1404 2 2 0 0 1550 578 1184
1405 2 2 0 0 157 1551 932
1406 2 2 0 0 578 1551 1243
1407 2 2 0 0 1552 157 932
1408 2 2 0 0 157 1552 933
1409 2 2 0 0 1552 931 933
1410 2 2 0 0 1554 579 933
1411 2 2 0 0 157 1555 933
1412 2 2 0 0 1555 157 1111
1413 2 2 0 0 370 1556 935
1414 2 2 0 0 1556 581 935
1415 2 2 0 0 581 1556 934
1416 2 2 0 0 1556 370 934
1417 2 2 0 0 1557 370 935
1418 2 2 0 0 370 1557 1111
1419 2 2 0 0 1558 296 1553
1420 2 2 0 0 158 1559 375
1421 2 2 0 0 1559 231 375
1422 2 2 0 0 1560 158 936
1423 2 2 0 0 158 1560 1559
1424 2 2 0 0 158 1561 936
1425 2 2 0 0 1562 120 938
1426 2 2 0 0 581 1563 937
1427 2 2 0 0 1563 373 937
1428 2 2 0 0 1563 581 1562
1429 2 2 0 0 373 1564 937
1430 2 2 0 0 1564 936 937
1431 2 2 0 0 936 1564 1560
1432 2 2 0 0 582 1565 938
1433 2 2 0 0 1565 120 938
1434 2 2 0 0 120 1565 740
1435 2 2 0 0 1565 582 740
1436 2 2 0 0 231 1566 938
1437 2 2 0 0 1566 582 938
1438 2 2 0 0 1567 372 940
1439 2 2 0 0 372 1567 1188
1440 2 2 0 0 282 1568 1394
1441 2 2 0 0 1568 939 1394
1442 2 2 0 0 230 1569 941
1443 2 2 0 0 582 1569 1112
1444 2 2 0 0 1569 230 1112
1445 2 2 0 0 1570 376 942
1446 2 2 0 0 586 1571 946
1447 2 2 0 0 1571 98 946
1448 2 2 0 0 436 1572 943
1449 2 2 0 0 161 1572 596
1450 2 2 0 0 1573 436 943
1451 2 2 0 0 1574 376 1032
1452 2 2 0 0 943 1575 944
1453 2 2 0 0 376 1575 1574
1454 2 2 0 0 1575 943 1574
1455 2 2 0 0 1576 943 944
1456 2 2 0 0 943 1576 1573
1457 2 2 0 0 1577 435 946
1458 2 2 0 0 179 1578 947
1459 2 2 0 0 1578 588 947
1460 2 2 0 0 588 1578 1391
1461 2 2 0 0 1578 179 1391
1462 2 2 0 0 588 1579 948
1463 2 2 0 0 1579 235 948
1464 2 2 0 0 235 1579 1113
1465 2 2 0 0 1579 588 1113
1466 2 2 0 0 537 1580 948
1467 2 2 0 0 1580 588 948
1468 2 2 0 0 588 1580 947
1469 2 2 0 0 1580 537 947
1470 2 2 0 0 1581 438 951
1471 2 2 0 0 438 1581 957
1472 2 2 0 0 1581 591 957
1473 2 2 0 0 693 1582 952
1474 2 2 0 0 379 1584 1583
1475 2 2 0 0 1585 590 953
1476 2 2 0 0 590 1585 1584
1477 2 2 0 0 1585 159 1584
1478 2 2 0 0 952 1586 953
1479 2 2 0 0 1586 952 1582
1480 2 2 0 0 377 1587 587
1481 2 2 0 0 1587 377 694
1482 2 2 0 0 587 1588 954
1483 2 2 0 0 1588 235 954
1484 2 2 0 0 235 1588 1587
1485 2 2 0 0 1588 587 1587
1486 2 2 0 0 1589 236 955
1487 2 2 0 0 236 1589 951
1488 2 2 0 0 112 1591 1590
1489 2 2 0 0 591 1592 957
1490 2 2 0 0 112 1592 1591
1491 2 2 0 0 1592 591 1591
1492 2 2 0 0 112 1593 1188
1493 2 2 0 0 1593 692 1188
1494 2 2 0 0 956 1594 957
1495 2 2 0 0 112 1594 1593
1496 2 2 0 0 1594 956 1593
1497 2 2 0 0 1595 439 959
1498 2 2 0 0 1595 592 1117
1499 2 2 0 0 121 1597 1596
1500 2 2 0 0 1597 439 1596
1501 2 2 0 0 439 1598 959
1502 2 2 0 0 1598 958 959
1503 2 2 0 0 1598 439 1597
1504 2 2 0 0 390 1599 612
1505 2 2 0 0 177 1600 960
1506 2 2 0 0 1600 177 1192
1507 2 2 0 0 1602 382 599
1508 2 2 0 0 1603 382 961
1509 2 2 0 0 382 1603 1602
1510 2 2 0 0 1603 595 1602
1511 2 2 0 0 746 1604 961
1512 2 2 0 0 1604 238 961
1513 2 2 0 0 238 1604 1257
1514 2 2 0 0 1604 746 1257
1515 2 2 0 0 596 1605 962
1516 2 2 0 0 1605 240 962
1517 2 2 0 0 240 1605 964
1518 2 2 0 0 240 1606 962
1519 2 2 0 0 1606 599 962
1520 2 2 0 0 1606 240 967
1521 2 2 0 0 119 1607 1031
1522 2 2 0 0 1608 436 964
1523 2 2 0 0 436 1608 1572
1524 2 2 0 0 1608 596 1572
1525 2 2 0 0 385 1609 963
1526 2 2 0 0 1609 385 598
1527 2 2 0 0 963 1610 964
1528 2 2 0 0 1610 240 964
1529 2 2 0 0 240 1610 1609
1530 2 2 0 0 1610 963 1609
1531 2 2 0 0 368 1612 965
1532 2 2 0 0 1612 368 1611
1533 2 2 0 0 1613 383 966
1534 2 2 0 0 1613 965 1612
1535 2 2 0 0 98 1614 966
1536 2 2 0 0 965 1614 1254
1537 2 2 0 0 1614 98 1254
1538 2 2 0 0 384 1615 969
1539 2 2 0 0 1615 328 969
1540 2 2 0 0 1615 384 833
1541 2 2 0 0 598 1616 970
1542 2 2 0 0 187 1616 1122
1543 2 2 0 0 1616 598 1122
1544 2 2 0 0 384 1617 970
1545 2 2 0 0 1617 598 970
1546 2 2 0 0 598 1617 967
1547 2 2 0 0 1617 384 967
1548 2 2 0 0 599 1618 1602
1549 2 2 0 0 1618 50 1602
1550 2 2 0 0 604 1619 974
1551 2 2 0 0 386 1619 977
1552 2 2 0 0 1620 602 603
1553 2 2 0 0 1620 602 605
1554 2 2 0 0 603 1621 1620
1555 2 2 0 0 131 1622 974
1556 2 2 0 0 1622 604 974
1557 2 2 0 0 604 1622 1621
1558 2 2 0 0 1623 603 1268
1559 2 2 0 0 1624 308 977
1560 2 2 0 0 1625 386 977
1561 2 2 0 0 386 1625 1228
1562 2 2 0 0 1625 976 1228
1563 2 2 0 0 266 1626 979
1564 2 2 0 0 1626 606 979
1565 2 2 0 0 1626 266 1125
1566 2 2 0 0 1628 388 980
1567 2 2 0 0 269 1629 980
1568 2 2 0 0 1630 609 981
1569 2 2 0 0 1630 609 1126
1570 2 2 0 0 745 1631 981
1571 2 2 0 0 103 1631 1117
1572 2 2 0 0 1631 745 1117
1573 2 2 0 0 1633 613 984
1574 2 2 0 0 613 1633 614
1575 2 2 0 0 103 1634 592
1576 2 2 0 0 381 1636 1192
1577 2 2 0 0 1637 987 988
1578 2 2 0 0 612 1638 989
1579 2 2 0 0 1638 593 989
1580 2 2 0 0 593 1638 1599
1581 2 2 0 0 1638 612 1599
1582 2 2 0 0 593 1639 989
1583 2 2 0 0 988 1639 1636
1584 2 2 0 0 1639 593 1636
1585 2 2 0 0 128 1640 994
1586 2 2 0 0 1640 128 1131
1587 2 2 0 0 393 1641 1197
1588 2 2 0 0 1641 617 1197
1589 2 2 0 0 255 1643 996
1590 2 2 0 0 1643 255 1642
1591 2 2 0 0 1644 301 1019
1592 2 2 0 0 703 1646 704
1593 2 2 0 0 703 1646 1645
1594 2 2 0 0 104 1647 1646
1595 2 2 0 0 1647 704 1646
1596 2 2 0 0 1649 624 999
1597 2 2 0 0 624 1650 1136
1598 2 2 0 0 1650 623 1136
1599 2 2 0 0 329 1651 1121
1600 2 2 0 0 1651 623 1121
1601 2 2 0 0 1652 1000 1001
1602 2 2 0 0 1652 623 1651
1603 2 2 0 0 174 1653 766
1604 2 2 0 0 625 1654 1002
1605 2 2 0 0 1654 452 1002
1606 2 2 0 0 1654 625 1653
1607 2 2 0 0 1655 763 1045
1608 2 2 0 0 1656 268 1002
1609 2 2 0 0 1656 764 1655
1610 2 2 0 0 198 1657 199
1611 2 2 0 0 1657 198 648
1612 2 2 0 0 199 1658 346
1613 2 2 0 0 83 1658 1657
1614 2 2 0 0 1658 199 1657
1615 2 2 0 0 1659 239 383
1616 2 2 0 0 239 1659 638
1617 2 2 0 0 1659 184 638
1618 2 2 0 0 1660 42 416
1619 2 2 0 0 105 1660 486
1620 2 2 0 0 1660 42 486
1621 2 2 0 0 1661 416 417
1622 2 2 0 0 416 1661 1660
1623 2 2 0 0 1661 105 1660
1624 2 2 0 0 105 1662 418
1625 2 2 0 0 1662 417 418
1626 2 2 0 0 417 1662 1661
1627 2 2 0 0 1662 105 1661
1628 2 2 0 0 1663 111 422
1629 2 2 0 0 111 1663 340
1630 2 2 0 0 1663 195 340
1631 2 2 0 0 1664 213 428
1632 2 2 0 0 213 1664 1177
1633 2 2 0 0 1664 405 1177
1634 2 2 0 0 1666 312 493
1635 2 2 0 0 312 1666 659
1636 2 2 0 0 1666 313 659
1637 2 2 0 0 116 1667 499
1638 2 2 0 0 1667 322 499
1639 2 2 0 0 88 1668 505
1640 2 2 0 0 325 1668 816
1641 2 2 0 0 1668 88 816
1642 2 2 0 0 507 1669 508
1643 2 2 0 0 507 1669 668
1644 2 2 0 0 508 1670 509
1645 2 2 0 0 126 1670 1669
1646 2 2 0 0 1670 508 1669
1647 2 2 0 0 1671 127 510
1648 2 2 0 0 127 1671 770
1649 2 2 0 0 1671 326 770
1650 2 2 0 0 196 1673 1173
1651 2 2 0 0 346 1674 536
1652 2 2 0 0 1674 83 536
1653 2 2 0 0 83 1674 1658
1654 2 2 0 0 1674 346 1658
1655 2 2 0 0 1675 357 548
1656 2 2 0 0 357 1675 865
1657 2 2 0 0 1675 216 865
1658 2 2 0 0 552 1676 556
1659 2 2 0 0 1676 95 556
1660 2 2 0 0 95 1676 1488
1661 2 2 0 0 1676 552 1488
1662 2 2 0 0 473 1677 570
1663 2 2 0 0 1677 473 779
1664 2 2 0 0 1678 570 571
1665 2 2 0 0 31 1678 1677
1666 2 2 0 0 1678 570 1677
1667 2 2 0 0 1679 366 577
1668 2 2 0 0 366 1679 1319
1669 2 2 0 0 432 1680 578
1670 2 2 0 0 1680 228 578
1671 2 2 0 0 86 1681 585
1672 2 2 0 0 1681 584 585
1673 2 2 0 0 1681 86 788
1674 2 2 0 0 238 1682 958
1675 2 2 0 0 1682 237 958
1676 2 2 0 0 238 1683 1682
1677 2 2 0 0 1683 594 1682
1678 2 2 0 0 1684 605 606
1679 2 2 0 0 605 1684 1620
1680 2 2 0 0 279 1685 650
1681 2 2 0 0 89 1686 621
1682 2 2 0 0 1686 394 621
1683 2 2 0 0 394 1686 1685
1684 2 2 0 0 1686 89 1685
1685 2 2 0 0 279 1687 622
1686 2 2 0 0 615 1687 993
1687 2 2 0 0 1687 279 993
1688 2 2 0 0 145 1688 629
1689 2 2 0 0 1688 405 629
1690 2 2 0 0 405 1688 1017
1691 2 2 0 0 1688 145 1017
1692 2 2 0 0 222 1689 632
1693 2 2 0 0 1689 154 632
1694 2 2 0 0 154 1689 570
1695 2 2 0 0 1689 222 570
1696 2 2 0 0 637 1690 638
1697 2 2 0 0 1690 121 638
1698 2 2 0 0 637 1690 1596
1699 2 2 0 0 1690 121 1596
1700 2 2 0 0 639 1692 640
1701 2 2 0 0 124 1692 1691
1702 2 2 0 0 1692 639 1691
1703 2 2 0 0 185 1693 657
1704 2 2 0 0 1693 374 657
1705 2 2 0 0 1694 49 659
1706 2 2 0 0 49 1694 1220
1707 2 2 0 0 1694 658 1220
1708 2 2 0 0 387 1695 662
1709 2 2 0 0 132 1695 761
1710 2 2 0 0 1695 387 761
1711 2 2 0 0 668 1696 669
1712 2 2 0 0 1696 126 669
1713 2 2 0 0 126 1696 1669
1714 2 2 0 0 1696 668 1669
1715 2 2 0 0 250 1697 670
1716 2 2 0 0 1697 327 670
1717 2 2 0 0 327 1697 669
1718 2 2 0 0 1697 250 669
1719 2 2 0 0 165 1698 670
1720 2 2 0 0 1698 445 670
1721 2 2 0 0 445 1698 976
1722 2 2 0 0 1698 165 976
1723 2 2 0 0 1699 420 671
1724 2 2 0 0 1699 188 722
1725 2 2 0 0 335 1700 672
1726 2 2 0 0 1700 99 672
1727 2 2 0 0 1700 335 791
1728 2 2 0 0 32 1701 673
1729 2 2 0 0 1701 32 521
1730 2 2 0 0 32 1702 673
1731 2 2 0 0 1702 626 673
1732 2 2 0 0 32 1702 809
1733 2 2 0 0 1702 626 809
1734 2 2 0 0 176 1703 1137
1735 2 2 0 0 1703 627 1137
1736 2 2 0 0 1704 212 679
1737 2 2 0 0 212 1704 1485
1738 2 2 0 0 1704 678 1485
1739 2 2 0 0 628 1705 682
1740 2 2 0 0 1705 143 682
1741 2 2 0 0 143 1705 1173
1742 2 2 0 0 1705 628 1173
1743 2 2 0 0 294 1706 682
1744 2 2 0 0 1706 628 682
1745 2 2 0 0 628 1706 1138
1746 2 2 0 0 1706 294 1138
1747 2 2 0 0 205 1707 683
1748 2 2 0 0 631 1707 1451
1749 2 2 0 0 1708 356 684
1750 2 2 0 0 356 1708 857
1751 2 2 0 0 1708 215 857
1752 2 2 0 0 215 1709 685
1753 2 2 0 0 1709 684 685
1754 2 2 0 0 684 1709 1708
1755 2 2 0 0 1709 215 1708
1756 2 2 0 0 365 1710 687
1757 2 2 0 0 225 1710 1016
1758 2 2 0 0 156 1711 690
1759 2 2 0 0 1711 634 690
1760 2 2 0 0 156 1711 1143
1761 2 2 0 0 1711 634 1143
1762 2 2 0 0 377 1713 1712
1763 2 2 0 0 1713 234 1712
1764 2 2 0 0 377 1714 694
1765 2 2 0 0 92 1714 1712
1766 2 2 0 0 1714 377 1712
1767 2 2 0 0 168 1715 311
1768 2 2 0 0 169 1715 508
1769 2 2 0 0 1715 168 508
1770 2 2 0 0 169 1716 1715
1771 2 2 0 0 1716 311 1715
1772 2 2 0 0 391 1717 699
1773 2 2 0 0 1717 253 699
1774 2 2 0 0 253 1717 1128
1775 2 2 0 0 1718 698 699
1776 2 2 0 0 698 1718 1195
1777 2 2 0 0 1718 102 1195
1778 2 2 0 0 178 1719 700
1779 2 2 0 0 302 1719 1008
1780 2 2 0 0 1719 178 1008
1781 2 2 0 0 106 1720 418
1782 2 2 0 0 1720 178 418
1783 2 2 0 0 178 1721 700
1784 2 2 0 0 277 1721 1720
1785 2 2 0 0 1721 178 1720
1786 2 2 0 0 1722 277 701
1787 2 2 0 0 277 1722 1721
1788 2 2 0 0 1722 700 1721
1789 2 2 0 0 705 1723 706
1790 2 2 0 0 1723 254 706
1791 2 2 0 0 254 1723 1204
1792 2 2 0 0 1723 705 1204
1793 2 2 0 0 451 1724 707
1794 2 2 0 0 1724 132 707
1795 2 2 0 0 132 1724 762
1796 2 2 0 0 1724 451 762
1797 2 2 0 0 662 1725 708
1798 2 2 0 0 1725 132 708
1799 2 2 0 0 132 1725 1695
1800 2 2 0 0 1725 662 1695
1801 2 2 0 0 153 1726 1018
1802 2 2 0 0 1726 408 1018
1803 2 2 0 0 301 1727 711
1804 2 2 0 0 409 1727 1019
1805 2 2 0 0 1727 301 1019
1806 2 2 0 0 163 1728 711
1807 2 2 0 0 1728 482 711
1808 2 2 0 0 482 1728 794
1809 2 2 0 0 1728 163 794
1810 2 2 0 0 93 1729 712
1811 2 2 0 0 1729 410 712
1812 2 2 0 0 410 1729 714
1813 2 2 0 0 1730 245 712
1814 2 2 0 0 1730 164 441
1815 2 2 0 0 163 1731 713
1816 2 2 0 0 1731 410 713
1817 2 2 0 0 410 1731 710
1818 2 2 0 0 1731 163 710
1819 2 2 0 0 412 1732 716
1820 2 2 0 0 1732 411 716
1821 2 2 0 0 411 1732 1020
1822 2 2 0 0 1732 412 1020
1823 2 2 0 0 188 1733 722
1824 2 2 0 0 1733 331 722
1825 2 2 0 0 331 1733 515
1826 2 2 0 0 1734 719 723
1827 2 2 0 0 101 1734 720
1828 2 2 0 0 1734 719 720
1829 2 2 0 0 101 1735 724
1830 2 2 0 0 1735 723 724
1831 2 2 0 0 723 1735 1734
1832 2 2 0 0 1735 101 1734
1833 2 2 0 0 213 1736 725
1834 2 2 0 0 1736 213 428
1835 2 2 0 0 24 1737 726
1836 2 2 0 0 1737 424 547
1837 2 2 0 0 629 1738 726
1838 2 2 0 0 1738 629 1083
1839 2 2 0 0 648 1739 729
1840 2 2 0 0 648 1739 1657
1841 2 2 0 0 1739 83 1657
1842 2 2 0 0 145 1740 731
1843 2 2 0 0 1740 730 731
1844 2 2 0 0 145 1740 1236
1845 2 2 0 0 1740 730 1236
1846 2 2 0 0 405 1741 732
1847 2 2 0 0 1741 428 732
1848 2 2 0 0 428 1741 1664
1849 2 2 0 0 1741 405 1664
1850 2 2 0 0 226 1742 733
1851 2 2 0 0 1742 688 733
1852 2 2 0 0 688 1742 1180
1853 2 2 0 0 1742 226 1180
1854 2 2 0 0 737 1743 738
1855 2 2 0 0 1743 298 738
1856 2 2 0 0 298 1743 1114
1857 2 2 0 0 1743 737 1114
1858 2 2 0 0 120 1744 739
1859 2 2 0 0 1744 434 739
1860 2 2 0 0 434 1744 740
1861 2 2 0 0 1744 120 740
1862 2 2 0 0 1745 404 745
1863 2 2 0 0 125 1746 755
1864 2 2 0 0 1746 445 755
1865 2 2 0 0 445 1746 752
1866 2 2 0 0 1746 125 752
1867 2 2 0 0 87 1747 756
1868 2 2 0 0 87 1747 1041
1869 2 2 0 0 1747 447 1041
1870 2 2 0 0 1748 400 756
1871 2 2 0 0 400 1748 1273
1872 2 2 0 0 1748 260 1273
1873 2 2 0 0 260 1749 757
1874 2 2 0 0 1750 644 760
1875 2 2 0 0 644 1750 1749
1876 2 2 0 0 1750 262 1749
1877 2 2 0 0 1751 173 1009
1878 2 2 0 0 451 1752 762
1879 2 2 0 0 1752 267 762
1880 2 2 0 0 267 1752 1751
1881 2 2 0 0 1752 451 1751
1882 2 2 0 0 1753 316 767
1883 2 2 0 0 316 1753 773
1884 2 2 0 0 1753 664 773
1885 2 2 0 0 453 1754 770
1886 2 2 0 0 1754 127 770
1887 2 2 0 0 186 1755 770
1888 2 2 0 0 1755 453 770
1889 2 2 0 0 453 1755 1024
1890 2 2 0 0 1755 186 1024
1891 2 2 0 0 456 1756 771
1892 2 2 0 0 97 1756 634
1893 2 2 0 0 1756 456 634
1894 2 2 0 0 318 1757 774
1895 2 2 0 0 1757 458 774
1896 2 2 0 0 458 1757 1221
1897 2 2 0 0 1757 318 1221
1898 2 2 0 0 475 1758 779
1899 2 2 0 0 1758 295 779
1900 2 2 0 0 295 1758 781
1901 2 2 0 0 1758 475 781
1902 2 2 0 0 475 1759 781
1903 2 2 0 0 1759 233 781
1904 2 2 0 0 475 1759 782
1905 2 2 0 0 1759 233 782
1906 2 2 0 0 86 1761 788
1907 2 2 0 0 479 1761 1760
1908 2 2 0 0 1761 86 1760
1909 2 2 0 0 135 1762 790
1910 2 2 0 0 1762 481 790
1911 2 2 0 0 481 1762 1051
1912 2 2 0 0 1762 135 1051
1913 2 2 0 0 480 1763 792
1914 2 2 0 0 1763 162 792
1915 2 2 0 0 162 1763 789
1916 2 2 0 0 1763 480 789
1917 2 2 0 0 335 1764 792
1918 2 2 0 0 1764 480 792
1919 2 2 0 0 480 1764 1050
1920 2 2 0 0 1764 335 1050
1921 2 2 0 0 372 1765 793
1922 2 2 0 0 1765 692 793
1923 2 2 0 0 692 1765 1188
1924 2 2 0 0 1765 372 1188
1925 2 2 0 0 497 1766 798
1926 2 2 0 0 1766 261 798
1927 2 2 0 0 261 1766 1042
1928 2 2 0 0 312 1767 799
1929 2 2 0 0 1767 492 799
1930 2 2 0 0 492 1767 1054
1931 2 2 0 0 1767 312 1054
1932 2 2 0 0 1768 658 799
1933 2 2 0 0 658 1768 1016
1934 2 2 0 0 1768 225 1016
1935 2 2 0 0 494 1769 801
1936 2 2 0 0 1769 174 801
1937 2 2 0 0 494 1769 803
1938 2 2 0 0 1769 174 803
1939 2 2 0 0 315 1770 801
1940 2 2 0 0 1770 494 801
1941 2 2 0 0 494 1770 1055
1942 2 2 0 0 1770 315 1055
1943 2 2 0 0 174 1771 801
1944 2 2 0 0 1771 403 801
1945 2 2 0 0 403 1771 625
1946 2 2 0 0 496 1772 806
1947 2 2 0 0 1772 495 806
1948 2 2 0 0 495 1772 808
1949 2 2 0 0 1772 496 808
1950 2 2 0 0 807 1773 808
1951 2 2 0 0 1773 495 808
1952 2 2 0 0 495 1773 1367
1953 2 2 0 0 1773 807 1367
1954 2 2 0 0 626 1774 809
1955 2 2 0 0 1774 291 809
1956 2 2 0 0 291 1774 1691
1957 2 2 0 0 1774 626 1691
1958 2 2 0 0 666 1775 810
1959 2 2 0 0 1775 181 810
1960 2 2 0 0 1775 666 842
1961 2 2 0 0 322 1776 810
1962 2 2 0 0 1776 666 810
1963 2 2 0 0 666 1776 1161
1964 2 2 0 0 1776 322 1161
1965 2 2 0 0 1777 182 811
1966 2 2 0 0 182 1777 1410
1967 2 2 0 0 1777 665 1410
1968 2 2 0 0 504 1778 817
1969 2 2 0 0 1778 325 817
1970 2 2 0 0 325 1778 820
1971 2 2 0 0 1778 504 820
1972 2 2 0 0 504 1779 820
1973 2 2 0 0 1779 118 820
1974 2 2 0 0 118 1779 1185
1975 2 2 0 0 1779 504 1185
1976 2 2 0 0 327 1780 822
1977 2 2 0 0 1780 126 822
1978 2 2 0 0 126 1780 669
1979 2 2 0 0 1780 327 669
1980 2 2 0 0 509 1781 823
1981 2 2 0 0 1781 126 823
1982 2 2 0 0 126 1781 1670
1983 2 2 0 0 1781 509 1670
1984 2 2 0 0 253 1782 824
1985 2 2 0 0 1782 510 824
1986 2 2 0 0 510 1782 1063
1987 2 2 0 0 1782 253 1063
1988 2 2 0 0 253 1783 824
1989 2 2 0 0 1783 607 824
1990 2 2 0 0 607 1783 1128
1991 2 2 0 0 1783 253 1128
1992 2 2 0 0 671 1784 825
1993 2 2 0 0 671 1784 1699
1994 2 2 0 0 1784 188 1699
1995 2 2 0 0 1785 185 446
1996 2 2 0 0 512 1786 828
1997 2 2 0 0 1786 185 828
1998 2 2 0 0 185 1786 1693
1999 2 2 0 0 1786 512 1693
2000 2 2 0 0 827 1787 828
2001 2 2 0 0 1787 329 828
2002 2 2 0 0 185 1788 828
2003 2 2 0 0 1788 827 828
2004 2 2 0 0 827 1788 1785
2005 2 2 0 0 1788 185 1785
2006 2 2 0 0 330 1789 829
2007 2 2 0 0 1789 513 829
2008 2 2 0 0 513 1789 1065
2009 2 2 0 0 831 1790 832
2010 2 2 0 0 1790 107 832
2011 2 2 0 0 831 1790 1381
2012 2 2 0 0 1790 107 1381
2013 2 2 0 0 1791 515 833
2014 2 2 0 0 515 1791 1064
2015 2 2 0 0 1791 328 1064
2016 2 2 0 0 1792 335 835
2017 2 2 0 0 335 1792 1050
2018 2 2 0 0 672 1793 835
2019 2 2 0 0 672 1793 1164
2020 2 2 0 0 1793 193 1164
2021 2 2 0 0 1794 32 521
2022 2 2 0 0 520 1794 854
2023 2 2 0 0 1794 32 854
2024 2 2 0 0 520 1795 838
2025 2 2 0 0 521 1795 1794
2026 2 2 0 0 1795 520 1794
2027 2 2 0 0 1796 520 838
2028 2 2 0 0 520 1796 1390
2029 2 2 0 0 1796 836 1390
2030 2 2 0 0 843 1797 844
2031 2 2 0 0 181 1797 1397
2032 2 2 0 0 1797 843 1397
2033 2 2 0 0 137 1798 845
2034 2 2 0 0 1798 524 845
2035 2 2 0 0 290 1799 845
2036 2 2 0 0 1799 651 845
2037 2 2 0 0 651 1799 1046
2038 2 2 0 0 1799 290 1046
2039 2 2 0 0 666 1800 842
2040 2 2 0 0 1801 337 846
2041 2 2 0 0 675 1801 1800
2042 2 2 0 0 1801 337 1800
2043 2 2 0 0 847 1802 848
2044 2 2 0 0 1802 847 1410
2045 2 2 0 0 319 1803 849
2046 2 2 0 0 319 1803 1802
2047 2 2 0 0 1803 848 1802
2048 2 2 0 0 528 1804 853
2049 2 2 0 0 1804 320 853
2050 2 2 0 0 320 1804 855
2051 2 2 0 0 1804 528 855
2052 2 2 0 0 530 1805 860
2053 2 2 0 0 1805 196 860
2054 2 2 0 0 196 1805 1673
2055 2 2 0 0 1805 530 1673
2056 2 2 0 0 343 1806 862
2057 2 2 0 0 1806 857 862
2058 2 2 0 0 215 1807 865
2059 2 2 0 0 1807 357 865
2060 2 2 0 0 357 1807 685
2061 2 2 0 0 1807 215 685
2062 2 2 0 0 196 1808 868
2063 2 2 0 0 1808 628 868
2064 2 2 0 0 628 1808 1173
2065 2 2 0 0 1808 196 1173
2066 2 2 0 0 628 1809 868
2067 2 2 0 0 1809 628 1138
2068 2 2 0 0 868 1810 869
2069 2 2 0 0 113 1810 1809
2070 2 2 0 0 1810 868 1809
2071 2 2 0 0 535 1811 870
2072 2 2 0 0 1811 206 870
2073 2 2 0 0 535 1811 1084
2074 2 2 0 0 1811 206 1084
2075 2 2 0 0 537 1812 874
2076 2 2 0 0 1812 873 874
2077 2 2 0 0 873 1812 947
2078 2 2 0 0 1812 537 947
2079 2 2 0 0 347 1813 876
2080 2 2 0 0 1813 744 876
2081 2 2 0 0 744 1813 1466
2082 2 2 0 0 1813 347 1466
2083 2 2 0 0 144 1814 877
2084 2 2 0 0 540 1814 1090
2085 2 2 0 0 1814 144 1090
2086 2 2 0 0 541 1815 879
2087 2 2 0 0 1815 350 879
2088 2 2 0 0 350 1815 880
2089 2 2 0 0 1816 541 879
2090 2 2 0 0 541 1816 883
2091 2 2 0 0 1816 115 883
2092 2 2 0 0 425 1817 883
2093 2 2 0 0 1817 541 883
2094 2 2 0 0 543 1818 886
2095 2 2 0 0 1818 349 886
2096 2 2 0 0 543 1818 1092
2097 2 2 0 0 1818 349 1092
2098 2 2 0 0 147 1819 902
2099 2 2 0 0 1819 544 902
2100 2 2 0 0 114 1820 861
2101 2 2 0 0 545 1820 906
2102 2 2 0 0 1820 114 906
2103 2 2 0 0 545 1821 1820
2104 2 2 0 0 1821 861 1820
2105 2 2 0 0 1822 550 551
2106 2 2 0 0 550 1822 904
2107 2 2 0 0 551 1823 892
2108 2 2 0 0 551 1823 1822
2109 2 2 0 0 1823 82 1822
2110 2 2 0 0 677 1824 894
2111 2 2 0 0 1824 212 894
2112 2 2 0 0 212 1824 1171
2113 2 2 0 0 1824 677 1171
2114 2 2 0 0 554 1825 897
2115 2 2 0 0 1825 151 897
2116 2 2 0 0 151 1825 1096
2117 2 2 0 0 1825 554 1096
2118 2 2 0 0 557 1826 900
2119 2 2 0 0 1826 358 900
2120 2 2 0 0 358 1826 1101
2121 2 2 0 0 1826 557 1101
2122 2 2 0 0 359 1827 900
2123 2 2 0 0 1827 557 900
2124 2 2 0 0 557 1827 901
2125 2 2 0 0 1827 359 901
2126 2 2 0 0 147 1828 901
2127 2 2 0 0 1828 557 901
2128 2 2 0 0 557 1828 902
2129 2 2 0 0 1828 147 902
2130 2 2 0 0 1829 18 351
2131 2 2 0 0 150 1829 1499
2132 2 2 0 0 1829 18 1499
2133 2 2 0 0 1830 351 553
2134 2 2 0 0 351 1830 1829
2135 2 2 0 0 1830 150 1829
2136 2 2 0 0 150 1831 558
2137 2 2 0 0 553 1831 1830
2138 2 2 0 0 1831 150 1830
2139 2 2 0 0 1832 553 897
2140 2 2 0 0 553 1832 1831
2141 2 2 0 0 1832 558 1831
2142 2 2 0 0 558 1833 903
2143 2 2 0 0 1833 897 903
2144 2 2 0 0 897 1833 1832
2145 2 2 0 0 1833 558 1832
2146 2 2 0 0 559 1834 907
2147 2 2 0 0 1834 151 907
2148 2 2 0 0 151 1834 903
2149 2 2 0 0 1834 559 903
2150 2 2 0 0 216 1835 908
2151 2 2 0 0 548 1835 1675
2152 2 2 0 0 1835 216 1675
2153 2 2 0 0 216 1836 1434
2154 2 2 0 0 1836 864 1434
2155 2 2 0 0 566 1837 911
2156 2 2 0 0 1837 155 911
2157 2 2 0 0 155 1837 1104
2158 2 2 0 0 1837 566 1104
2159 2 2 0 0 155 1838 911
2160 2 2 0 0 1838 785 911
2161 2 2 0 0 785 1838 1319
2162 2 2 0 0 1838 155 1319
2163 2 2 0 0 271 1839 1060
2164 2 2 0 0 1840 882 912
2165 2 2 0 0 882 1840 1839
2166 2 2 0 0 1840 501 1839
2167 2 2 0 0 569 1841 914
2168 2 2 0 0 1841 349 914
2169 2 2 0 0 349 1841 1092
2170 2 2 0 0 1841 569 1092
2171 2 2 0 0 275 1842 916
2172 2 2 0 0 1842 429 916
2173 2 2 0 0 429 1842 1358
2174 2 2 0 0 1842 275 1358
2175 2 2 0 0 117 1843 917
2176 2 2 0 0 1843 572 917
2177 2 2 0 0 572 1843 1139
2178 2 2 0 0 1843 117 1139
2179 2 2 0 0 572 1844 573
2180 2 2 0 0 222 1844 1139
2181 2 2 0 0 1844 572 1139
2182 2 2 0 0 573 1845 919
2183 2 2 0 0 1845 222 919
2184 2 2 0 0 222 1845 1844
2185 2 2 0 0 1845 573 1844
2186 2 2 0 0 687 1846 920
2187 2 2 0 0 1846 225 920
2188 2 2 0 0 225 1846 1710
2189 2 2 0 0 1846 687 1710
2190 2 2 0 0 364 1847 921
2191 2 2 0 0 1847 574 921
2192 2 2 0 0 574 1847 920
2193 2 2 0 0 1847 364 920
2194 2 2 0 0 635 1849 926
2195 2 2 0 0 1849 635 691
2196 2 2 0 0 1850 926 928
2197 2 2 0 0 926 1850 1543
2198 2 2 0 0 1850 156 1543
2199 2 2 0 0 931 1851 1549
2200 2 2 0 0 1851 369 1549
2201 2 2 0 0 120 1852 934
2202 2 2 0 0 1852 581 934
2203 2 2 0 0 581 1852 1562
2204 2 2 0 0 1852 120 1562
2205 2 2 0 0 581 1853 935
2206 2 2 0 0 296 1853 937
2207 2 2 0 0 1853 581 937
2208 2 2 0 0 936 1854 937
2209 2 2 0 0 1854 296 937
2210 2 2 0 0 296 1854 1253
2211 2 2 0 0 1854 936 1253
2212 2 2 0 0 372 1855 940
2213 2 2 0 0 1855 583 940
2214 2 2 0 0 583 1855 1051
2215 2 2 0 0 1855 372 1051
2216 2 2 0 0 1856 584 941
2217 2 2 0 0 584 1856 585
2218 2 2 0 0 1856 231 585
2219 2 2 0 0 232 1857 945
2220 2 2 0 0 1857 586 945
2221 2 2 0 0 235 1858 948
2222 2 2 0 0 1858 694 948
2223 2 2 0 0 694 1858 1587
2224 2 2 0 0 1858 235 1587
2225 2 2 0 0 1859 434 949
2226 2 2 0 0 434 1859 736
2227 2 2 0 0 1859 160 736
2228 2 2 0 0 160 1860 950
2229 2 2 0 0 1860 949 950
2230 2 2 0 0 949 1860 1859
2231 2 2 0 0 1860 160 1859
2232 2 2 0 0 236 1861 954
2233 2 2 0 0 1861 587 954
2234 2 2 0 0 587 1861 1583
2235 2 2 0 0 1861 236 1583
2236 2 2 0 0 380 1862 955
2237 2 2 0 0 591 1862 1591
2238 2 2 0 0 1862 380 1591
2239 2 2 0 0 597 1863 966
2240 2 2 0 0 1863 98 966
2241 2 2 0 0 1863 597 942
2242 2 2 0 0 240 1864 967
2243 2 2 0 0 1864 598 967
2244 2 2 0 0 598 1864 1609
2245 2 2 0 0 1864 240 1609
2246 2 2 0 0 328 1865 969
2247 2 2 0 0 1865 968 969
2248 2 2 0 0 968 1865 1672
2249 2 2 0 0 1865 328 1672
2250 2 2 0 0 1866 384 971
2251 2 2 0 0 384 1866 967
2252 2 2 0 0 636 1867 972
2253 2 2 0 0 1867 374 972
2254 2 2 0 0 374 1867 1251
2255 2 2 0 0 1867 636 1251
2256 2 2 0 0 374 1868 972
2257 2 2 0 0 512 1868 1693
2258 2 2 0 0 1868 374 1693
2259 2 2 0 0 972 1869 973
2260 2 2 0 0 1869 512 973
2261 2 2 0 0 512 1869 1868
2262 2 2 0 0 1869 972 1868
2263 2 2 0 0 1870 251 601
2264 2 2 0 0 251 1870 721
2265 2 2 0 0 1870 386 721
2266 2 2 0 0 1871 601 974
2267 2 2 0 0 601 1871 1870
2268 2 2 0 0 1871 386 1870
2269 2 2 0 0 601 1872 975
2270 2 2 0 0 1872 131 975
2271 2 2 0 0 601 1872 974
2272 2 2 0 0 1872 131 974
2273 2 2 0 0 387 1873 975
2274 2 2 0 0 1873 601 975
2275 2 2 0 0 601 1873 1157
2276 2 2 0 0 1873 387 1157
2277 2 2 0 0 131 1874 975
2278 2 2 0 0 1874 606 975
2279 2 2 0 0 606 1874 1684
2280 2 2 0 0 1874 131 1684
2281 2 2 0 0 978 1875 979
2282 2 2 0 0 1875 266 979
2283 2 2 0 0 266 1875 1149
2284 2 2 0 0 1875 978 1149
2285 2 2 0 0 609 1876 980
2286 2 2 0 0 1876 269 980
2287 2 2 0 0 609 1876 983
2288 2 2 0 0 1876 269 983
2289 2 2 0 0 388 1877 980
2290 2 2 0 0 1877 609 980
2291 2 2 0 0 609 1877 1126
2292 2 2 0 0 1877 388 1126
2293 2 2 0 0 608 1878 981
2294 2 2 0 0 1878 745 981
2295 2 2 0 0 745 1878 1745
2296 2 2 0 0 1878 608 1745
2297 2 2 0 0 982 1879 983
2298 2 2 0 0 1879 608 983
2299 2 2 0 0 608 1879 1353
2300 2 2 0 0 1879 982 1353
2301 2 2 0 0 269 1880 983
2302 2 2 0 0 1880 982 983
2303 2 2 0 0 982 1880 1292
2304 2 2 0 0 1880 269 1292
2305 2 2 0 0 420 1881 986
2306 2 2 0 0 611 1881 1127
2307 2 2 0 0 1881 420 1127
2308 2 2 0 0 987 1882 988
2309 2 2 0 0 252 1882 1635
2310 2 2 0 0 1882 987 1635
2311 2 2 0 0 252 1883 989
2312 2 2 0 0 1883 612 989
2313 2 2 0 0 612 1883 1129
2314 2 2 0 0 1883 252 1129
2315 2 2 0 0 1884 252 989
2316 2 2 0 0 252 1884 1882
2317 2 2 0 0 1884 988 1882
2318 2 2 0 0 102 1885 992
2319 2 2 0 0 1885 614 992
2320 2 2 0 0 614 1885 1130
2321 2 2 0 0 1885 102 1130
2322 2 2 0 0 699 1886 992
2323 2 2 0 0 1886 102 992
2324 2 2 0 0 699 1886 1718
2325 2 2 0 0 1886 102 1718
2326 2 2 0 0 1887 278 460
2327 2 2 0 0 278 1887 650
2328 2 2 0 0 1887 279 650
2329 2 2 0 0 279 1888 993
2330 2 2 0 0 1888 460 993
2331 2 2 0 0 460 1888 1887
2332 2 2 0 0 1888 279 1887
2333 2 2 0 0 106 1889 615
2334 2 2 0 0 106 1889 1720
2335 2 2 0 0 1889 277 1720
2336 2 2 0 0 277 1890 1889
2337 2 2 0 0 1890 615 1889
2338 2 2 0 0 615 1891 994
2339 2 2 0 0 1891 616 994
2340 2 2 0 0 616 1891 1890
2341 2 2 0 0 1891 615 1890
2342 2 2 0 0 170 1892 995
2343 2 2 0 0 170 1892 1200
2344 2 2 0 0 1892 703 1200
2345 2 2 0 0 122 1893 997
2346 2 2 0 0 1893 618 997
2347 2 2 0 0 122 1893 998
2348 2 2 0 0 1893 618 998
2349 2 2 0 0 41 1894 618
2350 2 2 0 0 41 1894 482
2351 2 2 0 0 1894 301 482
2352 2 2 0 0 618 1895 998
2353 2 2 0 0 301 1895 1894
2354 2 2 0 0 1895 618 1894
2355 2 2 0 0 397 1896 999
2356 2 2 0 0 704 1896 1202
2357 2 2 0 0 1896 397 1202
2358 2 2 0 0 268 1897 1002
2359 2 2 0 0 1897 625 1002
2360 2 2 0 0 625 1897 1207
2361 2 2 0 0 1897 268 1207
2362 2 2 0 0 164 1898 1004
2363 2 2 0 0 1898 409 1004
2364 2 2 0 0 409 1898 710
2365 2 2 0 0 100 1899 1007
2366 2 2 0 0 1899 286 1007
2367 2 2 0 0 286 1899 651
2368 2 2 0 0 1899 100 651
2369 2 2 0 0 314 1900 1009
2370 2 2 0 0 90 1900 1010
2371 2 2 0 0 1900 314 1010
2372 2 2 0 0 173 1901 1009
2373 2 2 0 0 1901 314 1009
2374 2 2 0 0 314 1901 661
2375 2 2 0 0 1901 173 661
2376 2 2 0 0 314 1902 1010
2377 2 2 0 0 1902 281 1010
2378 2 2 0 0 281 1902 1223
2379 2 2 0 0 1902 314 1223
2380 2 2 0 0 195 1903 1013
2381 2 2 0 0 1903 422 1013
2382 2 2 0 0 422 1903 1663
2383 2 2 0 0 1903 195 1663
2384 2 2 0 0 204 1904 1015
2385 2 2 0 0 342 1904 681
2386 2 2 0 0 1904 204 681
2387 2 2 0 0 407 1905 1018
2388 2 2 0 0 1905 564 1018
2389 2 2 0 0 564 1905 910
2390 2 2 0 0 1905 407 910
2391 2 2 0 0 660 1906 1020
2392 2 2 0 0 1906 411 1020
2393 2 2 0 0 411 1906 1283
2394 2 2 0 0 1906 660 1283
2395 2 2 0 0 130 1907 1020
2396 2 2 0 0 1907 660 1020
2397 2 2 0 0 660 1907 661
2398 2 2 0 0 1907 130 661
2399 2 2 0 0 796 1908 1022
2400 2 2 0 0 1908 178 1022
2401 2 2 0 0 178 1908 1008
2402 2 2 0 0 1908 796 1008
2403 2 2 0 0 1909 414 627
2404 2 2 0 0 414 1909 720
2405 2 2 0 0 1909 101 720
2406 2 2 0 0 101 1910 1025
2407 2 2 0 0 1910 627 1025
2408 2 2 0 0 627 1910 1909
2409 2 2 0 0 1910 101 1909
2410 2 2 0 0 213 1911 1027
2411 2 2 0 0 1911 422 1027
2412 2 2 0 0 422 1911 725
2413 2 2 0 0 1911 213 725
2414 2 2 0 0 154 1912 1028
2415 2 2 0 0 1912 430 1028
2416 2 2 0 0 154 1912 1209
2417 2 2 0 0 1912 430 1209
2418 2 2 0 0 224 1913 1028
2419 2 2 0 0 1913 632 1028
2420 2 2 0 0 632 1913 1140
2421 2 2 0 0 1913 224 1140
2422 2 2 0 0 223 1914 499
2423 2 2 0 0 1914 116 499
2424 2 2 0 0 1915 224 430
2425 2 2 0 0 224 1915 1914
2426 2 2 0 0 1915 116 1914
2427 2 2 0 0 430 1916 1030
2428 2 2 0 0 1916 116 1030
2429 2 2 0 0 430 1916 1915
2430 2 2 0 0 1916 116 1915
2431 2 2 0 0 408 1917 1030
2432 2 2 0 0 1917 430 1030
2433 2 2 0 0 430 1917 1209
2434 2 2 0 0 1917 408 1209
2435 2 2 0 0 1918 667 1029
2436 2 2 0 0 667 1918 1667
2437 2 2 0 0 1918 116 1667
2438 2 2 0 0 116 1919 1030
2439 2 2 0 0 1919 1029 1030
2440 2 2 0 0 1029 1919 1918
2441 2 2 0 0 1919 116 1918
2442 2 2 0 0 376 1920 1032
2443 2 2 0 0 1920 239 1032
2444 2 2 0 0 239 1920 597
2445 2 2 0 0 1920 376 597
2446 2 2 0 0 239 1921 440
2447 2 2 0 0 121 1921 638
2448 2 2 0 0 1921 239 638
2449 2 2 0 0 440 1922 1033
2450 2 2 0 0 1922 121 1033
2451 2 2 0 0 121 1922 1921
2452 2 2 0 0 1922 440 1921
2453 2 2 0 0 441 1923 1034
2454 2 2 0 0 1923 124 1034
2455 2 2 0 0 124 1923 1036
2456 2 2 0 0 1923 441 1036
2457 2 2 0 0 245 1924 1034
2458 2 2 0 0 1924 441 1034
2459 2 2 0 0 441 1924 1730
2460 2 2 0 0 1924 245 1730
2461 2 2 0 0 640 1925 1034
2462 2 2 0 0 1925 124 1034
2463 2 2 0 0 124 1925 1692
2464 2 2 0 0 1925 640 1692
2465 2 2 0 0 626 1926 1035
2466 2 2 0 0 626 1926 1691
2467 2 2 0 0 1926 124 1691
2468 2 2 0 0 441 1927 1036
2469 2 2 0 0 1927 246 1036
2470 2 2 0 0 246 1927 1037
2471 2 2 0 0 1927 441 1037
2472 2 2 0 0 1035 1928 1036
2473 2 2 0 0 1928 124 1036
2474 2 2 0 0 124 1928 1926
2475 2 2 0 0 1928 1035 1926
2476 2 2 0 0 246 1929 1036
2477 2 2 0 0 1929 1035 1036
2478 2 2 0 0 1035 1929 1164
2479 2 2 0 0 1929 246 1164
2480 2 2 0 0 1004 1930 1037
2481 2 2 0 0 1930 246 1037
2482 2 2 0 0 246 1930 1163
2483 2 2 0 0 1930 1004 1163
2484 2 2 0 0 446 1931 1038
2485 2 2 0 0 1931 122 1038
2486 2 2 0 0 122 1931 1039
2487 2 2 0 0 1931 446 1039
2488 2 2 0 0 256 1932 1038
2489 2 2 0 0 1932 446 1038
2490 2 2 0 0 446 1932 1785
2491 2 2 0 0 1932 256 1785
2492 2 2 0 0 1933 122 998
2493 2 2 0 0 122 1934 1039
2494 2 2 0 0 1934 656 1039
2495 2 2 0 0 656 1934 1933
2496 2 2 0 0 1934 122 1933
2497 2 2 0 0 657 1935 1040
2498 2 2 0 0 1935 299 1040
2499 2 2 0 0 299 1935 1760
2500 2 2 0 0 1935 657 1760
2501 2 2 0 0 448 1936 1042
2502 2 2 0 0 1936 261 1042
2503 2 2 0 0 1936 448 1041
2504 2 2 0 0 87 1937 1043
2505 2 2 0 0 1937 448 1043
2506 2 2 0 0 448 1937 1041
2507 2 2 0 0 1937 87 1041
2508 2 2 0 0 718 1938 1043
2509 2 2 0 0 1938 87 1043
2510 2 2 0 0 718 1938 1271
2511 2 2 0 0 313 1939 1044
2512 2 2 0 0 1939 450 1044
2513 2 2 0 0 450 1939 1665
2514 2 2 0 0 1939 313 1665
2515 2 2 0 0 173 1940 1045
2516 2 2 0 0 451 1940 1751
2517 2 2 0 0 1940 173 1751
2518 2 2 0 0 290 1941 1046
2519 2 2 0 0 1941 464 1046
2520 2 2 0 0 464 1941 1299
2521 2 2 0 0 1941 290 1299
2522 2 2 0 0 796 1942 1008
2523 2 2 0 0 134 1942 1334
2524 2 2 0 0 1942 796 1334
2525 2 2 0 0 1008 1943 1053
2526 2 2 0 0 134 1943 1942
2527 2 2 0 0 1943 1008 1942
2528 2 2 0 0 1944 637 1056
2529 2 2 0 0 88 1944 816
2530 2 2 0 0 1944 637 816
2531 2 2 0 0 502 1945 1059
2532 2 2 0 0 1945 96 1059
2533 2 2 0 0 502 1945 1061
2534 2 2 0 0 1945 96 1061
2535 2 2 0 0 324 1946 1059
2536 2 2 0 0 1946 502 1059
2537 2 2 0 0 502 1946 1058
2538 2 2 0 0 503 1947 1059
2539 2 2 0 0 1947 324 1059
2540 2 2 0 0 324 1947 1363
2541 2 2 0 0 96 1948 1059
2542 2 2 0 0 1948 503 1059
2543 2 2 0 0 1948 96 1361
2544 2 2 0 0 649 1949 1060
2545 2 2 0 0 1949 271 1060
2546 2 2 0 0 1949 649 1234
2547 2 2 0 0 96 1950 1060
2548 2 2 0 0 1950 649 1060
2549 2 2 0 0 649 1950 1360
2550 2 2 0 0 1060 1951 1061
2551 2 2 0 0 501 1951 1839
2552 2 2 0 0 1951 1060 1839
2553 2 2 0 0 509 1952 1062
2554 2 2 0 0 1952 326 1062
2555 2 2 0 0 326 1952 823
2556 2 2 0 0 1952 509 823
2557 2 2 0 0 510 1953 1062
2558 2 2 0 0 1953 169 1062
2559 2 2 0 0 169 1953 1063
2560 2 2 0 0 1953 510 1063
2561 2 2 0 0 326 1954 1062
2562 2 2 0 0 1954 510 1062
2563 2 2 0 0 510 1954 1671
2564 2 2 0 0 1954 326 1671
2565 2 2 0 0 698 1955 1063
2566 2 2 0 0 1955 169 1063
2567 2 2 0 0 169 1955 1716
2568 2 2 0 0 1955 698 1716
2569 2 2 0 0 328 1956 1064
2570 2 2 0 0 1956 511 1064
2571 2 2 0 0 511 1956 1672
2572 2 2 0 0 1956 328 1672
2573 2 2 0 0 188 1957 1064
2574 2 2 0 0 1957 515 1064
2575 2 2 0 0 188 1957 1733
2576 2 2 0 0 1957 515 1733
2577 2 2 0 0 332 1958 514
2578 2 2 0 0 192 1958 518
2579 2 2 0 0 1958 332 518
2580 2 2 0 0 514 1959 1065
2581 2 2 0 0 1959 192 1065
2582 2 2 0 0 192 1959 1958
2583 2 2 0 0 1959 514 1958
2584 2 2 0 0 514 1960 1066
2585 2 2 0 0 1960 129 1066
2586 2 2 0 0 129 1960 826
2587 2 2 0 0 1960 514 826
2588 2 2 0 0 705 1961 1066
2589 2 2 0 0 1961 129 1066
2590 2 2 0 0 129 1961 1205
2591 2 2 0 0 332 1962 1066
2592 2 2 0 0 1962 705 1066
2593 2 2 0 0 705 1962 1204
2594 2 2 0 0 1962 332 1204
2595 2 2 0 0 1963 650 1069
2596 2 2 0 0 89 1963 1685
2597 2 2 0 0 1963 650 1685
2598 2 2 0 0 89 1964 1070
2599 2 2 0 0 1964 1069 1070
2600 2 2 0 0 1069 1964 1963
2601 2 2 0 0 1964 89 1963
2602 2 2 0 0 673 1965 1071
2603 2 2 0 0 1965 336 1071
2604 2 2 0 0 336 1965 1701
2605 2 2 0 0 1965 673 1701
2606 2 2 0 0 523 1966 1073
2607 2 2 0 0 1966 136 1073
2608 2 2 0 0 136 1966 841
2609 2 2 0 0 465 1967 840
2610 2 2 0 0 522 1967 839
2611 2 2 0 0 1967 465 839
2612 2 2 0 0 840 1968 1073
2613 2 2 0 0 1968 522 1073
2614 2 2 0 0 522 1968 1967
2615 2 2 0 0 1968 840 1967
2616 2 2 0 0 136 1969 1073
2617 2 2 0 0 1969 840 1073
2618 2 2 0 0 840 1969 1301
2619 2 2 0 0 421 1970 674
2620 2 2 0 0 137 1970 1026
2621 2 2 0 0 1970 421 1026
2622 2 2 0 0 674 1971 1074
2623 2 2 0 0 1971 137 1074
2624 2 2 0 0 137 1971 1970
2625 2 2 0 0 1971 674 1970
2626 2 2 0 0 1972 674 1074
2627 2 2 0 0 674 1972 1166
2628 2 2 0 0 1972 338 1166
2629 2 2 0 0 524 1973 1075
2630 2 2 0 0 1973 525 1075
2631 2 2 0 0 525 1973 1798
2632 2 2 0 0 1973 524 1798
2633 2 2 0 0 1974 841 1075
2634 2 2 0 0 337 1974 1396
2635 2 2 0 0 1974 841 1396
2636 2 2 0 0 1975 653 1077
2637 2 2 0 0 1975 653 1421
2638 2 2 0 0 91 1976 1078
2639 2 2 0 0 1976 1077 1078
2640 2 2 0 0 1077 1976 1975
2641 2 2 0 0 1976 91 1975
2642 2 2 0 0 1015 1977 1079
2643 2 2 0 0 1977 342 1079
2644 2 2 0 0 342 1977 1904
2645 2 2 0 0 1977 1015 1904
2646 2 2 0 0 533 1978 1080
2647 2 2 0 0 1978 345 1080
2648 2 2 0 0 345 1978 1428
2649 2 2 0 0 1978 533 1428
2650 2 2 0 0 728 1979 1081
2651 2 2 0 0 1979 180 1081
2652 2 2 0 0 180 1979 1232
2653 2 2 0 0 1979 728 1232
2654 2 2 0 0 863 1980 1082
2655 2 2 0 0 1980 531 1082
2656 2 2 0 0 531 1980 1431
2657 2 2 0 0 1980 863 1431
2658 2 2 0 0 206 1981 1084
2659 2 2 0 0 1981 1083 1084
2660 2 2 0 0 1083 1981 1738
2661 2 2 0 0 1981 206 1738
2662 2 2 0 0 654 1982 1086
2663 2 2 0 0 1982 207 1086
2664 2 2 0 0 207 1982 1150
2665 2 2 0 0 694 1983 1088
2666 2 2 0 0 1983 92 1088
2667 2 2 0 0 92 1983 1714
2668 2 2 0 0 1983 694 1714
2669 2 2 0 0 406 1984 1089
2670 2 2 0 0 1984 884 1089
2671 2 2 0 0 884 1984 1463
2672 2 2 0 0 1984 406 1463
2673 2 2 0 0 406 1985 1090
2674 2 2 0 0 1985 540 1090
2675 2 2 0 0 540 1985 1089
2676 2 2 0 0 1985 406 1089
2677 2 2 0 0 543 1986 1091
2678 2 2 0 0 350 1986 1092
2679 2 2 0 0 1986 543 1092
2680 2 2 0 0 428 1987 1093
2681 2 2 0 0 1987 24 1093
2682 2 2 0 0 428 1987 732
2683 2 2 0 0 1987 24 732
2684 2 2 0 0 1988 428 1093
2685 2 2 0 0 428 1988 1736
2686 2 2 0 0 1988 214 1736
2687 2 2 0 0 1093 1989 1094
2688 2 2 0 0 1989 214 1094
2689 2 2 0 0 1093 1989 1988
2690 2 2 0 0 1989 214 1988
2691 2 2 0 0 353 1990 1094
2692 2 2 0 0 1990 1093 1094
2693 2 2 0 0 1093 1990 1471
2694 2 2 0 0 321 1991 1095
2695 2 2 0 0 1991 547 1095
2696 2 2 0 0 547 1991 887
2697 2 2 0 0 1991 321 887
2698 2 2 0 0 894 1992 1099
2699 2 2 0 0 1992 552 1099
2700 2 2 0 0 552 1992 1487
2701 2 2 0 0 1992 894 1487
2702 2 2 0 0 677 1993 1100
2703 2 2 0 0 1993 358 1100
2704 2 2 0 0 358 1993 894
2705 2 2 0 0 1993 677 894
2706 2 2 0 0 146 1994 1100
2707 2 2 0 0 1994 677 1100
2708 2 2 0 0 677 1994 1172
2709 2 2 0 0 1994 146 1172
2710 2 2 0 0 564 1995 565
2711 2 2 0 0 85 1995 910
2712 2 2 0 0 1995 564 910
2713 2 2 0 0 565 1996 1103
2714 2 2 0 0 1996 85 1103
2715 2 2 0 0 85 1996 1995
2716 2 2 0 0 1996 565 1995
2717 2 2 0 0 688 1997 1103
2718 2 2 0 0 1997 85 1103
2719 2 2 0 0 85 1997 1182
2720 2 2 0 0 1997 688 1182
2721 2 2 0 0 431 1998 1104
2722 2 2 0 0 1998 361 1104
2723 2 2 0 0 1998 431 733
2724 2 2 0 0 477 1999 1105
2725 2 2 0 0 1999 786 1105
2726 2 2 0 0 786 1999 1320
2727 2 2 0 0 1999 477 1320
2728 2 2 0 0 568 2000 1106
2729 2 2 0 0 2000 475 1106
2730 2 2 0 0 475 2000 1107
2731 2 2 0 0 2000 568 1107
2732 2 2 0 0 349 2001 1106
2733 2 2 0 0 2001 568 1106
2734 2 2 0 0 349 2001 914
2735 2 2 0 0 2001 568 914
2736 2 2 0 0 782 2002 1106
2737 2 2 0 0 2002 349 1106
2738 2 2 0 0 349 2002 886
2739 2 2 0 0 2002 782 886
2740 2 2 0 0 569 2003 1108
2741 2 2 0 0 2003 362 1108
2742 2 2 0 0 362 2003 914
2743 2 2 0 0 2003 569 914
2744 2 2 0 0 362 2004 1108
2745 2 2 0 0 2004 567 1108
2746 2 2 0 0 567 2004 686
2747 2 2 0 0 575 2005 1110
2748 2 2 0 0 2005 431 1110
2749 2 2 0 0 431 2005 1539
2750 2 2 0 0 2005 575 1539
2751 2 2 0 0 734 2006 1111
2752 2 2 0 0 2006 370 1111
2753 2 2 0 0 370 2006 1248
2754 2 2 0 0 2006 734 1248
2755 2 2 0 0 157 2007 1111
2756 2 2 0 0 2007 734 1111
2757 2 2 0 0 734 2007 1243
2758 2 2 0 0 588 2008 1113
2759 2 2 0 0 2008 378 1113
2760 2 2 0 0 378 2008 1391
2761 2 2 0 0 2008 588 1391
2762 2 2 0 0 298 2009 695
2763 2 2 0 0 2009 379 695
2764 2 2 0 0 590 2010 1115
2765 2 2 0 0 2010 298 1115
2766 2 2 0 0 298 2010 2009
2767 2 2 0 0 2010 590 2009
2768 2 2 0 0 594 2011 1119
2769 2 2 0 0 2011 595 1119
2770 2 2 0 0 595 2011 1683
2771 2 2 0 0 2011 594 1683
2772 2 2 0 0 623 2012 1121
2773 2 2 0 0 2012 187 1121
2774 2 2 0 0 2012 187 1135
2775 2 2 0 0 963 2013 1123
2776 2 2 0 0 2013 119 1123
2777 2 2 0 0 119 2013 1607
2778 2 2 0 0 2013 963 1607
2779 2 2 0 0 600 2014 1124
2780 2 2 0 0 2014 512 1124
2781 2 2 0 0 512 2014 973
2782 2 2 0 0 2014 600 973
2783 2 2 0 0 177 2015 1127
2784 2 2 0 0 2015 611 1127
2785 2 2 0 0 2015 177 960
2786 2 2 0 0 331 2016 722
2787 2 2 0 0 177 2016 696
2788 2 2 0 0 2016 331 696
2789 2 2 0 0 722 2017 1127
2790 2 2 0 0 2017 177 1127
2791 2 2 0 0 177 2017 2016
2792 2 2 0 0 2017 722 2016
2793 2 2 0 0 420 2018 1127
2794 2 2 0 0 2018 722 1127
2795 2 2 0 0 722 2018 1699
2796 2 2 0 0 2018 420 1699
2797 2 2 0 0 252 2019 1128
2798 2 2 0 0 2019 607 1128
2799 2 2 0 0 607 2019 1635
2800 2 2 0 0 2019 252 1635
2801 2 2 0 0 2020 390 612
2802 2 2 0 0 2020 391 614
2803 2 2 0 0 391 2021 1129
2804 2 2 0 0 2021 612 1129
2805 2 2 0 0 612 2021 2020
2806 2 2 0 0 2021 391 2020
2807 2 2 0 0 1128 2022 1129
2808 2 2 0 0 2022 391 1129
2809 2 2 0 0 391 2022 1717
2810 2 2 0 0 2022 1128 1717
2811 2 2 0 0 990 2023 991
2812 2 2 0 0 102 2023 1195
2813 2 2 0 0 2023 990 1195
2814 2 2 0 0 102 2024 1130
2815 2 2 0 0 2024 991 1130
2816 2 2 0 0 102 2024 2023
2817 2 2 0 0 2024 991 2023
2818 2 2 0 0 617 2025 1132
2819 2 2 0 0 2025 395 1132
2820 2 2 0 0 395 2025 1642
2821 2 2 0 0 701 2026 1133
2822 2 2 0 0 2026 41 1133
2823 2 2 0 0 701 2026 1196
2824 2 2 0 0 2026 41 1196
2825 2 2 0 0 254 2027 1134
2826 2 2 0 0 2027 621 1134
2827 2 2 0 0 621 2027 1204
2828 2 2 0 0 2027 254 1204
2829 2 2 0 0 395 2028 1134
2830 2 2 0 0 2028 254 1134
2831 2 2 0 0 254 2028 1201
2832 2 2 0 0 623 2029 1136
2833 2 2 0 0 2029 1135 1136
2834 2 2 0 0 1135 2029 2012
2835 2 2 0 0 2029 623 2012
2836 2 2 0 0 448 2030 1137
2837 2 2 0 0 2030 176 1137
2838 2 2 0 0 176 2030 1042
2839 2 2 0 0 2030 448 1042
2840 2 2 0 0 633 2031 1140
2841 2 2 0 0 2031 117 1140
2842 2 2 0 0 117 2031 1522
2843 2 2 0 0 2031 633 1522
2844 2 2 0 0 223 2032 1914
2845 2 2 0 0 2032 224 1914
2846 2 2 0 0 224 2033 1140
2847 2 2 0 0 2033 633 1140
2848 2 2 0 0 633 2033 2032
2849 2 2 0 0 2033 224 2032
2850 2 2 0 0 117 2034 1140
2851 2 2 0 0 2034 632 1140
2852 2 2 0 0 632 2034 1139
2853 2 2 0 0 2034 117 1139
2854 2 2 0 0 84 2035 1141
2855 2 2 0 0 2035 429 1141
2856 2 2 0 0 84 2035 1358
2857 2 2 0 0 2035 429 1358
2858 2 2 0 0 522 2036 843
2859 2 2 0 0 84 2036 839
2860 2 2 0 0 2036 522 839
2861 2 2 0 0 843 2037 1141
2862 2 2 0 0 2037 84 1141
2863 2 2 0 0 84 2037 2036
2864 2 2 0 0 2037 843 2036
2865 2 2 0 0 633 2038 1142
2866 2 2 0 0 2038 223 1142
2867 2 2 0 0 223 2038 2032
2868 2 2 0 0 2038 633 2032
2869 2 2 0 0 429 2039 1142
2870 2 2 0 0 2039 633 1142
2871 2 2 0 0 633 2039 1522
2872 2 2 0 0 2039 429 1522
2873 2 2 0 0 647 2040 1146
2874 2 2 0 0 2040 90 1146
2875 2 2 0 0 90 2040 1148
2876 2 2 0 0 2040 647 1148
2877 2 2 0 0 1009 2041 1146
2878 2 2 0 0 2041 90 1146
2879 2 2 0 0 90 2041 1900
2880 2 2 0 0 2041 1009 1900
2881 2 2 0 0 267 2042 1146
2882 2 2 0 0 2042 1009 1146
2883 2 2 0 0 1009 2042 1751
2884 2 2 0 0 2042 267 1751
2885 2 2 0 0 1005 2043 1147
2886 2 2 0 0 2043 90 1147
2887 2 2 0 0 1005 2043 1010
2888 2 2 0 0 2043 90 1010
2889 2 2 0 0 2044 655 1151
2890 2 2 0 0 655 2044 780
2891 2 2 0 0 2044 295 780
2892 2 2 0 0 2045 152 1151
2893 2 2 0 0 2045 474 783
2894 2 2 0 0 656 2046 1152
2895 2 2 0 0 2046 483 1152
2896 2 2 0 0 483 2046 1933
2897 2 2 0 0 2046 656 1933
2898 2 2 0 0 791 2047 1152
2899 2 2 0 0 2047 162 1152
2900 2 2 0 0 162 2047 792
2901 2 2 0 0 2047 791 792
2902 2 2 0 0 483 2048 1152
2903 2 2 0 0 2048 791 1152
2904 2 2 0 0 791 2048 1330
2905 2 2 0 0 2048 483 1330
2906 2 2 0 0 86 2049 1153
2907 2 2 0 0 2049 657 1153
2908 2 2 0 0 657 2049 1760
2909 2 2 0 0 2049 86 1760
2910 2 2 0 0 1154 2050 1155
2911 2 2 0 0 2050 313 1155
2912 2 2 0 0 313 2050 1665
2913 2 2 0 0 2050 1154 1665
2914 2 2 0 0 2051 186 1024
2915 2 2 0 0 186 2051 1011
2916 2 2 0 0 2051 419 1011
2917 2 2 0 0 419 2052 1158
2918 2 2 0 0 2052 1024 1158
2919 2 2 0 0 1024 2052 2051
2920 2 2 0 0 2052 419 2051
2921 2 2 0 0 419 2053 1159
2922 2 2 0 0 2053 663 1159
2923 2 2 0 0 663 2053 1158
2924 2 2 0 0 2053 419 1158
2925 2 2 0 0 411 2054 1160
2926 2 2 0 0 2054 715 1160
2927 2 2 0 0 715 2054 716
2928 2 2 0 0 2054 411 716
2929 2 2 0 0 847 2055 1161
2930 2 2 0 0 2055 322 1161
2931 2 2 0 0 322 2055 1162
2932 2 2 0 0 2055 847 1162
2933 2 2 0 0 667 2056 1162
2934 2 2 0 0 2056 322 1162
2935 2 2 0 0 322 2056 1667
2936 2 2 0 0 2056 667 1667
2937 2 2 0 0 847 2057 1162
2938 2 2 0 0 2057 182 1162
2939 2 2 0 0 847 2057 1410
2940 2 2 0 0 2057 182 1410
2941 2 2 0 0 193 2058 1164
2942 2 2 0 0 2058 1035 1164
2943 2 2 0 0 1035 2058 1165
2944 2 2 0 0 2058 193 1165
2945 2 2 0 0 675 2059 1168
2946 2 2 0 0 2059 666 1168
2947 2 2 0 0 666 2059 1800
2948 2 2 0 0 2059 675 1800
2949 2 2 0 0 676 2060 1169
2950 2 2 0 0 2060 339 1169
2951 2 2 0 0 339 2060 1404
2952 2 2 0 0 2060 676 1404
2953 2 2 0 0 627 2061 1170
2954 2 2 0 0 2061 676 1170
2955 2 2 0 0 676 2061 1703
2956 2 2 0 0 2061 627 1703
2957 2 2 0 0 677 2062 1171
2958 2 2 0 0 2062 341 1171
2959 2 2 0 0 341 2062 1172
2960 2 2 0 0 2062 677 1172
2961 2 2 0 0 341 2063 1171
2962 2 2 0 0 2063 679 1171
2963 2 2 0 0 681 2064 1174
2964 2 2 0 0 2064 143 1174
2965 2 2 0 0 143 2064 1176
2966 2 2 0 0 2064 681 1176
2967 2 2 0 0 1173 2065 1174
2968 2 2 0 0 2065 342 1174
2969 2 2 0 0 342 2065 1673
2970 2 2 0 0 2065 1173 1673
2971 2 2 0 0 2066 11 140
2972 2 2 0 0 17 2066 200
2973 2 2 0 0 2066 11 200
2974 2 2 0 0 140 2067 141
2975 2 2 0 0 140 2067 2066
2976 2 2 0 0 2067 17 2066
2977 2 2 0 0 2068 141 142
2978 2 2 0 0 17 2068 2067
2979 2 2 0 0 2068 141 2067
2980 2 2 0 0 17 2069 203
2981 2 2 0 0 142 2069 2068
2982 2 2 0 0 2069 17 2068
2983 2 2 0 0 203 2070 204
2984 2 2 0 0 142 2070 2069
2985 2 2 0 0 2070 203 2069
2986 2 2 0 0 2071 142 680
2987 2 2 0 0 142 2071 2070
2988 2 2 0 0 2071 204 2070
2989 2 2 0 0 204 2072 681
2990 2 2 0 0 680 2072 2071
2991 2 2 0 0 2072 204 2071
2992 2 2 0 0 681 2073 1176
2993 2 2 0 0 2073 680 1176
2994 2 2 0 0 680 2073 2072
2995 2 2 0 0 2073 681 2072
2996 2 2 0 0 346 2074 1175
2997 2 2 0 0 143 2074 682
2998 2 2 0 0 2074 346 682
2999 2 2 0 0 1175 2075 1176
3000 2 2 0 0 2075 143 1176
3001 2 2 0 0 143 2075 2074
3002 2 2 0 0 2075 1175 2074
3003 2 2 0 0 405 2076 1177
3004 2 2 0 0 144 2076 1017
3005 2 2 0 0 2076 405 1017
3006 2 2 0 0 683 2077 1178
3007 2 2 0 0 2077 631 1178
3008 2 2 0 0 631 2077 1707
3009 2 2 0 0 2077 683 1707
3010 2 2 0 0 144 2078 1178
3011 2 2 0 0 2078 683 1178
3012 2 2 0 0 683 2078 877
3013 2 2 0 0 2078 144 877
3014 2 2 0 0 1177 2079 1178
3015 2 2 0 0 2079 144 1178
3016 2 2 0 0 144 2079 2076
3017 2 2 0 0 2079 1177 2076
3018 2 2 0 0 2080 85 689
3019 2 2 0 0 500 2080 910
3020 2 2 0 0 2080 85 910
3021 2 2 0 0 500 2081 1183
3022 2 2 0 0 2081 689 1183
3023 2 2 0 0 689 2081 2080
3024 2 2 0 0 2081 500 2080
3025 2 2 0 0 2082 811 1183
3026 2 2 0 0 811 2082 1357
3027 2 2 0 0 228 2083 1184
3028 2 2 0 0 2083 691 1184
3029 2 2 0 0 691 2083 1849
3030 2 2 0 0 2083 228 1849
3031 2 2 0 0 504 2084 1185
3032 2 2 0 0 2084 368 1185
3033 2 2 0 0 368 2084 1611
3034 2 2 0 0 2084 504 1611
3035 2 2 0 0 369 2085 1186
3036 2 2 0 0 2085 691 1186
3037 2 2 0 0 691 2085 1184
3038 2 2 0 0 2085 369 1184
3039 2 2 0 0 1185 2086 1186
3040 2 2 0 0 2086 369 1186
3041 2 2 0 0 369 2086 1549
3042 2 2 0 0 2086 1185 1549
3043 2 2 0 0 506 2087 821
3044 2 2 0 0 118 2087 820
3045 2 2 0 0 821 2088 1187
3046 2 2 0 0 2088 118 1187
3047 2 2 0 0 118 2088 2087
3048 2 2 0 0 2088 821 2087
3049 2 2 0 0 587 2089 1189
3050 2 2 0 0 2089 587 1583
3051 2 2 0 0 234 2090 1190
3052 2 2 0 0 2090 693 1190
3053 2 2 0 0 693 2090 1713
3054 2 2 0 0 2090 234 1713
3055 2 2 0 0 474 2091 783
3056 2 2 0 0 234 2091 743
3057 2 2 0 0 2091 474 743
3058 2 2 0 0 783 2092 1190
3059 2 2 0 0 2092 234 1190
3060 2 2 0 0 234 2092 2091
3061 2 2 0 0 2092 783 2091
3062 2 2 0 0 476 2093 1190
3063 2 2 0 0 2093 783 1190
3064 2 2 0 0 783 2093 1317
3065 2 2 0 0 2093 476 1317
3066 2 2 0 0 379 2094 695
3067 2 2 0 0 160 2094 589
3068 2 2 0 0 2094 379 589
3069 2 2 0 0 695 2095 1191
3070 2 2 0 0 2095 160 1191
3071 2 2 0 0 160 2095 2094
3072 2 2 0 0 2095 695 2094
3073 2 2 0 0 2096 298 695
3074 2 2 0 0 298 2096 738
3075 2 2 0 0 433 2097 1191
3076 2 2 0 0 2097 695 1191
3077 2 2 0 0 695 2097 2096
3078 2 2 0 0 2097 433 2096
3079 2 2 0 0 433 2098 1191
3080 2 2 0 0 2098 736 1191
3081 2 2 0 0 736 2098 1245
3082 2 2 0 0 2098 433 1245
3083 2 2 0 0 594 2099 1193
3084 2 2 0 0 2099 237 1193
3085 2 2 0 0 594 2099 1682
3086 2 2 0 0 2099 237 1682
3087 2 2 0 0 331 2100 1193
3088 2 2 0 0 2100 594 1193
3089 2 2 0 0 594 2100 1118
3090 2 2 0 0 2100 331 1118
3091 2 2 0 0 453 2101 1194
3092 2 2 0 0 697 2101 1754
3093 2 2 0 0 2101 453 1754
3094 2 2 0 0 311 2102 1195
3095 2 2 0 0 2102 698 1195
3096 2 2 0 0 698 2102 1716
3097 2 2 0 0 2102 311 1716
3098 2 2 0 0 700 2103 1196
3099 2 2 0 0 2103 701 1196
3100 2 2 0 0 701 2103 1722
3101 2 2 0 0 2103 700 1722
3102 2 2 0 0 393 2104 620
3103 2 2 0 0 2104 392 620
3104 2 2 0 0 702 2105 1197
3105 2 2 0 0 2105 393 1197
3106 2 2 0 0 393 2105 2104
3107 2 2 0 0 2105 702 2104
3108 2 2 0 0 2106 277 1198
3109 2 2 0 0 277 2106 1890
3110 2 2 0 0 2106 616 1890
3111 2 2 0 0 128 2107 702
3112 2 2 0 0 616 2107 994
3113 2 2 0 0 2107 128 994
3114 2 2 0 0 702 2108 1199
3115 2 2 0 0 2108 616 1199
3116 2 2 0 0 616 2108 2107
3117 2 2 0 0 2108 702 2107
3118 2 2 0 0 392 2109 1199
3119 2 2 0 0 2109 702 1199
3120 2 2 0 0 702 2109 2104
3121 2 2 0 0 2109 392 2104
3122 2 2 0 0 701 2110 1198
3123 2 2 0 0 392 2110 1133
3124 2 2 0 0 2110 701 1133
3125 2 2 0 0 1198 2111 1199
3126 2 2 0 0 2111 392 1199
3127 2 2 0 0 392 2111 2110
3128 2 2 0 0 2111 1198 2110
3129 2 2 0 0 616 2112 1199
3130 2 2 0 0 2112 1198 1199
3131 2 2 0 0 1198 2112 2106
3132 2 2 0 0 2112 616 2106
3133 2 2 0 0 255 2113 1202
3134 2 2 0 0 2113 704 1202
3135 2 2 0 0 704 2113 1203
3136 2 2 0 0 2113 255 1203
3137 2 2 0 0 1201 2114 1202
3138 2 2 0 0 2114 255 1202
3139 2 2 0 0 255 2114 1642
3140 2 2 0 0 2114 1201 1642
3141 2 2 0 0 995 2115 1203
3142 2 2 0 0 2115 703 1203
3143 2 2 0 0 703 2115 1892
3144 2 2 0 0 2115 995 1892
3145 2 2 0 0 968 2116 1205
3146 2 2 0 0 2116 129 1205
3147 2 2 0 0 129 2116 1672
3148 2 2 0 0 2116 968 1672
3149 2 2 0 0 1205 2117 1206
3150 2 2 0 0 2117 705 1206
3151 2 2 0 0 705 2117 1961
3152 2 2 0 0 2117 1205 1961
3153 2 2 0 0 2118 968 1205
3154 2 2 0 0 968 2118 1135
3155 2 2 0 0 2118 396 1135
3156 2 2 0 0 396 2119 1206
3157 2 2 0 0 2119 1205 1206
3158 2 2 0 0 1205 2119 2118
3159 2 2 0 0 2119 396 2118
3160 2 2 0 0 132 2120 707
3161 2 2 0 0 403 2120 708
3162 2 2 0 0 2120 132 708
3163 2 2 0 0 707 2121 1207
3164 2 2 0 0 2121 403 1207
3165 2 2 0 0 403 2121 2120
3166 2 2 0 0 2121 707 2120
3167 2 2 0 0 1045 2122 1208
3168 2 2 0 0 2122 451 1208
3169 2 2 0 0 451 2122 1940
3170 2 2 0 0 2122 1045 1940
3171 2 2 0 0 473 2123 709
3172 2 2 0 0 154 2123 570
3173 2 2 0 0 2123 473 570
3174 2 2 0 0 709 2124 1209
3175 2 2 0 0 2124 154 1209
3176 2 2 0 0 154 2124 2123
3177 2 2 0 0 2124 709 2123
3178 2 2 0 0 408 2125 1209
3179 2 2 0 0 2125 709 1209
3180 2 2 0 0 709 2125 1726
3181 2 2 0 0 2125 408 1726
3182 2 2 0 0 709 2126 1210
3183 2 2 0 0 2126 153 1210
3184 2 2 0 0 153 2126 1726
3185 2 2 0 0 2126 709 1726
3186 2 2 0 0 780 2127 1210
3187 2 2 0 0 2127 473 1210
3188 2 2 0 0 473 2127 1315
3189 2 2 0 0 2127 780 1315
3190 2 2 0 0 2128 655 780
3191 2 2 0 0 655 2128 1102
3192 2 2 0 0 2128 153 1102
3193 2 2 0 0 153 2129 1210
3194 2 2 0 0 2129 780 1210
3195 2 2 0 0 780 2129 2128
3196 2 2 0 0 2129 153 2128
3197 2 2 0 0 710 2130 1211
3198 2 2 0 0 2130 164 1211
3199 2 2 0 0 164 2130 1898
3200 2 2 0 0 2130 710 1898
3201 2 2 0 0 164 2131 1211
3202 2 2 0 0 2131 712 1211
3203 2 2 0 0 712 2131 1730
3204 2 2 0 0 2131 164 1730
3205 2 2 0 0 711 2132 1212
3206 2 2 0 0 2132 409 1212
3207 2 2 0 0 409 2132 1727
3208 2 2 0 0 2132 711 1727
3209 2 2 0 0 304 2133 1214
3210 2 2 0 0 2133 713 1214
3211 2 2 0 0 713 2133 1216
3212 2 2 0 0 2133 304 1216
3213 2 2 0 0 713 2134 1215
3214 2 2 0 0 2134 484 1215
3215 2 2 0 0 484 2134 1216
3216 2 2 0 0 2134 713 1216
3217 2 2 0 0 2135 302 794
3218 2 2 0 0 302 2135 1053
3219 2 2 0 0 484 2136 1215
3220 2 2 0 0 2136 794 1215
3221 2 2 0 0 794 2136 2135
3222 2 2 0 0 2136 484 2135
3223 2 2 0 0 304 2137 1218
3224 2 2 0 0 2137 714 1218
3225 2 2 0 0 714 2137 1214
3226 2 2 0 0 2137 304 1214
3227 2 2 0 0 490 2138 1219
3228 2 2 0 0 2138 714 1219
3229 2 2 0 0 714 2138 1218
3230 2 2 0 0 2138 490 1218
3231 2 2 0 0 49 2139 1220
3232 2 2 0 0 2139 715 1220
3233 2 2 0 0 2139 715 716
3234 2 2 0 0 318 2140 1221
3235 2 2 0 0 2140 715 1221
3236 2 2 0 0 715 2140 1220
3237 2 2 0 0 2140 318 1220
3238 2 2 0 0 716 2141 1222
3239 2 2 0 0 2141 49 1222
3240 2 2 0 0 716 2141 2139
3241 2 2 0 0 2141 49 2139
3242 2 2 0 0 1154 2142 1225
3243 2 2 0 0 2142 172 1225
3244 2 2 0 0 1154 2142 1665
3245 2 2 0 0 2142 172 1665
3246 2 2 0 0 412 2143 1225
3247 2 2 0 0 2143 1154 1225
3248 2 2 0 0 1154 2143 1222
3249 2 2 0 0 2143 412 1222
3250 2 2 0 0 2144 327 1011
3251 2 2 0 0 327 2144 670
3252 2 2 0 0 2144 165 670
3253 2 2 0 0 165 2145 1227
3254 2 2 0 0 2145 1011 1227
3255 2 2 0 0 1011 2145 2144
3256 2 2 0 0 2145 165 2144
3257 2 2 0 0 165 2146 1228
3258 2 2 0 0 2146 721 1228
3259 2 2 0 0 721 2146 1227
3260 2 2 0 0 2146 165 1227
3261 2 2 0 0 725 2147 1230
3262 2 2 0 0 2147 214 1230
3263 2 2 0 0 214 2147 1736
3264 2 2 0 0 2147 725 1736
3265 2 2 0 0 146 2148 1230
3266 2 2 0 0 2148 725 1230
3267 2 2 0 0 725 2148 1229
3268 2 2 0 0 2148 146 1229
3269 2 2 0 0 726 2149 1231
3270 2 2 0 0 2149 424 1231
3271 2 2 0 0 424 2149 1737
3272 2 2 0 0 2149 726 1737
3273 2 2 0 0 206 2150 1231
3274 2 2 0 0 2150 726 1231
3275 2 2 0 0 206 2150 1738
3276 2 2 0 0 2150 726 1738
3277 2 2 0 0 180 2151 1232
3278 2 2 0 0 2151 727 1232
3279 2 2 0 0 727 2151 1080
3280 2 2 0 0 271 2152 1233
3281 2 2 0 0 2152 729 1233
3282 2 2 0 0 729 2152 1235
3283 2 2 0 0 2152 271 1235
3284 2 2 0 0 882 2153 1233
3285 2 2 0 0 2153 271 1233
3286 2 2 0 0 271 2153 1839
3287 2 2 0 0 2153 882 1839
3288 2 2 0 0 271 2154 1235
3289 2 2 0 0 2154 1234 1235
3290 2 2 0 0 1234 2154 1949
3291 2 2 0 0 2154 271 1949
3292 2 2 0 0 2155 110 1237
3293 2 2 0 0 730 2155 1463
3294 2 2 0 0 2155 110 1463
3295 2 2 0 0 630 2156 1237
3296 2 2 0 0 2156 208 1237
3297 2 2 0 0 208 2156 1150
3298 2 2 0 0 2156 630 1150
3299 2 2 0 0 730 2157 1238
3300 2 2 0 0 2157 1237 1238
3301 2 2 0 0 1237 2157 2155
3302 2 2 0 0 2157 730 2155
3303 2 2 0 0 1003 2158 1239
3304 2 2 0 0 2158 226 1239
3305 2 2 0 0 226 2158 1181
3306 2 2 0 0 2158 1003 1181
3307 2 2 0 0 361 2159 1241
3308 2 2 0 0 2159 733 1241
3309 2 2 0 0 733 2159 1998
3310 2 2 0 0 2159 361 1998
3311 2 2 0 0 734 2160 1242
3312 2 2 0 0 2160 432 1242
3313 2 2 0 0 432 2160 1243
3314 2 2 0 0 2160 734 1243
3315 2 2 0 0 229 2161 1242
3316 2 2 0 0 2161 734 1242
3317 2 2 0 0 734 2161 1248
3318 2 2 0 0 2161 229 1248
3319 2 2 0 0 735 2162 1242
3320 2 2 0 0 2162 229 1242
3321 2 2 0 0 735 2162 1245
3322 2 2 0 0 2162 229 1245
3323 2 2 0 0 432 2163 1242
3324 2 2 0 0 2163 735 1242
3325 2 2 0 0 735 2163 1541
3326 2 2 0 0 2163 432 1541
3327 2 2 0 0 735 2164 1244
3328 2 2 0 0 2164 433 1244
3329 2 2 0 0 433 2164 1245
3330 2 2 0 0 2164 735 1245
3331 2 2 0 0 40 2165 1244
3332 2 2 0 0 2165 735 1244
3333 2 2 0 0 40 2165 1541
3334 2 2 0 0 2165 735 1541
3335 2 2 0 0 738 2166 1244
3336 2 2 0 0 2166 433 1244
3337 2 2 0 0 433 2166 2096
3338 2 2 0 0 2166 738 2096
3339 2 2 0 0 40 2167 1244
3340 2 2 0 0 2167 738 1244
3341 2 2 0 0 738 2167 1247
3342 2 2 0 0 2167 40 1247
3343 2 2 0 0 2168 434 736
3344 2 2 0 0 434 2168 739
3345 2 2 0 0 229 2169 1245
3346 2 2 0 0 2169 736 1245
3347 2 2 0 0 736 2169 2168
3348 2 2 0 0 2169 229 2168
3349 2 2 0 0 229 2170 1248
3350 2 2 0 0 2170 739 1248
3351 2 2 0 0 229 2170 2168
3352 2 2 0 0 2170 739 2168
3353 2 2 0 0 2171 438 949
3354 2 2 0 0 438 2171 956
3355 2 2 0 0 2171 371 956
3356 2 2 0 0 371 2172 1249
3357 2 2 0 0 2172 949 1249
3358 2 2 0 0 949 2172 2171
3359 2 2 0 0 2172 371 2171
3360 2 2 0 0 741 2173 1252
3361 2 2 0 0 2173 158 1252
3362 2 2 0 0 158 2173 1561
3363 2 2 0 0 2173 741 1561
3364 2 2 0 0 2174 296 1253
3365 2 2 0 0 296 2174 1553
3366 2 2 0 0 2174 742 1553
3367 2 2 0 0 579 2175 1254
3368 2 2 0 0 2175 742 1254
3369 2 2 0 0 742 2175 1553
3370 2 2 0 0 743 2176 1255
3371 2 2 0 0 2176 233 1255
3372 2 2 0 0 233 2176 1256
3373 2 2 0 0 2176 743 1256
3374 2 2 0 0 2177 234 743
3375 2 2 0 0 234 2177 1712
3376 2 2 0 0 2177 437 1712
3377 2 2 0 0 437 2178 1255
3378 2 2 0 0 2178 743 1255
3379 2 2 0 0 743 2178 2177
3380 2 2 0 0 2178 437 2177
3381 2 2 0 0 474 2179 1256
3382 2 2 0 0 2179 781 1256
3383 2 2 0 0 781 2179 1316
3384 2 2 0 0 2179 474 1316
3385 2 2 0 0 161 2180 746
3386 2 2 0 0 440 2180 1032
3387 2 2 0 0 746 2181 1257
3388 2 2 0 0 2181 440 1257
3389 2 2 0 0 440 2181 2180
3390 2 2 0 0 2181 746 2180
3391 2 2 0 0 639 2182 1258
3392 2 2 0 0 2182 639 640
3393 2 2 0 0 1258 2183 1259
3394 2 2 0 0 2183 244 1259
3395 2 2 0 0 244 2183 2182
3396 2 2 0 0 2183 1258 2182
3397 2 2 0 0 2184 123 1258
3398 2 2 0 0 2184 747 1308
3399 2 2 0 0 747 2185 1259
3400 2 2 0 0 2185 1258 1259
3401 2 2 0 0 1258 2185 2184
3402 2 2 0 0 2185 747 2184
3403 2 2 0 0 245 2186 1260
3404 2 2 0 0 2186 444 1260
3405 2 2 0 0 444 2186 1213
3406 2 2 0 0 2186 245 1213
3407 2 2 0 0 444 2187 1261
3408 2 2 0 0 2187 749 1261
3409 2 2 0 0 749 2187 1262
3410 2 2 0 0 2187 444 1262
3411 2 2 0 0 2188 640 1260
3412 2 2 0 0 640 2188 2182
3413 2 2 0 0 2188 244 2182
3414 2 2 0 0 244 2189 1261
3415 2 2 0 0 2189 1260 1261
3416 2 2 0 0 1260 2189 2188
3417 2 2 0 0 2189 244 2188
3418 2 2 0 0 2190 93 751
3419 2 2 0 0 93 2190 1213
3420 2 2 0 0 2190 444 1213
3421 2 2 0 0 444 2191 1262
3422 2 2 0 0 2191 751 1262
3423 2 2 0 0 751 2191 2190
3424 2 2 0 0 2191 444 2190
3425 2 2 0 0 19 2192 241
3426 2 2 0 0 19 2192 209
3427 2 2 0 0 2192 25 209
3428 2 2 0 0 2193 241 242
3429 2 2 0 0 25 2193 2192
3430 2 2 0 0 2193 241 2192
3431 2 2 0 0 2194 25 243
3432 2 2 0 0 242 2194 2193
3433 2 2 0 0 2194 25 2193
3434 2 2 0 0 242 2195 442
3435 2 2 0 0 243 2195 2194
3436 2 2 0 0 2195 242 2194
3437 2 2 0 0 442 2196 443
3438 2 2 0 0 243 2196 2195
3439 2 2 0 0 2196 442 2195
3440 2 2 0 0 2197 243 748
3441 2 2 0 0 243 2197 2196
3442 2 2 0 0 2197 443 2196
3443 2 2 0 0 2198 748 749
3444 2 2 0 0 748 2198 2197
3445 2 2 0 0 2198 443 2197
3446 2 2 0 0 443 2199 1262
3447 2 2 0 0 2199 749 1262
3448 2 2 0 0 749 2199 2198
3449 2 2 0 0 2199 443 2198
3450 2 2 0 0 714 2200 1219
3451 2 2 0 0 93 2200 1729
3452 2 2 0 0 2200 714 1729
3453 2 2 0 0 93 2201 1263
3454 2 2 0 0 2201 1219 1263
3455 2 2 0 0 93 2201 2200
3456 2 2 0 0 2201 1219 2200
3457 2 2 0 0 250 2202 1266
3458 2 2 0 0 2202 752 1266
3459 2 2 0 0 752 2202 1264
3460 2 2 0 0 2202 250 1264
3461 2 2 0 0 976 2203 1267
3462 2 2 0 0 2203 308 1267
3463 2 2 0 0 308 2203 977
3464 2 2 0 0 755 2204 1269
3465 2 2 0 0 2204 308 1269
3466 2 2 0 0 308 2204 1267
3467 2 2 0 0 2204 755 1267
3468 2 2 0 0 756 2205 1270
3469 2 2 0 0 2205 447 1270
3470 2 2 0 0 447 2205 1747
3471 2 2 0 0 2205 756 1747
3472 2 2 0 0 260 2206 1270
3473 2 2 0 0 2206 756 1270
3474 2 2 0 0 756 2206 1748
3475 2 2 0 0 2206 260 1748
3476 2 2 0 0 644 2207 1270
3477 2 2 0 0 2207 260 1270
3478 2 2 0 0 260 2207 1749
3479 2 2 0 0 2207 644 1749
3480 2 2 0 0 1271 2208 1272
3481 2 2 0 0 2208 87 1272
3482 2 2 0 0 87 2208 1938
3483 2 2 0 0 2208 1271 1938
3484 2 2 0 0 450 2209 1275
3485 2 2 0 0 2209 172 1275
3486 2 2 0 0 172 2209 1665
3487 2 2 0 0 2209 450 1665
3488 2 2 0 0 172 2210 1275
3489 2 2 0 0 172 2210 759
3490 2 2 0 0 2210 449 759
3491 2 2 0 0 1275 2211 1276
3492 2 2 0 0 2211 449 1276
3493 2 2 0 0 449 2211 2210
3494 2 2 0 0 2211 1275 2210
3495 2 2 0 0 461 2212 1277
3496 2 2 0 0 108 2212 1021
3497 2 2 0 0 2212 461 1021
3498 2 2 0 0 402 2213 1278
3499 2 2 0 0 757 2213 1274
3500 2 2 0 0 2213 402 1274
3501 2 2 0 0 108 2214 1278
3502 2 2 0 0 2214 1277 1278
3503 2 2 0 0 108 2214 2212
3504 2 2 0 0 2214 1277 2212
3505 2 2 0 0 2215 413 449
3506 2 2 0 0 413 2215 1021
3507 2 2 0 0 2215 108 1021
3508 2 2 0 0 449 2216 758
3509 2 2 0 0 449 2216 2215
3510 2 2 0 0 2216 108 2215
3511 2 2 0 0 758 2217 1279
3512 2 2 0 0 2217 108 1279
3513 2 2 0 0 108 2217 2216
3514 2 2 0 0 2217 758 2216
3515 2 2 0 0 2218 262 758
3516 2 2 0 0 262 2218 1749
3517 2 2 0 0 2218 757 1749
3518 2 2 0 0 757 2219 1279
3519 2 2 0 0 2219 758 1279
3520 2 2 0 0 758 2219 2218
3521 2 2 0 0 2219 757 2218
3522 2 2 0 0 1278 2220 1279
3523 2 2 0 0 2220 757 1279
3524 2 2 0 0 757 2220 2213
3525 2 2 0 0 2220 1278 2213
3526 2 2 0 0 171 2221 760
3527 2 2 0 0 450 2221 1044
3528 2 2 0 0 2221 171 1044
3529 2 2 0 0 760 2222 1281
3530 2 2 0 0 2222 450 1281
3531 2 2 0 0 450 2222 2221
3532 2 2 0 0 2222 760 2221
3533 2 2 0 0 262 2223 1281
3534 2 2 0 0 2223 760 1281
3535 2 2 0 0 760 2223 1750
3536 2 2 0 0 2223 262 1750
3537 2 2 0 0 2224 447 1145
3538 2 2 0 0 447 2224 1270
3539 2 2 0 0 2224 644 1270
3540 2 2 0 0 644 2225 1282
3541 2 2 0 0 2225 1145 1282
3542 2 2 0 0 1145 2225 2224
3543 2 2 0 0 2225 644 2224
3544 2 2 0 0 411 2226 1283
3545 2 2 0 0 2226 664 1283
3546 2 2 0 0 664 2226 1160
3547 2 2 0 0 2226 411 1160
3548 2 2 0 0 452 2227 768
3549 2 2 0 0 764 2228 1285
3550 2 2 0 0 2228 109 1285
3551 2 2 0 0 109 2228 2227
3552 2 2 0 0 2228 764 2227
3553 2 2 0 0 138 2229 1286
3554 2 2 0 0 2229 982 1286
3555 2 2 0 0 982 2229 1353
3556 2 2 0 0 2229 138 1353
3557 2 2 0 0 766 2230 1287
3558 2 2 0 0 2230 765 1287
3559 2 2 0 0 765 2230 1288
3560 2 2 0 0 2230 766 1288
3561 2 2 0 0 317 2231 1288
3562 2 2 0 0 2231 804 1288
3563 2 2 0 0 804 2231 1350
3564 2 2 0 0 2231 317 1350
3565 2 2 0 0 664 2232 1289
3566 2 2 0 0 767 2232 1753
3567 2 2 0 0 2232 664 1753
3568 2 2 0 0 768 2233 1290
3569 2 2 0 0 2233 109 1290
3570 2 2 0 0 109 2233 2227
3571 2 2 0 0 2233 768 2227
3572 2 2 0 0 2234 317 768
3573 2 2 0 0 317 2234 1349
3574 2 2 0 0 2234 767 1349
3575 2 2 0 0 767 2235 1290
3576 2 2 0 0 2235 768 1290
3577 2 2 0 0 768 2235 2234
3578 2 2 0 0 2235 767 2234
3579 2 2 0 0 1289 2236 1290
3580 2 2 0 0 2236 767 1290
3581 2 2 0 0 767 2236 2232
3582 2 2 0 0 2236 1289 2232
3583 2 2 0 0 2237 1283 1289
3584 2 2 0 0 109 2237 1284
3585 2 2 0 0 2237 1283 1284
3586 2 2 0 0 109 2238 1290
3587 2 2 0 0 2238 1289 1290
3588 2 2 0 0 1289 2238 2237
3589 2 2 0 0 2238 109 2237
3590 2 2 0 0 769 2239 1291
3591 2 2 0 0 2239 57 1291
3592 2 2 0 0 769 2239 802
3593 2 2 0 0 2239 57 802
3594 2 2 0 0 453 2240 1291
3595 2 2 0 0 2240 769 1291
3596 2 2 0 0 769 2240 1194
3597 2 2 0 0 2240 453 1194
3598 2 2 0 0 2241 327 822
3599 2 2 0 0 327 2241 1011
3600 2 2 0 0 2241 186 1011
3601 2 2 0 0 822 2242 1293
3602 2 2 0 0 2242 186 1293
3603 2 2 0 0 822 2242 2241
3604 2 2 0 0 2242 186 2241
3605 2 2 0 0 326 2243 1293
3606 2 2 0 0 2243 822 1293
3607 2 2 0 0 822 2243 823
3608 2 2 0 0 2243 326 823
3609 2 2 0 0 276 2244 1294
3610 2 2 0 0 2244 506 1294
3611 2 2 0 0 506 2244 1369
3612 2 2 0 0 2244 276 1369
3613 2 2 0 0 771 2245 1296
3614 2 2 0 0 2245 97 1296
3615 2 2 0 0 97 2245 1756
3616 2 2 0 0 2245 771 1756
3617 2 2 0 0 365 2246 774
3618 2 2 0 0 97 2246 1003
3619 2 2 0 0 2246 365 1003
3620 2 2 0 0 97 2247 1296
3621 2 2 0 0 2247 774 1296
3622 2 2 0 0 97 2247 2246
3623 2 2 0 0 2247 774 2246
3624 2 2 0 0 457 2248 1297
3625 2 2 0 0 2248 807 1297
3626 2 2 0 0 807 2248 818
3627 2 2 0 0 1016 2249 1298
3628 2 2 0 0 2249 365 1298
3629 2 2 0 0 365 2249 1710
3630 2 2 0 0 2249 1016 1710
3631 2 2 0 0 2250 658 1016
3632 2 2 0 0 658 2250 1220
3633 2 2 0 0 2250 318 1220
3634 2 2 0 0 318 2251 1298
3635 2 2 0 0 2251 1016 1298
3636 2 2 0 0 1016 2251 2250
3637 2 2 0 0 2251 318 2250
3638 2 2 0 0 290 2252 1300
3639 2 2 0 0 2252 775 1300
3640 2 2 0 0 775 2252 1399
3641 2 2 0 0 2252 290 1399
3642 2 2 0 0 136 2253 1302
3643 2 2 0 0 2253 1301 1302
3644 2 2 0 0 136 2253 1969
3645 2 2 0 0 2253 1301 1969
3646 2 2 0 0 136 2254 1303
3647 2 2 0 0 2254 775 1303
3648 2 2 0 0 775 2254 1302
3649 2 2 0 0 2254 136 1302
3650 2 2 0 0 524 2255 1303
3651 2 2 0 0 2255 841 1303
3652 2 2 0 0 841 2255 1075
3653 2 2 0 0 2255 524 1075
3654 2 2 0 0 2256 639 1304
3655 2 2 0 0 639 2256 1691
3656 2 2 0 0 2256 291 1691
3657 2 2 0 0 1304 2257 1305
3658 2 2 0 0 2257 291 1305
3659 2 2 0 0 1304 2257 2256
3660 2 2 0 0 2257 291 2256
3661 2 2 0 0 469 2258 1305
3662 2 2 0 0 2258 1304 1305
3663 2 2 0 0 1304 2258 1311
3664 2 2 0 0 2258 469 1311
3665 2 2 0 0 498 2259 1307
3666 2 2 0 0 2259 776 1307
3667 2 2 0 0 776 2259 1416
3668 2 2 0 0 2259 498 1416
3669 2 2 0 0 809 2260 1307
3670 2 2 0 0 2260 498 1307
3671 2 2 0 0 498 2260 1356
3672 2 2 0 0 2260 809 1356
3673 2 2 0 0 1308 2261 1309
3674 2 2 0 0 2261 123 1309
3675 2 2 0 0 1308 2261 2184
3676 2 2 0 0 2261 123 2184
3677 2 2 0 0 468 2262 1048
3678 2 2 0 0 293 2262 1077
3679 2 2 0 0 2262 468 1077
3680 2 2 0 0 1048 2263 1310
3681 2 2 0 0 2263 293 1310
3682 2 2 0 0 293 2263 2262
3683 2 2 0 0 2263 1048 2262
3684 2 2 0 0 469 2264 1311
3685 2 2 0 0 2264 777 1311
3686 2 2 0 0 777 2264 1310
3687 2 2 0 0 2264 469 1310
3688 2 2 0 0 639 2265 1304
3689 2 2 0 0 123 2265 1258
3690 2 2 0 0 2265 639 1258
3691 2 2 0 0 123 2266 1311
3692 2 2 0 0 2266 1304 1311
3693 2 2 0 0 123 2266 2265
3694 2 2 0 0 2266 1304 2265
3695 2 2 0 0 881 2267 1312
3696 2 2 0 0 2267 425 1312
3697 2 2 0 0 425 2267 1817
3698 2 2 0 0 2267 881 1817
3699 2 2 0 0 2268 83 778
3700 2 2 0 0 83 2268 1739
3701 2 2 0 0 2268 729 1739
3702 2 2 0 0 729 2269 1314
3703 2 2 0 0 2269 778 1314
3704 2 2 0 0 778 2269 2268
3705 2 2 0 0 2269 729 2268
3706 2 2 0 0 1151 2270 1316
3707 2 2 0 0 2270 295 1316
3708 2 2 0 0 1151 2270 2044
3709 2 2 0 0 2270 295 2044
3710 2 2 0 0 474 2271 1316
3711 2 2 0 0 2271 1151 1316
3712 2 2 0 0 1151 2271 2045
3713 2 2 0 0 2271 474 2045
3714 2 2 0 0 152 2272 1317
3715 2 2 0 0 2272 783 1317
3716 2 2 0 0 783 2272 2045
3717 2 2 0 0 2272 152 2045
3718 2 2 0 0 297 2273 1318
3719 2 2 0 0 2273 784 1318
3720 2 2 0 0 297 2273 1049
3721 2 2 0 0 2273 784 1049
3722 2 2 0 0 477 2274 1320
3723 2 2 0 0 2274 784 1320
3724 2 2 0 0 784 2274 1318
3725 2 2 0 0 2274 477 1318
3726 2 2 0 0 299 2275 1760
3727 2 2 0 0 2275 479 1760
3728 2 2 0 0 479 2276 1323
3729 2 2 0 0 2276 787 1323
3730 2 2 0 0 787 2276 2275
3731 2 2 0 0 2276 479 2275
3732 2 2 0 0 787 2277 1325
3733 2 2 0 0 2277 299 1325
3734 2 2 0 0 299 2277 2275
3735 2 2 0 0 2277 787 2275
3736 2 2 0 0 656 2278 1325
3737 2 2 0 0 2278 787 1325
3738 2 2 0 0 787 2278 1324
3739 2 2 0 0 2278 656 1324
3740 2 2 0 0 788 2279 1326
3741 2 2 0 0 2279 479 1326
3742 2 2 0 0 479 2279 1761
3743 2 2 0 0 2279 788 1761
3744 2 2 0 0 300 2280 1326
3745 2 2 0 0 2280 788 1326
3746 2 2 0 0 788 2280 1328
3747 2 2 0 0 2280 300 1328
3748 2 2 0 0 480 2281 789
3749 2 2 0 0 300 2281 790
3750 2 2 0 0 789 2282 1326
3751 2 2 0 0 2282 300 1326
3752 2 2 0 0 300 2282 2281
3753 2 2 0 0 2282 789 2281
3754 2 2 0 0 2283 481 1327
3755 2 2 0 0 481 2283 790
3756 2 2 0 0 2283 300 790
3757 2 2 0 0 584 2284 1328
3758 2 2 0 0 2284 788 1328
3759 2 2 0 0 788 2284 1681
3760 2 2 0 0 2284 584 1681
3761 2 2 0 0 300 2285 1328
3762 2 2 0 0 2285 1327 1328
3763 2 2 0 0 1327 2285 2283
3764 2 2 0 0 2285 300 2283
3765 2 2 0 0 790 2286 1329
3766 2 2 0 0 2286 480 1329
3767 2 2 0 0 480 2286 2281
3768 2 2 0 0 2286 790 2281
3769 2 2 0 0 99 2287 1330
3770 2 2 0 0 2287 791 1330
3771 2 2 0 0 791 2287 1700
3772 2 2 0 0 2287 99 1700
3773 2 2 0 0 700 2288 1052
3774 2 2 0 0 302 2288 1719
3775 2 2 0 0 2288 700 1719
3776 2 2 0 0 302 2289 1331
3777 2 2 0 0 2289 1052 1331
3778 2 2 0 0 302 2289 2288
3779 2 2 0 0 2289 1052 2288
3780 2 2 0 0 484 2290 1332
3781 2 2 0 0 2290 795 1332
3782 2 2 0 0 795 2290 1216
3783 2 2 0 0 2290 484 1216
3784 2 2 0 0 1053 2291 1332
3785 2 2 0 0 2291 484 1332
3786 2 2 0 0 484 2291 2135
3787 2 2 0 0 2291 1053 2135
3788 2 2 0 0 134 2292 1332
3789 2 2 0 0 2292 1053 1332
3790 2 2 0 0 134 2292 1943
3791 2 2 0 0 2292 1053 1943
3792 2 2 0 0 304 2293 1333
3793 2 2 0 0 2293 1217 1333
3794 2 2 0 0 1217 2293 1218
3795 2 2 0 0 2293 304 1218
3796 2 2 0 0 261 2294 1335
3797 2 2 0 0 2294 1041 1335
3798 2 2 0 0 1041 2294 1936
3799 2 2 0 0 2294 261 1936
3800 2 2 0 0 798 2295 1336
3801 2 2 0 0 2295 491 1336
3802 2 2 0 0 491 2295 1342
3803 2 2 0 0 2295 798 1342
3804 2 2 0 0 1054 2296 1336
3805 2 2 0 0 2296 133 1336
3806 2 2 0 0 1054 2296 1533
3807 2 2 0 0 2296 133 1533
3808 2 2 0 0 798 2297 1337
3809 2 2 0 0 2297 133 1337
3810 2 2 0 0 133 2297 1336
3811 2 2 0 0 2297 798 1336
3812 2 2 0 0 658 2298 1338
3813 2 2 0 0 2298 659 1338
3814 2 2 0 0 659 2298 1694
3815 2 2 0 0 2298 658 1694
3816 2 2 0 0 1054 2299 1339
3817 2 2 0 0 491 2299 1336
3818 2 2 0 0 2299 1054 1336
3819 2 2 0 0 491 2300 1340
3820 2 2 0 0 2300 800 1340
3821 2 2 0 0 800 2300 1343
3822 2 2 0 0 2300 491 1343
3823 2 2 0 0 1339 2301 1340
3824 2 2 0 0 2301 491 1340
3825 2 2 0 0 491 2301 2299
3826 2 2 0 0 2301 1339 2299
3827 2 2 0 0 797 2302 800
3828 2 2 0 0 171 2302 1145
3829 2 2 0 0 2302 797 1145
3830 2 2 0 0 800 2303 1341
3831 2 2 0 0 2303 171 1341
3832 2 2 0 0 171 2303 2302
3833 2 2 0 0 2303 800 2302
3834 2 2 0 0 313 2304 1044
3835 2 2 0 0 493 2304 1666
3836 2 2 0 0 2304 313 1666
3837 2 2 0 0 1044 2305 1341
3838 2 2 0 0 2305 493 1341
3839 2 2 0 0 493 2305 2304
3840 2 2 0 0 2305 1044 2304
3841 2 2 0 0 2306 769 802
3842 2 2 0 0 769 2306 1292
3843 2 2 0 0 2306 270 1292
3844 2 2 0 0 270 2307 1345
3845 2 2 0 0 2307 802 1345
3846 2 2 0 0 802 2307 2306
3847 2 2 0 0 2307 270 2306
3848 2 2 0 0 804 2308 1348
3849 2 2 0 0 2308 496 1348
3850 2 2 0 0 496 2308 1350
3851 2 2 0 0 2308 804 1350
3852 2 2 0 0 138 2309 1348
3853 2 2 0 0 2309 804 1348
3854 2 2 0 0 804 2309 1351
3855 2 2 0 0 2309 138 1351
3856 2 2 0 0 316 2310 1349
3857 2 2 0 0 496 2310 808
3858 2 2 0 0 2310 316 808
3859 2 2 0 0 1349 2311 1350
3860 2 2 0 0 2311 496 1350
3861 2 2 0 0 496 2311 2310
3862 2 2 0 0 2311 1349 2310
3863 2 2 0 0 1286 2312 1351
3864 2 2 0 0 2312 765 1351
3865 2 2 0 0 765 2312 1347
3866 2 2 0 0 2312 1286 1347
3867 2 2 0 0 404 2313 1352
3868 2 2 0 0 805 2313 1745
3869 2 2 0 0 2313 404 1745
3870 2 2 0 0 637 2314 1056
3871 2 2 0 0 404 2314 1596
3872 2 2 0 0 2314 637 1596
3873 2 2 0 0 1056 2315 1352
3874 2 2 0 0 2315 404 1352
3875 2 2 0 0 404 2315 2314
3876 2 2 0 0 2315 1056 2314
3877 2 2 0 0 805 2316 1353
3878 2 2 0 0 2316 608 1353
3879 2 2 0 0 608 2316 1745
3880 2 2 0 0 2316 805 1745
3881 2 2 0 0 806 2317 1354
3882 2 2 0 0 2317 805 1354
3883 2 2 0 0 805 2317 1355
3884 2 2 0 0 2317 806 1355
3885 2 2 0 0 1352 2318 1355
3886 2 2 0 0 2318 805 1355
3887 2 2 0 0 805 2318 2313
3888 2 2 0 0 2318 1352 2313
3889 2 2 0 0 2319 1056 1352
3890 2 2 0 0 1056 2319 1367
3891 2 2 0 0 2319 495 1367
3892 2 2 0 0 495 2320 1355
3893 2 2 0 0 2320 1352 1355
3894 2 2 0 0 1352 2320 2319
3895 2 2 0 0 2320 495 2319
3896 2 2 0 0 665 2321 1357
3897 2 2 0 0 2321 811 1357
3898 2 2 0 0 811 2321 1777
3899 2 2 0 0 2321 665 1777
3900 2 2 0 0 812 2322 813
3901 2 2 0 0 84 2322 839
3902 2 2 0 0 2322 812 839
3903 2 2 0 0 2323 84 1358
3904 2 2 0 0 84 2323 2322
3905 2 2 0 0 2323 813 2322
3906 2 2 0 0 275 2324 1359
3907 2 2 0 0 2324 814 1359
3908 2 2 0 0 814 2324 815
3909 2 2 0 0 2324 275 815
3910 2 2 0 0 813 2325 1359
3911 2 2 0 0 2325 1358 1359
3912 2 2 0 0 1358 2325 2323
3913 2 2 0 0 2325 813 2323
3914 2 2 0 0 96 2326 1361
3915 2 2 0 0 2326 1360 1361
3916 2 2 0 0 96 2326 1950
3917 2 2 0 0 2326 1360 1950
3918 2 2 0 0 503 2327 1362
3919 2 2 0 0 2327 1361 1362
3920 2 2 0 0 1361 2327 1948
3921 2 2 0 0 2327 503 1948
3922 2 2 0 0 1363 2328 1364
3923 2 2 0 0 2328 503 1364
3924 2 2 0 0 503 2328 1947
3925 2 2 0 0 2328 1363 1947
3926 2 2 0 0 457 2329 1366
3927 2 2 0 0 2329 818 1366
3928 2 2 0 0 457 2329 2248
3929 2 2 0 0 2329 818 2248
3930 2 2 0 0 88 2330 1367
3931 2 2 0 0 2330 1056 1367
3932 2 2 0 0 1056 2330 1944
3933 2 2 0 0 2330 88 1944
3934 2 2 0 0 276 2331 1370
3935 2 2 0 0 2331 819 1370
3936 2 2 0 0 819 2331 1373
3937 2 2 0 0 2331 276 1373
3938 2 2 0 0 819 2332 1372
3939 2 2 0 0 2332 772 1372
3940 2 2 0 0 772 2332 1373
3941 2 2 0 0 2332 819 1373
3942 2 2 0 0 175 2333 1221
3943 2 2 0 0 2333 458 1221
3944 2 2 0 0 2334 175 1371
3945 2 2 0 0 175 2334 2333
3946 2 2 0 0 2334 772 2333
3947 2 2 0 0 772 2335 1372
3948 2 2 0 0 2335 1371 1372
3949 2 2 0 0 1371 2335 2334
3950 2 2 0 0 2335 772 2334
3951 2 2 0 0 458 2336 1295
3952 2 2 0 0 772 2336 2333
3953 2 2 0 0 2336 458 2333
3954 2 2 0 0 1295 2337 1373
3955 2 2 0 0 2337 772 1373
3956 2 2 0 0 772 2337 2336
3957 2 2 0 0 2337 1295 2336
3958 2 2 0 0 820 2338 1374
3959 2 2 0 0 2338 506 1374
3960 2 2 0 0 506 2338 2087
3961 2 2 0 0 2338 820 2087
3962 2 2 0 0 505 2339 1369
3963 2 2 0 0 325 2339 1668
3964 2 2 0 0 2339 505 1668
3965 2 2 0 0 1369 2340 1374
3966 2 2 0 0 2340 325 1374
3967 2 2 0 0 325 2340 2339
3968 2 2 0 0 2340 1369 2339
3969 2 2 0 0 821 2341 1376
3970 2 2 0 0 2341 635 1376
3971 2 2 0 0 635 2341 1187
3972 2 2 0 0 2341 821 1187
3973 2 2 0 0 2342 129 826
3974 2 2 0 0 129 2342 1672
3975 2 2 0 0 2342 511 1672
3976 2 2 0 0 511 2343 1377
3977 2 2 0 0 2343 826 1377
3978 2 2 0 0 826 2343 2342
3979 2 2 0 0 2343 511 2342
3980 2 2 0 0 825 2344 1378
3981 2 2 0 0 2344 188 1378
3982 2 2 0 0 188 2344 1784
3983 2 2 0 0 2344 825 1784
3984 2 2 0 0 511 2345 1378
3985 2 2 0 0 2345 825 1378
3986 2 2 0 0 825 2345 1377
3987 2 2 0 0 2345 511 1377
3988 2 2 0 0 1065 2346 1379
3989 2 2 0 0 2346 330 1379
3990 2 2 0 0 330 2346 1789
3991 2 2 0 0 2346 1065 1789
3992 2 2 0 0 420 2347 671
3993 2 2 0 0 2347 420 985
3994 2 2 0 0 107 2348 829
3995 2 2 0 0 107 2348 2347
3996 2 2 0 0 2348 671 2347
3997 2 2 0 0 829 2349 1380
3998 2 2 0 0 2349 671 1380
3999 2 2 0 0 671 2349 2348
4000 2 2 0 0 2349 829 2348
4001 2 2 0 0 107 2350 1381
4002 2 2 0 0 2350 985 1381
4003 2 2 0 0 985 2350 2347
4004 2 2 0 0 2350 107 2347
4005 2 2 0 0 192 2351 1382
4006 2 2 0 0 2351 1067 1382
4007 2 2 0 0 1067 2351 1068
4008 2 2 0 0 2351 192 1068
4009 2 2 0 0 832 2352 1383
4010 2 2 0 0 2352 513 1383
4011 2 2 0 0 513 2352 1384
4012 2 2 0 0 2352 832 1384
4013 2 2 0 0 519 2353 1386
4014 2 2 0 0 2353 1071 1386
4015 2 2 0 0 1071 2353 1389
4016 2 2 0 0 2353 519 1389
4017 2 2 0 0 1050 2354 1387
4018 2 2 0 0 2354 519 1387
4019 2 2 0 0 519 2354 1792
4020 2 2 0 0 2354 1050 1792
4021 2 2 0 0 2355 521 1072
4022 2 2 0 0 521 2355 1701
4023 2 2 0 0 2355 336 1701
4024 2 2 0 0 336 2356 1388
4025 2 2 0 0 2356 1072 1388
4026 2 2 0 0 1072 2356 2355
4027 2 2 0 0 2356 336 2355
4028 2 2 0 0 835 2357 1389
4029 2 2 0 0 2357 193 1389
4030 2 2 0 0 193 2357 1793
4031 2 2 0 0 2357 835 1793
4032 2 2 0 0 519 2358 1389
4033 2 2 0 0 2358 835 1389
4034 2 2 0 0 835 2358 1792
4035 2 2 0 0 2358 519 1792
4036 2 2 0 0 837 2359 1390
4037 2 2 0 0 2359 179 1390
4038 2 2 0 0 179 2359 1392
4039 2 2 0 0 2359 837 1392
4040 2 2 0 0 836 2360 1391
4041 2 2 0 0 2360 378 1391
4042 2 2 0 0 378 2360 1394
4043 2 2 0 0 2360 836 1394
4044 2 2 0 0 423 2361 1392
4045 2 2 0 0 2361 873 1392
4046 2 2 0 0 873 2361 1452
4047 2 2 0 0 2361 423 1452
4048 2 2 0 0 838 2362 1393
4049 2 2 0 0 2362 521 1393
4050 2 2 0 0 521 2362 1795
4051 2 2 0 0 2362 838 1795
4052 2 2 0 0 282 2363 1393
4053 2 2 0 0 2363 838 1393
4054 2 2 0 0 838 2363 1395
4055 2 2 0 0 2363 282 1395
4056 2 2 0 0 939 2364 1394
4057 2 2 0 0 2364 378 1394
4058 2 2 0 0 378 2364 1590
4059 2 2 0 0 2364 939 1590
4060 2 2 0 0 836 2365 1395
4061 2 2 0 0 2365 838 1395
4062 2 2 0 0 838 2365 1796
4063 2 2 0 0 2365 836 1796
4064 2 2 0 0 841 2366 1396
4065 2 2 0 0 2366 523 1396
4066 2 2 0 0 523 2366 1966
4067 2 2 0 0 2366 841 1966
4068 2 2 0 0 842 2367 1396
4069 2 2 0 0 2367 337 1396
4070 2 2 0 0 337 2367 1800
4071 2 2 0 0 2367 842 1800
4072 2 2 0 0 844 2368 1398
4073 2 2 0 0 2368 181 1398
4074 2 2 0 0 181 2368 1797
4075 2 2 0 0 2368 844 1797
4076 2 2 0 0 181 2369 1398
4077 2 2 0 0 2369 842 1398
4078 2 2 0 0 842 2369 1775
4079 2 2 0 0 2369 181 1775
4080 2 2 0 0 524 2370 1399
4081 2 2 0 0 2370 775 1399
4082 2 2 0 0 775 2370 1303
4083 2 2 0 0 2370 524 1303
4084 2 2 0 0 1074 2371 1400
4085 2 2 0 0 2371 338 1400
4086 2 2 0 0 1074 2371 1972
4087 2 2 0 0 2371 338 1972
4088 2 2 0 0 2372 137 1074
4089 2 2 0 0 137 2372 1798
4090 2 2 0 0 2372 525 1798
4091 2 2 0 0 525 2373 1400
4092 2 2 0 0 2373 1074 1400
4093 2 2 0 0 1074 2373 2372
4094 2 2 0 0 2373 525 2372
4095 2 2 0 0 337 2374 1401
4096 2 2 0 0 2374 1075 1401
4097 2 2 0 0 1075 2374 1974
4098 2 2 0 0 2374 337 1974
4099 2 2 0 0 39 2375 1402
4100 2 2 0 0 2375 1012 1402
4101 2 2 0 0 39 2375 1406
4102 2 2 0 0 2375 1012 1406
4103 2 2 0 0 675 2376 1403
4104 2 2 0 0 2376 846 1403
4105 2 2 0 0 846 2376 1801
4106 2 2 0 0 2376 675 1801
4107 2 2 0 0 39 2377 1402
4108 2 2 0 0 39 2377 1168
4109 2 2 0 0 2377 675 1168
4110 2 2 0 0 1402 2378 1403
4111 2 2 0 0 2378 675 1403
4112 2 2 0 0 675 2378 2377
4113 2 2 0 0 2378 1402 2377
4114 2 2 0 0 676 2379 1404
4115 2 2 0 0 2379 176 1404
4116 2 2 0 0 176 2379 1703
4117 2 2 0 0 2379 676 1703
4118 2 2 0 0 849 2380 1405
4119 2 2 0 0 2380 339 1405
4120 2 2 0 0 339 2380 1407
4121 2 2 0 0 2380 849 1407
4122 2 2 0 0 849 2381 1407
4123 2 2 0 0 2381 848 1407
4124 2 2 0 0 848 2381 1803
4125 2 2 0 0 2381 849 1803
4126 2 2 0 0 2382 847 848
4127 2 2 0 0 39 2382 1161
4128 2 2 0 0 2382 847 1161
4129 2 2 0 0 2383 39 1406
4130 2 2 0 0 848 2383 2382
4131 2 2 0 0 2383 39 2382
4132 2 2 0 0 848 2384 1407
4133 2 2 0 0 2384 1406 1407
4134 2 2 0 0 1406 2384 2383
4135 2 2 0 0 2384 848 2383
4136 2 2 0 0 1042 2385 1408
4137 2 2 0 0 2385 497 1408
4138 2 2 0 0 497 2385 1766
4139 2 2 0 0 2385 1042 1766
4140 2 2 0 0 319 2386 851
4141 2 2 0 0 526 2386 849
4142 2 2 0 0 2386 319 849
4143 2 2 0 0 851 2387 1409
4144 2 2 0 0 2387 526 1409
4145 2 2 0 0 526 2387 2386
4146 2 2 0 0 2387 851 2386
4147 2 2 0 0 2388 176 1408
4148 2 2 0 0 176 2388 1404
4149 2 2 0 0 2388 526 1404
4150 2 2 0 0 526 2389 1409
4151 2 2 0 0 2389 1408 1409
4152 2 2 0 0 1408 2389 2388
4153 2 2 0 0 2389 526 2388
4154 2 2 0 0 665 2390 1411
4155 2 2 0 0 850 2390 1848
4156 2 2 0 0 2390 665 1848
4157 2 2 0 0 851 2391 1412
4158 2 2 0 0 2391 850 1412
4159 2 2 0 0 850 2391 1413
4160 2 2 0 0 2391 851 1413
4161 2 2 0 0 1411 2392 1412
4162 2 2 0 0 2392 850 1412
4163 2 2 0 0 850 2392 2390
4164 2 2 0 0 2392 1411 2390
4165 2 2 0 0 2393 1410 1411
4166 2 2 0 0 1410 2393 1802
4167 2 2 0 0 2393 319 1802
4168 2 2 0 0 319 2394 1412
4169 2 2 0 0 2394 1411 1412
4170 2 2 0 0 1411 2394 2393
4171 2 2 0 0 2394 319 2393
4172 2 2 0 0 133 2395 1337
4173 2 2 0 0 133 2395 1848
4174 2 2 0 0 2395 850 1848
4175 2 2 0 0 1337 2396 1413
4176 2 2 0 0 2396 850 1413
4177 2 2 0 0 850 2396 2395
4178 2 2 0 0 2396 1337 2395
4179 2 2 0 0 111 2397 527
4180 2 2 0 0 423 2397 1451
4181 2 2 0 0 2397 111 1451
4182 2 2 0 0 527 2398 852
4183 2 2 0 0 423 2398 2397
4184 2 2 0 0 2398 527 2397
4185 2 2 0 0 852 2399 1414
4186 2 2 0 0 2399 423 1414
4187 2 2 0 0 423 2399 2398
4188 2 2 0 0 2399 852 2398
4189 2 2 0 0 2400 320 852
4190 2 2 0 0 320 2400 1415
4191 2 2 0 0 2400 837 1415
4192 2 2 0 0 837 2401 1414
4193 2 2 0 0 2401 852 1414
4194 2 2 0 0 852 2401 2400
4195 2 2 0 0 2401 837 2400
4196 2 2 0 0 139 2402 1416
4197 2 2 0 0 2402 776 1416
4198 2 2 0 0 776 2402 1306
4199 2 2 0 0 2402 139 1306
4200 2 2 0 0 2403 139 1416
4201 2 2 0 0 139 2403 1076
4202 2 2 0 0 2403 528 1076
4203 2 2 0 0 528 2404 1417
4204 2 2 0 0 2404 1416 1417
4205 2 2 0 0 1416 2404 2403
4206 2 2 0 0 2404 528 2403
4207 2 2 0 0 855 2405 1418
4208 2 2 0 0 2405 498 1418
4209 2 2 0 0 498 2405 1417
4210 2 2 0 0 2405 855 1417
4211 2 2 0 0 468 2406 529
4212 2 2 0 0 195 2406 1047
4213 2 2 0 0 2406 468 1047
4214 2 2 0 0 2407 195 1419
4215 2 2 0 0 195 2407 2406
4216 2 2 0 0 2407 529 2406
4217 2 2 0 0 1013 2408 1419
4218 2 2 0 0 341 2408 1172
4219 2 2 0 0 2408 1013 1172
4220 2 2 0 0 341 2409 1420
4221 2 2 0 0 2409 856 1420
4222 2 2 0 0 341 2409 2063
4223 2 2 0 0 2409 856 2063
4224 2 2 0 0 1419 2410 1420
4225 2 2 0 0 2410 341 1420
4226 2 2 0 0 341 2410 2408
4227 2 2 0 0 2410 1419 2408
4228 2 2 0 0 529 2411 1420
4229 2 2 0 0 2411 1419 1420
4230 2 2 0 0 1419 2411 2407
4231 2 2 0 0 2411 529 2407
4232 2 2 0 0 679 2412 1423
4233 2 2 0 0 2412 856 1423
4234 2 2 0 0 856 2412 2063
4235 2 2 0 0 2412 679 2063
4236 2 2 0 0 678 2413 1422
4237 2 2 0 0 679 2413 1704
4238 2 2 0 0 2413 678 1704
4239 2 2 0 0 1422 2414 1423
4240 2 2 0 0 2414 679 1423
4241 2 2 0 0 679 2414 2413
4242 2 2 0 0 2414 1422 2413
4243 2 2 0 0 2415 1421 1422
4244 2 2 0 0 1421 2415 1975
4245 2 2 0 0 2415 91 1975
4246 2 2 0 0 91 2416 1423
4247 2 2 0 0 2416 1422 1423
4248 2 2 0 0 1422 2416 2415
4249 2 2 0 0 2416 91 2415
4250 2 2 0 0 858 2417 1425
4251 2 2 0 0 2417 94 1425
4252 2 2 0 0 94 2417 859
4253 2 2 0 0 2417 858 859
4254 2 2 0 0 857 2418 1425
4255 2 2 0 0 2418 858 1425
4256 2 2 0 0 858 2418 1806
4257 2 2 0 0 2418 857 1806
4258 2 2 0 0 342 2419 1079
4259 2 2 0 0 530 2419 1673
4260 2 2 0 0 2419 342 1673
4261 2 2 0 0 1079 2420 1426
4262 2 2 0 0 2420 530 1426
4263 2 2 0 0 530 2420 2419
4264 2 2 0 0 2420 1079 2419
4265 2 2 0 0 2421 1014 1015
4266 2 2 0 0 94 2421 1424
4267 2 2 0 0 2421 1014 1424
4268 2 2 0 0 2422 1015 1079
4269 2 2 0 0 1015 2422 2421
4270 2 2 0 0 2422 94 2421
4271 2 2 0 0 94 2423 1426
4272 2 2 0 0 2423 1079 1426
4273 2 2 0 0 1079 2423 2422
4274 2 2 0 0 2423 94 2422
4275 2 2 0 0 344 2424 1427
4276 2 2 0 0 2424 859 1427
4277 2 2 0 0 344 2424 1439
4278 2 2 0 0 2424 859 1439
4279 2 2 0 0 868 2425 1428
4280 2 2 0 0 2425 345 1428
4281 2 2 0 0 2425 868 869
4282 2 2 0 0 863 2426 1430
4283 2 2 0 0 2426 343 1430
4284 2 2 0 0 343 2426 1082
4285 2 2 0 0 2426 863 1082
4286 2 2 0 0 861 2427 1431
4287 2 2 0 0 2427 531 1431
4288 2 2 0 0 531 2427 1478
4289 2 2 0 0 114 2428 1433
4290 2 2 0 0 2428 864 1433
4291 2 2 0 0 864 2428 1432
4292 2 2 0 0 2428 114 1432
4293 2 2 0 0 180 2429 1081
4294 2 2 0 0 2429 534 1081
4295 2 2 0 0 180 2430 1435
4296 2 2 0 0 2430 866 1435
4297 2 2 0 0 180 2430 2429
4298 2 2 0 0 2430 866 2429
4299 2 2 0 0 1080 2431 1435
4300 2 2 0 0 2431 180 1435
4301 2 2 0 0 180 2431 2151
4302 2 2 0 0 2431 1080 2151
4303 2 2 0 0 866 2432 1436
4304 2 2 0 0 2432 344 1436
4305 2 2 0 0 866 2432 1437
4306 2 2 0 0 2432 344 1437
4307 2 2 0 0 860 2433 1436
4308 2 2 0 0 2433 533 1436
4309 2 2 0 0 533 2433 1429
4310 2 2 0 0 2433 860 1429
4311 2 2 0 0 534 2434 1437
4312 2 2 0 0 2434 866 1437
4313 2 2 0 0 866 2434 2429
4314 2 2 0 0 2434 534 2429
4315 2 2 0 0 344 2435 1437
4316 2 2 0 0 2435 867 1437
4317 2 2 0 0 867 2435 1439
4318 2 2 0 0 2435 344 1439
4319 2 2 0 0 858 2436 867
4320 2 2 0 0 343 2436 1806
4321 2 2 0 0 2436 858 1806
4322 2 2 0 0 867 2437 1438
4323 2 2 0 0 2437 343 1438
4324 2 2 0 0 343 2437 2436
4325 2 2 0 0 2437 867 2436
4326 2 2 0 0 534 2438 1438
4327 2 2 0 0 2438 867 1438
4328 2 2 0 0 867 2438 1437
4329 2 2 0 0 2438 534 1437
4330 2 2 0 0 531 2439 1082
4331 2 2 0 0 534 2439 1081
4332 2 2 0 0 2439 531 1081
4333 2 2 0 0 1082 2440 1438
4334 2 2 0 0 2440 534 1438
4335 2 2 0 0 534 2440 2439
4336 2 2 0 0 2440 1082 2439
4337 2 2 0 0 345 2441 1440
4338 2 2 0 0 2441 869 1440
4339 2 2 0 0 869 2441 2425
4340 2 2 0 0 2441 345 2425
4341 2 2 0 0 869 2442 1441
4342 2 2 0 0 2442 113 1441
4343 2 2 0 0 113 2442 1810
4344 2 2 0 0 2442 869 1810
4345 2 2 0 0 345 2443 1442
4346 2 2 0 0 2443 870 1442
4347 2 2 0 0 870 2443 1440
4348 2 2 0 0 2443 345 1440
4349 2 2 0 0 654 2444 1443
4350 2 2 0 0 2444 871 1443
4351 2 2 0 0 871 2444 1445
4352 2 2 0 0 2444 654 1445
4353 2 2 0 0 1150 2445 1443
4354 2 2 0 0 2445 654 1443
4355 2 2 0 0 654 2445 1982
4356 2 2 0 0 2445 1150 1982
4357 2 2 0 0 872 2446 1444
4358 2 2 0 0 2446 535 1444
4359 2 2 0 0 535 2446 1441
4360 2 2 0 0 2446 872 1441
4361 2 2 0 0 426 2447 1444
4362 2 2 0 0 2447 872 1444
4363 2 2 0 0 872 2447 1448
4364 2 2 0 0 2447 426 1448
4365 2 2 0 0 113 2448 1446
4366 2 2 0 0 2448 872 1446
4367 2 2 0 0 872 2448 1441
4368 2 2 0 0 2448 113 1441
4369 2 2 0 0 1138 2449 1445
4370 2 2 0 0 1138 2449 1809
4371 2 2 0 0 2449 113 1809
4372 2 2 0 0 1445 2450 1446
4373 2 2 0 0 2450 113 1446
4374 2 2 0 0 113 2450 2449
4375 2 2 0 0 2450 1445 2449
4376 2 2 0 0 208 2451 1447
4377 2 2 0 0 2451 871 1447
4378 2 2 0 0 871 2451 1443
4379 2 2 0 0 2451 208 1443
4380 2 2 0 0 2452 145 731
4381 2 2 0 0 145 2452 1083
4382 2 2 0 0 2452 426 1083
4383 2 2 0 0 426 2453 1447
4384 2 2 0 0 2453 731 1447
4385 2 2 0 0 731 2453 2452
4386 2 2 0 0 2453 426 2452
4387 2 2 0 0 1451 2454 1452
4388 2 2 0 0 205 2454 1707
4389 2 2 0 0 2454 1451 1707
4390 2 2 0 0 1452 2455 1453
4391 2 2 0 0 2455 205 1453
4392 2 2 0 0 205 2455 2454
4393 2 2 0 0 2455 1452 2454
4394 2 2 0 0 437 2456 1712
4395 2 2 0 0 2456 92 1712
4396 2 2 0 0 539 2457 875
4397 2 2 0 0 92 2457 2456
4398 2 2 0 0 2457 539 2456
4399 2 2 0 0 875 2458 1454
4400 2 2 0 0 2458 92 1454
4401 2 2 0 0 92 2458 2457
4402 2 2 0 0 2458 875 2457
4403 2 2 0 0 2459 348 875
4404 2 2 0 0 348 2459 1449
4405 2 2 0 0 2459 538 1449
4406 2 2 0 0 538 2460 1454
4407 2 2 0 0 2460 875 1454
4408 2 2 0 0 875 2460 2459
4409 2 2 0 0 2460 538 2459
4410 2 2 0 0 537 2461 1088
4411 2 2 0 0 538 2461 874
4412 2 2 0 0 2461 537 874
4413 2 2 0 0 1088 2462 1454
4414 2 2 0 0 2462 538 1454
4415 2 2 0 0 538 2462 2461
4416 2 2 0 0 2462 1088 2461
4417 2 2 0 0 437 2463 876
4418 2 2 0 0 539 2463 2456
4419 2 2 0 0 2463 437 2456
4420 2 2 0 0 876 2464 1455
4421 2 2 0 0 2464 539 1455
4422 2 2 0 0 539 2464 2463
4423 2 2 0 0 2464 876 2463
4424 2 2 0 0 877 2465 1456
4425 2 2 0 0 2465 540 1456
4426 2 2 0 0 540 2465 1814
4427 2 2 0 0 2465 877 1814
4428 2 2 0 0 348 2466 1456
4429 2 2 0 0 2466 877 1456
4430 2 2 0 0 877 2466 1457
4431 2 2 0 0 2466 348 1457
4432 2 2 0 0 350 2467 879
4433 2 2 0 0 569 2467 1092
4434 2 2 0 0 2467 350 1092
4435 2 2 0 0 879 2468 1459
4436 2 2 0 0 2468 569 1459
4437 2 2 0 0 569 2468 2467
4438 2 2 0 0 2468 879 2467
4439 2 2 0 0 115 2469 1459
4440 2 2 0 0 2469 879 1459
4441 2 2 0 0 879 2469 1816
4442 2 2 0 0 2469 115 1816
4443 2 2 0 0 880 2470 1460
4444 2 2 0 0 2470 541 1460
4445 2 2 0 0 541 2470 1815
4446 2 2 0 0 2470 880 1815
4447 2 2 0 0 472 2471 881
4448 2 2 0 0 207 2471 1086
4449 2 2 0 0 2471 472 1086
4450 2 2 0 0 881 2472 1460
4451 2 2 0 0 2472 207 1460
4452 2 2 0 0 207 2472 2471
4453 2 2 0 0 2472 881 2471
4454 2 2 0 0 541 2473 1460
4455 2 2 0 0 2473 881 1460
4456 2 2 0 0 881 2473 1817
4457 2 2 0 0 2473 541 1817
4458 2 2 0 0 1091 2474 1461
4459 2 2 0 0 2474 350 1461
4460 2 2 0 0 350 2474 1986
4461 2 2 0 0 2474 1091 1986
4462 2 2 0 0 406 2475 1463
4463 2 2 0 0 2475 730 1463
4464 2 2 0 0 730 2475 1236
4465 2 2 0 0 2475 406 1236
4466 2 2 0 0 885 2476 1464
4467 2 2 0 0 2476 543 1464
4468 2 2 0 0 543 2476 1465
4469 2 2 0 0 2476 885 1465
4470 2 2 0 0 884 2477 885
4471 2 2 0 0 110 2477 1463
4472 2 2 0 0 2477 884 1463
4473 2 2 0 0 885 2478 1465
4474 2 2 0 0 2478 110 1465
4475 2 2 0 0 110 2478 2477
4476 2 2 0 0 2478 885 2477
4477 2 2 0 0 630 2479 1091
4478 2 2 0 0 110 2479 1237
4479 2 2 0 0 2479 630 1237
4480 2 2 0 0 1091 2480 1465
4481 2 2 0 0 2480 110 1465
4482 2 2 0 0 110 2480 2479
4483 2 2 0 0 2480 1091 2479
4484 2 2 0 0 885 2481 1467
4485 2 2 0 0 2481 542 1467
4486 2 2 0 0 542 2481 1464
4487 2 2 0 0 2481 885 1464
4488 2 2 0 0 353 2482 1470
4489 2 2 0 0 2482 887 1470
4490 2 2 0 0 887 2482 1472
4491 2 2 0 0 2482 353 1472
4492 2 2 0 0 24 2483 1471
4493 2 2 0 0 547 2483 1737
4494 2 2 0 0 2483 24 1737
4495 2 2 0 0 1471 2484 1472
4496 2 2 0 0 2484 547 1472
4497 2 2 0 0 547 2484 2483
4498 2 2 0 0 2484 1471 2483
4499 2 2 0 0 353 2485 1472
4500 2 2 0 0 2485 1471 1472
4501 2 2 0 0 353 2485 1990
4502 2 2 0 0 2485 1471 1990
4503 2 2 0 0 147 2486 1473
4504 2 2 0 0 2486 888 1473
4505 2 2 0 0 147 2486 1819
4506 2 2 0 0 2486 888 1819
4507 2 2 0 0 544 2487 1474
4508 2 2 0 0 2487 888 1474
4509 2 2 0 0 888 2487 1819
4510 2 2 0 0 2487 544 1819
4511 2 2 0 0 2488 889 890
4512 2 2 0 0 2488 545 1491
4513 2 2 0 0 545 2489 1475
4514 2 2 0 0 2489 890 1475
4515 2 2 0 0 890 2489 2488
4516 2 2 0 0 2489 545 2488
4517 2 2 0 0 891 2490 1475
4518 2 2 0 0 2490 545 1475
4519 2 2 0 0 545 2490 1821
4520 2 2 0 0 2490 891 1821
4521 2 2 0 0 147 2491 1476
4522 2 2 0 0 2491 890 1476
4523 2 2 0 0 890 2491 1473
4524 2 2 0 0 2491 147 1473
4525 2 2 0 0 889 2492 1476
4526 2 2 0 0 2492 901 1476
4527 2 2 0 0 901 2492 1493
4528 2 2 0 0 2492 889 1493
4529 2 2 0 0 321 2493 1477
4530 2 2 0 0 2493 891 1477
4531 2 2 0 0 891 2493 1479
4532 2 2 0 0 2493 321 1479
4533 2 2 0 0 321 2494 1478
4534 2 2 0 0 2494 728 1478
4535 2 2 0 0 728 2494 1095
4536 2 2 0 0 2494 321 1095
4537 2 2 0 0 861 2495 1479
4538 2 2 0 0 2495 891 1479
4539 2 2 0 0 891 2495 1821
4540 2 2 0 0 2495 861 1821
4541 2 2 0 0 1478 2496 1479
4542 2 2 0 0 2496 861 1479
4543 2 2 0 0 861 2496 2427
4544 2 2 0 0 2496 1478 2427
4545 2 2 0 0 892 2497 1480
4546 2 2 0 0 2497 82 1480
4547 2 2 0 0 82 2497 1823
4548 2 2 0 0 2497 892 1823
4549 2 2 0 0 893 2498 1480
4550 2 2 0 0 2498 548 1480
4551 2 2 0 0 548 2498 1481
4552 2 2 0 0 2498 893 1481
4553 2 2 0 0 908 2499 1481
4554 2 2 0 0 2499 548 1481
4555 2 2 0 0 548 2499 1835
4556 2 2 0 0 2499 908 1835
4557 2 2 0 0 360 2500 1481
4558 2 2 0 0 2500 908 1481
4559 2 2 0 0 908 2500 1506
4560 2 2 0 0 2500 360 1506
4561 2 2 0 0 893 2501 1483
4562 2 2 0 0 2501 561 1483
4563 2 2 0 0 561 2501 1484
4564 2 2 0 0 2501 893 1484
4565 2 2 0 0 360 2502 1483
4566 2 2 0 0 2502 893 1483
4567 2 2 0 0 893 2502 1481
4568 2 2 0 0 2502 360 1481
4569 2 2 0 0 904 2503 905
4570 2 2 0 0 82 2503 1822
4571 2 2 0 0 2503 904 1822
4572 2 2 0 0 905 2504 1484
4573 2 2 0 0 2504 82 1484
4574 2 2 0 0 82 2504 2503
4575 2 2 0 0 2504 905 2503
4576 2 2 0 0 898 2505 1492
4577 2 2 0 0 2505 889 1492
4578 2 2 0 0 889 2505 1493
4579 2 2 0 0 2505 898 1493
4580 2 2 0 0 906 2506 1491
4581 2 2 0 0 217 2506 1505
4582 2 2 0 0 2506 906 1505
4583 2 2 0 0 1491 2507 1492
4584 2 2 0 0 2507 217 1492
4585 2 2 0 0 217 2507 2506
4586 2 2 0 0 2507 1491 2506
4587 2 2 0 0 889 2508 1492
4588 2 2 0 0 2508 1491 1492
4589 2 2 0 0 1491 2508 2488
4590 2 2 0 0 2508 889 2488
4591 2 2 0 0 898 2509 1493
4592 2 2 0 0 2509 359 1493
4593 2 2 0 0 359 2509 1490
4594 2 2 0 0 2509 898 1490
4595 2 2 0 0 2510 554 899
4596 2 2 0 0 554 2510 1098
4597 2 2 0 0 2510 555 1098
4598 2 2 0 0 555 2511 1494
4599 2 2 0 0 2511 899 1494
4600 2 2 0 0 899 2511 2510
4601 2 2 0 0 2511 555 2510
4602 2 2 0 0 1097 2512 1494
4603 2 2 0 0 2512 555 1494
4604 2 2 0 0 555 2512 1490
4605 2 2 0 0 2512 1097 1490
4606 2 2 0 0 358 2513 900
4607 2 2 0 0 556 2513 1099
4608 2 2 0 0 2513 358 1099
4609 2 2 0 0 900 2514 1495
4610 2 2 0 0 2514 556 1495
4611 2 2 0 0 556 2514 2513
4612 2 2 0 0 2514 900 2513
4613 2 2 0 0 909 2515 1507
4614 2 2 0 0 2515 216 1507
4615 2 2 0 0 216 2515 1836
4616 2 2 0 0 2515 909 1836
4617 2 2 0 0 909 2516 1509
4618 2 2 0 0 2516 563 1509
4619 2 2 0 0 563 2516 1507
4620 2 2 0 0 2516 909 1507
4621 2 2 0 0 1096 2517 1508
4622 2 2 0 0 562 2517 1505
4623 2 2 0 0 2517 1096 1505
4624 2 2 0 0 1508 2518 1509
4625 2 2 0 0 2518 562 1509
4626 2 2 0 0 562 2518 2517
4627 2 2 0 0 2518 1508 2517
4628 2 2 0 0 2519 151 1508
4629 2 2 0 0 151 2519 907
4630 2 2 0 0 2519 563 907
4631 2 2 0 0 563 2520 1509
4632 2 2 0 0 2520 1508 1509
4633 2 2 0 0 1508 2520 2519
4634 2 2 0 0 2520 563 2519
4635 2 2 0 0 864 2521 1510
4636 2 2 0 0 2521 909 1510
4637 2 2 0 0 909 2521 1836
4638 2 2 0 0 2521 864 1836
4639 2 2 0 0 2522 906 1433
4640 2 2 0 0 906 2522 1505
4641 2 2 0 0 2522 562 1505
4642 2 2 0 0 562 2523 1510
4643 2 2 0 0 2523 1433 1510
4644 2 2 0 0 1433 2523 2522
4645 2 2 0 0 2523 562 2522
4646 2 2 0 0 182 2524 1057
4647 2 2 0 0 182 2524 811
4648 2 2 0 0 2524 500 811
4649 2 2 0 0 1057 2525 1511
4650 2 2 0 0 2525 500 1511
4651 2 2 0 0 500 2525 2524
4652 2 2 0 0 2525 1057 2524
4653 2 2 0 0 501 2526 1513
4654 2 2 0 0 2526 912 1513
4655 2 2 0 0 912 2526 1840
4656 2 2 0 0 2526 501 1840
4657 2 2 0 0 913 2527 1513
4658 2 2 0 0 2527 501 1513
4659 2 2 0 0 501 2527 1516
4660 2 2 0 0 2527 913 1516
4661 2 2 0 0 115 2528 1514
4662 2 2 0 0 2528 1108 1514
4663 2 2 0 0 1108 2528 1459
4664 2 2 0 0 2528 115 1459
4665 2 2 0 0 115 2529 1515
4666 2 2 0 0 2529 912 1515
4667 2 2 0 0 912 2529 1514
4668 2 2 0 0 2529 115 1514
4669 2 2 0 0 2530 425 883
4670 2 2 0 0 425 2530 1233
4671 2 2 0 0 2530 882 1233
4672 2 2 0 0 882 2531 1515
4673 2 2 0 0 2531 883 1515
4674 2 2 0 0 883 2531 2530
4675 2 2 0 0 2531 882 2530
4676 2 2 0 0 913 2532 1516
4677 2 2 0 0 2532 502 1516
4678 2 2 0 0 502 2532 1517
4679 2 2 0 0 2532 913 1517
4680 2 2 0 0 1061 2533 1516
4681 2 2 0 0 2533 501 1516
4682 2 2 0 0 501 2533 1951
4683 2 2 0 0 2533 1061 1951
4684 2 2 0 0 1058 2534 1517
4685 2 2 0 0 2534 183 1517
4686 2 2 0 0 183 2534 1525
4687 2 2 0 0 2534 1058 1525
4688 2 2 0 0 915 2535 1518
4689 2 2 0 0 2535 362 1518
4690 2 2 0 0 362 2535 1520
4691 2 2 0 0 2535 915 1520
4692 2 2 0 0 779 2536 1107
4693 2 2 0 0 779 2536 1677
4694 2 2 0 0 2536 31 1677
4695 2 2 0 0 31 2537 1519
4696 2 2 0 0 2537 1107 1519
4697 2 2 0 0 31 2537 2536
4698 2 2 0 0 2537 1107 2536
4699 2 2 0 0 916 2538 1363
4700 2 2 0 0 2538 324 1363
4701 2 2 0 0 324 2539 1521
4702 2 2 0 0 2539 917 1521
4703 2 2 0 0 917 2539 2538
4704 2 2 0 0 2539 324 2538
4705 2 2 0 0 1058 2540 1521
4706 2 2 0 0 2540 324 1521
4707 2 2 0 0 324 2540 1946
4708 2 2 0 0 2540 1058 1946
4709 2 2 0 0 572 2541 1521
4710 2 2 0 0 2541 1058 1521
4711 2 2 0 0 1058 2541 1525
4712 2 2 0 0 2541 572 1525
4713 2 2 0 0 917 2542 1523
4714 2 2 0 0 2542 916 1523
4715 2 2 0 0 916 2542 2538
4716 2 2 0 0 2542 917 2538
4717 2 2 0 0 918 2543 1524
4718 2 2 0 0 2543 573 1524
4719 2 2 0 0 573 2543 1526
4720 2 2 0 0 2543 918 1526
4721 2 2 0 0 919 2544 1524
4722 2 2 0 0 2544 363 1524
4723 2 2 0 0 363 2544 1530
4724 2 2 0 0 2544 919 1530
4725 2 2 0 0 363 2545 1527
4726 2 2 0 0 2545 918 1527
4727 2 2 0 0 363 2545 1524
4728 2 2 0 0 2545 918 1524
4729 2 2 0 0 2546 362 1520
4730 2 2 0 0 362 2546 2004
4731 2 2 0 0 2546 686 2004
4732 2 2 0 0 686 2547 1527
4733 2 2 0 0 2547 1520 1527
4734 2 2 0 0 1520 2547 2546
4735 2 2 0 0 2547 686 2546
4736 2 2 0 0 686 2548 1528
4737 2 2 0 0 2548 918 1528
4738 2 2 0 0 918 2548 1527
4739 2 2 0 0 2548 686 1527
4740 2 2 0 0 571 2549 1529
4741 2 2 0 0 2549 31 1529
4742 2 2 0 0 571 2549 1678
4743 2 2 0 0 2549 31 1678
4744 2 2 0 0 2550 915 1529
4745 2 2 0 0 915 2550 1520
4746 2 2 0 0 2550 363 1520
4747 2 2 0 0 1529 2551 1530
4748 2 2 0 0 2551 363 1530
4749 2 2 0 0 1529 2551 2550
4750 2 2 0 0 2551 363 2550
4751 2 2 0 0 2552 799 1109
4752 2 2 0 0 799 2552 1768
4753 2 2 0 0 2552 225 1768
4754 2 2 0 0 225 2553 1531
4755 2 2 0 0 2553 1109 1531
4756 2 2 0 0 1109 2553 2552
4757 2 2 0 0 2553 225 2552
4758 2 2 0 0 921 2554 1532
4759 2 2 0 0 2554 323 1532
4760 2 2 0 0 323 2554 1534
4761 2 2 0 0 2554 921 1534
4762 2 2 0 0 323 2555 1532
4763 2 2 0 0 2555 1183 1532
4764 2 2 0 0 1183 2555 2082
4765 2 2 0 0 2555 323 2082
4766 2 2 0 0 133 2556 1533
4767 2 2 0 0 922 2556 1848
4768 2 2 0 0 2556 133 1848
4769 2 2 0 0 2557 492 923
4770 2 2 0 0 492 2557 1109
4771 2 2 0 0 2557 574 1109
4772 2 2 0 0 574 2558 1534
4773 2 2 0 0 2558 923 1534
4774 2 2 0 0 923 2558 2557
4775 2 2 0 0 2558 574 2557
4776 2 2 0 0 323 2559 1535
4777 2 2 0 0 2559 923 1535
4778 2 2 0 0 923 2559 1534
4779 2 2 0 0 2559 323 1534
4780 2 2 0 0 1357 2560 1535
4781 2 2 0 0 2560 323 1535
4782 2 2 0 0 323 2560 2082
4783 2 2 0 0 2560 1357 2082
4784 2 2 0 0 2561 665 1357
4785 2 2 0 0 665 2561 1848
4786 2 2 0 0 2561 922 1848
4787 2 2 0 0 922 2562 1535
4788 2 2 0 0 2562 1357 1535
4789 2 2 0 0 1357 2562 2561
4790 2 2 0 0 2562 922 2561
4791 2 2 0 0 1533 2563 1536
4792 2 2 0 0 2563 922 1536
4793 2 2 0 0 922 2563 2556
4794 2 2 0 0 2563 1533 2556
4795 2 2 0 0 1319 2564 1537
4796 2 2 0 0 2564 367 1537
4797 2 2 0 0 367 2564 1679
4798 2 2 0 0 2564 1319 1679
4799 2 2 0 0 1239 2565 1539
4800 2 2 0 0 2565 431 1539
4801 2 2 0 0 431 2565 1240
4802 2 2 0 0 2565 1239 1240
4803 2 2 0 0 2566 97 1003
4804 2 2 0 0 97 2566 634
4805 2 2 0 0 2567 1003 1239
4806 2 2 0 0 1003 2567 2566
4807 2 2 0 0 2567 227 2566
4808 2 2 0 0 227 2568 1539
4809 2 2 0 0 2568 1239 1539
4810 2 2 0 0 1239 2568 2567
4811 2 2 0 0 2568 227 2567
4812 2 2 0 0 634 2569 690
4813 2 2 0 0 227 2569 2566
4814 2 2 0 0 2569 634 2566
4815 2 2 0 0 690 2570 924
4816 2 2 0 0 227 2570 2569
4817 2 2 0 0 2570 690 2569
4818 2 2 0 0 924 2571 1540
4819 2 2 0 0 2571 227 1540
4820 2 2 0 0 227 2571 2570
4821 2 2 0 0 2571 924 2570
4822 2 2 0 0 925 2572 1541
4823 2 2 0 0 2572 432 1541
4824 2 2 0 0 432 2572 1680
4825 2 2 0 0 2572 925 1680
4826 2 2 0 0 926 2573 1542
4827 2 2 0 0 2573 228 1542
4828 2 2 0 0 228 2573 1849
4829 2 2 0 0 2573 926 1849
4830 2 2 0 0 228 2574 1542
4831 2 2 0 0 2574 925 1542
4832 2 2 0 0 925 2574 1680
4833 2 2 0 0 2574 228 1680
4834 2 2 0 0 928 2575 1544
4835 2 2 0 0 2575 156 1544
4836 2 2 0 0 928 2575 1850
4837 2 2 0 0 2575 156 1850
4838 2 2 0 0 367 2576 927
4839 2 2 0 0 577 2576 1679
4840 2 2 0 0 2576 367 1679
4841 2 2 0 0 927 2577 1544
4842 2 2 0 0 2577 577 1544
4843 2 2 0 0 577 2577 2576
4844 2 2 0 0 2577 927 2576
4845 2 2 0 0 2578 40 1545
4846 2 2 0 0 929 2578 1247
4847 2 2 0 0 2578 40 1247
4848 2 2 0 0 930 2579 1546
4849 2 2 0 0 2579 929 1546
4850 2 2 0 0 929 2579 1548
4851 2 2 0 0 2579 930 1548
4852 2 2 0 0 929 2580 1546
4853 2 2 0 0 2580 1545 1546
4854 2 2 0 0 1545 2580 2578
4855 2 2 0 0 2580 929 2578
4856 2 2 0 0 2581 737 1547
4857 2 2 0 0 737 2581 1247
4858 2 2 0 0 2581 929 1247
4859 2 2 0 0 929 2582 1548
4860 2 2 0 0 2582 1547 1548
4861 2 2 0 0 1547 2582 2581
4862 2 2 0 0 2582 929 2581
4863 2 2 0 0 2583 579 931
4864 2 2 0 0 579 2583 965
4865 2 2 0 0 2583 368 965
4866 2 2 0 0 368 2584 1549
4867 2 2 0 0 2584 931 1549
4868 2 2 0 0 931 2584 2583
4869 2 2 0 0 2584 368 2583
4870 2 2 0 0 369 2585 1550
4871 2 2 0 0 2585 932 1550
4872 2 2 0 0 932 2585 1851
4873 2 2 0 0 2585 369 1851
4874 2 2 0 0 578 2586 1551
4875 2 2 0 0 2586 932 1551
4876 2 2 0 0 932 2586 1550
4877 2 2 0 0 2586 578 1550
4878 2 2 0 0 157 2587 1551
4879 2 2 0 0 2587 1243 1551
4880 2 2 0 0 157 2587 2007
4881 2 2 0 0 2587 1243 2007
4882 2 2 0 0 932 2588 1552
4883 2 2 0 0 2588 931 1552
4884 2 2 0 0 931 2588 1851
4885 2 2 0 0 2588 932 1851
4886 2 2 0 0 933 2589 1554
4887 2 2 0 0 2589 580 1554
4888 2 2 0 0 580 2589 1555
4889 2 2 0 0 2589 933 1555
4890 2 2 0 0 1553 2590 1554
4891 2 2 0 0 2590 579 1554
4892 2 2 0 0 579 2590 2175
4893 2 2 0 0 2590 1553 2175
4894 2 2 0 0 580 2591 1554
4895 2 2 0 0 2591 1553 1554
4896 2 2 0 0 1553 2591 1558
4897 2 2 0 0 2591 580 1558
4898 2 2 0 0 1111 2592 1555
4899 2 2 0 0 2592 580 1555
4900 2 2 0 0 580 2592 1557
4901 2 2 0 0 2592 1111 1557
4902 2 2 0 0 935 2593 1558
4903 2 2 0 0 2593 296 1558
4904 2 2 0 0 296 2593 1853
4905 2 2 0 0 2593 935 1853
4906 2 2 0 0 580 2594 1558
4907 2 2 0 0 2594 935 1558
4908 2 2 0 0 935 2594 1557
4909 2 2 0 0 2594 580 1557
4910 2 2 0 0 741 2595 1561
4911 2 2 0 0 2595 435 1561
4912 2 2 0 0 435 2595 945
4913 2 2 0 0 2595 741 945
4914 2 2 0 0 231 2596 938
4915 2 2 0 0 2596 231 1559
4916 2 2 0 0 938 2597 1562
4917 2 2 0 0 373 2597 2596
4918 2 2 0 0 2597 938 2596
4919 2 2 0 0 1562 2598 1563
4920 2 2 0 0 2598 373 1563
4921 2 2 0 0 373 2598 2597
4922 2 2 0 0 2598 1562 2597
4923 2 2 0 0 2599 1559 1560
4924 2 2 0 0 1559 2599 2596
4925 2 2 0 0 2599 373 2596
4926 2 2 0 0 373 2600 1564
4927 2 2 0 0 2600 1560 1564
4928 2 2 0 0 1560 2600 2599
4929 2 2 0 0 2600 373 2599
4930 2 2 0 0 941 2601 1566
4931 2 2 0 0 2601 582 1566
4932 2 2 0 0 582 2601 1569
4933 2 2 0 0 2601 941 1569
4934 2 2 0 0 231 2602 1566
4935 2 2 0 0 2602 941 1566
4936 2 2 0 0 941 2602 1856
4937 2 2 0 0 2602 231 1856
4938 2 2 0 0 2603 112 1188
4939 2 2 0 0 939 2603 1590
4940 2 2 0 0 2603 112 1590
4941 2 2 0 0 939 2604 1567
4942 2 2 0 0 2604 1188 1567
4943 2 2 0 0 1188 2604 2603
4944 2 2 0 0 2604 939 2603
4945 2 2 0 0 583 2605 940
4946 2 2 0 0 282 2605 1072
4947 2 2 0 0 2605 583 1072
4948 2 2 0 0 940 2606 1568
4949 2 2 0 0 2606 282 1568
4950 2 2 0 0 282 2606 2605
4951 2 2 0 0 2606 940 2605
4952 2 2 0 0 939 2607 1568
4953 2 2 0 0 2607 940 1568
4954 2 2 0 0 940 2607 1567
4955 2 2 0 0 2607 939 1567
4956 2 2 0 0 942 2608 1570
4957 2 2 0 0 2608 586 1570
4958 2 2 0 0 586 2608 1571
4959 2 2 0 0 2608 942 1571
4960 2 2 0 0 586 2609 1570
4961 2 2 0 0 2609 944 1570
4962 2 2 0 0 944 2609 1857
4963 2 2 0 0 2609 586 1857
4964 2 2 0 0 942 2610 1571
4965 2 2 0 0 2610 98 1571
4966 2 2 0 0 942 2610 1863
4967 2 2 0 0 2610 98 1863
4968 2 2 0 0 1031 2611 1573
4969 2 2 0 0 2611 436 1573
4970 2 2 0 0 436 2611 1607
4971 2 2 0 0 2611 1031 1607
4972 2 2 0 0 943 2612 1574
4973 2 2 0 0 2612 161 1574
4974 2 2 0 0 161 2612 1572
4975 2 2 0 0 2612 943 1572
4976 2 2 0 0 1032 2613 1574
4977 2 2 0 0 2613 161 1574
4978 2 2 0 0 161 2613 2180
4979 2 2 0 0 2613 1032 2180
4980 2 2 0 0 376 2614 1575
4981 2 2 0 0 2614 944 1575
4982 2 2 0 0 944 2614 1570
4983 2 2 0 0 2614 376 1570
4984 2 2 0 0 944 2615 1576
4985 2 2 0 0 2615 232 1576
4986 2 2 0 0 232 2615 1857
4987 2 2 0 0 2615 944 1857
4988 2 2 0 0 2616 1031 1573
4989 2 2 0 0 1031 2616 1250
4990 2 2 0 0 2616 232 1250
4991 2 2 0 0 232 2617 1576
4992 2 2 0 0 2617 1573 1576
4993 2 2 0 0 1573 2617 2616
4994 2 2 0 0 2617 232 2616
4995 2 2 0 0 98 2618 946
4996 2 2 0 0 742 2618 1254
4997 2 2 0 0 2618 98 1254
4998 2 2 0 0 946 2619 1577
4999 2 2 0 0 2619 742 1577
5000 2 2 0 0 742 2619 2618
5001 2 2 0 0 2619 946 2618
5002 2 2 0 0 936 2620 1253
5003 2 2 0 0 435 2620 1561
5004 2 2 0 0 2620 936 1561
5005 2 2 0 0 1253 2621 1577
5006 2 2 0 0 2621 435 1577
5007 2 2 0 0 435 2621 2620
5008 2 2 0 0 2621 1253 2620
5009 2 2 0 0 742 2622 1577
5010 2 2 0 0 2622 1253 1577
5011 2 2 0 0 1253 2622 2174
5012 2 2 0 0 2622 742 2174
5013 2 2 0 0 1189 2623 1582
5014 2 2 0 0 159 2623 2089
5015 2 2 0 0 2623 1189 2089
5016 2 2 0 0 2624 377 1189
5017 2 2 0 0 377 2624 1713
5018 2 2 0 0 2624 693 1713
5019 2 2 0 0 693 2625 1582
5020 2 2 0 0 2625 1189 1582
5021 2 2 0 0 1189 2625 2624
5022 2 2 0 0 2625 693 2624
5023 2 2 0 0 236 2626 1583
5024 2 2 0 0 2626 379 1583
5025 2 2 0 0 379 2626 589
5026 2 2 0 0 2626 236 589
5027 2 2 0 0 379 2627 1584
5028 2 2 0 0 2627 590 1584
5029 2 2 0 0 590 2627 2009
5030 2 2 0 0 2627 379 2009
5031 2 2 0 0 159 2628 1584
5032 2 2 0 0 2628 1583 1584
5033 2 2 0 0 1583 2628 2089
5034 2 2 0 0 2628 159 2089
5035 2 2 0 0 953 2629 1585
5036 2 2 0 0 2629 159 1585
5037 2 2 0 0 159 2629 1586
5038 2 2 0 0 2629 953 1586
5039 2 2 0 0 1582 2630 1586
5040 2 2 0 0 2630 159 1586
5041 2 2 0 0 159 2630 2623
5042 2 2 0 0 2630 1582 2623
5043 2 2 0 0 955 2631 1589
5044 2 2 0 0 2631 591 1589
5045 2 2 0 0 591 2631 1862
5046 2 2 0 0 2631 955 1862
5047 2 2 0 0 591 2632 1589
5048 2 2 0 0 2632 951 1589
5049 2 2 0 0 951 2632 1581
5050 2 2 0 0 2632 591 1581
5051 2 2 0 0 2633 378 1590
5052 2 2 0 0 378 2633 1113
5053 2 2 0 0 2633 380 1113
5054 2 2 0 0 380 2634 1591
5055 2 2 0 0 2634 1590 1591
5056 2 2 0 0 1590 2634 2633
5057 2 2 0 0 2634 380 2633
5058 2 2 0 0 112 2635 1592
5059 2 2 0 0 2635 957 1592
5060 2 2 0 0 112 2635 1594
5061 2 2 0 0 2635 957 1594
5062 2 2 0 0 371 2636 956
5063 2 2 0 0 692 2636 1112
5064 2 2 0 0 2636 371 1112
5065 2 2 0 0 956 2637 1593
5066 2 2 0 0 2637 692 1593
5067 2 2 0 0 692 2637 2636
5068 2 2 0 0 2637 956 2636
5069 2 2 0 0 237 2638 959
5070 2 2 0 0 237 2638 1116
5071 2 2 0 0 2638 592 1116
5072 2 2 0 0 959 2639 1595
5073 2 2 0 0 2639 592 1595
5074 2 2 0 0 592 2639 2638
5075 2 2 0 0 2639 959 2638
5076 2 2 0 0 404 2640 745
5077 2 2 0 0 439 2640 1596
5078 2 2 0 0 2640 404 1596
5079 2 2 0 0 745 2641 1117
5080 2 2 0 0 439 2641 2640
5081 2 2 0 0 2641 745 2640
5082 2 2 0 0 1117 2642 1595
5083 2 2 0 0 2642 439 1595
5084 2 2 0 0 439 2642 2641
5085 2 2 0 0 2642 1117 2641
5086 2 2 0 0 121 2643 1597
5087 2 2 0 0 958 2643 1033
5088 2 2 0 0 2643 121 1033
5089 2 2 0 0 1597 2644 1598
5090 2 2 0 0 2644 958 1598
5091 2 2 0 0 958 2644 2643
5092 2 2 0 0 2644 1597 2643
5093 2 2 0 0 960 2645 1599
5094 2 2 0 0 2645 593 1599
5095 2 2 0 0 593 2645 1600
5096 2 2 0 0 2645 960 1600
5097 2 2 0 0 390 2646 1599
5098 2 2 0 0 2646 960 1599
5099 2 2 0 0 960 2646 1601
5100 2 2 0 0 2646 390 1601
5101 2 2 0 0 1192 2647 1600
5102 2 2 0 0 2647 593 1600
5103 2 2 0 0 593 2647 1636
5104 2 2 0 0 2647 1192 1636
5105 2 2 0 0 611 2648 1601
5106 2 2 0 0 2648 960 1601
5107 2 2 0 0 960 2648 2015
5108 2 2 0 0 2648 611 2015
5109 2 2 0 0 984 2649 1601
5110 2 2 0 0 2649 611 1601
5111 2 2 0 0 611 2649 1632
5112 2 2 0 0 2649 984 1632
5113 2 2 0 0 390 2650 1601
5114 2 2 0 0 2650 984 1601
5115 2 2 0 0 984 2650 1633
5116 2 2 0 0 2650 390 1633
5117 2 2 0 0 595 2651 1602
5118 2 2 0 0 2651 50 1602
5119 2 2 0 0 595 2651 1119
5120 2 2 0 0 2651 50 1119
5121 2 2 0 0 238 2652 961
5122 2 2 0 0 238 2652 1683
5123 2 2 0 0 2652 595 1683
5124 2 2 0 0 961 2653 1603
5125 2 2 0 0 2653 595 1603
5126 2 2 0 0 595 2653 2652
5127 2 2 0 0 2653 961 2652
5128 2 2 0 0 596 2654 1605
5129 2 2 0 0 2654 964 1605
5130 2 2 0 0 964 2654 1608
5131 2 2 0 0 2654 596 1608
5132 2 2 0 0 967 2655 1606
5133 2 2 0 0 2655 599 1606
5134 2 2 0 0 599 2655 1866
5135 2 2 0 0 2655 967 1866
5136 2 2 0 0 963 2656 1607
5137 2 2 0 0 2656 436 1607
5138 2 2 0 0 436 2656 964
5139 2 2 0 0 2656 963 964
5140 2 2 0 0 504 2657 1611
5141 2 2 0 0 2657 184 1611
5142 2 2 0 0 184 2657 817
5143 2 2 0 0 2657 504 817
5144 2 2 0 0 184 2658 1611
5145 2 2 0 0 383 2658 1659
5146 2 2 0 0 2658 184 1659
5147 2 2 0 0 1611 2659 1612
5148 2 2 0 0 383 2659 2658
5149 2 2 0 0 2659 1611 2658
5150 2 2 0 0 1612 2660 1613
5151 2 2 0 0 2660 383 1613
5152 2 2 0 0 383 2660 2659
5153 2 2 0 0 2660 1612 2659
5154 2 2 0 0 965 2661 1614
5155 2 2 0 0 2661 966 1614
5156 2 2 0 0 966 2661 1613
5157 2 2 0 0 2661 965 1613
5158 2 2 0 0 833 2662 1615
5159 2 2 0 0 2662 328 1615
5160 2 2 0 0 833 2662 1791
5161 2 2 0 0 2662 328 1791
5162 2 2 0 0 968 2663 969
5163 2 2 0 0 187 2663 1135
5164 2 2 0 0 2663 968 1135
5165 2 2 0 0 969 2664 970
5166 2 2 0 0 187 2664 2663
5167 2 2 0 0 2664 969 2663
5168 2 2 0 0 187 2665 1616
5169 2 2 0 0 2665 970 1616
5170 2 2 0 0 187 2665 2664
5171 2 2 0 0 2665 970 2664
5172 2 2 0 0 2666 833 971
5173 2 2 0 0 50 2666 1385
5174 2 2 0 0 2666 833 1385
5175 2 2 0 0 971 2667 1618
5176 2 2 0 0 2667 50 1618
5177 2 2 0 0 971 2667 2666
5178 2 2 0 0 2667 50 2666
5179 2 2 0 0 599 2668 1618
5180 2 2 0 0 2668 971 1618
5181 2 2 0 0 971 2668 1866
5182 2 2 0 0 2668 599 1866
5183 2 2 0 0 386 2669 1619
5184 2 2 0 0 2669 974 1619
5185 2 2 0 0 974 2669 1871
5186 2 2 0 0 2669 386 1871
5187 2 2 0 0 604 2670 1619
5188 2 2 0 0 2670 977 1619
5189 2 2 0 0 977 2670 1624
5190 2 2 0 0 2670 604 1624
5191 2 2 0 0 2671 1620 1621
5192 2 2 0 0 131 2671 1684
5193 2 2 0 0 2671 1620 1684
5194 2 2 0 0 131 2672 1622
5195 2 2 0 0 2672 1621 1622
5196 2 2 0 0 1621 2672 2671
5197 2 2 0 0 2672 131 2671
5198 2 2 0 0 1268 2673 1623
5199 2 2 0 0 308 2673 1269
5200 2 2 0 0 2673 1268 1269
5201 2 2 0 0 1623 2674 1624
5202 2 2 0 0 2674 308 1624
5203 2 2 0 0 308 2674 2673
5204 2 2 0 0 2674 1623 2673
5205 2 2 0 0 2675 603 1623
5206 2 2 0 0 603 2675 1621
5207 2 2 0 0 2675 604 1621
5208 2 2 0 0 604 2676 1624
5209 2 2 0 0 2676 1623 1624
5210 2 2 0 0 1623 2676 2675
5211 2 2 0 0 2676 604 2675
5212 2 2 0 0 977 2677 1625
5213 2 2 0 0 2677 976 1625
5214 2 2 0 0 976 2677 2203
5215 2 2 0 0 2677 977 2203
5216 2 2 0 0 387 2678 1125
5217 2 2 0 0 606 2678 975
5218 2 2 0 0 2678 387 975
5219 2 2 0 0 1125 2679 1626
5220 2 2 0 0 2679 606 1626
5221 2 2 0 0 606 2679 2678
5222 2 2 0 0 2679 1125 2678
5223 2 2 0 0 2680 127 1627
5224 2 2 0 0 127 2680 1754
5225 2 2 0 0 2680 697 1754
5226 2 2 0 0 127 2681 1627
5227 2 2 0 0 2681 607 1627
5228 2 2 0 0 607 2681 824
5229 2 2 0 0 2681 127 824
5230 2 2 0 0 607 2682 1627
5231 2 2 0 0 388 2682 1635
5232 2 2 0 0 2682 607 1635
5233 2 2 0 0 1627 2683 1628
5234 2 2 0 0 2683 388 1628
5235 2 2 0 0 388 2683 2682
5236 2 2 0 0 2683 1627 2682
5237 2 2 0 0 697 2684 1628
5238 2 2 0 0 2684 1627 1628
5239 2 2 0 0 1627 2684 2680
5240 2 2 0 0 2684 697 2680
5241 2 2 0 0 697 2685 1629
5242 2 2 0 0 2685 980 1629
5243 2 2 0 0 980 2685 1628
5244 2 2 0 0 2685 697 1628
5245 2 2 0 0 1194 2686 1629
5246 2 2 0 0 2686 697 1629
5247 2 2 0 0 697 2686 2101
5248 2 2 0 0 2686 1194 2101
5249 2 2 0 0 2687 769 1194
5250 2 2 0 0 269 2687 1292
5251 2 2 0 0 2687 769 1292
5252 2 2 0 0 269 2688 1629
5253 2 2 0 0 2688 1194 1629
5254 2 2 0 0 1194 2688 2687
5255 2 2 0 0 2688 269 2687
5256 2 2 0 0 987 2689 1126
5257 2 2 0 0 103 2689 1634
5258 2 2 0 0 1126 2690 1630
5259 2 2 0 0 2690 103 1630
5260 2 2 0 0 103 2690 2689
5261 2 2 0 0 2690 1126 2689
5262 2 2 0 0 103 2691 1631
5263 2 2 0 0 2691 981 1631
5264 2 2 0 0 981 2691 1630
5265 2 2 0 0 2691 103 1630
5266 2 2 0 0 309 2692 610
5267 2 2 0 0 2692 309 830
5268 2 2 0 0 610 2693 613
5269 2 2 0 0 389 2693 2692
5270 2 2 0 0 2693 610 2692
5271 2 2 0 0 613 2694 984
5272 2 2 0 0 389 2694 2693
5273 2 2 0 0 2694 613 2693
5274 2 2 0 0 984 2695 1632
5275 2 2 0 0 2695 389 1632
5276 2 2 0 0 389 2695 2694
5277 2 2 0 0 2695 984 2694
5278 2 2 0 0 986 2696 1632
5279 2 2 0 0 2696 611 1632
5280 2 2 0 0 611 2696 1881
5281 2 2 0 0 2696 986 1881
5282 2 2 0 0 2697 830 985
5283 2 2 0 0 830 2697 2692
5284 2 2 0 0 2697 389 2692
5285 2 2 0 0 2698 985 986
5286 2 2 0 0 985 2698 2697
5287 2 2 0 0 2698 389 2697
5288 2 2 0 0 389 2699 1632
5289 2 2 0 0 2699 986 1632
5290 2 2 0 0 986 2699 2698
5291 2 2 0 0 2699 389 2698
5292 2 2 0 0 390 2700 1633
5293 2 2 0 0 2700 614 1633
5294 2 2 0 0 614 2700 2020
5295 2 2 0 0 2700 390 2020
5296 2 2 0 0 987 2701 1635
5297 2 2 0 0 2701 388 1635
5298 2 2 0 0 388 2701 1126
5299 2 2 0 0 2701 987 1126
5300 2 2 0 0 988 2702 1637
5301 2 2 0 0 2702 381 1637
5302 2 2 0 0 381 2702 1636
5303 2 2 0 0 2702 988 1636
5304 2 2 0 0 1634 2703 1637
5305 2 2 0 0 2703 987 1637
5306 2 2 0 0 987 2703 2689
5307 2 2 0 0 2703 1634 2689
5308 2 2 0 0 2704 592 1634
5309 2 2 0 0 592 2704 1116
5310 2 2 0 0 2704 381 1116
5311 2 2 0 0 381 2705 1637
5312 2 2 0 0 2705 1634 1637
5313 2 2 0 0 1634 2705 2704
5314 2 2 0 0 2705 381 2704
5315 2 2 0 0 988 2706 1639
5316 2 2 0 0 2706 989 1639
5317 2 2 0 0 989 2706 1884
5318 2 2 0 0 2706 988 1884
5319 2 2 0 0 2707 615 994
5320 2 2 0 0 615 2707 1687
5321 2 2 0 0 2707 622 1687
5322 2 2 0 0 622 2708 1640
5323 2 2 0 0 2708 994 1640
5324 2 2 0 0 994 2708 2707
5325 2 2 0 0 2708 622 2707
5326 2 2 0 0 2709 279 622
5327 2 2 0 0 279 2709 1685
5328 2 2 0 0 2709 394 1685
5329 2 2 0 0 394 2710 1131
5330 2 2 0 0 622 2710 2709
5331 2 2 0 0 2710 394 2709
5332 2 2 0 0 1131 2711 1640
5333 2 2 0 0 2711 622 1640
5334 2 2 0 0 622 2711 2710
5335 2 2 0 0 2711 1131 2710
5336 2 2 0 0 996 2712 1641
5337 2 2 0 0 2712 617 1641
5338 2 2 0 0 617 2712 1643
5339 2 2 0 0 2712 996 1643
5340 2 2 0 0 2713 170 995
5341 2 2 0 0 170 2713 620
5342 2 2 0 0 2713 393 620
5343 2 2 0 0 2714 995 996
5344 2 2 0 0 995 2714 2713
5345 2 2 0 0 2714 393 2713
5346 2 2 0 0 393 2715 1641
5347 2 2 0 0 2715 996 1641
5348 2 2 0 0 996 2715 2714
5349 2 2 0 0 2715 393 2714
5350 2 2 0 0 1201 2716 1642
5351 2 2 0 0 2716 395 1642
5352 2 2 0 0 395 2716 2028
5353 2 2 0 0 2716 1201 2028
5354 2 2 0 0 1642 2717 1643
5355 2 2 0 0 2717 617 1643
5356 2 2 0 0 617 2717 2025
5357 2 2 0 0 2717 1642 2025
5358 2 2 0 0 998 2718 1644
5359 2 2 0 0 2718 301 1644
5360 2 2 0 0 301 2718 1895
5361 2 2 0 0 2718 998 1895
5362 2 2 0 0 483 2719 1644
5363 2 2 0 0 2719 998 1644
5364 2 2 0 0 998 2719 1933
5365 2 2 0 0 2719 483 1933
5366 2 2 0 0 1019 2720 1644
5367 2 2 0 0 2720 483 1644
5368 2 2 0 0 483 2720 1330
5369 2 2 0 0 2720 1019 1330
5370 2 2 0 0 256 2721 1645
5371 2 2 0 0 2721 703 1645
5372 2 2 0 0 703 2721 1200
5373 2 2 0 0 2721 256 1200
5374 2 2 0 0 2722 256 1645
5375 2 2 0 0 256 2722 1785
5376 2 2 0 0 2722 827 1785
5377 2 2 0 0 104 2723 1646
5378 2 2 0 0 2723 1645 1646
5379 2 2 0 0 1645 2723 1648
5380 2 2 0 0 2723 104 1648
5381 2 2 0 0 999 2724 1647
5382 2 2 0 0 2724 704 1647
5383 2 2 0 0 704 2724 1896
5384 2 2 0 0 2724 999 1896
5385 2 2 0 0 104 2725 1647
5386 2 2 0 0 2725 999 1647
5387 2 2 0 0 999 2725 1649
5388 2 2 0 0 2725 104 1649
5389 2 2 0 0 1000 2726 1648
5390 2 2 0 0 2726 827 1648
5391 2 2 0 0 827 2726 1787
5392 2 2 0 0 2726 1000 1787
5393 2 2 0 0 827 2727 1648
5394 2 2 0 0 2727 1645 1648
5395 2 2 0 0 1645 2727 2722
5396 2 2 0 0 2727 827 2722
5397 2 2 0 0 1001 2728 1649
5398 2 2 0 0 2728 624 1649
5399 2 2 0 0 624 2728 1650
5400 2 2 0 0 2728 1001 1650
5401 2 2 0 0 1000 2729 1001
5402 2 2 0 0 104 2729 1648
5403 2 2 0 0 2729 1000 1648
5404 2 2 0 0 104 2730 1649
5405 2 2 0 0 2730 1001 1649
5406 2 2 0 0 104 2730 2729
5407 2 2 0 0 2730 1001 2729
5408 2 2 0 0 1001 2731 1650
5409 2 2 0 0 2731 623 1650
5410 2 2 0 0 1001 2731 1652
5411 2 2 0 0 2731 623 1652
5412 2 2 0 0 329 2732 1651
5413 2 2 0 0 1000 2732 1787
5414 2 2 0 0 2732 329 1787
5415 2 2 0 0 1651 2733 1652
5416 2 2 0 0 2733 1000 1652
5417 2 2 0 0 1000 2733 2732
5418 2 2 0 0 2733 1651 2732
5419 2 2 0 0 625 2734 1653
5420 2 2 0 0 2734 174 1653
5421 2 2 0 0 174 2734 1771
5422 2 2 0 0 2734 625 1771
5423 2 2 0 0 2735 317 766
5424 2 2 0 0 317 2735 768
5425 2 2 0 0 2735 452 768
5426 2 2 0 0 2736 766 1653
5427 2 2 0 0 766 2736 2735
5428 2 2 0 0 2736 452 2735
5429 2 2 0 0 1653 2737 1654
5430 2 2 0 0 2737 452 1654
5431 2 2 0 0 1653 2737 2736
5432 2 2 0 0 2737 452 2736
5433 2 2 0 0 764 2738 1655
5434 2 2 0 0 2738 763 1655
5435 2 2 0 0 763 2738 1285
5436 2 2 0 0 2738 764 1285
5437 2 2 0 0 452 2739 1002
5438 2 2 0 0 764 2739 2227
5439 2 2 0 0 2739 452 2227
5440 2 2 0 0 1002 2740 1656
5441 2 2 0 0 2740 764 1656
5442 2 2 0 0 764 2740 2739
5443 2 2 0 0 2740 1002 2739
5444 2 2 0 0 1045 2741 1655
5445 2 2 0 0 268 2741 1208
5446 2 2 0 0 2741 1045 1208
5447 2 2 0 0 1655 2742 1656
5448 2 2 0 0 2742 268 1656
5449 2 2 0 0 268 2742 2741
5450 2 2 0 0 2742 1655 2741
$EndElements
