$MeshFormat
2.2 0 8
$EndMeshFormat
$Nodes
8027
1 0 0 0
2 0 0.125 0
3 0.125 0 0
4 0.125 0.125 0
5 0.25 0 0
6 0 0.25 0
7 0.25 0.125 0
8 0.125 0.25 0
9 0.375 0 0
10 0 0.375 0
11 0.375 0.125 0
12 0.25 0.25 0
13 0.125 0.375 0
14 0.5 0 0
15 0 0.5 0
16 0.5 0.125 0
17 0.375 0.25 0
18 0.25 0.375 0
19 0.125 0.5 0
20 0.625 0 0
21 0 0.625 0
22 0.625 0.125 0
23 0.5 0.25 0
24 0.375 0.375 0
25 0.25 0.5 0
26 0.125 0.625 0
27 0.75 0 0
28 0 0.75 0
29 0.75 0.125 0
30 0.625 0.25 0
31 0.5 0.375 0
32 0.375 0.5 0
33 0.25 0.625 0
34 0.125 0.75 0
35 0.875 0 0
36 0 0.875 0
37 0.875 0.125 0
38 0.75 0.25 0
39 0.625 0.375 0
40 0.5 0.5 0
41 0.375 0.625 0
42 0.25 0.75 0
43 0.125 0.875 0
44 1 0 0
45 0 1 0
46 1 0.125 0
47 0.875 0.25 0
48 0.75 0.375 0
49 0.625 0.5 0
50 0.5 0.625 0
51 0.375 0.75 0
52 0.25 0.875 0
53 0.125 1 0
54 1 0.25 0
55 0.875 0.375 0
56 0.75 0.5 0
57 0.625 0.625 0
58 0.5 0.75 0
59 0.375 0.875 0
60 0.25 1 0
61 1 0.375 0
62 0.875 0.5 0
63 0.75 0.625 0
64 0.625 0.75 0
65 0.5 0.875 0
66 0.375 1 0
67 1 0.5 0
68 0.875 0.625 0
69 0.75 0.75 0
70 0.625 0.875 0
71 0.5 1 0
72 1 0.625 0
73 0.875 0.75 0
74 0.75 0.875 0
75 0.625 1 0
76 1 0.75 0
77 0.875 0.875 0
78 0.75 1 0
79 1 0.875 0
80 0.875 1 0
81 1 1 0
82 0.3125 0.3125 0
83 0.4375 0.3125 0
84 0.5625 0.3125 0
85 0.5625 0.4375 0
86 0.4375 0.5625 0
87 0.6875 0.4375 0
88 0.5625 0.5625 0
89 0.4375 0.6875 0
90 0.6875 0.5625 0
91 0.3125 0.4375 0
92 0.4375 0.4375 0
93 0.3125 0.5625 0
94 0.375 0.3125 0
95 0.3125 0.375 0
96 0.5 0.3125 0
97 0.5625 0.5 0
98 0.5 0.5625 0
99 0.375 0.5625 0
100 0.6875 0.3125 0
101 0.6875 0.375 0
102 0.5625 0.6875 0
103 0.5625 0.625 0
104 0.4375 0.625 0
105 0.3125 0.6875 0
106 0.375 0.6875 0
107 0.5 0.6875 0
108 0.6875 0.5 0
109 0.625 0.5625 0
110 0.4375 0.375 0
111 0.375 0.4375 0
112 0.4375 0.5 0
113 0.40625 0.34375 0
114 0.34375 0.34375 0
115 0.46875 0.34375 0
116 0.5625 0.375 0
117 0.53125 0.34375 0
118 0.53125 0.53125 0
119 0.46875 0.59375 0
120 0.46875 0.53125 0
121 0.53125 0.59375 0
122 0.40625 0.59375 0
123 0.3125 0.5 0
124 0.34375 0.53125 0
125 0.6875 0.6875 0
126 0.625 0.6875 0
127 0.59375 0.65625 0
128 0.40625 0.65625 0
129 0.46875 0.65625 0
130 0.65625 0.53125 0
131 0.6875 0.625 0
132 0.65625 0.59375 0
133 0.625 0.4375 0
134 0.3125 0.625 0
135 0.40625 0.53125 0
136 0.625 0.3125 0
137 0.65625 0.34375 0
138 0.59375 0.59375 0
139 0.34375 0.46875 0
140 0.4375 0.1875 0
141 0.4375 0.25 0
142 0.40625 0.28125 0
143 0.40625 0.3125 0
144 0.40625 0.40625 0
145 0.40625 0.375 0
146 0.34375 0.40625 0
147 0.34375 0.375 0
148 0.1875 0.3125 0
149 0.25 0.3125 0
150 0.28125 0.34375 0
151 0.3125 0.34375 0
152 0.5 0.4375 0
153 0.53125 0.40625 0
154 0.53125 0.375 0
155 0.53125 0.46875 0
156 0.53125 0.5 0
157 0.5 0.53125 0
158 0.46875 0.5625 0
159 0.46875 0.46875 0
160 0.46875 0.5 0
161 0.5 0.59375 0
162 0.40625 0.5625 0
163 0.34375 0.59375 0
164 0.34375 0.5625 0
165 0.65625 0.65625 0
166 0.5625 0.8125 0
167 0.5625 0.75 0
168 0.59375 0.71875 0
169 0.59375 0.6875 0
170 0.40625 0.625 0
171 0.65625 0.46875 0
172 0.65625 0.5 0
173 0.65625 0.5625 0
174 0.625 0.59375 0
175 0.59375 0.53125 0
176 0.65625 0.40625 0
177 0.53125 0.65625 0
178 0.34375 0.65625 0
179 0.40625 0.46875 0
180 0.375 0.34375 0
181 0.59375 0.34375 0
182 0.59375 0.40625 0
183 0.5 0.34375 0
184 0.53125 0.5625 0
185 0.4375 0.59375 0
186 0.625 0.65625 0
187 0.46875 0.625 0
188 0.5 0.65625 0
189 0.4375 0.8125 0
190 0.4375 0.75 0
191 0.46875 0.71875 0
192 0.46875 0.6875 0
193 0.375 0.53125 0
194 0.65625 0.375 0
195 0.34375 0.4375 0
196 0.390625 0.328125 0
197 0.46875 0.28125 0
198 0.4375 0.28125 0
199 0.421875 0.296875 0
200 0.3125 0.1875 0
201 0.3125 0.25 0
202 0.34375 0.28125 0
203 0.375 0.28125 0
204 0.390625 0.296875 0
205 0.40625 0.4375 0
206 0.390625 0.359375 0
207 0.4375 0.34375 0
208 0.421875 0.359375 0
209 0.1875 0.4375 0
210 0.25 0.4375 0
211 0.28125 0.40625 0
212 0.3125 0.40625 0
213 0.375 0.40625 0
214 0.359375 0.390625 0
215 0.34375 0.3125 0
216 0.328125 0.328125 0
217 0.328125 0.359375 0
218 0.28125 0.28125 0
219 0.28125 0.3125 0
220 0.296875 0.328125 0
221 0.53125 0.4375 0
222 0.515625 0.359375 0
223 0.5625 0.34375 0
224 0.546875 0.359375 0
225 0.59375 0.46875 0
226 0.5625 0.46875 0
227 0.546875 0.484375 0
228 0.515625 0.515625 0
229 0.484375 0.515625 0
230 0.4375 0.53125 0
231 0.453125 0.546875 0
232 0.484375 0.578125 0
233 0.46875 0.40625 0
234 0.46875 0.4375 0
235 0.4375 0.46875 0
236 0.453125 0.484375 0
237 0.53125 0.625 0
238 0.515625 0.609375 0
239 0.515625 0.578125 0
240 0.484375 0.609375 0
241 0.1875 0.5625 0
242 0.25 0.5625 0
243 0.28125 0.53125 0
244 0.3125 0.53125 0
245 0.328125 0.546875 0
246 0.359375 0.546875 0
247 0.6875 0.8125 0
248 0.6875 0.75 0
249 0.65625 0.71875 0
250 0.65625 0.6875 0
251 0.65625 0.625 0
252 0.5625 0.65625 0
253 0.578125 0.671875 0
254 0.4375 0.65625 0
255 0.421875 0.640625 0
256 0.421875 0.609375 0
257 0.8125 0.4375 0
258 0.75 0.4375 0
259 0.71875 0.46875 0
260 0.6875 0.46875 0
261 0.65625 0.4375 0
262 0.671875 0.484375 0
263 0.8125 0.5625 0
264 0.75 0.5625 0
265 0.71875 0.59375 0
266 0.6875 0.59375 0
267 0.671875 0.578125 0
268 0.640625 0.578125 0
269 0.59375 0.625 0
270 0.609375 0.609375 0
271 0.46875 0.3125 0
272 0.5625 0.1875 0
273 0.5625 0.25 0
274 0.53125 0.28125 0
275 0.53125 0.3125 0
276 0.5625 0.53125 0
277 0.375 0.65625 0
278 0.40625 0.71875 0
279 0.40625 0.6875 0
280 0.71875 0.53125 0
281 0.6875 0.53125 0
282 0.40625 0.5 0
283 0.8125 0.3125 0
284 0.75 0.3125 0
285 0.71875 0.34375 0
286 0.6875 0.34375 0
287 0.6875 0.1875 0
288 0.6875 0.25 0
289 0.65625 0.28125 0
290 0.65625 0.3125 0
291 0.34375 0.5 0
292 0.28125 0.46875 0
293 0.3125 0.46875 0
294 0.421875 0.328125 0
295 0.5 0.40625 0
296 0.484375 0.546875 0
297 0.5 0.46875 0
298 0.484375 0.484375 0
299 0.421875 0.578125 0
300 0.421875 0.546875 0
301 0.375 0.59375 0
302 0.34375 0.625 0
303 0.28125 0.59375 0
304 0.3125 0.59375 0
305 0.8125 0.6875 0
306 0.75 0.6875 0
307 0.71875 0.65625 0
308 0.6875 0.65625 0
309 0.53125 0.71875 0
310 0.5625 0.71875 0
311 0.578125 0.703125 0
312 0.625 0.46875 0
313 0.640625 0.484375 0
314 0.671875 0.546875 0
315 0.640625 0.609375 0
316 0.59375 0.5625 0
317 0.609375 0.578125 0
318 0.59375 0.5 0
319 0.625 0.40625 0
320 0.375 0.46875 0
321 0.359375 0.359375 0
322 0.59375 0.375 0
323 0.59375 0.4375 0
324 0.515625 0.328125 0
325 0.546875 0.546875 0
326 0.609375 0.671875 0
327 0.640625 0.671875 0
328 0.484375 0.640625 0
329 0.453125 0.609375 0
330 0.484375 0.671875 0
331 0.515625 0.640625 0
332 0.453125 0.671875 0
333 0.5 0.71875 0
334 0.484375 0.703125 0
335 0.390625 0.546875 0
336 0.390625 0.515625 0
337 0.625 0.34375 0
338 0.640625 0.359375 0
339 0.640625 0.390625 0
340 0.359375 0.453125 0
341 0.328125 0.421875 0
342 0.390625 0.3125 0
343 0.359375 0.328125 0
344 0.375 0.328125 0
345 0.390625 0.34375 0
346 0.421875 0.3125 0
347 0.4375 0.40625 0
348 0.421875 0.421875 0
349 0.46875 0.375 0
350 0.453125 0.359375 0
351 0.28125 0.375 0
352 0.296875 0.390625 0
353 0.359375 0.375 0
354 0.3125 0.28125 0
355 0.328125 0.296875 0
356 0.359375 0.296875 0
357 0.328125 0.3125 0
358 0.328125 0.390625 0
359 0.328125 0.375 0
360 0.3125 0.328125 0
361 0.546875 0.453125 0
362 0.484375 0.359375 0
363 0.5 0.359375 0
364 0.578125 0.453125 0
365 0.578125 0.484375 0
366 0.515625 0.484375 0
367 0.53125 0.484375 0
368 0.515625 0.546875 0
369 0.515625 0.53125 0
370 0.484375 0.53125 0
371 0.453125 0.515625 0
372 0.421875 0.515625 0
373 0.46875 0.546875 0
374 0.453125 0.578125 0
375 0.453125 0.5625 0
376 0.5 0.578125 0
377 0.453125 0.453125 0
378 0.421875 0.484375 0
379 0.46875 0.484375 0
380 0.4375 0.484375 0
381 0.546875 0.640625 0
382 0.5 0.609375 0
383 0.515625 0.5625 0
384 0.484375 0.625 0
385 0.46875 0.609375 0
386 0.671875 0.640625 0
387 0.671875 0.609375 0
388 0.578125 0.640625 0
389 0.53125 0.6875 0
390 0.546875 0.671875 0
391 0.5625 0.671875 0
392 0.390625 0.640625 0
393 0.40625 0.640625 0
394 0.421875 0.671875 0
395 0.421875 0.65625 0
396 0.453125 0.640625 0
397 0.4375 0.640625 0
398 0.71875 0.40625 0
399 0.71875 0.4375 0
400 0.703125 0.453125 0
401 0.71875 0.5 0
402 0.703125 0.484375 0
403 0.640625 0.59375 0
404 0.5625 0.59375 0
405 0.390625 0.390625 0
406 0.421875 0.390625 0
407 0.5625 0.40625 0
408 0.546875 0.390625 0
409 0.359375 0.578125 0
410 0.328125 0.578125 0
411 0.625 0.53125 0
412 0.640625 0.515625 0
413 0.671875 0.515625 0
414 0.6875 0.40625 0
415 0.3125 0.8125 0
416 0.3125 0.75 0
417 0.34375 0.71875 0
418 0.34375 0.6875 0
419 0.640625 0.640625 0
420 0.515625 0.671875 0
421 0.671875 0.359375 0
422 0.359375 0.421875 0
423 0.390625 0.453125 0
424 0.375 0.359375 0
425 0.453125 0.328125 0
426 0.40625 0.359375 0
427 0.34375 0.390625 0
428 0.375 0.390625 0
429 0.546875 0.328125 0
430 0.546875 0.375 0
431 0.546875 0.46875 0
432 0.5 0.515625 0
433 0.484375 0.5 0
434 0.46875 0.515625 0
435 0.484375 0.5625 0
436 0.484375 0.59375 0
437 0.453125 0.421875 0
438 0.453125 0.5 0
439 0.546875 0.609375 0
440 0.515625 0.59375 0
441 0.34375 0.546875 0
442 0.28125 0.5625 0
443 0.296875 0.546875 0
444 0.3125 0.546875 0
445 0.671875 0.671875 0
446 0.421875 0.59375 0
447 0.671875 0.453125 0
448 0.671875 0.421875 0
449 0.671875 0.5 0
450 0.65625 0.484375 0
451 0.65625 0.578125 0
452 0.625 0.578125 0
453 0.609375 0.640625 0
454 0.5 0.28125 0
455 0.515625 0.296875 0
456 0.546875 0.515625 0
457 0.578125 0.546875 0
458 0.578125 0.515625 0
459 0.375 0.71875 0
460 0.390625 0.703125 0
461 0.703125 0.515625 0
462 0.71875 0.28125 0
463 0.6875 0.28125 0
464 0.671875 0.296875 0
465 0.59375 0.28125 0
466 0.625 0.28125 0
467 0.640625 0.296875 0
468 0.328125 0.453125 0
469 0.328125 0.484375 0
470 0.28125 0.5 0
471 0.296875 0.484375 0
472 0.4375 0.328125 0
473 0.515625 0.390625 0
474 0.484375 0.421875 0
475 0.484375 0.390625 0
476 0.484375 0.453125 0
477 0.515625 0.453125 0
478 0.484375 0.46875 0
479 0.421875 0.5625 0
480 0.40625 0.546875 0
481 0.421875 0.53125 0
482 0.359375 0.609375 0
483 0.390625 0.578125 0
484 0.328125 0.609375 0
485 0.1875 0.6875 0
486 0.25 0.6875 0
487 0.28125 0.65625 0
488 0.28125 0.625 0
489 0.296875 0.609375 0
490 0.296875 0.578125 0
491 0.640625 0.453125 0
492 0.609375 0.453125 0
493 0.640625 0.46875 0
494 0.625 0.609375 0
495 0.578125 0.578125 0
496 0.59375 0.578125 0
497 0.640625 0.421875 0
498 0.359375 0.484375 0
499 0.578125 0.359375 0
500 0.578125 0.421875 0
501 0.484375 0.328125 0
502 0.5 0.328125 0
503 0.515625 0.3125 0
504 0.53125 0.546875 0
505 0.5625 0.546875 0
506 0.546875 0.53125 0
507 0.625 0.71875 0
508 0.609375 0.703125 0
509 0.609375 0.6875 0
510 0.59375 0.671875 0
511 0.484375 0.65625 0
512 0.453125 0.59375 0
513 0.484375 0.6875 0
514 0.46875 0.671875 0
515 0.5 0.640625 0
516 0.4375 0.71875 0
517 0.453125 0.703125 0
518 0.453125 0.6875 0
519 0.390625 0.53125 0
520 0.390625 0.484375 0
521 0.390625 0.5 0
522 0.59375 0.3125 0
523 0.609375 0.328125 0
524 0.640625 0.328125 0
525 0.640625 0.34375 0
526 0.640625 0.40625 0
527 0.375 0.453125 0
528 0.359375 0.46875 0
529 0.328125 0.4375 0
530 0.3828125 0.3203125 0
531 0.359375 0.34375 0
532 0.34375 0.328125 0
533 0.3828125 0.3359375 0
534 0.3671875 0.3359375 0
535 0.3984375 0.3515625 0
536 0.4296875 0.3203125 0
537 0.421875 0.453125 0
538 0.421875 0.4375 0
539 0.4375 0.421875 0
540 0.421875 0.40625 0
541 0.453125 0.34375 0
542 0.453125 0.390625 0
543 0.453125 0.375 0
544 0.3515625 0.3828125 0
545 0.34375 0.359375 0
546 0.3515625 0.3671875 0
547 0.3671875 0.3671875 0
548 0.3203125 0.3203125 0
549 0.296875 0.296875 0
550 0.3125 0.296875 0
551 0.3203125 0.3046875 0
552 0.3125 0.390625 0
553 0.296875 0.359375 0
554 0.3125 0.359375 0
555 0.3203125 0.3671875 0
556 0.3203125 0.3828125 0
557 0.3359375 0.3828125 0
558 0.296875 0.34375 0
559 0.3046875 0.3359375 0
560 0.296875 0.3125 0
561 0.3046875 0.3203125 0
562 0.328125 0.34375 0
563 0.3203125 0.3359375 0
564 0.546875 0.421875 0
565 0.546875 0.4375 0
566 0.53125 0.453125 0
567 0.484375 0.34375 0
568 0.484375 0.375 0
569 0.46875 0.359375 0
570 0.515625 0.375 0
571 0.5078125 0.3671875 0
572 0.515625 0.34375 0
573 0.5078125 0.3515625 0
574 0.59375 0.453125 0
575 0.5390625 0.4765625 0
576 0.515625 0.5 0
577 0.5234375 0.4921875 0
578 0.5078125 0.5234375 0
579 0.5 0.546875 0
580 0.4921875 0.5390625 0
581 0.4765625 0.5390625 0
582 0.453125 0.53125 0
583 0.40625 0.515625 0
584 0.4375 0.546875 0
585 0.4453125 0.5546875 0
586 0.4921875 0.5703125 0
587 0.453125 0.46875 0
588 0.421875 0.46875 0
589 0.4609375 0.4921875 0
590 0.4765625 0.4765625 0
591 0.4453125 0.4921875 0
592 0.546875 0.625 0
593 0.546875 0.65625 0
594 0.515625 0.625 0
595 0.5078125 0.6171875 0
596 0.4921875 0.6015625 0
597 0.5078125 0.5703125 0
598 0.4765625 0.6171875 0
599 0.4921875 0.6171875 0
600 0.4609375 0.6015625 0
601 0.671875 0.625 0
602 0.71875 0.625 0
603 0.703125 0.640625 0
604 0.6875 0.640625 0
605 0.703125 0.609375 0
606 0.6875 0.609375 0
607 0.578125 0.65625 0
608 0.578125 0.609375 0
609 0.578125 0.625 0
610 0.546875 0.703125 0
611 0.53125 0.671875 0
612 0.5546875 0.6640625 0
613 0.546875 0.6875 0
614 0.5546875 0.6796875 0
615 0.390625 0.671875 0
616 0.390625 0.65625 0
617 0.4140625 0.6484375 0
618 0.390625 0.609375 0
619 0.390625 0.625 0
620 0.3984375 0.6328125 0
621 0.4375 0.671875 0
622 0.40625 0.671875 0
623 0.453125 0.625 0
624 0.4453125 0.6328125 0
625 0.6328125 0.5859375 0
626 0.359375 0.515625 0
627 0.671875 0.390625 0
628 0.40625 0.328125 0
629 0.390625 0.375 0
630 0.4375 0.359375 0
631 0.390625 0.421875 0
632 0.53125 0.359375 0
633 0.546875 0.34375 0
634 0.546875 0.5 0
635 0.53125 0.515625 0
636 0.46875 0.578125 0
637 0.546875 0.578125 0
638 0.53125 0.578125 0
639 0.328125 0.515625 0
640 0.328125 0.53125 0
641 0.71875 0.71875 0
642 0.6875 0.71875 0
643 0.671875 0.703125 0
644 0.671875 0.46875 0
645 0.71875 0.5625 0
646 0.703125 0.578125 0
647 0.6875 0.578125 0
648 0.453125 0.296875 0
649 0.484375 0.296875 0
650 0.421875 0.703125 0
651 0.671875 0.328125 0
652 0.28125 0.4375 0
653 0.296875 0.453125 0
654 0.421875 0.34375 0
655 0.515625 0.421875 0
656 0.40625 0.578125 0
657 0.4375 0.578125 0
658 0.609375 0.484375 0
659 0.625 0.484375 0
660 0.640625 0.546875 0
661 0.65625 0.546875 0
662 0.65625 0.609375 0
663 0.640625 0.625 0
664 0.609375 0.546875 0
665 0.609375 0.421875 0
666 0.609375 0.359375 0
667 0.578125 0.390625 0
668 0.640625 0.703125 0
669 0.640625 0.6875 0
670 0.65625 0.671875 0
671 0.5 0.671875 0
672 0.375 0.546875 0
673 0.375 0.515625 0
674 0.65625 0.359375 0
675 0.625 0.359375 0
676 0.65625 0.390625 0
677 0.328125 0.40625 0
678 0.296875 0.421875 0
679 0.3125 0.421875 0
680 0.40625 0.296875 0
681 0.3984375 0.3046875 0
682 0.4140625 0.3203125 0
683 0.40625 0.421875 0
684 0.34375 0.296875 0
685 0.3359375 0.3046875 0
686 0.4921875 0.3515625 0
687 0.578125 0.46875 0
688 0.5625 0.453125 0
689 0.578125 0.4375 0
690 0.5390625 0.4921875 0
691 0.5234375 0.5234375 0
692 0.4375 0.515625 0
693 0.46875 0.453125 0
694 0.4375 0.453125 0
695 0.4765625 0.4921875 0
696 0.53125 0.640625 0
697 0.59375 0.640625 0
698 0.578125 0.6875 0
699 0.5703125 0.6796875 0
700 0.359375 0.640625 0
701 0.375 0.640625 0
702 0.3984375 0.6484375 0
703 0.421875 0.625 0
704 0.4296875 0.6328125 0
705 0.453125 0.65625 0
706 0.4453125 0.6484375 0
707 0.6484375 0.5859375 0
708 0.6484375 0.6015625 0
709 0.53125 0.390625 0
710 0.34375 0.578125 0
711 0.359375 0.59375 0
712 0.328125 0.5625 0
713 0.328125 0.59375 0
714 0.3125 0.578125 0
715 0.609375 0.515625 0
716 0.625 0.515625 0
717 0.65625 0.515625 0
718 0.703125 0.421875 0
719 0.71875 0.375 0
720 0.703125 0.390625 0
721 0.65625 0.640625 0
722 0.515625 0.65625 0
723 0.703125 0.359375 0
724 0.6875 0.359375 0
725 0.359375 0.40625 0
726 0.3828125 0.3671875 0
727 0.3828125 0.3515625 0
728 0.3671875 0.3515625 0
729 0.453125 0.3125 0
730 0.421875 0.375 0
731 0.4140625 0.3671875 0
732 0.3828125 0.3828125 0
733 0.5546875 0.4609375 0
734 0.4921875 0.5234375 0
735 0.4921875 0.5078125 0
736 0.4765625 0.5078125 0
737 0.5 0.484375 0
738 0.4921875 0.4921875 0
739 0.4765625 0.5234375 0
740 0.4609375 0.5234375 0
741 0.4765625 0.5703125 0
742 0.4921875 0.5546875 0
743 0.46875 0.421875 0
744 0.453125 0.40625 0
745 0.5625 0.609375 0
746 0.5078125 0.6015625 0
747 0.296875 0.515625 0
748 0.296875 0.53125 0
749 0.3046875 0.5390625 0
750 0.296875 0.5625 0
751 0.3046875 0.5546875 0
752 0.671875 0.6875 0
753 0.71875 0.6875 0
754 0.703125 0.671875 0
755 0.6875 0.671875 0
756 0.6875 0.453125 0
757 0.6875 0.484375 0
758 0.6796875 0.4921875 0
759 0.6640625 0.5078125 0
760 0.6640625 0.4765625 0
761 0.671875 0.59375 0
762 0.6640625 0.5859375 0
763 0.640625 0.5625 0
764 0.6328125 0.5703125 0
765 0.609375 0.59375 0
766 0.6171875 0.5859375 0
767 0.609375 0.5625 0
768 0.6171875 0.5703125 0
769 0.609375 0.625 0
770 0.609375 0.65625 0
771 0.5625 0.515625 0
772 0.578125 0.53125 0
773 0.59375 0.546875 0
774 0.578125 0.5 0
775 0.640625 0.3125 0
776 0.34375 0.484375 0
777 0.3125 0.484375 0
778 0.4453125 0.3203125 0
779 0.5 0.390625 0
780 0.515625 0.40625 0
781 0.484375 0.40625 0
782 0.46875 0.390625 0
783 0.484375 0.4375 0
784 0.5 0.453125 0
785 0.515625 0.46875 0
786 0.515625 0.4375 0
787 0.4140625 0.5703125 0
788 0.4296875 0.5546875 0
789 0.4140625 0.5546875 0
790 0.4140625 0.5390625 0
791 0.390625 0.5625 0
792 0.3984375 0.5546875 0
793 0.4296875 0.5234375 0
794 0.34375 0.609375 0
795 0.3125 0.609375 0
796 0.3125 0.65625 0
797 0.65625 0.453125 0
798 0.640625 0.4375 0
799 0.609375 0.46875 0
800 0.6484375 0.4609375 0
801 0.6328125 0.6015625 0
802 0.6171875 0.6171875 0
803 0.6171875 0.6015625 0
804 0.6015625 0.5859375 0
805 0.578125 0.59375 0
806 0.5859375 0.5859375 0
807 0.578125 0.5625 0
808 0.5859375 0.5703125 0
809 0.359375 0.5 0
810 0.59375 0.359375 0
811 0.59375 0.421875 0
812 0.5625 0.28125 0
813 0.546875 0.296875 0
814 0.53125 0.296875 0
815 0.5234375 0.3046875 0
816 0.546875 0.5625 0
817 0.5390625 0.5546875 0
818 0.5703125 0.5546875 0
819 0.5703125 0.5390625 0
820 0.5390625 0.5390625 0
821 0.5390625 0.5234375 0
822 0.625 0.671875 0
823 0.6171875 0.6796875 0
824 0.5859375 0.6640625 0
825 0.4921875 0.6640625 0
826 0.4765625 0.6640625 0
827 0.4375 0.609375 0
828 0.4453125 0.6015625 0
829 0.4921875 0.6796875 0
830 0.515625 0.703125 0
831 0.5 0.703125 0
832 0.4921875 0.6953125 0
833 0.4921875 0.6328125 0
834 0.3984375 0.5234375 0
835 0.3828125 0.5390625 0
836 0.40625 0.484375 0
837 0.390625 0.46875 0
838 0.3984375 0.4921875 0
839 0.578125 0.296875 0
840 0.609375 0.296875 0
841 0.625 0.328125 0
842 0.609375 0.34375 0
843 0.578125 0.328125 0
844 0.59375 0.328125 0
845 0.65625 0.328125 0
846 0.6328125 0.3515625 0
847 0.609375 0.390625 0
848 0.625 0.390625 0
849 0.6328125 0.3984375 0
850 0.625 0.421875 0
851 0.6328125 0.4140625 0
852 0.3828125 0.4609375 0
853 0.3671875 0.4609375 0
854 0.375 0.484375 0
855 0.3671875 0.4765625 0
856 0.3203125 0.4296875 0
857 0.359375 0.3125 0
858 0.3671875 0.3203125 0
859 0.375 0.3203125 0
860 0.3828125 0.328125 0
861 0.3515625 0.3515625 0
862 0.3515625 0.3203125 0
863 0.3515625 0.3359375 0
864 0.3359375 0.3359375 0
865 0.3359375 0.3203125 0
866 0.375 0.3359375 0
867 0.3671875 0.328125 0
868 0.3984375 0.3359375 0
869 0.3984375 0.34375 0
870 0.390625 0.3515625 0
871 0.4140625 0.3515625 0
872 0.40625 0.3515625 0
873 0.40625 0.453125 0
874 0.4140625 0.4453125 0
875 0.4296875 0.4296875 0
876 0.4453125 0.4140625 0
877 0.4140625 0.4140625 0
878 0.4296875 0.4140625 0
879 0.4609375 0.3515625 0
880 0.4453125 0.3515625 0
881 0.4453125 0.3359375 0
882 0.46875 0.328125 0
883 0.4609375 0.3359375 0
884 0.4375 0.390625 0
885 0.4453125 0.3828125 0
886 0.4609375 0.3828125 0
887 0.359375 0.3671875 0
888 0.3515625 0.375 0
889 0.3359375 0.3671875 0
890 0.34375 0.3671875 0
891 0.3515625 0.359375 0
892 0.3203125 0.3125 0
893 0.3125 0.3203125 0
894 0.3203125 0.3984375 0
895 0.296875 0.375 0
896 0.3046875 0.3671875 0
897 0.3046875 0.3515625 0
898 0.328125 0.3671875 0
899 0.3125 0.3671875 0
900 0.328125 0.3828125 0
901 0.3359375 0.375 0
902 0.34375 0.3828125 0
903 0.3046875 0.34375 0
904 0.3046875 0.3046875 0
905 0.3046875 0.3125 0
906 0.3359375 0.3515625 0
907 0.3125 0.3359375 0
908 0.3203125 0.328125 0
909 0.328125 0.3359375 0
910 0.5625 0.421875 0
911 0.5234375 0.4609375 0
912 0.4765625 0.3359375 0
913 0.4921875 0.3359375 0
914 0.4765625 0.3671875 0
915 0.4921875 0.3671875 0
916 0.53125 0.328125 0
917 0.5234375 0.3359375 0
918 0.5 0.3515625 0
919 0.5078125 0.359375 0
920 0.5859375 0.4609375 0
921 0.5859375 0.4453125 0
922 0.609375 0.4375 0
923 0.6015625 0.4453125 0
924 0.5390625 0.484375 0
925 0.5078125 0.5078125 0
926 0.5234375 0.5078125 0
927 0.53125 0.4921875 0
928 0.5234375 0.5 0
929 0.5078125 0.4921875 0
930 0.515625 0.4921875 0
931 0.5078125 0.5390625 0
932 0.5078125 0.53125 0
933 0.5 0.5390625 0
934 0.4765625 0.53125 0
935 0.484375 0.5390625 0
936 0.4765625 0.5546875 0
937 0.4765625 0.546875 0
938 0.4609375 0.5390625 0
939 0.421875 0.5 0
940 0.4140625 0.5078125 0
941 0.4453125 0.5390625 0
942 0.5 0.5703125 0
943 0.4921875 0.5859375 0
944 0.4921875 0.578125 0
945 0.484375 0.5703125 0
946 0.4921875 0.5625 0
947 0.4140625 0.4609375 0
948 0.4296875 0.4609375 0
949 0.4609375 0.5078125 0
950 0.4609375 0.5 0
951 0.453125 0.4921875 0
952 0.4765625 0.4609375 0
953 0.4765625 0.46875 0
954 0.4453125 0.4765625 0
955 0.4453125 0.484375 0
956 0.4453125 0.5078125 0
957 0.4453125 0.5 0
958 0.53125 0.609375 0
959 0.5390625 0.6171875 0
960 0.5390625 0.6640625 0
961 0.5078125 0.609375 0
962 0.4921875 0.609375 0
963 0.4765625 0.6015625 0
964 0.484375 0.6015625 0
965 0.5078125 0.5546875 0
966 0.5078125 0.5625 0
967 0.484375 0.6171875 0
968 0.46875 0.640625 0
969 0.4765625 0.6328125 0
970 0.4765625 0.625 0
971 0.4921875 0.625 0
972 0.4609375 0.5859375 0
973 0.4609375 0.59375 0
974 0.6796875 0.6328125 0
975 0.6796875 0.6171875 0
976 0.671875 0.65625 0
977 0.6796875 0.6484375 0
978 0.703125 0.59375 0
979 0.6953125 0.6015625 0
980 0.5859375 0.6328125 0
981 0.5703125 0.6171875 0
982 0.59375 0.609375 0
983 0.5859375 0.6171875 0
984 0.5390625 0.6796875 0
985 0.515625 0.6875 0
986 0.5234375 0.6796875 0
987 0.5625 0.640625 0
988 0.5546875 0.6484375 0
989 0.5546875 0.65625 0
990 0.5625 0.703125 0
991 0.5546875 0.6953125 0
992 0.5625 0.6796875 0
993 0.390625 0.6875 0
994 0.3984375 0.6640625 0
995 0.4140625 0.6328125 0
996 0.4140625 0.640625 0
997 0.40625 0.609375 0
998 0.390625 0.59375 0
999 0.4375 0.6328125 0
1000 0.4453125 0.6171875 0
1001 0.4453125 0.625 0
1002 0.6328125 0.578125 0
1003 0.5625 0.484375 0
1004 0.359375 0.5625 0
1005 0.703125 0.546875 0
1006 0.71875 0.3125 0
1007 0.703125 0.328125 0
1008 0.328125 0.640625 0
1009 0.671875 0.5625 0
1010 0.6875 0.546875 0
1011 0.640625 0.65625 0
1012 0.640625 0.375 0
1013 0.34375 0.421875 0
1014 0.375 0.296875 0
1015 0.3828125 0.3046875 0
1016 0.59375 0.484375 0
1017 0.40625 0.390625 0
1018 0.546875 0.40625 0
1019 0.375 0.578125 0
1020 0.640625 0.53125 0
1021 0.6875 0.515625 0
1022 0.328125 0.671875 0
1023 0.359375 0.703125 0
1024 0.625 0.640625 0
1025 0.671875 0.375 0
1026 0.671875 0.34375 0
1027 0.375 0.421875 0
1028 0.5390625 0.3671875 0
1029 0.5625 0.390625 0
1030 0.5546875 0.3828125 0
1031 0.4765625 0.5859375 0
1032 0.5078125 0.5859375 0
1033 0.5234375 0.6015625 0
1034 0.3359375 0.5390625 0
1035 0.359375 0.53125 0
1036 0.3515625 0.5390625 0
1037 0.3515625 0.5546875 0
1038 0.4140625 0.6015625 0
1039 0.4140625 0.5859375 0
1040 0.4296875 0.5859375 0
1041 0.671875 0.4375 0
1042 0.65625 0.421875 0
1043 0.6875 0.421875 0
1044 0.6484375 0.4765625 0
1045 0.6484375 0.5703125 0
1046 0.671875 0.3125 0
1047 0.34375 0.453125 0
1048 0.328125 0.46875 0
1049 0.4921875 0.4609375 0
1050 0.3984375 0.5390625 0
1051 0.4140625 0.5234375 0
1052 0.359375 0.625 0
1053 0.328125 0.625 0
1054 0.625 0.453125 0
1055 0.6328125 0.6171875 0
1056 0.5625 0.578125 0
1057 0.578125 0.40625 0
1058 0.5078125 0.3359375 0
1059 0.5078125 0.3203125 0
1060 0.484375 0.3125 0
1061 0.4921875 0.3203125 0
1062 0.6015625 0.6796875 0
1063 0.5859375 0.6796875 0
1064 0.4921875 0.6484375 0
1065 0.4765625 0.6796875 0
1066 0.4609375 0.6640625 0
1067 0.46875 0.703125 0
1068 0.4609375 0.6953125 0
1069 0.4375 0.703125 0
1070 0.4453125 0.6953125 0
1071 0.3828125 0.5234375 0
1072 0.3984375 0.5078125 0
1073 0.609375 0.3125 0
1074 0.6484375 0.3515625 0
1075 0.6328125 0.3359375 0
1076 0.3515625 0.4609375 0
1077 0.3125 0.453125 0
1078 0.3203125 0.4453125 0
1079 0.3828125 0.3125 0
1080 0.3828125 0.34375 0
1081 0.3671875 0.34375 0
1082 0.359375 0.3359375 0
1083 0.3984375 0.3671875 0
1084 0.3984375 0.359375 0
1085 0.421875 0.3203125 0
1086 0.4296875 0.3359375 0
1087 0.4296875 0.328125 0
1088 0.4296875 0.4453125 0
1089 0.4296875 0.3984375 0
1090 0.4140625 0.3984375 0
1091 0.4453125 0.3671875 0
1092 0.4609375 0.3671875 0
1093 0.3671875 0.3828125 0
1094 0.359375 0.3828125 0
1095 0.3671875 0.359375 0
1096 0.3203125 0.3515625 0
1097 0.3203125 0.375 0
1098 0.3203125 0.359375 0
1099 0.3203125 0.390625 0
1100 0.3359375 0.3984375 0
1101 0.3359375 0.390625 0
1102 0.53125 0.421875 0
1103 0.5546875 0.4453125 0
1104 0.5390625 0.4609375 0
1105 0.5234375 0.4453125 0
1106 0.4765625 0.3828125 0
1107 0.4921875 0.3828125 0
1108 0.4765625 0.3515625 0
1109 0.6015625 0.4609375 0
1110 0.5390625 0.46875 0
1111 0.4921875 0.53125 0
1112 0.4453125 0.5234375 0
1113 0.4296875 0.4765625 0
1114 0.4921875 0.4765625 0
1115 0.484375 0.4765625 0
1116 0.5390625 0.6328125 0
1117 0.5546875 0.6171875 0
1118 0.5078125 0.6328125 0
1119 0.5078125 0.625 0
1120 0.5 0.6015625 0
1121 0.4609375 0.6171875 0
1122 0.46875 0.6171875 0
1123 0.46875 0.6015625 0
1124 0.453125 0.6015625 0
1125 0.6796875 0.6015625 0
1126 0.5703125 0.6328125 0
1127 0.5234375 0.6640625 0
1128 0.5703125 0.6640625 0
1129 0.5625 0.6640625 0
1130 0.5546875 0.6875 0
1131 0.4140625 0.6640625 0
1132 0.4140625 0.65625 0
1133 0.3828125 0.6328125 0
1134 0.4296875 0.6640625 0
1135 0.4609375 0.6328125 0
1136 0.453125 0.6328125 0
1137 0.671875 0.40625 0
1138 0.4140625 0.3359375 0
1139 0.5234375 0.3515625 0
1140 0.5390625 0.3515625 0
1141 0.5625 0.328125 0
1142 0.5546875 0.3359375 0
1143 0.5390625 0.5078125 0
1144 0.5390625 0.5703125 0
1145 0.6640625 0.4609375 0
1146 0.6796875 0.5703125 0
1147 0.703125 0.5625 0
1148 0.6953125 0.5703125 0
1149 0.6953125 0.5859375 0
1150 0.4296875 0.3515625 0
1151 0.5 0.421875 0
1152 0.3984375 0.5703125 0
1153 0.4453125 0.5703125 0
1154 0.640625 0.5 0
1155 0.6328125 0.4921875 0
1156 0.6484375 0.6171875 0
1157 0.6640625 0.6171875 0
1158 0.6328125 0.6328125 0
1159 0.6484375 0.6328125 0
1160 0.609375 0.53125 0
1161 0.609375 0.375 0
1162 0.59375 0.390625 0
1163 0.3671875 0.5546875 0
1164 0.3671875 0.5390625 0
1165 0.3671875 0.5234375 0
1166 0.6484375 0.3671875 0
1167 0.6640625 0.3671875 0
1168 0.6171875 0.3671875 0
1169 0.6484375 0.3828125 0
1170 0.6640625 0.3828125 0
1171 0.3203125 0.4140625 0
1172 0.3359375 0.4140625 0
1173 0.3984375 0.3203125 0
1174 0.3984375 0.3125 0
1175 0.4140625 0.3046875 0
1176 0.40625 0.3046875 0
1177 0.390625 0.40625 0
1178 0.3984375 0.4140625 0
1179 0.4921875 0.34375 0
1180 0.5703125 0.4609375 0
1181 0.5703125 0.4765625 0
1182 0.5703125 0.4453125 0
1183 0.5859375 0.4296875 0
1184 0.515625 0.5234375 0
1185 0.5234375 0.5390625 0
1186 0.5234375 0.53125 0
1187 0.53125 0.5234375 0
1188 0.4296875 0.5078125 0
1189 0.4609375 0.4609375 0
1190 0.4765625 0.4453125 0
1191 0.4765625 0.5 0
1192 0.5390625 0.6484375 0
1193 0.5234375 0.6328125 0
1194 0.6015625 0.6328125 0
1195 0.5703125 0.6953125 0
1196 0.3671875 0.6328125 0
1197 0.40625 0.6484375 0
1198 0.3828125 0.6484375 0
1199 0.390625 0.6484375 0
1200 0.4140625 0.6171875 0
1201 0.4296875 0.6484375 0
1202 0.4296875 0.640625 0
1203 0.421875 0.6328125 0
1204 0.4453125 0.6640625 0
1205 0.4609375 0.6484375 0
1206 0.453125 0.6484375 0
1207 0.640625 0.5859375 0
1208 0.6484375 0.578125 0
1209 0.5390625 0.3828125 0
1210 0.5234375 0.3984375 0
1211 0.3359375 0.5703125 0
1212 0.3515625 0.5859375 0
1213 0.3203125 0.5546875 0
1214 0.3203125 0.5859375 0
1215 0.3359375 0.6015625 0
1216 0.3203125 0.6015625 0
1217 0.296875 0.59375 0
1218 0.3046875 0.5859375 0
1219 0.3046875 0.5703125 0
1220 0.609375 0.5 0
1221 0.59375 0.515625 0
1222 0.6328125 0.5078125 0
1223 0.671875 0.53125 0
1224 0.6640625 0.5234375 0
1225 0.6484375 0.5078125 0
1226 0.6484375 0.5234375 0
1227 0.6484375 0.6484375 0
1228 0.6640625 0.6484375 0
1229 0.3515625 0.4140625 0
1230 0.3515625 0.3984375 0
1231 0.3828125 0.359375 0
1232 0.375 0.3515625 0
1233 0.4609375 0.3203125 0
1234 0.46875 0.296875 0
1235 0.4609375 0.3046875 0
1236 0.4140625 0.3828125 0
1237 0.4296875 0.3671875 0
1238 0.421875 0.3671875 0
1239 0.5546875 0.4765625 0
1240 0.5546875 0.46875 0
1241 0.5546875 0.453125 0
1242 0.4921875 0.515625 0
1243 0.5 0.5234375 0
1244 0.4921875 0.5 0
1245 0.484375 0.5078125 0
1246 0.5078125 0.4765625 0
1247 0.5 0.4921875 0
1248 0.484375 0.5234375 0
1249 0.4609375 0.515625 0
1250 0.4765625 0.578125 0
1251 0.4609375 0.5703125 0
1252 0.46875 0.5703125 0
1253 0.484375 0.5546875 0
1254 0.5 0.5546875 0
1255 0.4609375 0.4140625 0
1256 0.4765625 0.4140625 0
1257 0.515625 0.6015625 0
1258 0.3125 0.515625 0
1259 0.3046875 0.5234375 0
1260 0.3203125 0.5390625 0
1261 0.3125 0.5390625 0
1262 0.3046875 0.546875 0
1263 0.3046875 0.5625 0
1264 0.6640625 0.6796875 0
1265 0.65625 0.703125 0
1266 0.6640625 0.6953125 0
1267 0.6796875 0.6640625 0
1268 0.703125 0.65625 0
1269 0.6953125 0.6640625 0
1270 0.6796875 0.4609375 0
1271 0.703125 0.4375 0
1272 0.6953125 0.4453125 0
1273 0.703125 0.46875 0
1274 0.6953125 0.4765625 0
1275 0.6640625 0.4921875 0
1276 0.671875 0.4921875 0
1277 0.703125 0.5 0
1278 0.6953125 0.4921875 0
1279 0.6875 0.4921875 0
1280 0.65625 0.5078125 0
1281 0.6640625 0.484375 0
1282 0.6640625 0.46875 0
1283 0.625 0.546875 0
1284 0.6328125 0.5546875 0
1285 0.6328125 0.5625 0
1286 0.6015625 0.6015625 0
1287 0.6171875 0.59375 0
1288 0.609375 0.5859375 0
1289 0.6171875 0.5546875 0
1290 0.6171875 0.5625 0
1291 0.6171875 0.6328125 0
1292 0.6015625 0.6171875 0
1293 0.6171875 0.6640625 0
1294 0.5546875 0.5234375 0
1295 0.5703125 0.5234375 0
1296 0.5703125 0.5078125 0
1297 0.5859375 0.5546875 0
1298 0.5859375 0.4921875 0
1299 0.65625 0.296875 0
1300 0.6484375 0.3046875 0
1301 0.625 0.296875 0
1302 0.6328125 0.3046875 0
1303 0.6328125 0.3203125 0
1304 0.328125 0.5 0
1305 0.3359375 0.4921875 0
1306 0.3359375 0.4765625 0
1307 0.3515625 0.4921875 0
1308 0.296875 0.5 0
1309 0.3046875 0.4921875 0
1310 0.3203125 0.4765625 0
1311 0.3203125 0.4921875 0
1312 0.4453125 0.328125 0
1313 0.4375 0.3203125 0
1314 0.453125 0.3203125 0
1315 0.5078125 0.3984375 0
1316 0.4921875 0.4140625 0
1317 0.4921875 0.4453125 0
1318 0.5078125 0.4609375 0
1319 0.5234375 0.4765625 0
1320 0.5078125 0.4453125 0
1321 0.5234375 0.4296875 0
1322 0.5078125 0.4296875 0
1323 0.4140625 0.5625 0
1324 0.40625 0.5703125 0
1325 0.4140625 0.578125 0
1326 0.421875 0.5546875 0
1327 0.4296875 0.5390625 0
1328 0.4296875 0.546875 0
1329 0.40625 0.5390625 0
1330 0.3828125 0.5703125 0
1331 0.3515625 0.6171875 0
1332 0.3203125 0.6171875 0
1333 0.3046875 0.6015625 0
1334 0.296875 0.640625 0
1335 0.6640625 0.4453125 0
1336 0.6328125 0.4453125 0
1337 0.6328125 0.4296875 0
1338 0.6171875 0.4765625 0
1339 0.6328125 0.4609375 0
1340 0.640625 0.4609375 0
1341 0.6484375 0.46875 0
1342 0.6484375 0.4453125 0
1343 0.6484375 0.453125 0
1344 0.640625 0.6015625 0
1345 0.6171875 0.609375 0
1346 0.625 0.6171875 0
1347 0.609375 0.6015625 0
1348 0.59375 0.5859375 0
1349 0.6015625 0.5703125 0
1350 0.6015625 0.578125 0
1351 0.6015625 0.59375 0
1352 0.5703125 0.5859375 0
1353 0.5859375 0.6015625 0
1354 0.5859375 0.59375 0
1355 0.578125 0.5859375 0
1356 0.3671875 0.4921875 0
1357 0.6015625 0.4296875 0
1358 0.546875 0.3125 0
1359 0.5390625 0.3046875 0
1360 0.5 0.296875 0
1361 0.5078125 0.3046875 0
1362 0.515625 0.3046875 0
1363 0.5234375 0.3203125 0
1364 0.5234375 0.3125 0
1365 0.5390625 0.5625 0
1366 0.5703125 0.546875 0
1367 0.5703125 0.5703125 0
1368 0.5703125 0.5625 0
1369 0.5546875 0.5390625 0
1370 0.5625 0.5390625 0
1371 0.5859375 0.5390625 0
1372 0.578125 0.5390625 0
1373 0.5703125 0.53125 0
1374 0.546875 0.5390625 0
1375 0.546875 0.5234375 0
1376 0.5390625 0.515625 0
1377 0.484375 0.6640625 0
1378 0.4921875 0.65625 0
1379 0.4765625 0.671875 0
1380 0.4921875 0.671875 0
1381 0.5078125 0.6953125 0
1382 0.4765625 0.6953125 0
1383 0.484375 0.6953125 0
1384 0.4921875 0.6875 0
1385 0.5 0.6328125 0
1386 0.390625 0.5234375 0
1387 0.3984375 0.53125 0
1388 0.3984375 0.515625 0
1389 0.3828125 0.53125 0
1390 0.3984375 0.4765625 0
1391 0.4140625 0.4765625 0
1392 0.3984375 0.4609375 0
1393 0.3984375 0.5 0
1394 0.4140625 0.4921875 0
1395 0.40625 0.4921875 0
1396 0.6171875 0.3359375 0
1397 0.578125 0.34375 0
1398 0.6015625 0.3359375 0
1399 0.6484375 0.3203125 0
1400 0.640625 0.3515625 0
1401 0.6328125 0.34375 0
1402 0.6328125 0.3671875 0
1403 0.6328125 0.359375 0
1404 0.6484375 0.3984375 0
1405 0.640625 0.3984375 0
1406 0.6328125 0.3828125 0
1407 0.6328125 0.390625 0
1408 0.6484375 0.4140625 0
1409 0.640625 0.4140625 0
1410 0.609375 0.40625 0
1411 0.6171875 0.4140625 0
1412 0.625 0.4140625 0
1413 0.6328125 0.421875 0
1414 0.390625 0.4609375 0
1415 0.3828125 0.4765625 0
1416 0.3515625 0.4765625 0
1417 0.359375 0.4765625 0
1418 0.3671875 0.484375 0
1419 0.3359375 0.4296875 0
1420 0.328125 0.4296875 0
1421 0.296875 0.4375 0
1422 0.3046875 0.4296875 0
1423 0.3125 0.4296875 0
1424 0.3671875 0.3046875 0
1425 0.3671875 0.3125 0
1426 0.37890625 0.31640625 0
1427 0.37890625 0.32421875 0
1428 0.390625 0.3359375 0
1429 0.38671875 0.33203125 0
1430 0.3515625 0.328125 0
1431 0.3515625 0.34375 0
1432 0.34375 0.3359375 0
1433 0.3359375 0.34375 0
1434 0.3359375 0.328125 0
1435 0.37890625 0.33984375 0
1436 0.37890625 0.33203125 0
1437 0.37109375 0.33203125 0
1438 0.36328125 0.33203125 0
1439 0.37109375 0.32421875 0
1440 0.39453125 0.34765625 0
1441 0.40234375 0.34765625 0
1442 0.38671875 0.34765625 0
1443 0.421875 0.3515625 0
1444 0.40234375 0.35546875 0
1445 0.4140625 0.34375 0
1446 0.41015625 0.34765625 0
1447 0.4140625 0.359375 0
1448 0.41015625 0.35546875 0
1449 0.4140625 0.4296875 0
1450 0.4140625 0.4375 0
1451 0.390625 0.4375 0
1452 0.3984375 0.4453125 0
1453 0.40625 0.4453125 0
1454 0.4296875 0.4375 0
1455 0.4375 0.4140625 0
1456 0.421875 0.4140625 0
1457 0.4140625 0.421875 0
1458 0.4296875 0.40625 0
1459 0.46875 0.3515625 0
1460 0.4453125 0.34375 0
1461 0.4453125 0.359375 0
1462 0.4375 0.3515625 0
1463 0.4296875 0.3828125 0
1464 0.453125 0.3828125 0
1465 0.4453125 0.375 0
1466 0.4453125 0.3984375 0
1467 0.4453125 0.390625 0
1468 0.4609375 0.3984375 0
1469 0.4609375 0.390625 0
1470 0.35546875 0.37109375 0
1471 0.3671875 0.375 0
1472 0.36328125 0.37109375 0
1473 0.34765625 0.37109375 0
1474 0.35546875 0.37890625 0
1475 0.34765625 0.36328125 0
1476 0.33984375 0.37109375 0
1477 0.35546875 0.36328125 0
1478 0.359375 0.3515625 0
1479 0.35546875 0.35546875 0
1480 0.31640625 0.31640625 0
1481 0.31640625 0.32421875 0
1482 0.3046875 0.328125 0
1483 0.30859375 0.32421875 0
1484 0.30859375 0.31640625 0
1485 0.296875 0.40625 0
1486 0.3046875 0.3984375 0
1487 0.3125 0.3984375 0
1488 0.3046875 0.3828125 0
1489 0.3046875 0.375 0
1490 0.32421875 0.37109375 0
1491 0.3359375 0.359375 0
1492 0.33203125 0.36328125 0
1493 0.33203125 0.37109375 0
1494 0.31640625 0.37109375 0
1495 0.32421875 0.37890625 0
1496 0.33984375 0.38671875 0
1497 0.1875 0.375 0
1498 0.21875 0.34375 0
1499 0.25 0.34375 0
1500 0.265625 0.328125 0
1501 0.28125 0.328125 0
1502 0.2890625 0.3203125 0
1503 0.296875 0.3203125 0
1504 0.30078125 0.31640625 0
1505 0.328125 0.3515625 0
1506 0.31640625 0.33203125 0
1507 0.32421875 0.33203125 0
1508 0.3203125 0.34375 0
1509 0.32421875 0.33984375 0
1510 0.33203125 0.33984375 0
1511 0.5703125 0.4140625 0
1512 0.5234375 0.453125 0
1513 0.484375 0.3359375 0
1514 0.4765625 0.34375 0
1515 0.46875 0.3359375 0
1516 0.4921875 0.328125 0
1517 0.5 0.3359375 0
1518 0.484375 0.3671875 0
1519 0.4921875 0.375 0
1520 0.4921875 0.359375 0
1521 0.515625 0.3359375 0
1522 0.5390625 0.3359375 0
1523 0.53125 0.3359375 0
1524 0.50390625 0.35546875 0
1525 0.5078125 0.34375 0
1526 0.50390625 0.34765625 0
1527 0.49609375 0.35546875 0
1528 0.49609375 0.34765625 0
1529 0.5 0.3671875 0
1530 0.50390625 0.36328125 0
1531 0.59375 0.4609375 0
1532 0.5859375 0.4375 0
1533 0.6171875 0.4453125 0
1534 0.59375 0.4453125 0
1535 0.6015625 0.4375 0
1536 0.609375 0.4453125 0
1537 0.53125 0.4765625 0
1538 0.53515625 0.48046875 0
1539 0.546875 0.4765625 0
1540 0.54296875 0.48046875 0
1541 0.5 0.5078125 0
1542 0.515625 0.5078125 0
1543 0.53125 0.5078125 0
1544 0.52734375 0.49609375 0
1545 0.5078125 0.5 0
1546 0.51171875 0.49609375 0
1547 0.5078125 0.484375 0
1548 0.51171875 0.48828125 0
1549 0.515625 0.5390625 0
1550 0.51171875 0.52734375 0
1551 0.50390625 0.52734375 0
1552 0.50390625 0.53515625 0
1553 0.4921875 0.546875 0
1554 0.49609375 0.54296875 0
1555 0.49609375 0.53515625 0
1556 0.48046875 0.53515625 0
1557 0.48828125 0.53515625 0
1558 0.48828125 0.54296875 0
1559 0.4609375 0.5546875 0
1560 0.46875 0.5546875 0
1561 0.4765625 0.5625 0
1562 0.46875 0.5390625 0
1563 0.47265625 0.54296875 0
1564 0.47265625 0.55078125 0
1565 0.4609375 0.53125 0
1566 0.453125 0.5390625 0
1567 0.421875 0.5078125 0
1568 0.4140625 0.5 0
1569 0.4453125 0.53125 0
1570 0.49609375 0.57421875 0
1571 0.49609375 0.56640625 0
1572 0.4921875 0.59375 0
1573 0.484375 0.5859375 0
1574 0.5 0.5859375 0
1575 0.49609375 0.58203125 0
1576 0.48828125 0.58203125 0
1577 0.48828125 0.55859375 0
1578 0.4140625 0.46875 0
1579 0.4296875 0.46875 0
1580 0.421875 0.4609375 0
1581 0.44921875 0.49609375 0
1582 0.46875 0.4609375 0
1583 0.4609375 0.4765625 0
1584 0.46875 0.4765625 0
1585 0.47265625 0.47265625 0
1586 0.47265625 0.46484375 0
1587 0.4453125 0.4609375 0
1588 0.4453125 0.46875 0
1589 0.44921875 0.48828125 0
1590 0.4296875 0.4921875 0
1591 0.4375 0.4921875 0
1592 0.44140625 0.49609375 0
1593 0.4375 0.5078125 0
1594 0.44140625 0.50390625 0
1595 0.546875 0.6171875 0
1596 0.546875 0.59375 0
1597 0.5390625 0.6015625 0
1598 0.5390625 0.609375 0
1599 0.546875 0.6640625 0
1600 0.5390625 0.65625 0
1601 0.5390625 0.671875 0
1602 0.5 0.6171875 0
1603 0.50390625 0.61328125 0
1604 0.51171875 0.60546875 0
1605 0.48828125 0.60546875 0
1606 0.48828125 0.61328125 0
1607 0.4765625 0.59375 0
1608 0.48828125 0.59765625 0
1609 0.4765625 0.609375 0
1610 0.48046875 0.60546875 0
1611 0.5234375 0.5546875 0
1612 0.515625 0.5546875 0
1613 0.51171875 0.55859375 0
1614 0.50390625 0.55859375 0
1615 0.484375 0.6328125 0
1616 0.47265625 0.62109375 0
1617 0.48046875 0.62109375 0
1618 0.49609375 0.62109375 0
1619 0.6796875 0.640625 0
1620 0.703125 0.625 0
1621 0.6953125 0.6328125 0
1622 0.6875 0.6328125 0
1623 0.6953125 0.6484375 0
1624 0.6875 0.6484375 0
1625 0.671875 0.6484375 0
1626 0.6875 0.6015625 0
1627 0.5859375 0.6484375 0
1628 0.5859375 0.640625 0
1629 0.59375 0.6328125 0
1630 0.5703125 0.625 0
1631 0.5625 0.6171875 0
1632 0.53125 0.6796875 0
1633 0.546875 0.6796875 0
1634 0.5546875 0.6328125 0
1635 0.5703125 0.6484375 0
1636 0.546875 0.6484375 0
1637 0.5546875 0.640625 0
1638 0.55078125 0.66015625 0
1639 0.55078125 0.65234375 0
1640 0.40625 0.6640625 0
1641 0.41015625 0.64453125 0
1642 0.421875 0.6484375 0
1643 0.41796875 0.64453125 0
1644 0.3828125 0.5859375 0
1645 0.4296875 0.6171875 0
1646 0.4296875 0.625 0
1647 0.43359375 0.62890625 0
1648 0.4375 0.6171875 0
1649 0.44140625 0.62890625 0
1650 0.44921875 0.62890625 0
1651 0.453125 0.6171875 0
1652 0.44921875 0.62109375 0
1653 0.625 0.5859375 0
1654 0.62890625 0.58203125 0
1655 0.640625 0.5703125 0
1656 0.63671875 0.57421875 0
1657 0.4375 0.296875 0
1658 0.4296875 0.3046875 0
1659 0.5234375 0.5703125 0
1660 0.28125 0.71875 0
1661 0.3125 0.71875 0
1662 0.328125 0.703125 0
1663 0.359375 0.4375 0
1664 0.3828125 0.3984375 0
1665 0.6484375 0.4921875 0
1666 0.6328125 0.4765625 0
1667 0.578125 0.375 0
1668 0.5546875 0.5546875 0
1669 0.625 0.703125 0
1670 0.6171875 0.6953125 0
1671 0.6015625 0.6640625 0
1672 0.4765625 0.6484375 0
1673 0.390625 0.3203125 0
1674 0.4296875 0.3125 0
1675 0.328125 0.3203125 0
1676 0.3125 0.3828125 0
1677 0.5078125 0.3828125 0
1678 0.5078125 0.375 0
1679 0.5234375 0.484375 0
1680 0.5078125 0.515625 0
1681 0.4375 0.5546875 0
1682 0.5234375 0.6171875 0
1683 0.515625 0.6171875 0
1684 0.6953125 0.6171875 0
1685 0.421875 0.6875 0
1686 0.4296875 0.6796875 0
1687 0.3984375 0.6796875 0
1688 0.3984375 0.3828125 0
1689 0.5234375 0.3671875 0
1690 0.5390625 0.5859375 0
1691 0.34375 0.515625 0
1692 0.3359375 0.5234375 0
1693 0.4453125 0.5859375 0
1694 0.6171875 0.4921875 0
1695 0.6640625 0.6015625 0
1696 0.6328125 0.6953125 0
1697 0.6484375 0.6796875 0
1698 0.6640625 0.6640625 0
1699 0.5078125 0.6640625 0
1700 0.3828125 0.5546875 0
1701 0.3828125 0.5078125 0
1702 0.3671875 0.5078125 0
1703 0.6640625 0.3984375 0
1704 0.3046875 0.4140625 0
1705 0.40625 0.3203125 0
1706 0.4140625 0.328125 0
1707 0.3984375 0.4296875 0
1708 0.3515625 0.3046875 0
1709 0.34375 0.3046875 0
1710 0.5859375 0.4765625 0
1711 0.5390625 0.5 0
1712 0.453125 0.4375 0
1713 0.4609375 0.4453125 0
1714 0.4453125 0.4453125 0
1715 0.59375 0.703125 0
1716 0.5859375 0.6953125 0
1717 0.5703125 0.671875 0
1718 0.5703125 0.6875 0
1719 0.34375 0.640625 0
1720 0.359375 0.671875 0
1721 0.359375 0.65625 0
1722 0.3671875 0.6484375 0
1723 0.4453125 0.65625 0
1724 0.65625 0.5859375 0
1725 0.65625 0.6015625 0
1726 0.5390625 0.3984375 0
1727 0.3671875 0.5859375 0
1728 0.3515625 0.6015625 0
1729 0.3203125 0.5703125 0
1730 0.3359375 0.5546875 0
1731 0.3359375 0.5859375 0
1732 0.6328125 0.5234375 0
1733 0.5078125 0.6484375 0
1734 0.703125 0.375 0
1735 0.6953125 0.3671875 0
1736 0.3671875 0.3984375 0
1737 0.375 0.3671875 0
1738 0.390625 0.3671875 0
1739 0.4453125 0.3046875 0
1740 0.4140625 0.375 0
1741 0.3828125 0.390625 0
1742 0.5625 0.4609375 0
1743 0.4921875 0.484375 0
1744 0.46875 0.5234375 0
1745 0.5703125 0.6015625 0
1746 0.6796875 0.6796875 0
1747 0.6796875 0.4453125 0
1748 0.6953125 0.4609375 0
1749 0.6796875 0.4765625 0
1750 0.671875 0.4765625 0
1751 0.6640625 0.5703125 0
1752 0.6640625 0.578125 0
1753 0.6015625 0.5546875 0
1754 0.6015625 0.6484375 0
1755 0.6171875 0.6484375 0
1756 0.5546875 0.5078125 0
1757 0.5859375 0.5078125 0
1758 0.4921875 0.3984375 0
1759 0.4765625 0.3984375 0
1760 0.4296875 0.5703125 0
1761 0.4296875 0.5625 0
1762 0.4140625 0.53125 0
1763 0.40625 0.5546875 0
1764 0.3984375 0.546875 0
1765 0.4296875 0.515625 0
1766 0.6484375 0.4296875 0
1767 0.6171875 0.4609375 0
1768 0.6015625 0.4765625 0
1769 0.625 0.6015625 0
1770 0.6328125 0.609375 0
1771 0.6328125 0.59375 0
1772 0.5859375 0.578125 0
1773 0.578125 0.5703125 0
1774 0.3515625 0.5078125 0
1775 0.6015625 0.3515625 0
1776 0.6015625 0.3671875 0
1777 0.6015625 0.4140625 0
1778 0.5390625 0.546875 0
1779 0.53125 0.5390625 0
1780 0.6328125 0.6796875 0
1781 0.6171875 0.6875 0
1782 0.5859375 0.671875 0
1783 0.578125 0.6640625 0
1784 0.5 0.6640625 0
1785 0.4296875 0.6015625 0
1786 0.4453125 0.59375 0
1787 0.4453125 0.609375 0
1788 0.4375 0.6015625 0
1789 0.484375 0.6796875 0
1790 0.5 0.6953125 0
1791 0.4921875 0.640625 0
1792 0.390625 0.5390625 0
1793 0.375 0.5390625 0
1794 0.3828125 0.4921875 0
1795 0.390625 0.4921875 0
1796 0.3984375 0.484375 0
1797 0.5859375 0.3359375 0
1798 0.6484375 0.3359375 0
1799 0.6640625 0.3203125 0
1800 0.6171875 0.3515625 0
1801 0.625 0.3515625 0
1802 0.6171875 0.3984375 0
1803 0.625 0.3984375 0
1804 0.3671875 0.46875 0
1805 0.38671875 0.32421875 0
1806 0.359375 0.3203125 0
1807 0.3359375 0.3125 0
1808 0.3984375 0.328125 0
1809 0.40625 0.3359375 0
1810 0.40234375 0.33984375 0
1811 0.39453125 0.35546875 0
1812 0.4140625 0.453125 0
1813 0.4453125 0.40625 0
1814 0.4140625 0.40625 0
1815 0.453125 0.3515625 0
1816 0.4609375 0.34375 0
1817 0.453125 0.3359375 0
1818 0.4609375 0.375 0
1819 0.34765625 0.37890625 0
1820 0.34375 0.3515625 0
1821 0.34765625 0.35546875 0
1822 0.3125 0.3046875 0
1823 0.31640625 0.30859375 0
1824 0.3203125 0.40625 0
1825 0.3125 0.3515625 0
1826 0.33203125 0.38671875 0
1827 0.33203125 0.37890625 0
1828 0.33984375 0.37890625 0
1829 0.265625 0.359375 0
1830 0.28125 0.359375 0
1831 0.2890625 0.3515625 0
1832 0.296875 0.3515625 0
1833 0.30078125 0.34765625 0
1834 0.30859375 0.33984375 0
1835 0.32421875 0.32421875 0
1836 0.33203125 0.33203125 0
1837 0.53125 0.4609375 0
1838 0.5234375 0.46875 0
1839 0.4765625 0.3203125 0
1840 0.4765625 0.328125 0
1841 0.46875 0.3671875 0
1842 0.5390625 0.3203125 0
1843 0.5234375 0.34375 0
1844 0.515625 0.3515625 0
1845 0.51171875 0.35546875 0
1846 0.5859375 0.46875 0
1847 0.5859375 0.453125 0
1848 0.6171875 0.4296875 0
1849 0.5234375 0.515625 0
1850 0.52734375 0.50390625 0
1851 0.51171875 0.53515625 0
1852 0.47265625 0.53515625 0
1853 0.48046875 0.54296875 0
1854 0.48046875 0.55078125 0
1855 0.4140625 0.515625 0
1856 0.4453125 0.546875 0
1857 0.48828125 0.57421875 0
1858 0.4375 0.4609375 0
1859 0.46875 0.5078125 0
1860 0.46484375 0.50390625 0
1861 0.453125 0.4765625 0
1862 0.44140625 0.48828125 0
1863 0.50390625 0.56640625 0
1864 0.48046875 0.61328125 0
1865 0.4765625 0.640625 0
1866 0.48828125 0.62109375 0
1867 0.4609375 0.578125 0
1868 0.453125 0.5859375 0
1869 0.45703125 0.58984375 0
1870 0.6640625 0.6328125 0
1871 0.671875 0.6328125 0
1872 0.6796875 0.625 0
1873 0.671875 0.6171875 0
1874 0.6875 0.6171875 0
1875 0.6953125 0.59375 0
1876 0.5859375 0.625 0
1877 0.578125 0.6328125 0
1878 0.5703125 0.609375 0
1879 0.5859375 0.609375 0
1880 0.59375 0.6171875 0
1881 0.5234375 0.671875 0
1882 0.5625 0.6484375 0
1883 0.55859375 0.66015625 0
1884 0.55859375 0.65234375 0
1885 0.55859375 0.68359375 0
1886 0.56640625 0.68359375 0
1887 0.40625 0.703125 0
1888 0.3984375 0.6953125 0
1889 0.375 0.671875 0
1890 0.3828125 0.6640625 0
1891 0.390625 0.6640625 0
1892 0.4140625 0.625 0
1893 0.3984375 0.6015625 0
1894 0.375 0.609375 0
1895 0.3828125 0.6015625 0
1896 0.43359375 0.63671875 0
1897 0.63671875 0.58203125 0
1898 0.3515625 0.5703125 0
1899 0.6875 0.328125 0
1900 0.6796875 0.5546875 0
1901 0.6640625 0.5546875 0
1902 0.6796875 0.5390625 0
1903 0.3515625 0.4296875 0
1904 0.390625 0.3046875 0
1905 0.5546875 0.4140625 0
1906 0.6328125 0.5390625 0
1907 0.6484375 0.5390625 0
1908 0.328125 0.65625 0
1909 0.6875 0.390625 0
1910 0.6796875 0.3828125 0
1911 0.3671875 0.4140625 0
1912 0.5390625 0.375 0
1913 0.5390625 0.359375 0
1914 0.5625 0.359375 0
1915 0.5546875 0.3671875 0
1916 0.5546875 0.375 0
1917 0.546875 0.3828125 0
1918 0.5703125 0.3828125 0
1919 0.5625 0.3828125 0
1920 0.5078125 0.578125 0
1921 0.5234375 0.5859375 0
1922 0.5234375 0.59375 0
1923 0.34375 0.5390625 0
1924 0.3359375 0.546875 0
1925 0.3359375 0.53125 0
1926 0.3515625 0.5234375 0
1927 0.3515625 0.546875 0
1928 0.3515625 0.53125 0
1929 0.359375 0.5390625 0
1930 0.359375 0.5546875 0
1931 0.4140625 0.59375 0
1932 0.421875 0.6015625 0
1933 0.3984375 0.5859375 0
1934 0.40625 0.5859375 0
1935 0.4296875 0.578125 0
1936 0.6640625 0.4296875 0
1937 0.6796875 0.4296875 0
1938 0.6953125 0.4296875 0
1939 0.6484375 0.484375 0
1940 0.65625 0.5703125 0
1941 0.6640625 0.3046875 0
1942 0.3125 0.640625 0
1943 0.3203125 0.6328125 0
1944 0.5546875 0.5703125 0
1945 0.5 0.3203125 0
1946 0.5078125 0.328125 0
1947 0.515625 0.3203125 0
1948 0.5078125 0.3125 0
1949 0.4765625 0.3046875 0
1950 0.4921875 0.3046875 0
1951 0.484375 0.3203125 0
1952 0.609375 0.6796875 0
1953 0.59375 0.6796875 0
1954 0.6015625 0.671875 0
1955 0.5859375 0.6875 0
1956 0.484375 0.6484375 0
1957 0.5 0.6484375 0
1958 0.4609375 0.6796875 0
1959 0.46875 0.6796875 0
1960 0.46875 0.6640625 0
1961 0.4609375 0.65625 0
1962 0.453125 0.6640625 0
1963 0.4296875 0.6953125 0
1964 0.4375 0.6953125 0
1965 0.3828125 0.515625 0
1966 0.6171875 0.3203125 0
1967 0.59375 0.296875 0
1968 0.6015625 0.3046875 0
1969 0.6171875 0.3046875 0
1970 0.6640625 0.3515625 0
1971 0.65625 0.3515625 0
1972 0.6484375 0.359375 0
1973 0.640625 0.3359375 0
1974 0.625 0.3359375 0
1975 0.3046875 0.4453125 0
1976 0.3125 0.4453125 0
1977 0.38671875 0.30859375 0
1978 0.38671875 0.33984375 0
1979 0.37109375 0.34765625 0
1980 0.35546875 0.33984375 0
1981 0.39453125 0.36328125 0
1982 0.4296875 0.34375 0
1983 0.4375 0.4453125 0
1984 0.4296875 0.390625 0
1985 0.421875 0.3984375 0
1986 0.453125 0.3671875 0
1987 0.375 0.3828125 0
1988 0.3671875 0.390625 0
1989 0.36328125 0.38671875 0
1990 0.36328125 0.37890625 0
1991 0.36328125 0.36328125 0
1992 0.31640625 0.39453125 0
1993 0.328125 0.3984375 0
1994 0.3359375 0.40625 0
1995 0.5546875 0.4296875 0
1996 0.5546875 0.4375 0
1997 0.5625 0.4453125 0
1998 0.546875 0.4609375 0
1999 0.515625 0.4453125 0
2000 0.484375 0.3828125 0
2001 0.4765625 0.375 0
2002 0.46875 0.3828125 0
2003 0.4765625 0.359375 0
2004 0.484375 0.3515625 0
2005 0.54296875 0.47265625 0
2006 0.48828125 0.52734375 0
2007 0.49609375 0.52734375 0
2008 0.421875 0.4765625 0
2009 0.4765625 0.484375 0
2010 0.48046875 0.48046875 0
2011 0.51171875 0.62109375 0
2012 0.4609375 0.625 0
2013 0.47265625 0.59765625 0
2014 0.45703125 0.59765625 0
2015 0.53125 0.6640625 0
2016 0.5234375 0.6484375 0
2017 0.5234375 0.65625 0
2018 0.515625 0.6640625 0
2019 0.5703125 0.65625 0
2020 0.5546875 0.671875 0
2021 0.55859375 0.66796875 0
2022 0.56640625 0.66796875 0
2023 0.5625 0.6953125 0
2024 0.55859375 0.69140625 0
2025 0.41796875 0.65234375 0
2026 0.375 0.6328125 0
2027 0.4375 0.6640625 0
2028 0.4296875 0.65625 0
2029 0.45703125 0.62890625 0
2030 0.6640625 0.4140625 0
2031 0.5390625 0.34375 0
2032 0.5546875 0.3515625 0
2033 0.546875 0.3515625 0
2034 0.53125 0.3515625 0
2035 0.5546875 0.3203125 0
2036 0.578125 0.3125 0
2037 0.5703125 0.3203125 0
2038 0.5546875 0.34375 0
2039 0.546875 0.3359375 0
2040 0.6875 0.5703125 0
2041 0.6796875 0.5625 0
2042 0.671875 0.5703125 0
2043 0.6953125 0.5546875 0
2044 0.5078125 0.4140625 0
2045 0.4921875 0.4296875 0
2046 0.3984375 0.578125 0
2047 0.3984375 0.5625 0
2048 0.390625 0.5703125 0
2049 0.4375 0.5703125 0
2050 0.640625 0.4921875 0
2051 0.6328125 0.6484375 0
2052 0.6328125 0.640625 0
2053 0.640625 0.6328125 0
2054 0.6171875 0.5234375 0
2055 0.6015625 0.3828125 0
2056 0.5859375 0.3828125 0
2057 0.6015625 0.3984375 0
2058 0.3671875 0.53125 0
2059 0.6171875 0.359375 0
2060 0.6484375 0.390625 0
2061 0.6640625 0.390625 0
2062 0.328125 0.4140625 0
2063 0.3203125 0.421875 0
2064 0.40234375 0.30859375 0
2065 0.39453125 0.31640625 0
2066 0.375 0.1875 0
2067 0.40625 0.21875 0
2068 0.40625 0.25 0
2069 0.390625 0.265625 0
2070 0.390625 0.28125 0
2071 0.3984375 0.2890625 0
2072 0.3984375 0.296875 0
2073 0.40234375 0.30078125 0
2074 0.4140625 0.3125 0
2075 0.41015625 0.30859375 0
2076 0.3984375 0.3984375 0
2077 0.3984375 0.421875 0
2078 0.40625 0.4140625 0
2079 0.3984375 0.40625 0
2080 0.5703125 0.4296875 0
2081 0.578125 0.4296875 0
2082 0.59375 0.4296875 0
2083 0.51953125 0.51953125 0
2084 0.5234375 0.546875 0
2085 0.51953125 0.52734375 0
2086 0.51953125 0.53515625 0
2087 0.5390625 0.53125 0
2088 0.53515625 0.52734375 0
2089 0.4609375 0.46875 0
2090 0.46875 0.4453125 0
2091 0.4765625 0.4296875 0
2092 0.4765625 0.4375 0
2093 0.484375 0.4453125 0
2094 0.46875 0.4921875 0
2095 0.47265625 0.49609375 0
2096 0.484375 0.4921875 0
2097 0.48046875 0.49609375 0
2098 0.48046875 0.50390625 0
2099 0.5234375 0.625 0
2100 0.515625 0.6328125 0
2101 0.6015625 0.640625 0
2102 0.578125 0.6953125 0
2103 0.3671875 0.640625 0
2104 0.3984375 0.640625 0
2105 0.40234375 0.64453125 0
2106 0.3828125 0.65625 0
2107 0.3984375 0.65625 0
2108 0.39453125 0.65234375 0
2109 0.39453125 0.64453125 0
2110 0.3828125 0.640625 0
2111 0.38671875 0.64453125 0
2112 0.38671875 0.65234375 0
2113 0.42578125 0.63671875 0
2114 0.42578125 0.64453125 0
2115 0.41796875 0.62890625 0
2116 0.46875 0.6484375 0
2117 0.45703125 0.65234375 0
2118 0.4609375 0.640625 0
2119 0.45703125 0.64453125 0
2120 0.6484375 0.59375 0
2121 0.64453125 0.58984375 0
2122 0.65234375 0.57421875 0
2123 0.5234375 0.3828125 0
2124 0.53125 0.3828125 0
2125 0.5390625 0.390625 0
2126 0.53125 0.3984375 0
2127 0.515625 0.3984375 0
2128 0.5234375 0.4140625 0
2129 0.5234375 0.40625 0
2130 0.34375 0.5703125 0
2131 0.3359375 0.5625 0
2132 0.359375 0.5859375 0
2133 0.3203125 0.59375 0
2134 0.328125 0.6015625 0
2135 0.3359375 0.6171875 0
2136 0.3359375 0.609375 0
2137 0.3125 0.5859375 0
2138 0.3046875 0.578125 0
2139 0.6171875 0.5078125 0
2140 0.6015625 0.5078125 0
2141 0.625 0.5078125 0
2142 0.6484375 0.5 0
2143 0.640625 0.5078125 0
2144 0.6484375 0.6640625 0
2145 0.6484375 0.65625 0
2146 0.65625 0.6484375 0
2147 0.359375 0.3984375 0
2148 0.3515625 0.40625 0
2149 0.37890625 0.36328125 0
2150 0.38671875 0.36328125 0
2151 0.37890625 0.34765625 0
2152 0.4609375 0.3125 0
2153 0.46875 0.3203125 0
2154 0.46875 0.3046875 0
2155 0.4296875 0.375 0
2156 0.4296875 0.359375 0
2157 0.42578125 0.37109375 0
2158 0.5625 0.4765625 0
2159 0.55078125 0.45703125 0
2160 0.49609375 0.51953125 0
2161 0.48828125 0.51953125 0
2162 0.48828125 0.51171875 0
2163 0.49609375 0.51171875 0
2164 0.48828125 0.50390625 0
2165 0.49609375 0.50390625 0
2166 0.48828125 0.49609375 0
2167 0.49609375 0.49609375 0
2168 0.4765625 0.515625 0
2169 0.48046875 0.51171875 0
2170 0.48046875 0.51953125 0
2171 0.453125 0.5078125 0
2172 0.45703125 0.51171875 0
2173 0.47265625 0.56640625 0
2174 0.48828125 0.55078125 0
2175 0.49609375 0.55078125 0
2176 0.46875 0.4140625 0
2177 0.4609375 0.4296875 0
2178 0.4609375 0.421875 0
2179 0.484375 0.4140625 0
2180 0.5078125 0.59375 0
2181 0.51171875 0.59765625 0
2182 0.3203125 0.5234375 0
2183 0.3125 0.5234375 0
2184 0.3046875 0.5078125 0
2185 0.3046875 0.515625 0
2186 0.3203125 0.546875 0
2187 0.30859375 0.54296875 0
2188 0.3203125 0.53125 0
2189 0.31640625 0.53515625 0
2190 0.3125 0.5546875 0
2191 0.30859375 0.55078125 0
2192 0.1875 0.5 0
2193 0.21875 0.53125 0
2194 0.25 0.53125 0
2195 0.265625 0.546875 0
2196 0.28125 0.546875 0
2197 0.2890625 0.5390625 0
2198 0.296875 0.5390625 0
2199 0.30078125 0.54296875 0
2200 0.3125 0.5703125 0
2201 0.30859375 0.56640625 0
2202 0.6640625 0.6875 0
2203 0.6796875 0.65625 0
2204 0.6875 0.6640625 0
2205 0.6796875 0.453125 0
2206 0.6875 0.4609375 0
2207 0.6796875 0.46875 0
2208 0.6953125 0.4375 0
2209 0.65625 0.4921875 0
2210 0.6640625 0.5 0
2211 0.66796875 0.49609375 0
2212 0.6953125 0.5078125 0
2213 0.6953125 0.484375 0
2214 0.6953125 0.5 0
2215 0.6796875 0.5078125 0
2216 0.6796875 0.5 0
2217 0.68359375 0.49609375 0
2218 0.6796875 0.484375 0
2219 0.68359375 0.48828125 0
2220 0.69140625 0.48828125 0
2221 0.65625 0.4765625 0
2222 0.66015625 0.48046875 0
2223 0.66796875 0.48046875 0
2224 0.671875 0.4609375 0
2225 0.66796875 0.46484375 0
2226 0.6171875 0.5390625 0
2227 0.625 0.5703125 0
2228 0.62890625 0.56640625 0
2229 0.59375 0.6015625 0
2230 0.61328125 0.58984375 0
2231 0.60546875 0.58203125 0
2232 0.609375 0.5546875 0
2233 0.62109375 0.56640625 0
2234 0.609375 0.5703125 0
2235 0.61328125 0.56640625 0
2236 0.61328125 0.55859375 0
2237 0.625 0.5546875 0
2238 0.62109375 0.55859375 0
2239 0.6171875 0.625 0
2240 0.609375 0.6328125 0
2241 0.6328125 0.6640625 0
2242 0.625 0.6640625 0
2243 0.6171875 0.671875 0
2244 0.5546875 0.53125 0
2245 0.5625 0.5078125 0
2246 0.5703125 0.4921875 0
2247 0.5703125 0.5 0
2248 0.578125 0.5546875 0
2249 0.5859375 0.484375 0
2250 0.6015625 0.4921875 0
2251 0.59375 0.4921875 0
2252 0.6484375 0.3125 0
2253 0.625 0.3046875 0
2254 0.6328125 0.3125 0
2255 0.6328125 0.328125 0
2256 0.3359375 0.5078125 0
2257 0.3359375 0.5 0
2258 0.328125 0.4921875 0
2259 0.3515625 0.484375 0
2260 0.359375 0.4921875 0
2261 0.3046875 0.5 0
2262 0.3203125 0.4609375 0
2263 0.3203125 0.46875 0
2264 0.3203125 0.484375 0
2265 0.3203125 0.5078125 0
2266 0.3203125 0.5 0
2267 0.44921875 0.33203125 0
2268 0.4453125 0.3125 0
2269 0.44921875 0.31640625 0
2270 0.5 0.4140625 0
2271 0.4921875 0.421875 0
2272 0.4921875 0.4375 0
2273 0.5 0.4609375 0
2274 0.5078125 0.453125 0
2275 0.421875 0.5703125 0
2276 0.41796875 0.56640625 0
2277 0.41796875 0.57421875 0
2278 0.41015625 0.57421875 0
2279 0.42578125 0.55859375 0
2280 0.42578125 0.55078125 0
2281 0.4140625 0.546875 0
2282 0.41796875 0.55078125 0
2283 0.421875 0.5390625 0
2284 0.43359375 0.55078125 0
2285 0.42578125 0.54296875 0
2286 0.41015625 0.54296875 0
2287 0.3828125 0.5625 0
2288 0.3515625 0.6328125 0
2289 0.3515625 0.625 0
2290 0.3203125 0.609375 0
2291 0.328125 0.6171875 0
2292 0.3203125 0.625 0
2293 0.3046875 0.59375 0
2294 0.6640625 0.4375 0
2295 0.640625 0.4453125 0
2296 0.625 0.4453125 0
2297 0.6328125 0.4375 0
2298 0.6171875 0.484375 0
2299 0.6328125 0.453125 0
2300 0.64453125 0.45703125 0
2301 0.63671875 0.45703125 0
2302 0.65625 0.4609375 0
2303 0.65234375 0.46484375 0
2304 0.640625 0.4765625 0
2305 0.64453125 0.47265625 0
2306 0.609375 0.6171875 0
2307 0.61328125 0.61328125 0
2308 0.59765625 0.58203125 0
2309 0.59765625 0.58984375 0
2310 0.59375 0.5703125 0
2311 0.59765625 0.57421875 0
2312 0.60546875 0.59765625 0
2313 0.5703125 0.59375 0
2314 0.5546875 0.5859375 0
2315 0.5625 0.5859375 0
2316 0.578125 0.6015625 0
2317 0.58203125 0.58984375 0
2318 0.57421875 0.58984375 0
2319 0.5703125 0.578125 0
2320 0.57421875 0.58203125 0
2321 0.6015625 0.421875 0
2322 0.5625 0.296875 0
2323 0.5546875 0.3046875 0
2324 0.53125 0.3046875 0
2325 0.546875 0.3046875 0
2326 0.5 0.3046875 0
2327 0.51171875 0.30859375 0
2328 0.51953125 0.31640625 0
2329 0.57421875 0.55078125 0
2330 0.5625 0.5703125 0
2331 0.56640625 0.53515625 0
2332 0.57421875 0.53515625 0
2333 0.5859375 0.5234375 0
2334 0.5859375 0.53125 0
2335 0.58203125 0.53515625 0
2336 0.578125 0.5234375 0
2337 0.57421875 0.52734375 0
2338 0.54296875 0.53515625 0
2339 0.5546875 0.546875 0
2340 0.55078125 0.54296875 0
2341 0.53515625 0.51953125 0
2342 0.4765625 0.65625 0
2343 0.48046875 0.66015625 0
2344 0.49609375 0.66015625 0
2345 0.48828125 0.66015625 0
2346 0.48046875 0.67578125 0
2347 0.5078125 0.6796875 0
2348 0.5 0.6796875 0
2349 0.49609375 0.67578125 0
2350 0.5078125 0.6875 0
2351 0.46875 0.6953125 0
2352 0.48828125 0.69140625 0
2353 0.38671875 0.52734375 0
2354 0.39453125 0.53515625 0
2355 0.390625 0.5078125 0
2356 0.39453125 0.51171875 0
2357 0.37890625 0.53515625 0
2358 0.38671875 0.53515625 0
2359 0.3984375 0.46875 0
2360 0.4140625 0.484375 0
2361 0.3984375 0.453125 0
2362 0.39453125 0.49609375 0
2363 0.40234375 0.49609375 0
2364 0.421875 0.4921875 0
2365 0.40234375 0.48828125 0
2366 0.6171875 0.328125 0
2367 0.6171875 0.34375 0
2368 0.59375 0.3359375 0
2369 0.6015625 0.34375 0
2370 0.640625 0.3203125 0
2371 0.64453125 0.35546875 0
2372 0.6484375 0.34375 0
2373 0.64453125 0.34765625 0
2374 0.62890625 0.33984375 0
2375 0.6328125 0.375 0
2376 0.62890625 0.35546875 0
2377 0.625 0.3671875 0
2378 0.62890625 0.36328125 0
2379 0.65625 0.3984375 0
2380 0.63671875 0.39453125 0
2381 0.62890625 0.39453125 0
2382 0.6171875 0.3828125 0
2383 0.625 0.3828125 0
2384 0.62890625 0.38671875 0
2385 0.6484375 0.421875 0
2386 0.6328125 0.40625 0
2387 0.63671875 0.41015625 0
2388 0.6484375 0.40625 0
2389 0.64453125 0.41015625 0
2390 0.6171875 0.421875 0
2391 0.62890625 0.41796875 0
2392 0.62109375 0.41796875 0
2393 0.6171875 0.40625 0
2394 0.62109375 0.41015625 0
2395 0.625 0.4296875 0
2396 0.62890625 0.42578125 0
2397 0.3828125 0.4453125 0
2398 0.3828125 0.453125 0
2399 0.38671875 0.45703125 0
2400 0.3828125 0.46875 0
2401 0.38671875 0.46484375 0
2402 0.34375 0.4765625 0
2403 0.3515625 0.46875 0
2404 0.35546875 0.47265625 0
2405 0.36328125 0.48046875 0
2406 0.3359375 0.4453125 0
2407 0.3359375 0.4375 0
2408 0.3359375 0.421875 0
2409 0.32421875 0.42578125 0
2410 0.33203125 0.42578125 0
2411 0.33203125 0.43359375 0
2412 0.31640625 0.42578125 0
2413 0.3046875 0.421875 0
2414 0.30859375 0.42578125 0
2415 0.3046875 0.4375 0
2416 0.30859375 0.43359375 0
2417 0.37109375 0.31640625 0
2418 0.36328125 0.31640625 0
2419 0.38671875 0.31640625 0
2420 0.3828125 0.31640625 0
2421 0.375 0.3046875 0
2422 0.37890625 0.30859375 0
2423 0.37890625 0.3125 0
2424 0.375 0.32421875 0
2425 0.39453125 0.33984375 0
2426 0.35546875 0.33203125 0
2427 0.35546875 0.34765625 0
2428 0.33984375 0.33984375 0
2429 0.37109375 0.33984375 0
2430 0.375 0.33984375 0
2431 0.37890625 0.34375 0
2432 0.375 0.33203125 0
2433 0.3828125 0.33203125 0
2434 0.37109375 0.3359375 0
2435 0.37109375 0.328125 0
2436 0.36328125 0.32421875 0
2437 0.36328125 0.328125 0
2438 0.3671875 0.33203125 0
2439 0.36328125 0.33984375 0
2440 0.36328125 0.3359375 0
2441 0.39453125 0.34375 0
2442 0.40234375 0.34375 0
2443 0.390625 0.34765625 0
2444 0.41796875 0.34765625 0
2445 0.42578125 0.34765625 0
2446 0.40234375 0.3515625 0
2447 0.40625 0.35546875 0
2448 0.40625 0.34765625 0
2449 0.41015625 0.33984375 0
2450 0.41015625 0.34375 0
2451 0.41796875 0.35546875 0
2452 0.40625 0.3671875 0
2453 0.41015625 0.36328125 0
2454 0.3984375 0.4375 0
2455 0.40234375 0.44140625 0
2456 0.4453125 0.4296875 0
2457 0.4375 0.4296875 0
2458 0.43359375 0.43359375 0
2459 0.421875 0.4296875 0
2460 0.42578125 0.43359375 0
2461 0.421875 0.4453125 0
2462 0.42578125 0.44140625 0
2463 0.4453125 0.421875 0
2464 0.44140625 0.41796875 0
2465 0.41796875 0.41015625 0
2466 0.41796875 0.41796875 0
2467 0.4609375 0.359375 0
2468 0.46484375 0.35546875 0
2469 0.46484375 0.34765625 0
2470 0.44921875 0.34765625 0
2471 0.4375 0.3359375 0
2472 0.44140625 0.33984375 0
2473 0.44921875 0.33984375 0
2474 0.44921875 0.36328125 0
2475 0.421875 0.3828125 0
2476 0.44921875 0.37890625 0
2477 0.4375 0.3828125 0
2478 0.44140625 0.37890625 0
2479 0.4375 0.3671875 0
2480 0.44140625 0.37109375 0
2481 0.44921875 0.38671875 0
2482 0.359375 0.37109375 0
2483 0.37109375 0.37109375 0
2484 0.3671875 0.37109375 0
2485 0.36328125 0.375 0
2486 0.34765625 0.375 0
2487 0.3515625 0.37890625 0
2488 0.33984375 0.36328125 0
2489 0.34375 0.36328125 0
2490 0.34765625 0.359375 0
2491 0.34375 0.37109375 0
2492 0.3359375 0.37109375 0
2493 0.35546875 0.359375 0
2494 0.36328125 0.35546875 0
2495 0.3515625 0.35546875 0
2496 0.35546875 0.3515625 0
2497 0.31640625 0.3125 0
2498 0.31640625 0.3203125 0
2499 0.3203125 0.32421875 0
2500 0.31640625 0.328125 0
2501 0.30859375 0.3203125 0
2502 0.3125 0.32421875 0
2503 0.30859375 0.30859375 0
2504 0.30859375 0.3125 0
2505 0.33203125 0.3671875 0
2506 0.33203125 0.35546875 0
2507 0.33203125 0.359375 0
2508 0.3359375 0.36328125 0
2509 0.328125 0.37109375 0
2510 0.31640625 0.36328125 0
2511 0.31640625 0.3671875 0
2512 0.3203125 0.37109375 0
2513 0.32421875 0.38671875 0
2514 0.32421875 0.3828125 0
2515 0.328125 0.33203125 0
2516 0.32421875 0.3359375 0
2517 0.32421875 0.34765625 0
2518 0.32421875 0.34375 0
2519 0.31640625 0.33984375 0
2520 0.3203125 0.33984375 0
2521 0.33203125 0.3359375 0
2522 0.33203125 0.34765625 0
2523 0.33203125 0.34375 0
2524 0.5859375 0.4140625 0
2525 0.578125 0.4140625 0
2526 0.48046875 0.33203125 0
2527 0.48828125 0.33203125 0
2528 0.47265625 0.34765625 0
2529 0.47265625 0.33984375 0
2530 0.4609375 0.328125 0
2531 0.46484375 0.33203125 0
2532 0.49609375 0.33203125 0
2533 0.48828125 0.32421875 0
2534 0.50390625 0.33984375 0
2535 0.48828125 0.36328125 0
2536 0.5 0.3828125 0
2537 0.49609375 0.37890625 0
2538 0.5234375 0.328125 0
2539 0.51953125 0.33203125 0
2540 0.51171875 0.33203125 0
2541 0.51171875 0.33984375 0
2542 0.52734375 0.33203125 0
2543 0.50390625 0.3515625 0
2544 0.50390625 0.359375 0
2545 0.5 0.35546875 0
2546 0.48828125 0.35546875 0
2547 0.4921875 0.35546875 0
2548 0.49609375 0.3515625 0
2549 0.50390625 0.37109375 0
2550 0.49609375 0.36328125 0
2551 0.5 0.36328125 0
2552 0.6015625 0.46875 0
2553 0.59765625 0.46484375 0
2554 0.58984375 0.44140625 0
2555 0.58984375 0.43359375 0
2556 0.6171875 0.4375 0
2557 0.6015625 0.453125 0
2558 0.59765625 0.44921875 0
2559 0.59765625 0.44140625 0
2560 0.59765625 0.43359375 0
2561 0.609375 0.4296875 0
2562 0.60546875 0.43359375 0
2563 0.61328125 0.44140625 0
2564 0.52734375 0.48046875 0
2565 0.55078125 0.47265625 0
2566 0.5546875 0.4921875 0
2567 0.5546875 0.484375 0
2568 0.55078125 0.48046875 0
2569 0.546875 0.4921875 0
2570 0.54296875 0.48828125 0
2571 0.54296875 0.484375 0
2572 0.50390625 0.51171875 0
2573 0.51953125 0.51171875 0
2574 0.51171875 0.51171875 0
2575 0.52734375 0.5 0
2576 0.52734375 0.48828125 0
2577 0.52734375 0.4921875 0
2578 0.50390625 0.49609375 0
2579 0.51171875 0.4921875 0
2580 0.5078125 0.49609375 0
2581 0.50390625 0.48828125 0
2582 0.5078125 0.48828125 0
2583 0.5078125 0.546875 0
2584 0.51171875 0.54296875 0
2585 0.51171875 0.53125 0
2586 0.5078125 0.52734375 0
2587 0.5 0.52734375 0
2588 0.5078125 0.53515625 0
2589 0.49609375 0.5390625 0
2590 0.49609375 0.546875 0
2591 0.4921875 0.54296875 0
2592 0.4921875 0.53515625 0
2593 0.484375 0.54296875 0
2594 0.48828125 0.5390625 0
2595 0.48046875 0.56640625 0
2596 0.4609375 0.546875 0
2597 0.46484375 0.54296875 0
2598 0.46875 0.54296875 0
2599 0.46484375 0.55078125 0
2600 0.46875 0.55078125 0
2601 0.44921875 0.53515625 0
2602 0.44921875 0.54296875 0
2603 0.4296875 0.5 0
2604 0.42578125 0.50390625 0
2605 0.40625 0.5078125 0
2606 0.41015625 0.50390625 0
2607 0.41796875 0.50390625 0
2608 0.49609375 0.5703125 0
2609 0.4921875 0.57421875 0
2610 0.5 0.56640625 0
2611 0.48046875 0.58984375 0
2612 0.49609375 0.58984375 0
2613 0.50390625 0.58984375 0
2614 0.49609375 0.578125 0
2615 0.48828125 0.578125 0
2616 0.48046875 0.58203125 0
2617 0.484375 0.58203125 0
2618 0.49609375 0.55859375 0
2619 0.4921875 0.55859375 0
2620 0.48046875 0.55859375 0
2621 0.484375 0.55859375 0
2622 0.48828125 0.5546875 0
2623 0.46484375 0.46484375 0
2624 0.4609375 0.453125 0
2625 0.46484375 0.45703125 0
2626 0.4609375 0.484375 0
2627 0.47265625 0.48046875 0
2628 0.46484375 0.47265625 0
2629 0.47265625 0.46875 0
2630 0.46875 0.46484375 0
2631 0.4453125 0.48828125 0
2632 0.44921875 0.4921875 0
2633 0.4296875 0.484375 0
2634 0.43359375 0.48828125 0
2635 0.44140625 0.5 0
2636 0.4453125 0.515625 0
2637 0.44140625 0.51171875 0
2638 0.5390625 0.625 0
2639 0.54296875 0.62109375 0
2640 0.5546875 0.6015625 0
2641 0.5546875 0.609375 0
2642 0.55078125 0.61328125 0
2643 0.53125 0.6015625 0
2644 0.53515625 0.60546875 0
2645 0.54296875 0.66015625 0
2646 0.54296875 0.66796875 0
2647 0.54296875 0.65234375 0
2648 0.53515625 0.66796875 0
2649 0.53515625 0.67578125 0
2650 0.54296875 0.67578125 0
2651 0.50390625 0.62109375 0
2652 0.51171875 0.61328125 0
2653 0.5078125 0.61328125 0
2654 0.48828125 0.6015625 0
2655 0.48828125 0.6171875 0
2656 0.48046875 0.59765625 0
2657 0.53125 0.5546875 0
2658 0.5234375 0.5625 0
2659 0.51953125 0.55859375 0
2660 0.515625 0.55859375 0
2661 0.5078125 0.55859375 0
2662 0.48828125 0.63671875 0
2663 0.46875 0.6328125 0
2664 0.47265625 0.62890625 0
2665 0.47265625 0.625 0
2666 0.49609375 0.62890625 0
2667 0.49609375 0.625 0
2668 0.4921875 0.62109375 0
2669 0.67578125 0.63671875 0
2670 0.68359375 0.64453125 0
2671 0.6953125 0.625 0
2672 0.69140625 0.62890625 0
2673 0.6953125 0.65625 0
2674 0.69140625 0.65234375 0
2675 0.6953125 0.640625 0
2676 0.69140625 0.64453125 0
2677 0.67578125 0.65234375 0
2678 0.6796875 0.609375 0
2679 0.68359375 0.60546875 0
2680 0.59375 0.6484375 0
2681 0.5859375 0.65625 0
2682 0.578125 0.6484375 0
2683 0.58203125 0.64453125 0
2684 0.58984375 0.64453125 0
2685 0.58984375 0.63671875 0
2686 0.59765625 0.63671875 0
2687 0.6015625 0.625 0
2688 0.59765625 0.62890625 0
2689 0.5625 0.6328125 0
2690 0.56640625 0.62890625 0
2691 0.56640625 0.62109375 0
2692 0.53125 0.703125 0
2693 0.5390625 0.6953125 0
2694 0.5390625 0.6875 0
2695 0.53515625 0.68359375 0
2696 0.52734375 0.67578125 0
2697 0.5234375 0.6953125 0
2698 0.5234375 0.6875 0
2699 0.52734375 0.68359375 0
2700 0.55078125 0.67578125 0
2701 0.5703125 0.640625 0
2702 0.55078125 0.64453125 0
2703 0.55859375 0.63671875 0
2704 0.546875 0.6328125 0
2705 0.55078125 0.63671875 0
2706 0.5546875 0.65234375 0
2707 0.3984375 0.671875 0
2708 0.40234375 0.66796875 0
2709 0.4140625 0.6796875 0
2710 0.4140625 0.671875 0
2711 0.41015625 0.66796875 0
2712 0.4140625 0.64453125 0
2713 0.40625 0.6328125 0
2714 0.41015625 0.63671875 0
2715 0.41015625 0.640625 0
2716 0.42578125 0.65234375 0
2717 0.41796875 0.6484375 0
2718 0.3828125 0.59375 0
2719 0.390625 0.5859375 0
2720 0.3828125 0.578125 0
2721 0.421875 0.6171875 0
2722 0.4296875 0.609375 0
2723 0.43359375 0.62109375 0
2724 0.43359375 0.6328125 0
2725 0.4375 0.62890625 0
2726 0.44140625 0.61328125 0
2727 0.43359375 0.61328125 0
2728 0.4453125 0.62890625 0
2729 0.44140625 0.62109375 0
2730 0.44140625 0.625 0
2731 0.44921875 0.625 0
2732 0.44921875 0.61328125 0
2733 0.44921875 0.6171875 0
2734 0.62890625 0.58984375 0
2735 0.6171875 0.578125 0
2736 0.62109375 0.58203125 0
2737 0.625 0.58203125 0
2738 0.63671875 0.56640625 0
2739 0.62890625 0.57421875 0
2740 0.6328125 0.57421875 0
2741 0.64453125 0.57421875 0
2742 0.640625 0.57421875 0
2743 0.6015625 0.6953125 0
2744 0.5390625 0.4453125 0
2745 0.5390625 0.4296875 0
2746 0.3984375 0.6171875 0
2747 0.4453125 0.6796875 0
2748 0.4453125 0.640625 0
2749 0.6796875 0.5859375 0
2750 0.6796875 0.3515625 0
2751 0.3828125 0.375 0
2752 0.453125 0.5234375 0
2753 0.6640625 0.59375 0
2754 0.4296875 0.53125 0
2755 0.5859375 0.3671875 0
2756 0.5859375 0.3515625 0
2757 0.5625 0.5546875 0
2758 0.625 0.6796875 0
2759 0.40625 0.5234375 0
2760 0.3828125 0.546875 0
2761 0.375 0.4609375 0
2762 0.359375 0.4609375 0
2763 0.3671875 0.4453125 0
2764 0.3671875 0.453125 0
2765 0.34375 0.3203125 0
2766 0.328125 0.3046875 0
2767 0.32421875 0.30859375 0
2768 0.2890625 0.3359375 0
2769 0.296875 0.3359375 0
2770 0.30078125 0.33984375 0
2771 0.515625 0.3671875 0
2772 0.51171875 0.36328125 0
2773 0.53515625 0.48828125 0
2774 0.53515625 0.49609375 0
2775 0.51953125 0.50390625 0
2776 0.47265625 0.52734375 0
2777 0.48828125 0.56640625 0
2778 0.48046875 0.57421875 0
2779 0.4296875 0.453125 0
2780 0.46484375 0.49609375 0
2781 0.45703125 0.48828125 0
2782 0.4765625 0.453125 0
2783 0.48046875 0.47265625 0
2784 0.50390625 0.60546875 0
2785 0.49609375 0.60546875 0
2786 0.515625 0.5703125 0
2787 0.51171875 0.56640625 0
2788 0.6953125 0.609375 0
2789 0.578125 0.6171875 0
2790 0.515625 0.6796875 0
2791 0.3828125 0.6796875 0
2792 0.41796875 0.63671875 0
2793 0.703125 0.53125 0
2794 0.6953125 0.5390625 0
2795 0.5546875 0.3984375 0
2796 0.5390625 0.4140625 0
2797 0.6796875 0.5234375 0
2798 0.28125 0.6875 0
2799 0.296875 0.671875 0
2800 0.3125 0.671875 0
2801 0.6796875 0.3359375 0
2802 0.3671875 0.4296875 0
2803 0.3828125 0.4296875 0
2804 0.5703125 0.3984375 0
2805 0.46875 0.5859375 0
2806 0.515625 0.5859375 0
2807 0.328125 0.5390625 0
2808 0.4296875 0.59375 0
2809 0.703125 0.40625 0
2810 0.6953125 0.4140625 0
2811 0.6484375 0.5546875 0
2812 0.6484375 0.5625 0
2813 0.3359375 0.4609375 0
2814 0.484375 0.4609375 0
2815 0.4921875 0.453125 0
2816 0.5859375 0.3984375 0
2817 0.4765625 0.6875 0
2818 0.4453125 0.6875 0
2819 0.34375 0.4609375 0
2820 0.3203125 0.453125 0
2821 0.3984375 0.375 0
2822 0.40234375 0.36328125 0
2823 0.421875 0.3359375 0
2824 0.43359375 0.32421875 0
2825 0.4375 0.3984375 0
2826 0.37109375 0.36328125 0
2827 0.37109375 0.35546875 0
2828 0.32421875 0.36328125 0
2829 0.31640625 0.38671875 0
2830 0.33203125 0.39453125 0
2831 0.53125 0.4453125 0
2832 0.4765625 0.390625 0
2833 0.609375 0.4609375 0
2834 0.53515625 0.46484375 0
2835 0.4375 0.5234375 0
2836 0.4921875 0.46875 0
2837 0.48828125 0.47265625 0
2838 0.5078125 0.640625 0
2839 0.50390625 0.62890625 0
2840 0.49609375 0.59765625 0
2841 0.46484375 0.59765625 0
2842 0.47265625 0.60546875 0
2843 0.4609375 0.609375 0
2844 0.45703125 0.60546875 0
2845 0.44921875 0.59765625 0
2846 0.421875 0.6640625 0
2847 0.41796875 0.66015625 0
2848 0.4296875 0.671875 0
2849 0.6796875 0.3984375 0
2850 0.6796875 0.4140625 0
2851 0.5703125 0.3359375 0
2852 0.5625 0.3359375 0
2853 0.6796875 0.578125 0
2854 0.6953125 0.5625 0
2855 0.6875 0.5859375 0
2856 0.6953125 0.578125 0
2857 0.6484375 0.625 0
2858 0.640625 0.6171875 0
2859 0.6328125 0.625 0
2860 0.359375 0.5234375 0
2861 0.640625 0.3671875 0
2862 0.6640625 0.359375 0
2863 0.65625 0.3828125 0
2864 0.671875 0.3828125 0
2865 0.3125 0.4140625 0
2866 0.40234375 0.31640625 0
2867 0.3828125 0.4140625 0
2868 0.390625 0.4140625 0
2869 0.5703125 0.46875 0
2870 0.578125 0.4765625 0
2871 0.5703125 0.453125 0
2872 0.51171875 0.51953125 0
2873 0.52734375 0.51953125 0
2874 0.52734375 0.52734375 0
2875 0.5234375 0.640625 0
2876 0.53125 0.6328125 0
2877 0.41015625 0.65234375 0
2878 0.375 0.6484375 0
2879 0.40625 0.6171875 0
2880 0.4375 0.6484375 0
2881 0.43359375 0.64453125 0
2882 0.4453125 0.671875 0
2883 0.44921875 0.65234375 0
2884 0.64453125 0.58203125 0
2885 0.63671875 0.58984375 0
2886 0.328125 0.5703125 0
2887 0.3203125 0.578125 0
2888 0.6328125 0.515625 0
2889 0.6328125 0.5 0
2890 0.6640625 0.5390625 0
2891 0.65625 0.5234375 0
2892 0.6484375 0.640625 0
2893 0.6640625 0.640625 0
2894 0.3515625 0.421875 0
2895 0.3515625 0.390625 0
2896 0.37890625 0.35546875 0
2897 0.453125 0.3046875 0
2898 0.40625 0.3828125 0
2899 0.41796875 0.36328125 0
2900 0.55078125 0.46484375 0
2901 0.515625 0.4765625 0
2902 0.49609375 0.48828125 0
2903 0.47265625 0.57421875 0
2904 0.4609375 0.5625 0
2905 0.46484375 0.56640625 0
2906 0.4609375 0.40625 0
2907 0.453125 0.4140625 0
2908 0.4765625 0.421875 0
2909 0.3046875 0.53125 0
2910 0.30859375 0.53515625 0
2911 0.2890625 0.5546875 0
2912 0.296875 0.5546875 0
2913 0.30078125 0.55859375 0
2914 0.671875 0.6796875 0
2915 0.65625 0.6796875 0
2916 0.703125 0.703125 0
2917 0.6875 0.703125 0
2918 0.6796875 0.6953125 0
2919 0.671875 0.6953125 0
2920 0.671875 0.6640625 0
2921 0.703125 0.6875 0
2922 0.6953125 0.6796875 0
2923 0.6953125 0.671875 0
2924 0.6875 0.4453125 0
2925 0.6953125 0.46875 0
2926 0.66015625 0.50390625 0
2927 0.66796875 0.48828125 0
2928 0.6015625 0.609375 0
2929 0.62109375 0.58984375 0
2930 0.61328125 0.59765625 0
2931 0.61328125 0.58203125 0
2932 0.625 0.6328125 0
2933 0.5546875 0.515625 0
2934 0.59375 0.5546875 0
2935 0.5859375 0.5625 0
2936 0.578125 0.4921875 0
2937 0.65625 0.3046875 0
2938 0.640625 0.3046875 0
2939 0.3359375 0.484375 0
2940 0.3515625 0.5 0
2941 0.44921875 0.32421875 0
2942 0.44140625 0.31640625 0
2943 0.45703125 0.32421875 0
2944 0.5 0.4453125 0
2945 0.5234375 0.4375 0
2946 0.53125 0.4296875 0
2947 0.5234375 0.421875 0
2948 0.5078125 0.421875 0
2949 0.5 0.4296875 0
2950 0.41796875 0.55859375 0
2951 0.41015625 0.56640625 0
2952 0.4375 0.5390625 0
2953 0.43359375 0.54296875 0
2954 0.40234375 0.53515625 0
2955 0.40234375 0.54296875 0
2956 0.3671875 0.5703125 0
2957 0.375 0.5703125 0
2958 0.65625 0.4453125 0
2959 0.6640625 0.453125 0
2960 0.640625 0.4296875 0
2961 0.6328125 0.46875 0
2962 0.63671875 0.46484375 0
2963 0.64453125 0.46484375 0
2964 0.6484375 0.4375 0
2965 0.64453125 0.44921875 0
2966 0.63671875 0.59765625 0
2967 0.6484375 0.609375 0
2968 0.64453125 0.60546875 0
2969 0.64453125 0.59765625 0
2970 0.58984375 0.58203125 0
2971 0.60546875 0.58984375 0
2972 0.59765625 0.59765625 0
2973 0.3671875 0.5 0
2974 0.375 0.4921875 0
2975 0.5390625 0.3125 0
2976 0.5 0.1875 0
2977 0.53125 0.21875 0
2978 0.53125 0.25 0
2979 0.515625 0.265625 0
2980 0.515625 0.28125 0
2981 0.5234375 0.2890625 0
2982 0.5234375 0.296875 0
2983 0.51953125 0.30078125 0
2984 0.52734375 0.30859375 0
2985 0.546875 0.5703125 0
2986 0.54296875 0.56640625 0
2987 0.56640625 0.55078125 0
2988 0.57421875 0.55859375 0
2989 0.56640625 0.54296875 0
2990 0.6015625 0.5390625 0
2991 0.59375 0.5390625 0
2992 0.57421875 0.54296875 0
2993 0.5625 0.5234375 0
2994 0.56640625 0.52734375 0
2995 0.54296875 0.54296875 0
2996 0.55078125 0.53515625 0
2997 0.54296875 0.51953125 0
2998 0.54296875 0.52734375 0
2999 0.55078125 0.51953125 0
3000 0.546875 0.5078125 0
3001 0.54296875 0.51171875 0
3002 0.48828125 0.66796875 0
3003 0.47265625 0.66796875 0
3004 0.48828125 0.67578125 0
3005 0.5 0.8125 0
3006 0.46875 0.78125 0
3007 0.46875 0.75 0
3008 0.484375 0.734375 0
3009 0.484375 0.71875 0
3010 0.4765625 0.7109375 0
3011 0.4765625 0.703125 0
3012 0.48046875 0.69921875 0
3013 0.48046875 0.69140625 0
3014 0.49609375 0.69140625 0
3015 0.38671875 0.51953125 0
3016 0.40234375 0.51171875 0
3017 0.40625 0.4765625 0
3018 0.40625 0.4609375 0
3019 0.609375 0.3359375 0
3020 0.5703125 0.3515625 0
3021 0.63671875 0.34765625 0
3022 0.63671875 0.35546875 0
3023 0.63671875 0.33984375 0
3024 0.640625 0.3828125 0
3025 0.65625 0.4140625 0
3026 0.64453125 0.41796875 0
3027 0.62890625 0.41015625 0
3028 0.63671875 0.42578125 0
3029 0.39453125 0.45703125 0
3030 0.390625 0.4765625 0
3031 0.36328125 0.47265625 0
3032 0.36328125 0.48828125 0
3033 0.3203125 0.4375 0
3034 0.32421875 0.43359375 0
3035 0.31640625 0.43359375 0
3036 0.37109375 0.30859375 0
3037 0.3828125 0.32421875 0
3038 0.35546875 0.32421875 0
3039 0.34765625 0.33984375 0
3040 0.33984375 0.32421875 0
3041 0.37890625 0.3359375 0
3042 0.37890625 0.328125 0
3043 0.359375 0.33203125 0
3044 0.3671875 0.32421875 0
3045 0.39453125 0.3515625 0
3046 0.38671875 0.35546875 0
3047 0.38671875 0.3515625 0
3048 0.42578125 0.35546875 0
3049 0.40234375 0.359375 0
3050 0.41015625 0.3515625 0
3051 0.40625 0.4296875 0
3052 0.41796875 0.44140625 0
3053 0.41796875 0.43359375 0
3054 0.41015625 0.43359375 0
3055 0.41015625 0.44140625 0
3056 0.44140625 0.41015625 0
3057 0.43359375 0.41015625 0
3058 0.4296875 0.421875 0
3059 0.42578125 0.41796875 0
3060 0.41015625 0.42578125 0
3061 0.44140625 0.34765625 0
3062 0.44921875 0.35546875 0
3063 0.44140625 0.35546875 0
3064 0.43359375 0.34765625 0
3065 0.45703125 0.38671875 0
3066 0.44140625 0.39453125 0
3067 0.46875 0.3984375 0
3068 0.453125 0.3984375 0
3069 0.45703125 0.39453125 0
3070 0.46484375 0.39453125 0
3071 0.35546875 0.3671875 0
3072 0.35546875 0.375 0
3073 0.35546875 0.38671875 0
3074 0.35546875 0.3828125 0
3075 0.359375 0.37890625 0
3076 0.34765625 0.3671875 0
3077 0.3515625 0.36328125 0
3078 0.33984375 0.375 0
3079 0.36328125 0.34765625 0
3080 0.30859375 0.33203125 0
3081 0.30078125 0.33203125 0
3082 0.30859375 0.328125 0
3083 0.30078125 0.32421875 0
3084 0.3046875 0.32421875 0
3085 0.3046875 0.40625 0
3086 0.31640625 0.40234375 0
3087 0.30859375 0.40234375 0
3088 0.2890625 0.3671875 0
3089 0.296875 0.3671875 0
3090 0.30078125 0.37109375 0
3091 0.21875 0.40625 0
3092 0.25 0.40625 0
3093 0.265625 0.390625 0
3094 0.28125 0.390625 0
3095 0.2890625 0.3828125 0
3096 0.296875 0.3828125 0
3097 0.30078125 0.37890625 0
3098 0.30859375 0.37890625 0
3099 0.32421875 0.3671875 0
3100 0.33984375 0.35546875 0
3101 0.328125 0.36328125 0
3102 0.30859375 0.37109375 0
3103 0.3125 0.37109375 0
3104 0.33984375 0.3828125 0
3105 0.3046875 0.31640625 0
3106 0.3203125 0.33203125 0
3107 0.328125 0.33984375 0
3108 0.3359375 0.33984375 0
3109 0.5703125 0.40625 0
3110 0.52734375 0.45703125 0
3111 0.48046875 0.33984375 0
3112 0.47265625 0.33203125 0
3113 0.46484375 0.33984375 0
3114 0.48828125 0.37109375 0
3115 0.48828125 0.37890625 0
3116 0.51953125 0.33984375 0
3117 0.5390625 0.328125 0
3118 0.53515625 0.33203125 0
3119 0.51171875 0.34765625 0
3120 0.5 0.34765625 0
3121 0.49609375 0.33984375 0
3122 0.49609375 0.34375 0
3123 0.49609375 0.37109375 0
3124 0.59765625 0.45703125 0
3125 0.578125 0.4453125 0
3126 0.58203125 0.44140625 0
3127 0.6171875 0.453125 0
3128 0.61328125 0.44921875 0
3129 0.53515625 0.47265625 0
3130 0.52734375 0.47265625 0
3131 0.5390625 0.48046875 0
3132 0.53515625 0.484375 0
3133 0.53125 0.48046875 0
3134 0.53515625 0.4765625 0
3135 0.546875 0.48046875 0
3136 0.51171875 0.50390625 0
3137 0.51953125 0.49609375 0
3138 0.5234375 0.49609375 0
3139 0.515625 0.49609375 0
3140 0.51171875 0.5 0
3141 0.5 0.4765625 0
3142 0.50390625 0.48046875 0
3143 0.51953125 0.48828125 0
3144 0.515625 0.48828125 0
3145 0.515625 0.52734375 0
3146 0.51171875 0.5234375 0
3147 0.50390625 0.54296875 0
3148 0.50390625 0.5390625 0
3149 0.5 0.54296875 0
3150 0.49609375 0.53125 0
3151 0.4765625 0.53515625 0
3152 0.484375 0.53515625 0
3153 0.453125 0.5546875 0
3154 0.4765625 0.54296875 0
3155 0.47265625 0.5390625 0
3156 0.4765625 0.55078125 0
3157 0.47265625 0.55859375 0
3158 0.47265625 0.5546875 0
3159 0.46484375 0.53515625 0
3160 0.45703125 0.52734375 0
3161 0.42578125 0.51171875 0
3162 0.41015625 0.49609375 0
3163 0.41796875 0.49609375 0
3164 0.44140625 0.53515625 0
3165 0.44140625 0.52734375 0
3166 0.50390625 0.57421875 0
3167 0.5 0.57421875 0
3168 0.4921875 0.56640625 0
3169 0.48828125 0.58984375 0
3170 0.50390625 0.58203125 0
3171 0.5 0.58203125 0
3172 0.4375 0.4765625 0
3173 0.43359375 0.47265625 0
3174 0.42578125 0.47265625 0
3175 0.42578125 0.46484375 0
3176 0.41796875 0.45703125 0
3177 0.46484375 0.48046875 0
3178 0.4765625 0.47265625 0
3179 0.44140625 0.46484375 0
3180 0.453125 0.4609375 0
3181 0.44921875 0.46484375 0
3182 0.4453125 0.49609375 0
3183 0.43359375 0.49609375 0
3184 0.4375 0.49609375 0
3185 0.43359375 0.50390625 0
3186 0.44921875 0.50390625 0
3187 0.4453125 0.50390625 0
3188 0.54296875 0.61328125 0
3189 0.5546875 0.625 0
3190 0.55078125 0.62109375 0
3191 0.5390625 0.59375 0
3192 0.546875 0.6015625 0
3193 0.54296875 0.60546875 0
3194 0.53515625 0.66015625 0
3195 0.50390625 0.6171875 0
3196 0.51171875 0.609375 0
3197 0.49609375 0.61328125 0
3198 0.4921875 0.61328125 0
3199 0.484375 0.61328125 0
3200 0.47265625 0.58984375 0
3201 0.4921875 0.59765625 0
3202 0.47265625 0.61328125 0
3203 0.51171875 0.55078125 0
3204 0.51953125 0.55078125 0
3205 0.50390625 0.5625 0
3206 0.4765625 0.62109375 0
3207 0.46484375 0.62109375 0
3208 0.46875 0.62109375 0
3209 0.48046875 0.6171875 0
3210 0.484375 0.62109375 0
3211 0.68359375 0.63671875 0
3212 0.67578125 0.64453125 0
3213 0.69140625 0.63671875 0
3214 0.69140625 0.60546875 0
3215 0.58203125 0.63671875 0
3216 0.58984375 0.62890625 0
3217 0.54296875 0.68359375 0
3218 0.55078125 0.65625 0
3219 0.55078125 0.66796875 0
3220 0.55078125 0.6640625 0
3221 0.55078125 0.6484375 0
3222 0.546875 0.65234375 0
3223 0.421875 0.64453125 0
3224 0.375 0.5859375 0
3225 0.42578125 0.62890625 0
3226 0.4296875 0.62890625 0
3227 0.45703125 0.61328125 0
3228 0.64453125 0.56640625 0
3229 0.3515625 0.4453125 0
3230 0.6328125 0.484375 0
3231 0.625 0.6953125 0
3232 0.4375 0.3046875 0
3233 0.43359375 0.30859375 0
3234 0.3046875 0.390625 0
3235 0.30859375 0.38671875 0
3236 0.515625 0.3828125 0
3237 0.51171875 0.37890625 0
3238 0.51953125 0.48046875 0
3239 0.50390625 0.51953125 0
3240 0.4453125 0.5625 0
3241 0.44140625 0.55859375 0
3242 0.5234375 0.609375 0
3243 0.53125 0.6171875 0
3244 0.51953125 0.62109375 0
3245 0.4140625 0.6953125 0
3246 0.421875 0.6796875 0
3247 0.3984375 0.6875 0
3248 0.390625 0.3828125 0
3249 0.53125 0.3671875 0
3250 0.53125 0.5859375 0
3251 0.3359375 0.515625 0
3252 0.4453125 0.578125 0
3253 0.625 0.4921875 0
3254 0.6171875 0.5 0
3255 0.671875 0.6015625 0
3256 0.65625 0.6640625 0
3257 0.5078125 0.65625 0
3258 0.375 0.5546875 0
3259 0.390625 0.5546875 0
3260 0.671875 0.3984375 0
3261 0.41796875 0.32421875 0
3262 0.41015625 0.32421875 0
3263 0.34375 0.21875 0
3264 0.34375 0.25 0
3265 0.328125 0.265625 0
3266 0.328125 0.28125 0
3267 0.3359375 0.2890625 0
3268 0.3359375 0.296875 0
3269 0.33984375 0.30078125 0
3270 0.54296875 0.49609375 0
3271 0.4453125 0.453125 0
3272 0.4453125 0.4375 0
3273 0.56640625 0.67578125 0
3274 0.578125 0.6796875 0
3275 0.57421875 0.67578125 0
3276 0.3359375 0.6328125 0
3277 0.34375 0.671875 0
3278 0.3515625 0.6640625 0
3279 0.3515625 0.6484375 0
3280 0.359375 0.6484375 0
3281 0.44140625 0.66015625 0
3282 0.44921875 0.66015625 0
3283 0.66015625 0.59765625 0
3284 0.5390625 0.40625 0
3285 0.3515625 0.609375 0
3286 0.3203125 0.5625 0
3287 0.34375 0.5546875 0
3288 0.3359375 0.578125 0
3289 0.625 0.5234375 0
3290 0.37890625 0.37109375 0
3291 0.41796875 0.37890625 0
3292 0.37890625 0.38671875 0
3293 0.56640625 0.46484375 0
3294 0.48828125 0.48828125 0
3295 0.5625 0.6015625 0
3296 0.6796875 0.4375 0
3297 0.6953125 0.453125 0
3298 0.6875 0.4765625 0
3299 0.6015625 0.546875 0
3300 0.6171875 0.65625 0
3301 0.609375 0.6484375 0
3302 0.5546875 0.5 0
3303 0.5859375 0.515625 0
3304 0.484375 0.3984375 0
3305 0.43359375 0.55859375 0
3306 0.41796875 0.53515625 0
3307 0.421875 0.5234375 0
3308 0.41796875 0.52734375 0
3309 0.41015625 0.52734375 0
3310 0.39453125 0.55078125 0
3311 0.42578125 0.51953125 0
3312 0.43359375 0.51171875 0
3313 0.65625 0.4296875 0
3314 0.62890625 0.60546875 0
3315 0.58984375 0.57421875 0
3316 0.58203125 0.56640625 0
3317 0.57421875 0.57421875 0
3318 0.59375 0.3515625 0
3319 0.59375 0.3671875 0
3320 0.53515625 0.54296875 0
3321 0.52734375 0.54296875 0
3322 0.6328125 0.6875 0
3323 0.640625 0.6796875 0
3324 0.61328125 0.68359375 0
3325 0.58203125 0.66796875 0
3326 0.57421875 0.66796875 0
3327 0.44921875 0.58984375 0
3328 0.48828125 0.68359375 0
3329 0.48046875 0.68359375 0
3330 0.39453125 0.54296875 0
3331 0.3671875 0.546875 0
3332 0.37109375 0.54296875 0
3333 0.3828125 0.484375 0
3334 0.39453125 0.48828125 0
3335 0.39453125 0.48046875 0
3336 0.5859375 0.34375 0
3337 0.578125 0.3359375 0
3338 0.609375 0.3515625 0
3339 0.62890625 0.34765625 0
3340 0.609375 0.3984375 0
3341 0.62890625 0.40234375 0
3342 0.62109375 0.40234375 0
3343 0.38671875 0.328125 0
3344 0.39453125 0.32421875 0
3345 0.390625 0.32421875 0
3346 0.3515625 0.3125 0
3347 0.35546875 0.31640625 0
3348 0.33984375 0.31640625 0
3349 0.33203125 0.30859375 0
3350 0.40234375 0.33203125 0
3351 0.40234375 0.32421875 0
3352 0.40625 0.33984375 0
3353 0.390625 0.35546875 0
3354 0.41796875 0.44921875 0
3355 0.44921875 0.40234375 0
3356 0.45703125 0.34765625 0
3357 0.45703125 0.33203125 0
3358 0.45703125 0.33984375 0
3359 0.46484375 0.37890625 0
3360 0.34765625 0.38671875 0
3361 0.34765625 0.3828125 0
3362 0.34765625 0.34765625 0
3363 0.34765625 0.3515625 0
3364 0.31640625 0.41015625 0
3365 0.328125 0.38671875 0
3366 0.33203125 0.390625 0
3367 0.328125 0.37890625 0
3368 0.33203125 0.3828125 0
3369 0.3359375 0.37890625 0
3370 0.30078125 0.34375 0
3371 0.30859375 0.3359375 0
3372 0.3125 0.33984375 0
3373 0.30859375 0.34765625 0
3374 0.30859375 0.34375 0
3375 0.33203125 0.32421875 0
3376 0.33203125 0.328125 0
3377 0.52734375 0.46484375 0
3378 0.5390625 0.453125 0
3379 0.53515625 0.45703125 0
3380 0.51953125 0.47265625 0
3381 0.51953125 0.34765625 0
3382 0.5078125 0.35546875 0
3383 0.58984375 0.46484375 0
3384 0.58984375 0.45703125 0
3385 0.48046875 0.546875 0
3386 0.44140625 0.55078125 0
3387 0.44921875 0.55078125 0
3388 0.43359375 0.45703125 0
3389 0.44921875 0.48046875 0
3390 0.45703125 0.47265625 0
3391 0.44140625 0.4921875 0
3392 0.4375 0.48828125 0
3393 0.5078125 0.56640625 0
3394 0.48046875 0.609375 0
3395 0.48828125 0.62890625 0
3396 0.48828125 0.625 0
3397 0.45703125 0.58203125 0
3398 0.44921875 0.58203125 0
3399 0.45703125 0.5859375 0
3400 0.68359375 0.62109375 0
3401 0.6640625 0.625 0
3402 0.66796875 0.62109375 0
3403 0.8125 0.625 0
3404 0.78125 0.59375 0
3405 0.75 0.59375 0
3406 0.734375 0.609375 0
3407 0.71875 0.609375 0
3408 0.7109375 0.6015625 0
3409 0.703125 0.6015625 0
3410 0.69921875 0.59765625 0
3411 0.69140625 0.58984375 0
3412 0.58984375 0.62109375 0
3413 0.58203125 0.61328125 0
3414 0.58984375 0.60546875 0
3415 0.52734375 0.66796875 0
3416 0.51953125 0.66796875 0
3417 0.55859375 0.65625 0
3418 0.55859375 0.6640625 0
3419 0.56640625 0.66015625 0
3420 0.5625 0.66015625 0
3421 0.56640625 0.65234375 0
3422 0.5625 0.65234375 0
3423 0.55859375 0.67578125 0
3424 0.55859375 0.6796875 0
3425 0.55078125 0.68359375 0
3426 0.5546875 0.68359375 0
3427 0.55859375 0.6875 0
3428 0.56640625 0.6796875 0
3429 0.375 0.703125 0
3430 0.3828125 0.6953125 0
3431 0.390625 0.6953125 0
3432 0.40625 0.6953125 0
3433 0.3671875 0.6640625 0
3434 0.39453125 0.66015625 0
3435 0.3828125 0.671875 0
3436 0.38671875 0.66796875 0
3437 0.390625 0.6015625 0
3438 0.3671875 0.6015625 0
3439 0.375 0.6015625 0
3440 0.44140625 0.63671875 0
3441 0.4375 0.63671875 0
3442 0.63671875 0.578125 0
3443 0.3515625 0.5625 0
3444 0.671875 0.5546875 0
3445 0.34375 0.4296875 0
3446 0.359375 0.4296875 0
3447 0.3828125 0.2890625 0
3448 0.3828125 0.296875 0
3449 0.38671875 0.30078125 0
3450 0.39453125 0.30859375 0
3451 0.5546875 0.40625 0
3452 0.546875 0.4140625 0
3453 0.5546875 0.421875 0
3454 0.640625 0.5390625 0
3455 0.6484375 0.546875 0
3456 0.65625 0.5390625 0
3457 0.3359375 0.6640625 0
3458 0.3359375 0.6484375 0
3459 0.6953125 0.3984375 0
3460 0.6953125 0.3828125 0
3461 0.6796875 0.390625 0
3462 0.6875 0.3828125 0
3463 0.3671875 0.421875 0
3464 0.359375 0.4140625 0
3465 0.546875 0.3671875 0
3466 0.54296875 0.37109375 0
3467 0.53515625 0.37890625 0
3468 0.54296875 0.37890625 0
3469 0.53515625 0.36328125 0
3470 0.5703125 0.3671875 0
3471 0.55078125 0.37890625 0
3472 0.5703125 0.375 0
3473 0.55859375 0.37890625 0
3474 0.56640625 0.37890625 0
3475 0.5234375 0.578125 0
3476 0.33984375 0.54296875 0
3477 0.33984375 0.53515625 0
3478 0.34765625 0.53515625 0
3479 0.34765625 0.54296875 0
3480 0.328125 0.5546875 0
3481 0.33203125 0.55078125 0
3482 0.33203125 0.53515625 0
3483 0.3515625 0.515625 0
3484 0.35546875 0.54296875 0
3485 0.35546875 0.55078125 0
3486 0.34765625 0.55078125 0
3487 0.35546875 0.53515625 0
3488 0.36328125 0.54296875 0
3489 0.36328125 0.55078125 0
3490 0.3671875 0.5625 0
3491 0.36328125 0.55859375 0
3492 0.421875 0.5859375 0
3493 0.41796875 0.58984375 0
3494 0.41796875 0.59765625 0
3495 0.3984375 0.59375 0
3496 0.40234375 0.58984375 0
3497 0.42578125 0.58203125 0
3498 0.671875 0.4296875 0
3499 0.6796875 0.421875 0
3500 0.6875 0.4296875 0
3501 0.65234375 0.48046875 0
3502 0.65234375 0.48828125 0
3503 0.66015625 0.57421875 0
3504 0.3203125 0.6484375 0
3505 0.328125 0.6328125 0
3506 0.296875 0.625 0
3507 0.3046875 0.6328125 0
3508 0.3125 0.6328125 0
3509 0.3203125 0.640625 0
3510 0.5546875 0.578125 0
3511 0.50390625 0.32421875 0
3512 0.49609375 0.32421875 0
3513 0.4921875 0.3125 0
3514 0.49609375 0.31640625 0
3515 0.50390625 0.33203125 0
3516 0.51953125 0.32421875 0
3517 0.51171875 0.31640625 0
3518 0.59375 0.6640625 0
3519 0.59765625 0.66796875 0
3520 0.58203125 0.68359375 0
3521 0.58984375 0.68359375 0
3522 0.48828125 0.65234375 0
3523 0.48046875 0.65234375 0
3524 0.48046875 0.64453125 0
3525 0.49609375 0.65234375 0
3526 0.49609375 0.64453125 0
3527 0.50390625 0.64453125 0
3528 0.4609375 0.6875 0
3529 0.47265625 0.68359375 0
3530 0.46484375 0.68359375 0
3531 0.4609375 0.671875 0
3532 0.46484375 0.66796875 0
3533 0.45703125 0.66796875 0
3534 0.45703125 0.66015625 0
3535 0.4296875 0.6875 0
3536 0.44140625 0.69140625 0
3537 0.453125 0.734375 0
3538 0.453125 0.71875 0
3539 0.4453125 0.7109375 0
3540 0.4453125 0.703125 0
3541 0.44140625 0.69921875 0
3542 0.375 0.8125 0
3543 0.40625 0.78125 0
3544 0.40625 0.75 0
3545 0.421875 0.734375 0
3546 0.421875 0.71875 0
3547 0.4296875 0.7109375 0
3548 0.4296875 0.703125 0
3549 0.43359375 0.69921875 0
3550 0.38671875 0.51171875 0
3551 0.6171875 0.3125 0
3552 0.5859375 0.3046875 0
3553 0.609375 0.3046875 0
3554 0.6640625 0.3359375 0
3555 0.6640625 0.34375 0
3556 0.65234375 0.34765625 0
3557 0.65625 0.3671875 0
3558 0.65234375 0.36328125 0
3559 0.63671875 0.33203125 0
3560 0.64453125 0.33984375 0
3561 0.6484375 0.328125 0
3562 0.64453125 0.33203125 0
3563 0.62109375 0.33984375 0
3564 0.296875 0.46875 0
3565 0.3046875 0.4609375 0
3566 0.3046875 0.453125 0
3567 0.31640625 0.44140625 0
3568 0.30859375 0.44140625 0
3569 0.3828125 0.30859375 0
3570 0.38671875 0.3125 0
3571 0.38671875 0.3046875 0
3572 0.3828125 0.33984375 0
3573 0.38671875 0.34375 0
3574 0.359375 0.33984375 0
3575 0.3984375 0.36328125 0
3576 0.39453125 0.37109375 0
3577 0.39453125 0.3671875 0
3578 0.43359375 0.44140625 0
3579 0.44140625 0.44140625 0
3580 0.44140625 0.44921875 0
3581 0.45703125 0.36328125 0
3582 0.37109375 0.38671875 0
3583 0.37109375 0.37890625 0
3584 0.375 0.3984375 0
3585 0.37109375 0.39453125 0
3586 0.36328125 0.3828125 0
3587 0.359375 0.38671875 0
3588 0.3671875 0.37890625 0
3589 0.36328125 0.359375 0
3590 0.359375 0.36328125 0
3591 0.32421875 0.39453125 0
3592 0.3203125 0.39453125 0
3593 0.31640625 0.390625 0
3594 0.30859375 0.39453125 0
3595 0.3125 0.39453125 0
3596 0.31640625 0.3984375 0
3597 0.33203125 0.40234375 0
3598 0.546875 0.4296875 0
3599 0.546875 0.4453125 0
3600 0.55078125 0.44140625 0
3601 0.55859375 0.44140625 0
3602 0.55078125 0.43359375 0
3603 0.56640625 0.44921875 0
3604 0.48046875 0.37890625 0
3605 0.48046875 0.38671875 0
3606 0.4921875 0.390625 0
3607 0.48828125 0.38671875 0
3608 0.47265625 0.37890625 0
3609 0.46484375 0.38671875 0
3610 0.48046875 0.35546875 0
3611 0.48046875 0.34765625 0
3612 0.5390625 0.47265625 0
3613 0.54296875 0.46484375 0
3614 0.54296875 0.46875 0
3615 0.546875 0.47265625 0
3616 0.54296875 0.4765625 0
3617 0.48046875 0.52734375 0
3618 0.484375 0.52734375 0
3619 0.48046875 0.48828125 0
3620 0.48046875 0.4765625 0
3621 0.48046875 0.484375 0
3622 0.4765625 0.48046875 0
3623 0.51171875 0.6171875 0
3624 0.515625 0.62109375 0
3625 0.47265625 0.6015625 0
3626 0.4765625 0.59765625 0
3627 0.453125 0.59765625 0
3628 0.52734375 0.66015625 0
3629 0.51953125 0.66015625 0
3630 0.53125 0.6484375 0
3631 0.52734375 0.65234375 0
3632 0.515625 0.6484375 0
3633 0.51953125 0.65234375 0
3634 0.57421875 0.66015625 0
3635 0.5546875 0.66796875 0
3636 0.56640625 0.6640625 0
3637 0.5703125 0.66796875 0
3638 0.625 0.8125 0
3639 0.59375 0.78125 0
3640 0.59375 0.75 0
3641 0.578125 0.734375 0
3642 0.578125 0.71875 0
3643 0.5703125 0.7109375 0
3644 0.5703125 0.703125 0
3645 0.56640625 0.69921875 0
3646 0.421875 0.65234375 0
3647 0.37890625 0.63671875 0
3648 0.42578125 0.66015625 0
3649 0.453125 0.62890625 0
3650 0.45703125 0.63671875 0
3651 0.45703125 0.6328125 0
3652 0.46484375 0.62890625 0
3653 0.4609375 0.62890625 0
3654 0.6640625 0.421875 0
3655 0.5625 0.3515625 0
3656 0.5546875 0.359375 0
3657 0.54296875 0.35546875 0
3658 0.55078125 0.34765625 0
3659 0.5234375 0.359375 0
3660 0.52734375 0.35546875 0
3661 0.5546875 0.3125 0
3662 0.5859375 0.3203125 0
3663 0.5703125 0.3046875 0
3664 0.5703125 0.328125 0
3665 0.5625 0.3203125 0
3666 0.55078125 0.33984375 0
3667 0.55859375 0.33984375 0
3668 0.55859375 0.34765625 0
3669 0.5546875 0.328125 0
3670 0.55078125 0.33203125 0
3671 0.54296875 0.33203125 0
3672 0.68359375 0.57421875 0
3673 0.68359375 0.56640625 0
3674 0.69140625 0.56640625 0
3675 0.69140625 0.57421875 0
3676 0.67578125 0.56640625 0
3677 0.6640625 0.5625 0
3678 0.66796875 0.56640625 0
3679 0.515625 0.4140625 0
3680 0.39453125 0.56640625 0
3681 0.39453125 0.57421875 0
3682 0.38671875 0.56640625 0
3683 0.38671875 0.57421875 0
3684 0.63671875 0.48828125 0
3685 0.64453125 0.49609375 0
3686 0.6328125 0.65625 0
3687 0.625 0.6484375 0
3688 0.62890625 0.64453125 0
3689 0.59375 0.3828125 0
3690 0.6015625 0.390625 0
3691 0.5859375 0.390625 0
3692 0.36328125 0.52734375 0
3693 0.375 0.5234375 0
3694 0.37109375 0.52734375 0
3695 0.61328125 0.35546875 0
3696 0.65234375 0.38671875 0
3697 0.64453125 0.38671875 0
3698 0.64453125 0.39453125 0
3699 0.33203125 0.41796875 0
3700 0.32421875 0.41796875 0
3701 0.40234375 0.3125 0
3702 0.39453125 0.3125 0
3703 0.390625 0.31640625 0
3704 0.40625 0.30859375 0
3705 0.390625 0.3984375 0
3706 0.40625 0.3984375 0
3707 0.3984375 0.390625 0
3708 0.390625 0.4296875 0
3709 0.39453125 0.42578125 0
3710 0.39453125 0.41015625 0
3711 0.40234375 0.41015625 0
3712 0.5703125 0.421875 0
3713 0.5625 0.4296875 0
3714 0.58203125 0.43359375 0
3715 0.5859375 0.421875 0
3716 0.58984375 0.42578125 0
3717 0.59765625 0.42578125 0
3718 0.5234375 0.51953125 0
3719 0.51953125 0.54296875 0
3720 0.52734375 0.55078125 0
3721 0.51953125 0.5234375 0
3722 0.51953125 0.5390625 0
3723 0.53515625 0.53515625 0
3724 0.53125 0.52734375 0
3725 0.4609375 0.4375 0
3726 0.46484375 0.44140625 0
3727 0.484375 0.4296875 0
3728 0.46875 0.4296875 0
3729 0.48828125 0.44921875 0
3730 0.48046875 0.5 0
3731 0.484375 0.49609375 0
3732 0.484375 0.50390625 0
3733 0.52734375 0.62890625 0
3734 0.52734375 0.62109375 0
3735 0.51953125 0.63671875 0
3736 0.51953125 0.62890625 0
3737 0.60546875 0.63671875 0
3738 0.58203125 0.69140625 0
3739 0.40625 0.64453125 0
3740 0.40234375 0.63671875 0
3741 0.40234375 0.640625 0
3742 0.3984375 0.64453125 0
3743 0.37890625 0.65234375 0
3744 0.40234375 0.65234375 0
3745 0.40234375 0.66015625 0
3746 0.38671875 0.6484375 0
3747 0.390625 0.64453125 0
3748 0.390625 0.6328125 0
3749 0.38671875 0.63671875 0
3750 0.38671875 0.640625 0
3751 0.4296875 0.63671875 0
3752 0.42578125 0.6328125 0
3753 0.41796875 0.6328125 0
3754 0.41015625 0.62890625 0
3755 0.4140625 0.62890625 0
3756 0.46484375 0.65234375 0
3757 0.47265625 0.64453125 0
3758 0.45703125 0.65625 0
3759 0.4609375 0.65234375 0
3760 0.46484375 0.64453125 0
3761 0.46484375 0.63671875 0
3762 0.45703125 0.6484375 0
3763 0.65234375 0.58984375 0
3764 0.65234375 0.56640625 0
3765 0.65234375 0.5703125 0
3766 0.546875 0.3984375 0
3767 0.54296875 0.39453125 0
3768 0.5234375 0.390625 0
3769 0.52734375 0.39453125 0
3770 0.5078125 0.40625 0
3771 0.51171875 0.40234375 0
3772 0.34765625 0.56640625 0
3773 0.3515625 0.578125 0
3774 0.34765625 0.57421875 0
3775 0.33984375 0.56640625 0
3776 0.33203125 0.55859375 0
3777 0.31640625 0.58984375 0
3778 0.33203125 0.60546875 0
3779 0.32421875 0.59765625 0
3780 0.3359375 0.625 0
3781 0.34375 0.6015625 0
3782 0.33984375 0.60546875 0
3783 0.34375 0.6171875 0
3784 0.33984375 0.61328125 0
3785 0.33203125 0.61328125 0
3786 0.30859375 0.58203125 0
3787 0.30859375 0.57421875 0
3788 0.1875 0.625 0
3789 0.21875 0.59375 0
3790 0.25 0.59375 0
3791 0.265625 0.578125 0
3792 0.28125 0.578125 0
3793 0.2890625 0.5859375 0
3794 0.296875 0.5859375 0
3795 0.30078125 0.58203125 0
3796 0.609375 0.5078125 0
3797 0.6171875 0.515625 0
3798 0.6015625 0.5234375 0
3799 0.6015625 0.515625 0
3800 0.62890625 0.51171875 0
3801 0.62109375 0.51171875 0
3802 0.62109375 0.50390625 0
3803 0.64453125 0.50390625 0
3804 0.65234375 0.50390625 0
3805 0.63671875 0.50390625 0
3806 0.6484375 0.671875 0
3807 0.65234375 0.65234375 0
3808 0.65234375 0.64453125 0
3809 0.35546875 0.40234375 0
3810 0.35546875 0.39453125 0
3811 0.36328125 0.39453125 0
3812 0.34375 0.4140625 0
3813 0.34765625 0.41015625 0
3814 0.37890625 0.359375 0
3815 0.37890625 0.3671875 0
3816 0.38671875 0.37109375 0
3817 0.38671875 0.3671875 0
3818 0.375 0.34765625 0
3819 0.3828125 0.34765625 0
3820 0.46484375 0.31640625 0
3821 0.47265625 0.32421875 0
3822 0.46875 0.21875 0
3823 0.46875 0.25 0
3824 0.484375 0.265625 0
3825 0.484375 0.28125 0
3826 0.4765625 0.2890625 0
3827 0.4765625 0.296875 0
3828 0.47265625 0.30078125 0
3829 0.4765625 0.3125 0
3830 0.47265625 0.30859375 0
3831 0.42578125 0.36328125 0
3832 0.42578125 0.3671875 0
3833 0.43359375 0.37109375 0
3834 0.4296875 0.37109375 0
3835 0.55859375 0.45703125 0
3836 0.5546875 0.45703125 0
3837 0.55078125 0.4609375 0
3838 0.48828125 0.5234375 0
3839 0.48828125 0.5078125 0
3840 0.49609375 0.515625 0
3841 0.49609375 0.5078125 0
3842 0.48828125 0.5 0
3843 0.4921875 0.49609375 0
3844 0.49609375 0.5 0
3845 0.47265625 0.51953125 0
3846 0.484375 0.51171875 0
3847 0.48046875 0.515625 0
3848 0.484375 0.51953125 0
3849 0.46484375 0.51171875 0
3850 0.4609375 0.51171875 0
3851 0.484375 0.55078125 0
3852 0.48828125 0.546875 0
3853 0.4921875 0.55078125 0
3854 0.46484375 0.41796875 0
3855 0.4765625 0.40625 0
3856 0.47265625 0.41015625 0
3857 0.453125 0.4296875 0
3858 0.46484375 0.42578125 0
3859 0.4921875 0.40625 0
3860 0.48828125 0.41015625 0
3861 0.50390625 0.59765625 0
3862 0.51953125 0.59765625 0
3863 0.515625 0.59765625 0
3864 0.51171875 0.58984375 0
3865 0.51171875 0.59375 0
3866 0.30859375 0.51953125 0
3867 0.265625 0.515625 0
3868 0.28125 0.515625 0
3869 0.2890625 0.5078125 0
3870 0.296875 0.5078125 0
3871 0.30078125 0.51171875 0
3872 0.31640625 0.55078125 0
3873 0.31640625 0.54296875 0
3874 0.3125 0.54296875 0
3875 0.328125 0.5234375 0
3876 0.32421875 0.52734375 0
3877 0.31640625 0.5390625 0
3878 0.31640625 0.52734375 0
3879 0.31640625 0.53125 0
3880 0.31640625 0.55859375 0
3881 0.30859375 0.546875 0
3882 0.30078125 0.55078125 0
3883 0.3046875 0.55078125 0
3884 0.30078125 0.546875 0
3885 0.30078125 0.53515625 0
3886 0.30078125 0.5390625 0
3887 0.31640625 0.56640625 0
3888 0.31640625 0.57421875 0
3889 0.30859375 0.55859375 0
3890 0.30859375 0.5625 0
3891 0.2890625 0.5703125 0
3892 0.296875 0.5703125 0
3893 0.30078125 0.56640625 0
3894 0.3046875 0.56640625 0
3895 0.69140625 0.66796875 0
3896 0.69140625 0.66015625 0
3897 0.68359375 0.66015625 0
3898 0.68359375 0.45703125 0
3899 0.68359375 0.46484375 0
3900 0.69140625 0.45703125 0
3901 0.69140625 0.44140625 0
3902 0.69140625 0.43359375 0
3903 0.8125 0.375 0
3904 0.78125 0.40625 0
3905 0.75 0.40625 0
3906 0.734375 0.421875 0
3907 0.71875 0.421875 0
3908 0.7109375 0.4296875 0
3909 0.703125 0.4296875 0
3910 0.69921875 0.43359375 0
3911 0.671875 0.5078125 0
3912 0.66796875 0.50390625 0
3913 0.66015625 0.49609375 0
3914 0.6640625 0.49609375 0
3915 0.8125 0.5 0
3916 0.78125 0.46875 0
3917 0.75 0.46875 0
3918 0.734375 0.484375 0
3919 0.71875 0.484375 0
3920 0.7109375 0.4921875 0
3921 0.703125 0.4921875 0
3922 0.69921875 0.48828125 0
3923 0.6875 0.5078125 0
3924 0.67578125 0.49609375 0
3925 0.68359375 0.50390625 0
3926 0.68359375 0.4921875 0
3927 0.6796875 0.49609375 0
3928 0.67578125 0.48828125 0
3929 0.6796875 0.48828125 0
3930 0.69140625 0.49609375 0
3931 0.69140625 0.4921875 0
3932 0.69140625 0.48046875 0
3933 0.69140625 0.484375 0
3934 0.6953125 0.48828125 0
3935 0.66015625 0.47265625 0
3936 0.65234375 0.47265625 0
3937 0.6640625 0.48046875 0
3938 0.66015625 0.48828125 0
3939 0.66015625 0.484375 0
3940 0.66796875 0.45703125 0
3941 0.66796875 0.47265625 0
3942 0.66796875 0.46875 0
3943 0.66796875 0.4609375 0
3944 0.609375 0.5390625 0
3945 0.6328125 0.56640625 0
3946 0.59765625 0.60546875 0
3947 0.58984375 0.59765625 0
3948 0.6171875 0.58984375 0
3949 0.6015625 0.58203125 0
3950 0.62109375 0.5625 0
3951 0.6171875 0.55859375 0
3952 0.6171875 0.546875 0
3953 0.61328125 0.55078125 0
3954 0.61328125 0.5546875 0
3955 0.62890625 0.55859375 0
3956 0.6328125 0.546875 0
3957 0.62890625 0.55078125 0
3958 0.61328125 0.62890625 0
3959 0.62109375 0.62890625 0
3960 0.62109375 0.62109375 0
3961 0.640625 0.6640625 0
3962 0.6328125 0.671875 0
3963 0.62890625 0.66796875 0
3964 0.62890625 0.66015625 0
3965 0.62109375 0.66796875 0
3966 0.56640625 0.50390625 0
3967 0.5703125 0.484375 0
3968 0.5859375 0.546875 0
3969 0.58203125 0.55078125 0
3970 0.58203125 0.48828125 0
3971 0.58203125 0.48046875 0
3972 0.59375 0.4765625 0
3973 0.58984375 0.48046875 0
3974 0.6015625 0.484375 0
3975 0.609375 0.4921875 0
3976 0.6015625 0.5 0
3977 0.59765625 0.48828125 0
3978 0.64453125 0.31640625 0
3979 0.625 0.1875 0
3980 0.65625 0.21875 0
3981 0.65625 0.25 0
3982 0.640625 0.265625 0
3983 0.640625 0.28125 0
3984 0.6328125 0.2890625 0
3985 0.6328125 0.296875 0
3986 0.62890625 0.30078125 0
3987 0.63671875 0.32421875 0
3988 0.625 0.3203125 0
3989 0.62890625 0.32421875 0
3990 0.32421875 0.48828125 0
3991 0.3125 0.4921875 0
3992 0.30859375 0.49609375 0
3993 0.3125 0.5078125 0
3994 0.30859375 0.50390625 0
3995 0.328125 0.4609375 0
3996 0.3125 0.4609375 0
3997 0.328125 0.4765625 0
3998 0.32421875 0.47265625 0
3999 0.3046875 0.4765625 0
4000 0.3125 0.4765625 0
4001 0.31640625 0.47265625 0
4002 0.31640625 0.46484375 0
4003 0.32421875 0.48046875 0
4004 0.31640625 0.50390625 0
4005 0.328125 0.5078125 0
4006 0.32421875 0.50390625 0
4007 0.44140625 0.30859375 0
4008 0.45703125 0.31640625 0
4009 0.453125 0.31640625 0
4010 0.49609375 0.41015625 0
4011 0.48828125 0.42578125 0
4012 0.48828125 0.43359375 0
4013 0.50390625 0.45703125 0
4014 0.49609375 0.46484375 0
4015 0.50390625 0.44921875 0
4016 0.515625 0.4609375 0
4017 0.51171875 0.45703125 0
4018 0.42578125 0.57421875 0
4019 0.41796875 0.5625 0
4020 0.4140625 0.56640625 0
4021 0.41796875 0.5703125 0
4022 0.40234375 0.57421875 0
4023 0.40625 0.57421875 0
4024 0.4296875 0.55859375 0
4025 0.4296875 0.55078125 0
4026 0.42578125 0.546875 0
4027 0.41015625 0.55078125 0
4028 0.41796875 0.54296875 0
4029 0.43359375 0.5546875 0
4030 0.4296875 0.54296875 0
4031 0.41015625 0.546875 0
4032 0.4140625 0.54296875 0
4033 0.37890625 0.56640625 0
4034 0.34375 0.6328125 0
4035 0.3515625 0.640625 0
4036 0.34765625 0.62109375 0
4037 0.32421875 0.61328125 0
4038 0.3125 0.6015625 0
4039 0.31640625 0.60546875 0
4040 0.32421875 0.62109375 0
4041 0.33203125 0.62109375 0
4042 0.32421875 0.62890625 0
4043 0.265625 0.609375 0
4044 0.28125 0.609375 0
4045 0.2890625 0.6015625 0
4046 0.296875 0.6015625 0
4047 0.30078125 0.59765625 0
4048 0.671875 0.4453125 0
4049 0.66796875 0.44140625 0
4050 0.66015625 0.43359375 0
4051 0.62890625 0.44921875 0
4052 0.62890625 0.44140625 0
4053 0.625 0.4765625 0
4054 0.62109375 0.48046875 0
4055 0.62109375 0.48828125 0
4056 0.625 0.4609375 0
4057 0.62890625 0.45703125 0
4058 0.63671875 0.44921875 0
4059 0.64453125 0.453125 0
4060 0.6484375 0.46484375 0
4061 0.63671875 0.47265625 0
4062 0.6484375 0.47265625 0
4063 0.64453125 0.46875 0
4064 0.60546875 0.62109375 0
4065 0.60546875 0.61328125 0
4066 0.59765625 0.578125 0
4067 0.59375 0.57421875 0
4068 0.609375 0.59765625 0
4069 0.57421875 0.59765625 0
4070 0.56640625 0.59765625 0
4071 0.5546875 0.59375 0
4072 0.55859375 0.58984375 0
4073 0.58203125 0.58203125 0
4074 0.58203125 0.5859375 0
4075 0.57421875 0.5859375 0
4076 0.57421875 0.59375 0
4077 0.609375 0.4140625 0
4078 0.60546875 0.41796875 0
4079 0.5625 0.3046875 0
4080 0.546875 0.265625 0
4081 0.546875 0.28125 0
4082 0.5390625 0.2890625 0
4083 0.5390625 0.296875 0
4084 0.53515625 0.30078125 0
4085 0.54296875 0.30859375 0
4086 0.5546875 0.2890625 0
4087 0.5546875 0.296875 0
4088 0.55078125 0.30078125 0
4089 0.49609375 0.30859375 0
4090 0.51953125 0.30859375 0
4091 0.515625 0.30859375 0
4092 0.51171875 0.3125 0
4093 0.51953125 0.3125 0
4094 0.5703125 0.55078125 0
4095 0.57421875 0.5546875 0
4096 0.56640625 0.57421875 0
4097 0.55859375 0.57421875 0
4098 0.5546875 0.5625 0
4099 0.55859375 0.56640625 0
4100 0.56640625 0.5390625 0
4101 0.57421875 0.5390625 0
4102 0.578125 0.53515625 0
4103 0.57421875 0.53125 0
4104 0.5703125 0.53515625 0
4105 0.58984375 0.53515625 0
4106 0.59375 0.5234375 0
4107 0.58984375 0.52734375 0
4108 0.58203125 0.52734375 0
4109 0.58203125 0.53125 0
4110 0.546875 0.5546875 0
4111 0.55078125 0.55078125 0
4112 0.55859375 0.55078125 0
4113 0.55078125 0.5390625 0
4114 0.546875 0.54296875 0
4115 0.55859375 0.54296875 0
4116 0.5546875 0.54296875 0
4117 0.53125 0.51953125 0
4118 0.53515625 0.5234375 0
4119 0.484375 0.66015625 0
4120 0.48046875 0.66796875 0
4121 0.48046875 0.6640625 0
4122 0.47265625 0.66015625 0
4123 0.4765625 0.66015625 0
4124 0.48046875 0.65625 0
4125 0.49609375 0.65625 0
4126 0.50390625 0.66015625 0
4127 0.5 0.66015625 0
4128 0.47265625 0.67578125 0
4129 0.4765625 0.67578125 0
4130 0.48046875 0.671875 0
4131 0.50390625 0.68359375 0
4132 0.49609375 0.66796875 0
4133 0.49609375 0.671875 0
4134 0.5078125 0.671875 0
4135 0.50390625 0.67578125 0
4136 0.5 0.67578125 0
4137 0.515625 0.6953125 0
4138 0.51171875 0.69140625 0
4139 0.47265625 0.69921875 0
4140 0.46484375 0.69140625 0
4141 0.484375 0.69140625 0
4142 0.39453125 0.52734375 0
4143 0.390625 0.52734375 0
4144 0.38671875 0.5234375 0
4145 0.3828125 0.5 0
4146 0.38671875 0.50390625 0
4147 0.39453125 0.51953125 0
4148 0.39453125 0.515625 0
4149 0.39453125 0.50390625 0
4150 0.39453125 0.5078125 0
4151 0.3828125 0.53515625 0
4152 0.37109375 0.53515625 0
4153 0.375 0.53515625 0
4154 0.38671875 0.53125 0
4155 0.38671875 0.54296875 0
4156 0.38671875 0.5390625 0
4157 0.40234375 0.47265625 0
4158 0.41796875 0.48828125 0
4159 0.40234375 0.44921875 0
4160 0.3984375 0.49609375 0
4161 0.38671875 0.49609375 0
4162 0.390625 0.49609375 0
4163 0.39453125 0.4921875 0
4164 0.40234375 0.4921875 0
4165 0.42578125 0.49609375 0
4166 0.41015625 0.48828125 0
4167 0.40625 0.48828125 0
4168 0.3984375 0.48828125 0
4169 0.6015625 0.3203125 0
4170 0.609375 0.3203125 0
4171 0.61328125 0.32421875 0
4172 0.62109375 0.34765625 0
4173 0.61328125 0.34765625 0
4174 0.5859375 0.328125 0
4175 0.58984375 0.33203125 0
4176 0.60546875 0.33984375 0
4177 0.60546875 0.34765625 0
4178 0.59765625 0.34765625 0
4179 0.64453125 0.3515625 0
4180 0.65234375 0.35546875 0
4181 0.6484375 0.35546875 0
4182 0.65625 0.3359375 0
4183 0.65234375 0.33984375 0
4184 0.640625 0.34765625 0
4185 0.64453125 0.34375 0
4186 0.63671875 0.37109375 0
4187 0.62890625 0.37890625 0
4188 0.62890625 0.3515625 0
4189 0.62109375 0.36328125 0
4190 0.63671875 0.36328125 0
4191 0.6328125 0.36328125 0
4192 0.62890625 0.37109375 0
4193 0.62890625 0.3671875 0
4194 0.65234375 0.39453125 0
4195 0.640625 0.39453125 0
4196 0.63671875 0.38671875 0
4197 0.63671875 0.390625 0
4198 0.62890625 0.390625 0
4199 0.62890625 0.3984375 0
4200 0.6171875 0.390625 0
4201 0.609375 0.3828125 0
4202 0.62890625 0.3828125 0
4203 0.65234375 0.41796875 0
4204 0.65234375 0.42578125 0
4205 0.63671875 0.41796875 0
4206 0.63671875 0.4140625 0
4207 0.640625 0.41015625 0
4208 0.64453125 0.40234375 0
4209 0.64453125 0.40625 0
4210 0.62890625 0.4140625 0
4211 0.62109375 0.4140625 0
4212 0.61328125 0.41015625 0
4213 0.61328125 0.40234375 0
4214 0.625 0.41015625 0
4215 0.62109375 0.40625 0
4216 0.6328125 0.42578125 0
4217 0.375 0.4453125 0
4218 0.390625 0.4453125 0
4219 0.37890625 0.45703125 0
4220 0.37890625 0.44921875 0
4221 0.38671875 0.4609375 0
4222 0.39453125 0.46484375 0
4223 0.390625 0.46484375 0
4224 0.37890625 0.46484375 0
4225 0.3828125 0.46484375 0
4226 0.34765625 0.47265625 0
4227 0.359375 0.47265625 0
4228 0.3515625 0.47265625 0
4229 0.36328125 0.484375 0
4230 0.35546875 0.48046875 0
4231 0.359375 0.48046875 0
4232 0.34375 0.4453125 0
4233 0.3359375 0.453125 0
4234 0.33984375 0.42578125 0
4235 0.33203125 0.4296875 0
4236 0.328125 0.42578125 0
4237 0.3359375 0.42578125 0
4238 0.328125 0.4453125 0
4239 0.33203125 0.44140625 0
4240 0.33203125 0.4375 0
4241 0.3125 0.42578125 0
4242 0.31640625 0.41796875 0
4243 0.31640625 0.421875 0
4244 0.30859375 0.41796875 0
4245 0.265625 0.421875 0
4246 0.28125 0.421875 0
4247 0.2890625 0.4140625 0
4248 0.296875 0.4140625 0
4249 0.30078125 0.41796875 0
4250 0.21875 0.46875 0
4251 0.25 0.46875 0
4252 0.265625 0.453125 0
4253 0.28125 0.453125 0
4254 0.2890625 0.4453125 0
4255 0.296875 0.4453125 0
4256 0.30078125 0.44140625 0
4257 0.3125 0.43359375 0
4258 0.3671875 0.31640625 0
4259 0.375 0.30859375 0
4260 0.375 0.31640625 0
4261 0.376953125 0.314453125 0
4262 0.380859375 0.314453125 0
4263 0.37890625 0.3203125 0
4264 0.376953125 0.322265625 0
4265 0.390625 0.33984375 0
4266 0.3984375 0.33984375 0
4267 0.34765625 0.33203125 0
4268 0.3515625 0.33203125 0
4269 0.35546875 0.3359375 0
4270 0.3515625 0.34765625 0
4271 0.35546875 0.34375 0
4272 0.33984375 0.34765625 0
4273 0.33984375 0.34375 0
4274 0.33984375 0.33203125 0
4275 0.33984375 0.3359375 0
4276 0.376953125 0.341796875 0
4277 0.380859375 0.341796875 0
4278 0.373046875 0.330078125 0
4279 0.380859375 0.330078125 0
4280 0.38671875 0.3359375 0
4281 0.384765625 0.333984375 0
4282 0.369140625 0.333984375 0
4283 0.373046875 0.333984375 0
4284 0.373046875 0.337890625 0
4285 0.369140625 0.326171875 0
4286 0.365234375 0.330078125 0
4287 0.365234375 0.326171875 0
4288 0.369140625 0.330078125 0
4289 0.3671875 0.33984375 0
4290 0.396484375 0.341796875 0
4291 0.400390625 0.341796875 0
4292 0.42578125 0.3515625 0
4293 0.421875 0.34765625 0
4294 0.404296875 0.353515625 0
4295 0.3984375 0.35546875 0
4296 0.400390625 0.353515625 0
4297 0.41015625 0.359375 0
4298 0.408203125 0.357421875 0
4299 0.408203125 0.349609375 0
4300 0.404296875 0.345703125 0
4301 0.41796875 0.33984375 0
4302 0.4140625 0.33984375 0
4303 0.41015625 0.33203125 0
4304 0.41015625 0.3359375 0
4305 0.4140625 0.35546875 0
4306 0.40625 0.36328125 0
4307 0.39453125 0.43359375 0
4308 0.40625 0.44140625 0
4309 0.39453125 0.44140625 0
4310 0.3984375 0.44140625 0
4311 0.44140625 0.42578125 0
4312 0.4296875 0.43359375 0
4313 0.43359375 0.42578125 0
4314 0.43359375 0.4296875 0
4315 0.41796875 0.42578125 0
4316 0.42578125 0.4375 0
4317 0.42578125 0.44921875 0
4318 0.42578125 0.4453125 0
4319 0.44921875 0.41796875 0
4320 0.44140625 0.4140625 0
4321 0.43359375 0.41796875 0
4322 0.4375 0.41796875 0
4323 0.4453125 0.41796875 0
4324 0.41796875 0.4140625 0
4325 0.41796875 0.40234375 0
4326 0.41796875 0.40625 0
4327 0.421875 0.41796875 0
4328 0.41796875 0.421875 0
4329 0.45703125 0.35546875 0
4330 0.46484375 0.3515625 0
4331 0.46875 0.34765625 0
4332 0.46484375 0.34375 0
4333 0.4453125 0.34765625 0
4334 0.44921875 0.34375 0
4335 0.453125 0.34765625 0
4336 0.44140625 0.33203125 0
4337 0.43359375 0.33203125 0
4338 0.4453125 0.33984375 0
4339 0.44140625 0.36328125 0
4340 0.4453125 0.36328125 0
4341 0.453125 0.36328125 0
4342 0.43359375 0.38671875 0
4343 0.44921875 0.37109375 0
4344 0.4453125 0.37109375 0
4345 0.44921875 0.39453125 0
4346 0.44921875 0.390625 0
4347 0.37109375 0.375 0
4348 0.37109375 0.3671875 0
4349 0.365234375 0.373046875 0
4350 0.36328125 0.3671875 0
4351 0.365234375 0.369140625 0
4352 0.369140625 0.369140625 0
4353 0.369140625 0.373046875 0
4354 0.361328125 0.376953125 0
4355 0.3515625 0.37109375 0
4356 0.349609375 0.373046875 0
4357 0.349609375 0.376953125 0
4358 0.353515625 0.376953125 0
4359 0.349609375 0.380859375 0
4360 0.33984375 0.359375 0
4361 0.33984375 0.3671875 0
4362 0.341796875 0.365234375 0
4363 0.345703125 0.361328125 0
4364 0.34375 0.35546875 0
4365 0.345703125 0.357421875 0
4366 0.349609375 0.357421875 0
4367 0.341796875 0.373046875 0
4368 0.33203125 0.375 0
4369 0.333984375 0.373046875 0
4370 0.353515625 0.361328125 0
4371 0.3671875 0.35546875 0
4372 0.353515625 0.353515625 0
4373 0.353515625 0.357421875 0
4374 0.349609375 0.353515625 0
4375 0.32421875 0.31640625 0
4376 0.3203125 0.31640625 0
4377 0.318359375 0.318359375 0
4378 0.318359375 0.322265625 0
4379 0.314453125 0.322265625 0
4380 0.306640625 0.322265625 0
4381 0.3125 0.31640625 0
4382 0.310546875 0.318359375 0
4383 0.310546875 0.326171875 0
4384 0.310546875 0.322265625 0
4385 0.1875 0.1875 0
4386 0.1875 0.25 0
4387 0.21875 0.28125 0
4388 0.25 0.28125 0
4389 0.265625 0.296875 0
4390 0.28125 0.296875 0
4391 0.2890625 0.3046875 0
4392 0.296875 0.3046875 0
4393 0.30078125 0.30859375 0
4394 0.3046875 0.30859375 0
4395 0.25 0.1875 0
4396 0.28125 0.21875 0
4397 0.28125 0.25 0
4398 0.296875 0.265625 0
4399 0.296875 0.28125 0
4400 0.3046875 0.2890625 0
4401 0.3046875 0.296875 0
4402 0.30859375 0.30078125 0
4403 0.30859375 0.3046875 0
4404 0.306640625 0.314453125 0
4405 0.310546875 0.314453125 0
4406 0.3125 0.30859375 0
4407 0.310546875 0.310546875 0
4408 0.330078125 0.365234375 0
4409 0.333984375 0.365234375 0
4410 0.333984375 0.369140625 0
4411 0.330078125 0.361328125 0
4412 0.32421875 0.35546875 0
4413 0.328125 0.35546875 0
4414 0.330078125 0.357421875 0
4415 0.337890625 0.365234375 0
4416 0.32421875 0.375 0
4417 0.326171875 0.373046875 0
4418 0.31640625 0.35546875 0
4419 0.31640625 0.359375 0
4420 0.3203125 0.36328125 0
4421 0.318359375 0.369140625 0
4422 0.314453125 0.369140625 0
4423 0.3046875 0.359375 0
4424 0.30859375 0.36328125 0
4425 0.3125 0.36328125 0
4426 0.314453125 0.365234375 0
4427 0.318359375 0.365234375 0
4428 0.326171875 0.333984375 0
4429 0.32421875 0.328125 0
4430 0.326171875 0.330078125 0
4431 0.330078125 0.333984375 0
4432 0.326171875 0.337890625 0
4433 0.322265625 0.337890625 0
4434 0.322265625 0.333984375 0
4435 0.328125 0.34765625 0
4436 0.322265625 0.341796875 0
4437 0.31640625 0.34765625 0
4438 0.3203125 0.34765625 0
4439 0.322265625 0.345703125 0
4440 0.31640625 0.34375 0
4441 0.318359375 0.341796875 0
4442 0.3359375 0.34765625 0
4443 0.33203125 0.3515625 0
4444 0.333984375 0.341796875 0
4445 0.57421875 0.41796875 0
4446 0.58203125 0.41796875 0
4447 0.484375 0.33203125 0
4448 0.48046875 0.32421875 0
4449 0.48046875 0.328125 0
4450 0.48828125 0.33984375 0
4451 0.48828125 0.3359375 0
4452 0.47265625 0.34375 0
4453 0.47265625 0.35546875 0
4454 0.47265625 0.3515625 0
4455 0.46875 0.33984375 0
4456 0.47265625 0.3359375 0
4457 0.46484375 0.32421875 0
4458 0.46875 0.33203125 0
4459 0.46484375 0.328125 0
4460 0.484375 0.32421875 0
4461 0.5 0.33984375 0
4462 0.48046875 0.36328125 0
4463 0.484375 0.36328125 0
4464 0.5078125 0.390625 0
4465 0.50390625 0.38671875 0
4466 0.50390625 0.37890625 0
4467 0.49609375 0.375 0
4468 0.4921875 0.37890625 0
4469 0.49609375 0.38671875 0
4470 0.49609375 0.3828125 0
4471 0.51953125 0.3359375 0
4472 0.51953125 0.328125 0
4473 0.515625 0.33203125 0
4474 0.5078125 0.33984375 0
4475 0.52734375 0.33984375 0
4476 0.52734375 0.3359375 0
4477 0.501953125 0.353515625 0
4478 0.501953125 0.349609375 0
4479 0.501953125 0.357421875 0
4480 0.501953125 0.361328125 0
4481 0.49609375 0.359375 0
4482 0.498046875 0.357421875 0
4483 0.498046875 0.353515625 0
4484 0.48828125 0.359375 0
4485 0.484375 0.35546875 0
4486 0.498046875 0.349609375 0
4487 0.494140625 0.353515625 0
4488 0.50390625 0.3671875 0
4489 0.50390625 0.375 0
4490 0.49609375 0.3671875 0
4491 0.501953125 0.365234375 0
4492 0.59765625 0.47265625 0
4493 0.59765625 0.4609375 0
4494 0.5859375 0.44140625 0
4495 0.59375 0.44140625 0
4496 0.58984375 0.44921875 0
4497 0.58984375 0.4453125 0
4498 0.5859375 0.43359375 0
4499 0.59375 0.43359375 0
4500 0.59765625 0.4453125 0
4501 0.60546875 0.44921875 0
4502 0.6015625 0.44921875 0
4503 0.6015625 0.43359375 0
4504 0.59765625 0.4375 0
4505 0.60546875 0.42578125 0
4506 0.60546875 0.4296875 0
4507 0.52734375 0.4765625 0
4508 0.52734375 0.484375 0
4509 0.55078125 0.4765625 0
4510 0.55078125 0.46875 0
4511 0.55859375 0.48046875 0
4512 0.5625 0.4921875 0
4513 0.55859375 0.48828125 0
4514 0.55078125 0.48828125 0
4515 0.54296875 0.4921875 0
4516 0.541015625 0.482421875 0
4517 0.50390625 0.515625 0
4518 0.515625 0.51171875 0
4519 0.51953125 0.515625 0
4520 0.5234375 0.50390625 0
4521 0.525390625 0.501953125 0
4522 0.53125 0.48828125 0
4523 0.5 0.49609375 0
4524 0.509765625 0.490234375 0
4525 0.509765625 0.498046875 0
4526 0.50390625 0.4921875 0
4527 0.505859375 0.494140625 0
4528 0.51171875 0.48046875 0
4529 0.51171875 0.484375 0
4530 0.509765625 0.486328125 0
4531 0.50390625 0.484375 0
4532 0.505859375 0.486328125 0
4533 0.515625 0.54296875 0
4534 0.509765625 0.533203125 0
4535 0.515625 0.53515625 0
4536 0.513671875 0.533203125 0
4537 0.50390625 0.53125 0
4538 0.505859375 0.529296875 0
4539 0.49609375 0.5234375 0
4540 0.498046875 0.525390625 0
4541 0.51171875 0.5390625 0
4542 0.509765625 0.537109375 0
4543 0.494140625 0.541015625 0
4544 0.494140625 0.544921875 0
4545 0.50390625 0.55078125 0
4546 0.5 0.55078125 0
4547 0.498046875 0.548828125 0
4548 0.494140625 0.548828125 0
4549 0.490234375 0.544921875 0
4550 0.490234375 0.541015625 0
4551 0.490234375 0.537109375 0
4552 0.48828125 0.53125 0
4553 0.490234375 0.533203125 0
4554 0.48046875 0.5390625 0
4555 0.482421875 0.541015625 0
4556 0.486328125 0.537109375 0
4557 0.48046875 0.5625 0
4558 0.484375 0.56640625 0
4559 0.46484375 0.5390625 0
4560 0.466796875 0.541015625 0
4561 0.46484375 0.546875 0
4562 0.466796875 0.548828125 0
4563 0.44921875 0.5390625 0
4564 0.45703125 0.54296875 0
4565 0.453125 0.54296875 0
4566 0.44140625 0.54296875 0
4567 0.4453125 0.54296875 0
4568 0.44921875 0.546875 0
4569 0.421875 0.50390625 0
4570 0.42578125 0.5078125 0
4571 0.42578125 0.5 0
4572 0.40234375 0.50390625 0
4573 0.41015625 0.5 0
4574 0.40625 0.50390625 0
4575 0.41015625 0.51171875 0
4576 0.41015625 0.5078125 0
4577 0.41796875 0.5 0
4578 0.4140625 0.50390625 0
4579 0.41796875 0.51171875 0
4580 0.41796875 0.5078125 0
4581 0.498046875 0.572265625 0
4582 0.494140625 0.568359375 0
4583 0.498046875 0.568359375 0
4584 0.494140625 0.576171875 0
4585 0.48828125 0.5703125 0
4586 0.490234375 0.572265625 0
4587 0.50390625 0.5703125 0
4588 0.501953125 0.568359375 0
4589 0.501953125 0.564453125 0
4590 0.49609375 0.5859375 0
4591 0.49609375 0.59375 0
4592 0.50390625 0.5859375 0
4593 0.50390625 0.59375 0
4594 0.486328125 0.580078125 0
4595 0.486328125 0.556640625 0
4596 0.486328125 0.552734375 0
4597 0.45703125 0.46484375 0
4598 0.4609375 0.46484375 0
4599 0.47265625 0.45703125 0
4600 0.46875 0.45703125 0
4601 0.46484375 0.4609375 0
4602 0.46484375 0.48828125 0
4603 0.474609375 0.470703125 0
4604 0.470703125 0.466796875 0
4605 0.447265625 0.490234375 0
4606 0.443359375 0.490234375 0
4607 0.45703125 0.49609375 0
4608 0.453125 0.49609375 0
4609 0.451171875 0.494140625 0
4610 0.42578125 0.48828125 0
4611 0.43359375 0.48046875 0
4612 0.43359375 0.4921875 0
4613 0.43359375 0.484375 0
4614 0.443359375 0.498046875 0
4615 0.44921875 0.51171875 0
4616 0.44140625 0.51953125 0
4617 0.44921875 0.51953125 0
4618 0.44140625 0.515625 0
4619 0.53515625 0.62109375 0
4620 0.5390625 0.62109375 0
4621 0.55859375 0.61328125 0
4622 0.55859375 0.60546875 0
4623 0.546875 0.61328125 0
4624 0.53515625 0.59765625 0
4625 0.52734375 0.60546875 0
4626 0.52734375 0.59765625 0
4627 0.546875 0.66796875 0
4628 0.54296875 0.65625 0
4629 0.5390625 0.640625 0
4630 0.54296875 0.64453125 0
4631 0.54296875 0.6484375 0
4632 0.5390625 0.66796875 0
4633 0.5390625 0.67578125 0
4634 0.53125 0.67578125 0
4635 0.51953125 0.61328125 0
4636 0.515625 0.61328125 0
4637 0.505859375 0.615234375 0
4638 0.486328125 0.615234375 0
4639 0.490234375 0.615234375 0
4640 0.490234375 0.619140625 0
4641 0.484375 0.59765625 0
4642 0.53125 0.5703125 0
4643 0.52734375 0.56640625 0
4644 0.51171875 0.5625 0
4645 0.513671875 0.560546875 0
4646 0.50390625 0.5546875 0
4647 0.505859375 0.556640625 0
4648 0.51171875 0.5546875 0
4649 0.509765625 0.556640625 0
4650 0.48828125 0.64453125 0
4651 0.48828125 0.640625 0
4652 0.470703125 0.623046875 0
4653 0.46875 0.62890625 0
4654 0.470703125 0.626953125 0
4655 0.5 0.62890625 0
4656 0.494140625 0.623046875 0
4657 0.6796875 0.63671875 0
4658 0.68359375 0.62890625 0
4659 0.6875 0.62890625 0
4660 0.78125 0.65625 0
4661 0.75 0.65625 0
4662 0.734375 0.640625 0
4663 0.71875 0.640625 0
4664 0.7109375 0.6484375 0
4665 0.703125 0.6484375 0
4666 0.69921875 0.65234375 0
4667 0.734375 0.671875 0
4668 0.71875 0.671875 0
4669 0.7109375 0.6640625 0
4670 0.703125 0.6640625 0
4671 0.69921875 0.66015625 0
4672 0.69140625 0.6484375 0
4673 0.6953125 0.65234375 0
4674 0.6640625 0.65625 0
4675 0.66796875 0.65234375 0
4676 0.671875 0.65234375 0
4677 0.67578125 0.60546875 0
4678 0.67578125 0.61328125 0
4679 0.59765625 0.64453125 0
4680 0.58203125 0.66015625 0
4681 0.58984375 0.66015625 0
4682 0.57421875 0.64453125 0
4683 0.5859375 0.64453125 0
4684 0.5859375 0.63671875 0
4685 0.59375 0.63671875 0
4686 0.6015625 0.63671875 0
4687 0.59375 0.62890625 0
4688 0.59765625 0.6328125 0
4689 0.59765625 0.62109375 0
4690 0.59765625 0.625 0
4691 0.55859375 0.62890625 0
4692 0.5625 0.62890625 0
4693 0.56640625 0.63671875 0
4694 0.56640625 0.6328125 0
4695 0.53515625 0.6796875 0
4696 0.52734375 0.6796875 0
4697 0.5546875 0.67578125 0
4698 0.56640625 0.64453125 0
4699 0.546875 0.64453125 0
4700 0.5625 0.63671875 0
4701 0.55859375 0.6328125 0
4702 0.5546875 0.63671875 0
4703 0.552734375 0.650390625 0
4704 0.552734375 0.654296875 0
4705 0.556640625 0.654296875 0
4706 0.55859375 0.64453125 0
4707 0.55859375 0.6484375 0
4708 0.556640625 0.650390625 0
4709 0.40625 0.66796875 0
4710 0.416015625 0.646484375 0
4711 0.41796875 0.640625 0
4712 0.416015625 0.642578125 0
4713 0.4140625 0.63671875 0
4714 0.41015625 0.6328125 0
4715 0.408203125 0.642578125 0
4716 0.419921875 0.646484375 0
4717 0.419921875 0.650390625 0
4718 0.38671875 0.58984375 0
4719 0.38671875 0.58203125 0
4720 0.39453125 0.58984375 0
4721 0.42578125 0.61328125 0
4722 0.41796875 0.62109375 0
4723 0.43359375 0.60546875 0
4724 0.42578125 0.62109375 0
4725 0.4296875 0.62109375 0
4726 0.431640625 0.634765625 0
4727 0.435546875 0.630859375 0
4728 0.4296875 0.61328125 0
4729 0.44140625 0.6328125 0
4730 0.443359375 0.630859375 0
4731 0.4453125 0.62109375 0
4732 0.443359375 0.623046875 0
4733 0.447265625 0.623046875 0
4734 0.62890625 0.59765625 0
4735 0.62890625 0.59375 0
4736 0.62109375 0.57421875 0
4737 0.62109375 0.578125 0
4738 0.62109375 0.5859375 0
4739 0.623046875 0.583984375 0
4740 0.634765625 0.576171875 0
4741 0.62890625 0.5703125 0
4742 0.630859375 0.572265625 0
4743 0.62890625 0.578125 0
4744 0.630859375 0.576171875 0
4745 0.63671875 0.5703125 0
4746 0.638671875 0.572265625 0
4747 0.3828125 0.6171875 0
4748 0.3984375 0.625 0
4749 0.6484375 0.6953125 0
4750 0.703125 0.34375 0
4751 0.6953125 0.3515625 0
4752 0.6640625 0.515625 0
4753 0.578125 0.4609375 0
4754 0.328125 0.6875 0
4755 0.5546875 0.390625 0
4756 0.4140625 0.609375 0
4757 0.6015625 0.6875 0
4758 0.453125 0.6953125 0
4759 0.3515625 0.453125 0
4760 0.42578125 0.32421875 0
4761 0.4140625 0.390625 0
4762 0.48828125 0.48046875 0
4763 0.51171875 0.62890625 0
4764 0.46484375 0.61328125 0
4765 0.44921875 0.60546875 0
4766 0.44921875 0.63671875 0
4767 0.65625 0.6171875 0
4768 0.3671875 0.515625 0
4769 0.6171875 0.375 0
4770 0.6484375 0.375 0
4771 0.421875 0.265625 0
4772 0.421875 0.28125 0
4773 0.4140625 0.2890625 0
4774 0.4140625 0.296875 0
4775 0.41015625 0.30078125 0
4776 0.5703125 0.4375 0
4777 0.47265625 0.50390625 0
4778 0.34375 0.5859375 0
4779 0.6640625 0.53125 0
4780 0.671875 0.5234375 0
4781 0.34375 0.3984375 0
4782 0.41796875 0.37109375 0
4783 0.55859375 0.46484375 0
4784 0.55078125 0.44921875 0
4785 0.55859375 0.44921875 0
4786 0.5078125 0.46875 0
4787 0.45703125 0.51953125 0
4788 0.51953125 0.60546875 0
4789 0.6796875 0.671875 0
4790 0.6484375 0.515625 0
4791 0.65234375 0.51171875 0
4792 0.640625 0.5546875 0
4793 0.63671875 0.55859375 0
4794 0.609375 0.6640625 0
4795 0.43359375 0.31640625 0
4796 0.5 0.3984375 0
4797 0.5078125 0.4375 0
4798 0.515625 0.4296875 0
4799 0.41015625 0.53515625 0
4800 0.3671875 0.6171875 0
4801 0.359375 0.6171875 0
4802 0.3046875 0.6171875 0
4803 0.3125 0.6171875 0
4804 0.3046875 0.609375 0
4805 0.62890625 0.61328125 0
4806 0.58984375 0.58984375 0
4807 0.6015625 0.5625 0
4808 0.60546875 0.57421875 0
4809 0.58203125 0.59765625 0
4810 0.53125 0.3203125 0
4811 0.54296875 0.55859375 0
4812 0.53515625 0.55859375 0
4813 0.53515625 0.51171875 0
4814 0.49609375 0.63671875 0
4815 0.50390625 0.63671875 0
4816 0.40234375 0.52734375 0
4817 0.37890625 0.52734375 0
4818 0.65625 0.3203125 0
4819 0.63671875 0.40234375 0
4820 0.375 0.4765625 0
4821 0.37109375 0.48828125 0
4822 0.39453125 0.33203125 0
4823 0.41015625 0.44921875 0
4824 0.41015625 0.41796875 0
4825 0.42578125 0.41015625 0
4826 0.31640625 0.37890625 0
4827 0.31640625 0.375 0
4828 0.33984375 0.39453125 0
4829 0.33984375 0.390625 0
4830 0.30078125 0.3203125 0
4831 0.31640625 0.3359375 0
4832 0.51953125 0.45703125 0
4833 0.53515625 0.33984375 0
4834 0.60546875 0.44140625 0
4835 0.52734375 0.51171875 0
4836 0.50390625 0.5234375 0
4837 0.48046875 0.53125 0
4838 0.46484375 0.55859375 0
4839 0.47265625 0.546875 0
4840 0.45703125 0.53515625 0
4841 0.46484375 0.52734375 0
4842 0.4921875 0.58203125 0
4843 0.48828125 0.5625 0
4844 0.41796875 0.46484375 0
4845 0.41796875 0.47265625 0
4846 0.43359375 0.46484375 0
4847 0.47265625 0.4765625 0
4848 0.47265625 0.4609375 0
4849 0.53515625 0.65234375 0
4850 0.51171875 0.6015625 0
4851 0.48828125 0.609375 0
4852 0.48828125 0.59375 0
4853 0.47265625 0.6171875 0
4854 0.48046875 0.62890625 0
4855 0.48046875 0.625 0
4856 0.49609375 0.6171875 0
4857 0.5 0.62109375 0
4858 0.68359375 0.65234375 0
4859 0.6796875 0.59375 0
4860 0.68359375 0.59765625 0
4861 0.57421875 0.62890625 0
4862 0.5546875 0.66015625 0
4863 0.546875 0.66015625 0
4864 0.41015625 0.6484375 0
4865 0.45703125 0.62109375 0
4866 0.62890625 0.5859375 0
4867 0.421875 0.3046875 0
4868 0.42578125 0.30859375 0
4869 0.33203125 0.31640625 0
4870 0.40625 0.6796875 0
4871 0.5234375 0.375 0
4872 0.6640625 0.609375 0
4873 0.640625 0.6953125 0
4874 0.6484375 0.6875 0
4875 0.375 0.5078125 0
4876 0.41015625 0.31640625 0
4877 0.33984375 0.30859375 0
4878 0.34765625 0.30859375 0
4879 0.65234375 0.60546875 0
4880 0.3671875 0.59375 0
4881 0.3515625 0.59375 0
4882 0.359375 0.6015625 0
4883 0.6328125 0.53125 0
4884 0.6796875 0.3671875 0
4885 0.6875 0.3671875 0
4886 0.6953125 0.375 0
4887 0.38671875 0.38671875 0
4888 0.46484375 0.51953125 0
4889 0.67578125 0.47265625 0
4890 0.66796875 0.57421875 0
4891 0.6015625 0.65625 0
4892 0.6171875 0.640625 0
4893 0.578125 0.5078125 0
4894 0.42578125 0.56640625 0
4895 0.43359375 0.56640625 0
4896 0.40234375 0.55078125 0
4897 0.40234375 0.55859375 0
4898 0.6171875 0.46875 0
4899 0.63671875 0.60546875 0
4900 0.58203125 0.57421875 0
4901 0.57421875 0.56640625 0
4902 0.359375 0.5078125 0
4903 0.34375 0.5078125 0
4904 0.6015625 0.359375 0
4905 0.609375 0.3671875 0
4906 0.59375 0.4140625 0
4907 0.58984375 0.67578125 0
4908 0.50390625 0.66796875 0
4909 0.4375 0.5859375 0
4910 0.44140625 0.58984375 0
4911 0.44140625 0.60546875 0
4912 0.37890625 0.54296875 0
4913 0.6640625 0.328125 0
4914 0.6796875 0.3203125 0
4915 0.671875 0.3203125 0
4916 0.6640625 0.3125 0
4917 0.37109375 0.46484375 0
4918 0.38671875 0.3203125 0
4919 0.41015625 0.41015625 0
4920 0.41015625 0.40234375 0
4921 0.45703125 0.37109375 0
4922 0.32421875 0.40234375 0
4923 0.32421875 0.41015625 0
4924 0.3046875 0.34765625 0
4925 0.32421875 0.3203125 0
4926 0.51953125 0.46484375 0
4927 0.52734375 0.34765625 0
4928 0.51953125 0.35546875 0
4929 0.515625 0.35546875 0
4930 0.51171875 0.3515625 0
4931 0.58984375 0.47265625 0
4932 0.58203125 0.47265625 0
4933 0.58203125 0.44921875 0
4934 0.58203125 0.45703125 0
4935 0.47265625 0.51171875 0
4936 0.44921875 0.47265625 0
4937 0.453125 0.5703125 0
4938 0.45703125 0.57421875 0
4939 0.453125 0.58984375 0
4940 0.65625 0.6328125 0
4941 0.67578125 0.62890625 0
4942 0.67578125 0.62109375 0
4943 0.68359375 0.61328125 0
4944 0.69140625 0.61328125 0
4945 0.69140625 0.62109375 0
4946 0.58203125 0.62890625 0
4947 0.58203125 0.62109375 0
4948 0.57421875 0.61328125 0
4949 0.56640625 0.61328125 0
4950 0.51953125 0.67578125 0
4951 0.40625 0.6015625 0
4952 0.3984375 0.609375 0
4953 0.43359375 0.640625 0
4954 0.703125 0.296875 0
4955 0.703125 0.3125 0
4956 0.6953125 0.3203125 0
4957 0.6796875 0.546875 0
4958 0.6640625 0.546875 0
4959 0.3203125 0.6640625 0
4960 0.6796875 0.375 0
4961 0.53515625 0.37109375 0
4962 0.5625 0.3671875 0
4963 0.55859375 0.37109375 0
4964 0.54296875 0.38671875 0
4965 0.578125 0.3828125 0
4966 0.33203125 0.54296875 0
4967 0.33203125 0.52734375 0
4968 0.34375 0.5234375 0
4969 0.34765625 0.52734375 0
4970 0.36328125 0.53515625 0
4971 0.41015625 0.59765625 0
4972 0.41796875 0.60546875 0
4973 0.42578125 0.60546875 0
4974 0.64453125 0.48046875 0
4975 0.6875 0.296875 0
4976 0.6796875 0.3046875 0
4977 0.671875 0.3046875 0
4978 0.51171875 0.32421875 0
4979 0.50390625 0.30859375 0
4980 0.48828125 0.31640625 0
4981 0.60546875 0.68359375 0
4982 0.59765625 0.68359375 0
4983 0.60546875 0.67578125 0
4984 0.453125 0.6796875 0
4985 0.46484375 0.67578125 0
4986 0.44921875 0.66796875 0
4987 0.671875 0.3515625 0
4988 0.64453125 0.36328125 0
4989 0.31640625 0.44921875 0
4990 0.390625 0.30859375 0
4991 0.37109375 0.3515625 0
4992 0.390625 0.36328125 0
4993 0.43359375 0.44921875 0
4994 0.42578125 0.39453125 0
4995 0.43359375 0.39453125 0
4996 0.3671875 0.38671875 0
4997 0.33984375 0.41015625 0
4998 0.56640625 0.44140625 0
4999 0.51953125 0.44921875 0
5000 0.47265625 0.36328125 0
5001 0.4921875 0.52734375 0
5002 0.42578125 0.48046875 0
5003 0.41796875 0.48046875 0
5004 0.47265625 0.48828125 0
5005 0.46875 0.59765625 0
5006 0.45703125 0.6015625 0
5007 0.51171875 0.66796875 0
5008 0.5625 0.66796875 0
5009 0.56640625 0.69140625 0
5010 0.53125 0.78125 0
5011 0.53125 0.75 0
5012 0.546875 0.734375 0
5013 0.546875 0.71875 0
5014 0.5546875 0.7109375 0
5015 0.5546875 0.703125 0
5016 0.55859375 0.69921875 0
5017 0.55859375 0.6953125 0
5018 0.37109375 0.63671875 0
5019 0.43359375 0.66015625 0
5020 0.45703125 0.625 0
5021 0.671875 0.4140625 0
5022 0.54296875 0.34765625 0
5023 0.53515625 0.34765625 0
5024 0.578125 0.3203125 0
5025 0.67578125 0.55859375 0
5026 0.6875 0.5546875 0
5027 0.40234375 0.58203125 0
5028 0.44140625 0.56640625 0
5029 0.44140625 0.57421875 0
5030 0.43359375 0.57421875 0
5031 0.63671875 0.49609375 0
5032 0.64453125 0.48828125 0
5033 0.640625 0.6484375 0
5034 0.63671875 0.63671875 0
5035 0.64453125 0.63671875 0
5036 0.64453125 0.62890625 0
5037 0.63671875 0.62890625 0
5038 0.6171875 0.53125 0
5039 0.609375 0.5234375 0
5040 0.6015625 0.375 0
5041 0.5859375 0.375 0
5042 0.59375 0.3984375 0
5043 0.62109375 0.35546875 0
5044 0.40234375 0.3046875 0
5045 0.3984375 0.31640625 0
5046 0.39453125 0.30078125 0
5047 0.3984375 0.30078125 0
5048 0.39453125 0.41796875 0
5049 0.40234375 0.41796875 0
5050 0.40234375 0.40234375 0
5051 0.39453125 0.40234375 0
5052 0.58203125 0.42578125 0
5053 0.57421875 0.43359375 0
5054 0.57421875 0.42578125 0
5055 0.51953125 0.53125 0
5056 0.5390625 0.52734375 0
5057 0.47265625 0.44140625 0
5058 0.46484375 0.44921875 0
5059 0.47265625 0.43359375 0
5060 0.48046875 0.44140625 0
5061 0.47265625 0.4921875 0
5062 0.4765625 0.49609375 0
5063 0.60546875 0.64453125 0
5064 0.57421875 0.69921875 0
5065 0.5859375 0.7109375 0
5066 0.5859375 0.703125 0
5067 0.58203125 0.69921875 0
5068 0.39453125 0.6484375 0
5069 0.390625 0.65234375 0
5070 0.3984375 0.65234375 0
5071 0.39453125 0.63671875 0
5072 0.39453125 0.640625 0
5073 0.37890625 0.64453125 0
5074 0.3828125 0.64453125 0
5075 0.3828125 0.65234375 0
5076 0.421875 0.63671875 0
5077 0.4296875 0.64453125 0
5078 0.421875 0.62890625 0
5079 0.47265625 0.65234375 0
5080 0.453125 0.65234375 0
5081 0.4609375 0.64453125 0
5082 0.65234375 0.59765625 0
5083 0.64453125 0.59375 0
5084 0.65234375 0.58203125 0
5085 0.65234375 0.578125 0
5086 0.53515625 0.38671875 0
5087 0.52734375 0.38671875 0
5088 0.52734375 0.40234375 0
5089 0.53515625 0.40234375 0
5090 0.51953125 0.40234375 0
5091 0.51953125 0.41015625 0
5092 0.33203125 0.56640625 0
5093 0.33984375 0.55859375 0
5094 0.35546875 0.58203125 0
5095 0.36328125 0.58984375 0
5096 0.30859375 0.58984375 0
5097 0.64453125 0.51171875 0
5098 0.64453125 0.65234375 0
5099 0.66015625 0.64453125 0
5100 0.35546875 0.41015625 0
5101 0.375 0.36328125 0
5102 0.37890625 0.3515625 0
5103 0.45703125 0.30859375 0
5104 0.46484375 0.30859375 0
5105 0.453125 0.265625 0
5106 0.453125 0.28125 0
5107 0.4609375 0.2890625 0
5108 0.4609375 0.296875 0
5109 0.46484375 0.30078125 0
5110 0.43359375 0.36328125 0
5111 0.56640625 0.48046875 0
5112 0.54296875 0.45703125 0
5113 0.546875 0.45703125 0
5114 0.5 0.51953125 0
5115 0.48828125 0.515625 0
5116 0.4921875 0.51953125 0
5117 0.4921875 0.51171875 0
5118 0.50390625 0.50390625 0
5119 0.5 0.50390625 0
5120 0.49609375 0.4921875 0
5121 0.48046875 0.5078125 0
5122 0.4765625 0.51171875 0
5123 0.4765625 0.51953125 0
5124 0.45703125 0.50390625 0
5125 0.45703125 0.5078125 0
5126 0.4765625 0.56640625 0
5127 0.47265625 0.41796875 0
5128 0.48046875 0.41796875 0
5129 0.48828125 0.41796875 0
5130 0.3203125 0.515625 0
5131 0.31640625 0.51953125 0
5132 0.32421875 0.55078125 0
5133 0.30859375 0.5390625 0
5134 0.3046875 0.54296875 0
5135 0.30859375 0.5546875 0
5136 0.3125 0.55078125 0
5137 0.3125 0.56640625 0
5138 0.65625 0.6953125 0
5139 0.66015625 0.69140625 0
5140 0.67578125 0.44921875 0
5141 0.6953125 0.5234375 0
5142 0.6953125 0.515625 0
5143 0.7109375 0.4765625 0
5144 0.703125 0.4765625 0
5145 0.69921875 0.48046875 0
5146 0.69140625 0.50390625 0
5147 0.68359375 0.48046875 0
5148 0.68359375 0.484375 0
5149 0.6875 0.48828125 0
5150 0.66015625 0.4765625 0
5151 0.67578125 0.48046875 0
5152 0.671875 0.48046875 0
5153 0.67578125 0.46484375 0
5154 0.625 0.5390625 0
5155 0.625 0.56640625 0
5156 0.61328125 0.5859375 0
5157 0.609375 0.58203125 0
5158 0.60546875 0.5859375 0
5159 0.60546875 0.55078125 0
5160 0.61328125 0.57421875 0
5161 0.60546875 0.56640625 0
5162 0.61328125 0.5703125 0
5163 0.609375 0.56640625 0
5164 0.60546875 0.55859375 0
5165 0.609375 0.55859375 0
5166 0.625 0.55859375 0
5167 0.61328125 0.63671875 0
5168 0.62109375 0.66015625 0
5169 0.61328125 0.67578125 0
5170 0.5703125 0.515625 0
5171 0.56640625 0.51171875 0
5172 0.55859375 0.50390625 0
5173 0.55859375 0.51171875 0
5174 0.57421875 0.49609375 0
5175 0.58984375 0.48828125 0
5176 0.64453125 0.30859375 0
5177 0.62109375 0.30859375 0
5178 0.62890625 0.30859375 0
5179 0.33203125 0.49609375 0
5180 0.33203125 0.50390625 0
5181 0.33984375 0.50390625 0
5182 0.34765625 0.48046875 0
5183 0.265625 0.484375 0
5184 0.28125 0.484375 0
5185 0.2890625 0.4921875 0
5186 0.296875 0.4921875 0
5187 0.30078125 0.49609375 0
5188 0.30078125 0.50390625 0
5189 0.31640625 0.48828125 0
5190 0.44921875 0.3359375 0
5191 0.44921875 0.30859375 0
5192 0.44921875 0.3125 0
5193 0.49609375 0.41796875 0
5194 0.50390625 0.41015625 0
5195 0.49609375 0.42578125 0
5196 0.49609375 0.44140625 0
5197 0.49609375 0.43359375 0
5198 0.421875 0.56640625 0
5199 0.41796875 0.58203125 0
5200 0.41796875 0.578125 0
5201 0.421875 0.57421875 0
5202 0.4140625 0.57421875 0
5203 0.41015625 0.5703125 0
5204 0.421875 0.55859375 0
5205 0.42578125 0.5625 0
5206 0.4140625 0.55078125 0
5207 0.43359375 0.546875 0
5208 0.421875 0.54296875 0
5209 0.38671875 0.55859375 0
5210 0.35546875 0.62109375 0
5211 0.34765625 0.62890625 0
5212 0.30859375 0.59765625 0
5213 0.30078125 0.58984375 0
5214 0.64453125 0.44140625 0
5215 0.62890625 0.43359375 0
5216 0.63671875 0.44140625 0
5217 0.63671875 0.4609375 0
5218 0.65234375 0.45703125 0
5219 0.66015625 0.45703125 0
5220 0.640625 0.47265625 0
5221 0.64453125 0.4765625 0
5222 0.609375 0.61328125 0
5223 0.6015625 0.58984375 0
5224 0.59765625 0.59375 0
5225 0.59765625 0.56640625 0
5226 0.6015625 0.57421875 0
5227 0.59765625 0.5703125 0
5228 0.546875 0.5859375 0
5229 0.56640625 0.58203125 0
5230 0.57421875 0.60546875 0
5231 0.58203125 0.59375 0
5232 0.56640625 0.58984375 0
5233 0.5703125 0.58984375 0
5234 0.57421875 0.578125 0
5235 0.53515625 0.30859375 0
5236 0.54296875 0.30078125 0
5237 0.515625 0.31640625 0
5238 0.578125 0.55078125 0
5239 0.55859375 0.53515625 0
5240 0.5625 0.53515625 0
5241 0.54296875 0.5390625 0
5242 0.546875 0.53515625 0
5243 0.54296875 0.53125 0
5244 0.5390625 0.51953125 0
5245 0.4921875 0.66015625 0
5246 0.48046875 0.6796875 0
5247 0.4921875 0.7109375 0
5248 0.4921875 0.703125 0
5249 0.48828125 0.69921875 0
5250 0.48828125 0.6953125 0
5251 0.4921875 0.69140625 0
5252 0.39453125 0.53125 0
5253 0.39453125 0.5390625 0
5254 0.40234375 0.46484375 0
5255 0.40234375 0.45703125 0
5256 0.39453125 0.44921875 0
5257 0.40625 0.49609375 0
5258 0.40234375 0.48046875 0
5259 0.40234375 0.484375 0
5260 0.59765625 0.33984375 0
5261 0.62890625 0.34375 0
5262 0.62890625 0.33203125 0
5263 0.62890625 0.3359375 0
5264 0.62890625 0.359375 0
5265 0.625 0.35546875 0
5266 0.6328125 0.39453125 0
5267 0.62109375 0.39453125 0
5268 0.625 0.39453125 0
5269 0.62109375 0.38671875 0
5270 0.625 0.38671875 0
5271 0.63671875 0.40625 0
5272 0.65234375 0.41015625 0
5273 0.61328125 0.41796875 0
5274 0.62109375 0.42578125 0
5275 0.61328125 0.42578125 0
5276 0.62890625 0.421875 0
5277 0.6328125 0.41796875 0
5278 0.6171875 0.41015625 0
5279 0.62109375 0.43359375 0
5280 0.3828125 0.4375 0
5281 0.38671875 0.44921875 0
5282 0.38671875 0.453125 0
5283 0.37890625 0.47265625 0
5284 0.38671875 0.47265625 0
5285 0.3359375 0.46875 0
5286 0.33984375 0.47265625 0
5287 0.33984375 0.43359375 0
5288 0.32421875 0.4296875 0
5289 0.3203125 0.42578125 0
5290 0.33203125 0.421875 0
5291 0.30859375 0.421875 0
5292 0.2890625 0.4296875 0
5293 0.296875 0.4296875 0
5294 0.30078125 0.43359375 0
5295 0.30859375 0.4296875 0
5296 0.3046875 0.43359375 0
5297 0.30859375 0.4375 0
5298 0.37109375 0.3125 0
5299 0.36328125 0.3203125 0
5300 0.359375 0.265625 0
5301 0.359375 0.28125 0
5302 0.3671875 0.2890625 0
5303 0.3671875 0.296875 0
5304 0.37109375 0.30078125 0
5305 0.37890625 0.30078125 0
5306 0.37890625 0.3046875 0
5307 0.37109375 0.3203125 0
5308 0.373046875 0.322265625 0
5309 0.359375 0.34765625 0
5310 0.34375 0.33984375 0
5311 0.376953125 0.337890625 0
5312 0.369140625 0.337890625 0
5313 0.359375 0.32421875 0
5314 0.361328125 0.326171875 0
5315 0.365234375 0.333984375 0
5316 0.36328125 0.34375 0
5317 0.365234375 0.337890625 0
5318 0.392578125 0.345703125 0
5319 0.392578125 0.341796875 0
5320 0.392578125 0.349609375 0
5321 0.42578125 0.33984375 0
5322 0.42578125 0.34375 0
5323 0.4296875 0.34765625 0
5324 0.3984375 0.34765625 0
5325 0.400390625 0.349609375 0
5326 0.408203125 0.353515625 0
5327 0.412109375 0.341796875 0
5328 0.41796875 0.3515625 0
5329 0.421875 0.35546875 0
5330 0.41015625 0.37109375 0
5331 0.41015625 0.3671875 0
5332 0.44921875 0.42578125 0
5333 0.44140625 0.421875 0
5334 0.421875 0.41015625 0
5335 0.4140625 0.41796875 0
5336 0.46484375 0.36328125 0
5337 0.46484375 0.359375 0
5338 0.44921875 0.3515625 0
5339 0.43359375 0.33984375 0
5340 0.44140625 0.375 0
5341 0.4375 0.37109375 0
5342 0.44140625 0.38671875 0
5343 0.4453125 0.38671875 0
5344 0.453125 0.38671875 0
5345 0.44921875 0.3828125 0
5346 0.361328125 0.369140625 0
5347 0.361328125 0.373046875 0
5348 0.365234375 0.376953125 0
5349 0.345703125 0.373046875 0
5350 0.34375 0.37890625 0
5351 0.345703125 0.376953125 0
5352 0.353515625 0.380859375 0
5353 0.337890625 0.369140625 0
5354 0.357421875 0.361328125 0
5355 0.359375 0.35546875 0
5356 0.357421875 0.357421875 0
5357 0.36328125 0.3515625 0
5358 0.357421875 0.353515625 0
5359 0.357421875 0.349609375 0
5360 0.314453125 0.314453125 0
5361 0.322265625 0.322265625 0
5362 0.318359375 0.326171875 0
5363 0.318359375 0.330078125 0
5364 0.3359375 0.35546875 0
5365 0.333984375 0.357421875 0
5366 0.337890625 0.361328125 0
5367 0.318359375 0.373046875 0
5368 0.322265625 0.373046875 0
5369 0.3203125 0.38671875 0
5370 0.322265625 0.384765625 0
5371 0.32421875 0.3515625 0
5372 0.326171875 0.345703125 0
5373 0.3359375 0.33203125 0
5374 0.333984375 0.333984375 0
5375 0.330078125 0.341796875 0
5376 0.48046875 0.3359375 0
5377 0.4765625 0.33203125 0
5378 0.48828125 0.328125 0
5379 0.4921875 0.33203125 0
5380 0.4765625 0.34765625 0
5381 0.4765625 0.33984375 0
5382 0.46484375 0.3359375 0
5383 0.49609375 0.3359375 0
5384 0.50390625 0.3359375 0
5385 0.50390625 0.34375 0
5386 0.4921875 0.36328125 0
5387 0.5 0.37890625 0
5388 0.52734375 0.32421875 0
5389 0.51171875 0.328125 0
5390 0.51171875 0.3359375 0
5391 0.53125 0.33203125 0
5392 0.505859375 0.357421875 0
5393 0.48828125 0.34765625 0
5394 0.48828125 0.3515625 0
5395 0.490234375 0.353515625 0
5396 0.4921875 0.34765625 0
5397 0.494140625 0.349609375 0
5398 0.5 0.37109375 0
5399 0.498046875 0.361328125 0
5400 0.60546875 0.46484375 0
5401 0.609375 0.4765625 0
5402 0.60546875 0.47265625 0
5403 0.58984375 0.4296875 0
5404 0.62109375 0.44140625 0
5405 0.61328125 0.43359375 0
5406 0.59375 0.44921875 0
5407 0.609375 0.43359375 0
5408 0.61328125 0.4375 0
5409 0.6171875 0.44140625 0
5410 0.546875 0.48828125 0
5411 0.5234375 0.51171875 0
5412 0.5078125 0.51171875 0
5413 0.525390625 0.498046875 0
5414 0.5234375 0.48828125 0
5415 0.525390625 0.490234375 0
5416 0.513671875 0.490234375 0
5417 0.509765625 0.494140625 0
5418 0.50390625 0.5 0
5419 0.505859375 0.498046875 0
5420 0.505859375 0.490234375 0
5421 0.513671875 0.529296875 0
5422 0.509765625 0.529296875 0
5423 0.509765625 0.525390625 0
5424 0.501953125 0.529296875 0
5425 0.498046875 0.529296875 0
5426 0.498046875 0.541015625 0
5427 0.498046875 0.544921875 0
5428 0.494140625 0.537109375 0
5429 0.486328125 0.544921875 0
5430 0.45703125 0.55078125 0
5431 0.470703125 0.541015625 0
5432 0.470703125 0.544921875 0
5433 0.466796875 0.544921875 0
5434 0.470703125 0.548828125 0
5435 0.453125 0.53515625 0
5436 0.490234375 0.576171875 0
5437 0.48046875 0.5859375 0
5438 0.484375 0.58984375 0
5439 0.48046875 0.59375 0
5440 0.5 0.58984375 0
5441 0.498046875 0.580078125 0
5442 0.498046875 0.576171875 0
5443 0.490234375 0.556640625 0
5444 0.486328125 0.560546875 0
5445 0.46484375 0.46875 0
5446 0.45703125 0.45703125 0
5447 0.4609375 0.45703125 0
5448 0.46484375 0.453125 0
5449 0.45703125 0.48046875 0
5450 0.46484375 0.4765625 0
5451 0.4609375 0.47265625 0
5452 0.48046875 0.46484375 0
5453 0.4765625 0.46484375 0
5454 0.474609375 0.466796875 0
5455 0.466796875 0.462890625 0
5456 0.44921875 0.484375 0
5457 0.447265625 0.486328125 0
5458 0.453125 0.48828125 0
5459 0.451171875 0.490234375 0
5460 0.4375 0.50390625 0
5461 0.439453125 0.501953125 0
5462 0.44140625 0.5078125 0
5463 0.54296875 0.6171875 0
5464 0.55078125 0.60546875 0
5465 0.55078125 0.6171875 0
5466 0.5390625 0.60546875 0
5467 0.53515625 0.61328125 0
5468 0.53515625 0.609375 0
5469 0.53125 0.66796875 0
5470 0.53515625 0.671875 0
5471 0.54296875 0.671875 0
5472 0.54296875 0.6796875 0
5473 0.50390625 0.625 0
5474 0.509765625 0.611328125 0
5475 0.52734375 0.55859375 0
5476 0.5234375 0.55859375 0
5477 0.505859375 0.560546875 0
5478 0.509765625 0.560546875 0
5479 0.47265625 0.63671875 0
5480 0.498046875 0.626953125 0
5481 0.68359375 0.640625 0
5482 0.6796875 0.64453125 0
5483 0.68359375 0.6484375 0
5484 0.6875 0.64453125 0
5485 0.7109375 0.6328125 0
5486 0.703125 0.6328125 0
5487 0.69921875 0.62890625 0
5488 0.7109375 0.6171875 0
5489 0.703125 0.6171875 0
5490 0.69921875 0.62109375 0
5491 0.69140625 0.625 0
5492 0.69921875 0.64453125 0
5493 0.6953125 0.64453125 0
5494 0.67578125 0.6484375 0
5495 0.6796875 0.65234375 0
5496 0.6875 0.60546875 0
5497 0.68359375 0.609375 0
5498 0.6796875 0.60546875 0
5499 0.58984375 0.65234375 0
5500 0.58203125 0.65234375 0
5501 0.58984375 0.640625 0
5502 0.58984375 0.6484375 0
5503 0.58984375 0.6328125 0
5504 0.59765625 0.640625 0
5505 0.55859375 0.62109375 0
5506 0.5625 0.62109375 0
5507 0.56640625 0.625 0
5508 0.52734375 0.671875 0
5509 0.51953125 0.68359375 0
5510 0.5234375 0.68359375 0
5511 0.55078125 0.6796875 0
5512 0.55078125 0.671875 0
5513 0.55859375 0.640625 0
5514 0.54296875 0.62890625 0
5515 0.54296875 0.63671875 0
5516 0.39453125 0.66796875 0
5517 0.390625 0.6796875 0
5518 0.39453125 0.67578125 0
5519 0.40234375 0.6640625 0
5520 0.3984375 0.66796875 0
5521 0.40234375 0.67578125 0
5522 0.40234375 0.671875 0
5523 0.41796875 0.66796875 0
5524 0.412109375 0.646484375 0
5525 0.40625 0.63671875 0
5526 0.408203125 0.638671875 0
5527 0.42578125 0.6484375 0
5528 0.42578125 0.65625 0
5529 0.43359375 0.65234375 0
5530 0.4296875 0.65234375 0
5531 0.37890625 0.58984375 0
5532 0.39453125 0.58203125 0
5533 0.37890625 0.58203125 0
5534 0.43359375 0.625 0
5535 0.431640625 0.630859375 0
5536 0.439453125 0.626953125 0
5537 0.4375 0.61328125 0
5538 0.4453125 0.61328125 0
5539 0.44921875 0.6328125 0
5540 0.447265625 0.630859375 0
5541 0.447265625 0.626953125 0
5542 0.44140625 0.6171875 0
5543 0.447265625 0.619140625 0
5544 0.625 0.58984375 0
5545 0.6171875 0.58203125 0
5546 0.626953125 0.583984375 0
5547 0.623046875 0.580078125 0
5548 0.625 0.57421875 0
5549 0.64453125 0.578125 0
5550 0.59375 0.6953125 0
5551 0.5390625 0.421875 0
5552 0.4375 0.6796875 0
5553 0.44140625 0.64453125 0
5554 0.6875 0.3515625 0
5555 0.6796875 0.359375 0
5556 0.37890625 0.37890625 0
5557 0.38671875 0.37890625 0
5558 0.578125 0.3671875 0
5559 0.578125 0.3515625 0
5560 0.55859375 0.55859375 0
5561 0.62109375 0.68359375 0
5562 0.62109375 0.67578125 0
5563 0.62890625 0.68359375 0
5564 0.62890625 0.67578125 0
5565 0.40234375 0.51953125 0
5566 0.38671875 0.55078125 0
5567 0.37109375 0.45703125 0
5568 0.37109375 0.44921875 0
5569 0.33203125 0.30078125 0
5570 0.3203125 0.2890625 0
5571 0.3203125 0.296875 0
5572 0.32421875 0.30078125 0
5573 0.32421875 0.3046875 0
5574 0.51953125 0.36328125 0
5575 0.515625 0.36328125 0
5576 0.51953125 0.5 0
5577 0.48046875 0.578125 0
5578 0.46484375 0.4921875 0
5579 0.46875 0.49609375 0
5580 0.4609375 0.48828125 0
5581 0.48046875 0.45703125 0
5582 0.484375 0.47265625 0
5583 0.5 0.60546875 0
5584 0.51171875 0.57421875 0
5585 0.51953125 0.56640625 0
5586 0.69921875 0.60546875 0
5587 0.57421875 0.62109375 0
5588 0.3828125 0.6875 0
5589 0.6796875 0.515625 0
5590 0.6953125 0.3359375 0
5591 0.6875 0.3359375 0
5592 0.375 0.4296875 0
5593 0.5625 0.3984375 0
5594 0.46484375 0.58203125 0
5595 0.32421875 0.54296875 0
5596 0.43359375 0.59765625 0
5597 0.42578125 0.59765625 0
5598 0.6875 0.4140625 0
5599 0.6953125 0.421875 0
5600 0.6953125 0.40625 0
5601 0.578125 0.3984375 0
5602 0.44140625 0.68359375 0
5603 0.40234375 0.37109375 0
5604 0.40234375 0.3671875 0
5605 0.43359375 0.328125 0
5606 0.44140625 0.32421875 0
5607 0.4375 0.32421875 0
5608 0.44140625 0.40234375 0
5609 0.37109375 0.359375 0
5610 0.3125 0.38671875 0
5611 0.328125 0.39453125 0
5612 0.52734375 0.44921875 0
5613 0.53515625 0.44921875 0
5614 0.5390625 0.4375 0
5615 0.53515625 0.44140625 0
5616 0.47265625 0.38671875 0
5617 0.60546875 0.45703125 0
5618 0.53515625 0.46875 0
5619 0.53125 0.46484375 0
5620 0.48828125 0.46484375 0
5621 0.48828125 0.4765625 0
5622 0.4609375 0.59765625 0
5623 0.46484375 0.58984375 0
5624 0.46484375 0.59375 0
5625 0.4765625 0.60546875 0
5626 0.47265625 0.609375 0
5627 0.44921875 0.6015625 0
5628 0.44921875 0.59375 0
5629 0.41796875 0.65625 0
5630 0.41015625 0.66015625 0
5631 0.4140625 0.66015625 0
5632 0.43359375 0.67578125 0
5633 0.6796875 0.40625 0
5634 0.69140625 0.58203125 0
5635 0.68359375 0.58984375 0
5636 0.68359375 0.58203125 0
5637 0.734375 0.578125 0
5638 0.71875 0.578125 0
5639 0.7109375 0.5859375 0
5640 0.703125 0.5859375 0
5641 0.69921875 0.58203125 0
5642 0.64453125 0.62109375 0
5643 0.63671875 0.62109375 0
5644 0.63671875 0.61328125 0
5645 0.62890625 0.62109375 0
5646 0.671875 0.3671875 0
5647 0.66796875 0.36328125 0
5648 0.66796875 0.35546875 0
5649 0.67578125 0.38671875 0
5650 0.67578125 0.37890625 0
5651 0.375 0.4140625 0
5652 0.3828125 0.421875 0
5653 0.38671875 0.41796875 0
5654 0.56640625 0.47265625 0
5655 0.56640625 0.45703125 0
5656 0.52734375 0.515625 0
5657 0.5234375 0.52734375 0
5658 0.52734375 0.53515625 0
5659 0.52734375 0.53125 0
5660 0.53515625 0.63671875 0
5661 0.53515625 0.62890625 0
5662 0.4140625 0.65234375 0
5663 0.41015625 0.62109375 0
5664 0.44140625 0.65234375 0
5665 0.44140625 0.66796875 0
5666 0.640625 0.58203125 0
5667 0.64453125 0.5859375 0
5668 0.6484375 0.58203125 0
5669 0.6328125 0.58984375 0
5670 0.328125 0.5859375 0
5671 0.32421875 0.58203125 0
5672 0.31640625 0.58203125 0
5673 0.63671875 0.51171875 0
5674 0.62890625 0.51953125 0
5675 0.62890625 0.50390625 0
5676 0.64453125 0.64453125 0
5677 0.65234375 0.63671875 0
5678 0.66796875 0.63671875 0
5679 0.66015625 0.63671875 0
5680 0.35546875 0.42578125 0
5681 0.3828125 0.35546875 0
5682 0.4453125 0.2890625 0
5683 0.4453125 0.296875 0
5684 0.44921875 0.30078125 0
5685 0.41796875 0.3671875 0
5686 0.546875 0.46484375 0
5687 0.51171875 0.47265625 0
5688 0.5 0.48828125 0
5689 0.4921875 0.48828125 0
5690 0.46484375 0.57421875 0
5691 0.46875 0.57421875 0
5692 0.47265625 0.5703125 0
5693 0.4765625 0.57421875 0
5694 0.45703125 0.55859375 0
5695 0.46484375 0.5703125 0
5696 0.45703125 0.41015625 0
5697 0.30859375 0.52734375 0
5698 0.3125 0.53515625 0
5699 0.30078125 0.5625 0
5700 0.66015625 0.68359375 0
5701 0.65234375 0.67578125 0
5702 0.6796875 0.6875 0
5703 0.66796875 0.69140625 0
5704 0.65625 0.78125 0
5705 0.65625 0.75 0
5706 0.671875 0.734375 0
5707 0.671875 0.71875 0
5708 0.6796875 0.7109375 0
5709 0.6796875 0.703125 0
5710 0.67578125 0.69921875 0
5711 0.67578125 0.66015625 0
5712 0.6640625 0.671875 0
5713 0.66796875 0.66796875 0
5714 0.6953125 0.6953125 0
5715 0.6953125 0.6875 0
5716 0.6875 0.6796875 0
5717 0.69140625 0.67578125 0
5718 0.69140625 0.44921875 0
5719 0.68359375 0.44140625 0
5720 0.65625 0.50390625 0
5721 0.66015625 0.51171875 0
5722 0.66015625 0.5078125 0
5723 0.66015625 0.5 0
5724 0.62109375 0.63671875 0
5725 0.62890625 0.62890625 0
5726 0.58984375 0.55859375 0
5727 0.58984375 0.56640625 0
5728 0.6484375 0.2890625 0
5729 0.6484375 0.296875 0
5730 0.65234375 0.30078125 0
5731 0.671875 0.265625 0
5732 0.671875 0.28125 0
5733 0.6640625 0.2890625 0
5734 0.6640625 0.296875 0
5735 0.66015625 0.30078125 0
5736 0.63671875 0.30859375 0
5737 0.33984375 0.48046875 0
5738 0.34375 0.4921875 0
5739 0.33984375 0.48828125 0
5740 0.33203125 0.48828125 0
5741 0.34765625 0.50390625 0
5742 0.44921875 0.3203125 0
5743 0.44140625 0.3203125 0
5744 0.4375 0.31640625 0
5745 0.453125 0.32421875 0
5746 0.52734375 0.43359375 0
5747 0.51953125 0.44140625 0
5748 0.52734375 0.42578125 0
5749 0.53515625 0.42578125 0
5750 0.51953125 0.42578125 0
5751 0.51953125 0.41796875 0
5752 0.50390625 0.43359375 0
5753 0.41015625 0.55859375 0
5754 0.41015625 0.5625 0
5755 0.43359375 0.53515625 0
5756 0.4375 0.54296875 0
5757 0.40625 0.53515625 0
5758 0.40234375 0.53125 0
5759 0.3984375 0.53515625 0
5760 0.359375 0.5703125 0
5761 0.66015625 0.44921875 0
5762 0.66015625 0.44140625 0
5763 0.66796875 0.44921875 0
5764 0.64453125 0.42578125 0
5765 0.62890625 0.46484375 0
5766 0.640625 0.46484375 0
5767 0.64453125 0.43359375 0
5768 0.65234375 0.44921875 0
5769 0.6484375 0.44921875 0
5770 0.64453125 0.4453125 0
5771 0.640625 0.59765625 0
5772 0.6328125 0.59765625 0
5773 0.6484375 0.60546875 0
5774 0.64453125 0.6015625 0
5775 0.58984375 0.5859375 0
5776 0.5859375 0.58203125 0
5777 0.58984375 0.578125 0
5778 0.6015625 0.59765625 0
5779 0.36328125 0.50390625 0
5780 0.37109375 0.50390625 0
5781 0.5078125 0.2890625 0
5782 0.5078125 0.296875 0
5783 0.51171875 0.30078125 0
5784 0.515625 0.30078125 0
5785 0.52734375 0.31640625 0
5786 0.52734375 0.3125 0
5787 0.53125 0.30859375 0
5788 0.55078125 0.57421875 0
5789 0.55078125 0.56640625 0
5790 0.54296875 0.5625 0
5791 0.546875 0.56640625 0
5792 0.56640625 0.546875 0
5793 0.5703125 0.54296875 0
5794 0.6015625 0.53125 0
5795 0.59765625 0.53515625 0
5796 0.58203125 0.54296875 0
5797 0.578125 0.54296875 0
5798 0.57421875 0.546875 0
5799 0.546875 0.51953125 0
5800 0.54296875 0.515625 0
5801 0.55859375 0.51953125 0
5802 0.5546875 0.51953125 0
5803 0.55078125 0.51171875 0
5804 0.48828125 0.6640625 0
5805 0.4921875 0.66796875 0
5806 0.4765625 0.66796875 0
5807 0.47265625 0.671875 0
5808 0.48828125 0.6796875 0
5809 0.484375 0.67578125 0
5810 0.48046875 0.6953125 0
5811 0.484375 0.69921875 0
5812 0.47265625 0.69140625 0
5813 0.4765625 0.69140625 0
5814 0.49609375 0.68359375 0
5815 0.49609375 0.6875 0
5816 0.37890625 0.51953125 0
5817 0.3828125 0.51953125 0
5818 0.3984375 0.51171875 0
5819 0.40625 0.51171875 0
5820 0.40234375 0.5078125 0
5821 0.41015625 0.47265625 0
5822 0.61328125 0.33984375 0
5823 0.5703125 0.34375 0
5824 0.5703125 0.359375 0
5825 0.6328125 0.34765625 0
5826 0.6328125 0.35546875 0
5827 0.6328125 0.33984375 0
5828 0.640625 0.41796875 0
5829 0.64453125 0.421875 0
5830 0.62890625 0.40625 0
5831 0.63671875 0.43359375 0
5832 0.63671875 0.4296875 0
5833 0.39453125 0.47265625 0
5834 0.37109375 0.47265625 0
5835 0.3671875 0.47265625 0
5836 0.3671875 0.48828125 0
5837 0.32421875 0.44140625 0
5838 0.328125 0.43359375 0
5839 0.31640625 0.4296875 0
5840 0.31640625 0.4375 0
5841 0.359375 0.3046875 0
5842 0.36328125 0.30859375 0
5843 0.3671875 0.30859375 0
5844 0.380859375 0.322265625 0
5845 0.384765625 0.326171875 0
5846 0.35546875 0.328125 0
5847 0.376953125 0.333984375 0
5848 0.376953125 0.330078125 0
5849 0.380859375 0.326171875 0
5850 0.361328125 0.333984375 0
5851 0.365234375 0.322265625 0
5852 0.396484375 0.349609375 0
5853 0.396484375 0.353515625 0
5854 0.384765625 0.349609375 0
5855 0.388671875 0.353515625 0
5856 0.42578125 0.359375 0
5857 0.400390625 0.357421875 0
5858 0.400390625 0.361328125 0
5859 0.412109375 0.353515625 0
5860 0.41796875 0.4453125 0
5861 0.4140625 0.43359375 0
5862 0.41796875 0.4296875 0
5863 0.4140625 0.44140625 0
5864 0.44921875 0.41015625 0
5865 0.4453125 0.41015625 0
5866 0.4375 0.41015625 0
5867 0.43359375 0.40234375 0
5868 0.43359375 0.40625 0
5869 0.42578125 0.4140625 0
5870 0.4296875 0.41796875 0
5871 0.40234375 0.42578125 0
5872 0.40625 0.42578125 0
5873 0.44140625 0.3515625 0
5874 0.4375 0.34765625 0
5875 0.4453125 0.35546875 0
5876 0.43359375 0.35546875 0
5877 0.4375 0.35546875 0
5878 0.44140625 0.359375 0
5879 0.4609375 0.38671875 0
5880 0.44140625 0.390625 0
5881 0.46484375 0.40234375 0
5882 0.47265625 0.39453125 0
5883 0.45703125 0.40234375 0
5884 0.4609375 0.39453125 0
5885 0.357421875 0.365234375 0
5886 0.3515625 0.38671875 0
5887 0.35546875 0.390625 0
5888 0.361328125 0.380859375 0
5889 0.345703125 0.365234375 0
5890 0.349609375 0.369140625 0
5891 0.349609375 0.361328125 0
5892 0.337890625 0.373046875 0
5893 0.341796875 0.376953125 0
5894 0.3671875 0.34765625 0
5895 0.3046875 0.33203125 0
5896 0.30078125 0.328125 0
5897 0.306640625 0.326171875 0
5898 0.3125 0.33203125 0
5899 0.310546875 0.330078125 0
5900 0.302734375 0.322265625 0
5901 0.30078125 0.41015625 0
5902 0.3046875 0.37109375 0
5903 0.30078125 0.375 0
5904 0.3125 0.37890625 0
5905 0.322265625 0.365234375 0
5906 0.33984375 0.3515625 0
5907 0.32421875 0.359375 0
5908 0.326171875 0.361328125 0
5909 0.30859375 0.375 0
5910 0.310546875 0.373046875 0
5911 0.3359375 0.38671875 0
5912 0.337890625 0.384765625 0
5913 0.337890625 0.380859375 0
5914 0.318359375 0.333984375 0
5915 0.322265625 0.330078125 0
5916 0.57421875 0.40234375 0
5917 0.52734375 0.453125 0
5918 0.484375 0.33984375 0
5919 0.48046875 0.34375 0
5920 0.4609375 0.33984375 0
5921 0.48046875 0.37109375 0
5922 0.484375 0.37109375 0
5923 0.48828125 0.375 0
5924 0.51953125 0.34375 0
5925 0.546875 0.3203125 0
5926 0.54296875 0.32421875 0
5927 0.53515625 0.3359375 0
5928 0.5390625 0.33203125 0
5929 0.53515625 0.32421875 0
5930 0.53515625 0.328125 0
5931 0.5078125 0.34765625 0
5932 0.501953125 0.345703125 0
5933 0.4921875 0.33984375 0
5934 0.498046875 0.345703125 0
5935 0.494140625 0.341796875 0
5936 0.498046875 0.341796875 0
5937 0.62109375 0.44921875 0
5938 0.61328125 0.45703125 0
5939 0.61328125 0.4453125 0
5940 0.537109375 0.478515625 0
5941 0.5390625 0.48828125 0
5942 0.537109375 0.486328125 0
5943 0.529296875 0.478515625 0
5944 0.544921875 0.482421875 0
5945 0.548828125 0.478515625 0
5946 0.515625 0.50390625 0
5947 0.525390625 0.494140625 0
5948 0.517578125 0.498046875 0
5949 0.513671875 0.498046875 0
5950 0.49609375 0.48046875 0
5951 0.49609375 0.47265625 0
5952 0.50390625 0.47265625 0
5953 0.50390625 0.4765625 0
5954 0.51953125 0.484375 0
5955 0.517578125 0.486328125 0
5956 0.517578125 0.529296875 0
5957 0.517578125 0.525390625 0
5958 0.50390625 0.546875 0
5959 0.505859375 0.537109375 0
5960 0.5 0.53515625 0
5961 0.501953125 0.537109375 0
5962 0.501953125 0.541015625 0
5963 0.494140625 0.533203125 0
5964 0.486328125 0.533203125 0
5965 0.474609375 0.541015625 0
5966 0.474609375 0.537109375 0
5967 0.474609375 0.548828125 0
5968 0.474609375 0.552734375 0
5969 0.4609375 0.52734375 0
5970 0.45703125 0.5234375 0
5971 0.44140625 0.53125 0
5972 0.44140625 0.5390625 0
5973 0.44921875 0.52734375 0
5974 0.4453125 0.52734375 0
5975 0.50390625 0.578125 0
5976 0.501953125 0.576171875 0
5977 0.501953125 0.572265625 0
5978 0.490234375 0.564453125 0
5979 0.501953125 0.583984375 0
5980 0.42578125 0.45703125 0
5981 0.42578125 0.4609375 0
5982 0.4296875 0.46484375 0
5983 0.41796875 0.4609375 0
5984 0.474609375 0.474609375 0
5985 0.44140625 0.45703125 0
5986 0.44140625 0.4609375 0
5987 0.44921875 0.45703125 0
5988 0.44921875 0.4609375 0
5989 0.453125 0.46484375 0
5990 0.447265625 0.494140625 0
5991 0.44921875 0.5 0
5992 0.447265625 0.498046875 0
5993 0.43359375 0.5 0
5994 0.435546875 0.498046875 0
5995 0.435546875 0.494140625 0
5996 0.443359375 0.501953125 0
5997 0.443359375 0.505859375 0
5998 0.5390625 0.61328125 0
5999 0.54296875 0.609375 0
6000 0.53515625 0.58984375 0
6001 0.546875 0.60546875 0
6002 0.53515625 0.65625 0
6003 0.5 0.61328125 0
6004 0.501953125 0.615234375 0
6005 0.490234375 0.611328125 0
6006 0.49609375 0.609375 0
6007 0.494140625 0.611328125 0
6008 0.4765625 0.58984375 0
6009 0.46875 0.58984375 0
6010 0.47265625 0.58203125 0
6011 0.47265625 0.5859375 0
6012 0.490234375 0.599609375 0
6013 0.490234375 0.595703125 0
6014 0.515625 0.55078125 0
6015 0.51953125 0.546875 0
6016 0.46484375 0.625 0
6017 0.4765625 0.61328125 0
6018 0.478515625 0.615234375 0
6019 0.482421875 0.615234375 0
6020 0.6875 0.63671875 0
6021 0.67578125 0.640625 0
6022 0.66796875 0.64453125 0
6023 0.671875 0.64453125 0
6024 0.6953125 0.60546875 0
6025 0.58203125 0.640625 0
6026 0.5390625 0.68359375 0
6027 0.546875 0.6953125 0
6028 0.54296875 0.69140625 0
6029 0.54296875 0.6875 0
6030 0.548828125 0.658203125 0
6031 0.552734375 0.658203125 0
6032 0.548828125 0.662109375 0
6033 0.552734375 0.666015625 0
6034 0.548828125 0.646484375 0
6035 0.548828125 0.654296875 0
6036 0.419921875 0.642578125 0
6037 0.423828125 0.646484375 0
6038 0.37109375 0.58984375 0
6039 0.427734375 0.630859375 0
6040 0.453125 0.61328125 0
6041 0.64453125 0.55859375 0
6042 0.64453125 0.5625 0
6043 0.3515625 0.4375 0
6044 0.359375 0.4453125 0
6045 0.63671875 0.48046875 0
6046 0.4296875 0.30859375 0
6047 0.43359375 0.3125 0
6048 0.51953125 0.38671875 0
6049 0.51953125 0.37890625 0
6050 0.5234375 0.48046875 0
6051 0.5078125 0.51953125 0
6052 0.44140625 0.5546875 0
6053 0.4375 0.55859375 0
6054 0.44140625 0.5625 0
6055 0.52734375 0.61328125 0
6056 0.51953125 0.6171875 0
6057 0.51953125 0.625 0
6058 0.421875 0.6953125 0
6059 0.4140625 0.6875 0
6060 0.41796875 0.68359375 0
6061 0.40234375 0.68359375 0
6062 0.39453125 0.68359375 0
6063 0.40234375 0.69140625 0
6064 0.39453125 0.38671875 0
6065 0.52734375 0.37109375 0
6066 0.52734375 0.58203125 0
6067 0.33984375 0.51171875 0
6068 0.44140625 0.58203125 0
6069 0.44921875 0.57421875 0
6070 0.62109375 0.49609375 0
6071 0.66796875 0.59765625 0
6072 0.67578125 0.59765625 0
6073 0.66015625 0.66015625 0
6074 0.51171875 0.66015625 0
6075 0.37109375 0.55859375 0
6076 0.37109375 0.55078125 0
6077 0.39453125 0.55859375 0
6078 0.6640625 0.40625 0
6079 0.66796875 0.40234375 0
6080 0.4140625 0.32421875 0
6081 0.54296875 0.50390625 0
6082 0.54296875 0.5 0
6083 0.44921875 0.43359375 0
6084 0.5703125 0.67578125 0
6085 0.5625 0.67578125 0
6086 0.58203125 0.67578125 0
6087 0.57421875 0.671875 0
6088 0.359375 0.6875 0
6089 0.3515625 0.6796875 0
6090 0.3515625 0.65625 0
6091 0.359375 0.6640625 0
6092 0.3515625 0.671875 0
6093 0.34375 0.6484375 0
6094 0.3671875 0.65625 0
6095 0.36328125 0.65234375 0
6096 0.4453125 0.66015625 0
6097 0.65625 0.59765625 0
6098 0.66015625 0.58984375 0
6099 0.66015625 0.59375 0
6100 0.6640625 0.59765625 0
6101 0.54296875 0.41015625 0
6102 0.35546875 0.60546875 0
6103 0.33984375 0.55078125 0
6104 0.33203125 0.58203125 0
6105 0.62890625 0.52734375 0
6106 0.37890625 0.375 0
6107 0.41796875 0.375 0
6108 0.41015625 0.37890625 0
6109 0.4140625 0.37890625 0
6110 0.41796875 0.38671875 0
6111 0.41796875 0.3828125 0
6112 0.42578125 0.37890625 0
6113 0.421875 0.37890625 0
6114 0.37890625 0.39453125 0
6115 0.37890625 0.390625 0
6116 0.375 0.38671875 0
6117 0.56640625 0.4609375 0
6118 0.48828125 0.4921875 0
6119 0.56640625 0.60546875 0
6120 0.68359375 0.47265625 0
6121 0.69140625 0.47265625 0
6122 0.59765625 0.54296875 0
6123 0.61328125 0.65234375 0
6124 0.61328125 0.66015625 0
6125 0.61328125 0.64453125 0
6126 0.58984375 0.51953125 0
6127 0.48046875 0.40234375 0
6128 0.48046875 0.39453125 0
6129 0.41796875 0.51953125 0
6130 0.42578125 0.52734375 0
6131 0.41796875 0.53125 0
6132 0.41015625 0.53125 0
6133 0.41015625 0.51953125 0
6134 0.41015625 0.5234375 0
6135 0.390625 0.55078125 0
6136 0.66015625 0.42578125 0
6137 0.62109375 0.60546875 0
6138 0.625 0.60546875 0
6139 0.62890625 0.609375 0
6140 0.5859375 0.57421875 0
6141 0.578125 0.56640625 0
6142 0.5859375 0.56640625 0
6143 0.578125 0.57421875 0
6144 0.58984375 0.37109375 0
6145 0.53125 0.54296875 0
6146 0.5390625 0.54296875 0
6147 0.52734375 0.546875 0
6148 0.63671875 0.68359375 0
6149 0.6171875 0.68359375 0
6150 0.58203125 0.6640625 0
6151 0.4453125 0.58984375 0
6152 0.484375 0.68359375 0
6153 0.4921875 0.68359375 0
6154 0.48046875 0.6875 0
6155 0.37109375 0.5390625 0
6156 0.37890625 0.48828125 0
6157 0.3984375 0.48046875 0
6158 0.58984375 0.34765625 0
6159 0.58203125 0.33203125 0
6160 0.57421875 0.33984375 0
6161 0.625 0.34765625 0
6162 0.61328125 0.39453125 0
6163 0.625 0.40234375 0
6164 0.6328125 0.40234375 0
6165 0.62109375 0.3984375 0
6166 0.388671875 0.326171875 0
6167 0.39453125 0.3203125 0
6168 0.392578125 0.322265625 0
6169 0.35546875 0.30859375 0
6170 0.359375 0.31640625 0
6171 0.33984375 0.3125 0
6172 0.34765625 0.31640625 0
6173 0.34375 0.31640625 0
6174 0.328125 0.30859375 0
6175 0.33203125 0.3046875 0
6176 0.40625 0.33203125 0
6177 0.392578125 0.353515625 0
6178 0.38671875 0.359375 0
6179 0.388671875 0.357421875 0
6180 0.4140625 0.44921875 0
6181 0.421875 0.44921875 0
6182 0.44921875 0.40625 0
6183 0.453125 0.40234375 0
6184 0.44921875 0.3984375 0
6185 0.45703125 0.34375 0
6186 0.4609375 0.34765625 0
6187 0.45703125 0.3515625 0
6188 0.45703125 0.3359375 0
6189 0.45703125 0.328125 0
6190 0.4609375 0.33203125 0
6191 0.453125 0.33984375 0
6192 0.46484375 0.3828125 0
6193 0.46875 0.37890625 0
6194 0.31640625 0.40625 0
6195 0.30859375 0.41015625 0
6196 0.3125 0.41015625 0
6197 0.326171875 0.384765625 0
6198 0.333984375 0.388671875 0
6199 0.3359375 0.39453125 0
6200 0.333984375 0.392578125 0
6201 0.330078125 0.376953125 0
6202 0.326171875 0.376953125 0
6203 0.333984375 0.380859375 0
6204 0.333984375 0.384765625 0
6205 0.3046875 0.33984375 0
6206 0.302734375 0.341796875 0
6207 0.306640625 0.337890625 0
6208 0.310546875 0.341796875 0
6209 0.314453125 0.337890625 0
6210 0.314453125 0.341796875 0
6211 0.306640625 0.341796875 0
6212 0.3359375 0.32421875 0
6213 0.330078125 0.330078125 0
6214 0.5234375 0.46484375 0
6215 0.53515625 0.4609375 0
6216 0.5234375 0.47265625 0
6217 0.515625 0.47265625 0
6218 0.505859375 0.353515625 0
6219 0.58984375 0.4609375 0
6220 0.59375 0.46484375 0
6221 0.5859375 0.45703125 0
6222 0.482421875 0.544921875 0
6223 0.4453125 0.55078125 0
6224 0.453125 0.55078125 0
6225 0.43359375 0.4609375 0
6226 0.439453125 0.490234375 0
6227 0.443359375 0.494140625 0
6228 0.435546875 0.486328125 0
6229 0.51171875 0.5703125 0
6230 0.509765625 0.568359375 0
6231 0.478515625 0.607421875 0
6232 0.48828125 0.6328125 0
6233 0.486328125 0.623046875 0
6234 0.484375 0.62890625 0
6235 0.486328125 0.626953125 0
6236 0.4921875 0.62890625 0
6237 0.490234375 0.626953125 0
6238 0.4609375 0.58203125 0
6239 0.4609375 0.58984375 0
6240 0.458984375 0.587890625 0
6241 0.455078125 0.587890625 0
6242 0.458984375 0.583984375 0
6243 0.68359375 0.6171875 0
6244 0.6875 0.62109375 0
6245 0.66796875 0.62890625 0
6246 0.66796875 0.61328125 0
6247 0.66796875 0.6171875 0
6248 0.671875 0.62109375 0
6249 0.66015625 0.62109375 0
6250 0.6640625 0.62109375 0
6251 0.69140625 0.59765625 0
6252 0.6953125 0.59765625 0
6253 0.69921875 0.58984375 0
6254 0.69921875 0.59375 0
6255 0.69921875 0.6015625 0
6256 0.69140625 0.59375 0
6257 0.58203125 0.60546875 0
6258 0.58203125 0.609375 0
6259 0.58203125 0.6171875 0
6260 0.58984375 0.6015625 0
6261 0.59375 0.60546875 0
6262 0.5234375 0.66796875 0
6263 0.560546875 0.662109375 0
6264 0.5703125 0.66015625 0
6265 0.56640625 0.65625 0
6266 0.560546875 0.677734375 0
6267 0.55078125 0.69140625 0
6268 0.55078125 0.6875 0
6269 0.546875 0.68359375 0
6270 0.5625 0.68359375 0
6271 0.560546875 0.685546875 0
6272 0.556640625 0.685546875 0
6273 0.568359375 0.677734375 0
6274 0.564453125 0.677734375 0
6275 0.39453125 0.69140625 0
6276 0.375 0.6640625 0
6277 0.3671875 0.6796875 0
6278 0.3671875 0.671875 0
6279 0.38671875 0.66015625 0
6280 0.390625 0.66015625 0
6281 0.3984375 0.66015625 0
6282 0.375 0.6796875 0
6283 0.37890625 0.67578125 0
6284 0.390625 0.66796875 0
6285 0.38671875 0.6640625 0
6286 0.39453125 0.60546875 0
6287 0.3671875 0.609375 0
6288 0.3828125 0.609375 0
6289 0.37890625 0.60546875 0
6290 0.37109375 0.59765625 0
6291 0.435546875 0.634765625 0
6292 0.34765625 0.55859375 0
6293 0.35546875 0.55859375 0
6294 0.66796875 0.55859375 0
6295 0.34765625 0.42578125 0
6296 0.34765625 0.43359375 0
6297 0.35546875 0.43359375 0
6298 0.39453125 0.3046875 0
6299 0.3984375 0.30859375 0
6300 0.55078125 0.42578125 0
6301 0.64453125 0.54296875 0
6302 0.63671875 0.54296875 0
6303 0.65234375 0.54296875 0
6304 0.3359375 0.6796875 0
6305 0.3359375 0.671875 0
6306 0.3359375 0.640625 0
6307 0.6875 0.3984375 0
6308 0.68359375 0.37890625 0
6309 0.6953125 0.390625 0
6310 0.69140625 0.38671875 0
6311 0.69140625 0.37890625 0
6312 0.36328125 0.41796875 0
6313 0.37109375 0.42578125 0
6314 0.36328125 0.42578125 0
6315 0.55078125 0.36328125 0
6316 0.55078125 0.37109375 0
6317 0.54296875 0.36328125 0
6318 0.54296875 0.3671875 0
6319 0.546875 0.37109375 0
6320 0.53515625 0.375 0
6321 0.5546875 0.37890625 0
6322 0.56640625 0.37109375 0
6323 0.55859375 0.38671875 0
6324 0.55859375 0.3828125 0
6325 0.5625 0.37890625 0
6326 0.56640625 0.375 0
6327 0.51953125 0.58203125 0
6328 0.34375 0.53515625 0
6329 0.33984375 0.5390625 0
6330 0.33984375 0.52734375 0
6331 0.33984375 0.53125 0
6332 0.3515625 0.54296875 0
6333 0.34765625 0.546875 0
6334 0.3359375 0.55078125 0
6335 0.3359375 0.53515625 0
6336 0.33203125 0.5390625 0
6337 0.34765625 0.51953125 0
6338 0.34765625 0.51171875 0
6339 0.35546875 0.5390625 0
6340 0.35546875 0.546875 0
6341 0.359375 0.55078125 0
6342 0.35546875 0.5546875 0
6343 0.36328125 0.546875 0
6344 0.3671875 0.55078125 0
6345 0.36328125 0.56640625 0
6346 0.3671875 0.55859375 0
6347 0.41796875 0.59375 0
6348 0.42578125 0.58984375 0
6349 0.421875 0.58984375 0
6350 0.40234375 0.59765625 0
6351 0.40234375 0.59375 0
6352 0.42578125 0.578125 0
6353 0.43359375 0.58203125 0
6354 0.4296875 0.58203125 0
6355 0.66796875 0.43359375 0
6356 0.67578125 0.43359375 0
6357 0.68359375 0.41796875 0
6358 0.67578125 0.41796875 0
6359 0.65234375 0.484375 0
6360 0.6484375 0.48046875 0
6361 0.65625 0.48046875 0
6362 0.65625 0.48828125 0
6363 0.65234375 0.49609375 0
6364 0.65234375 0.4921875 0
6365 0.65625 0.57421875 0
6366 0.66015625 0.58203125 0
6367 0.66015625 0.578125 0
6368 0.296875 0.65625 0
6369 0.3046875 0.6484375 0
6370 0.3125 0.6484375 0
6371 0.3203125 0.65625 0
6372 0.328125 0.6484375 0
6373 0.31640625 0.63671875 0
6374 0.32421875 0.63671875 0
6375 0.50390625 0.31640625 0
6376 0.50390625 0.3203125 0
6377 0.5078125 0.32421875 0
6378 0.484375 0.3046875 0
6379 0.48828125 0.30859375 0
6380 0.49609375 0.3125 0
6381 0.5078125 0.33203125 0
6382 0.59765625 0.66015625 0
6383 0.60546875 0.66796875 0
6384 0.6015625 0.66796875 0
6385 0.58984375 0.66796875 0
6386 0.59375 0.66796875 0
6387 0.5859375 0.68359375 0
6388 0.58203125 0.6796875 0
6389 0.48046875 0.63671875 0
6390 0.48046875 0.640625 0
6391 0.49609375 0.6484375 0
6392 0.50390625 0.65234375 0
6393 0.50390625 0.6484375 0
6394 0.50390625 0.640625 0
6395 0.46875 0.68359375 0
6396 0.45703125 0.67578125 0
6397 0.46484375 0.66015625 0
6398 0.46484375 0.6640625 0
6399 0.46875 0.66796875 0
6400 0.4609375 0.66796875 0
6401 0.453125 0.66796875 0
6402 0.453125 0.66015625 0
6403 0.42578125 0.68359375 0
6404 0.43359375 0.69140625 0
6405 0.4375 0.69140625 0
6406 0.44921875 0.69921875 0
6407 0.4453125 0.69921875 0
6408 0.390625 0.51171875 0
6409 0.38671875 0.5078125 0
6410 0.59375 0.3046875 0
6411 0.6015625 0.3125 0
6412 0.60546875 0.30859375 0
6413 0.59375 0.21875 0
6414 0.59375 0.25 0
6415 0.609375 0.265625 0
6416 0.609375 0.28125 0
6417 0.6015625 0.2890625 0
6418 0.6015625 0.296875 0
6419 0.60546875 0.30078125 0
6420 0.6171875 0.2890625 0
6421 0.6171875 0.296875 0
6422 0.61328125 0.30078125 0
6423 0.61328125 0.30859375 0
6424 0.65234375 0.34375 0
6425 0.6484375 0.34765625 0
6426 0.65234375 0.37109375 0
6427 0.6484375 0.36328125 0
6428 0.640625 0.33203125 0
6429 0.6328125 0.33203125 0
6430 0.640625 0.33984375 0
6431 0.6484375 0.33984375 0
6432 0.64453125 0.3359375 0
6433 0.64453125 0.32421875 0
6434 0.64453125 0.328125 0
6435 0.62109375 0.33203125 0
6436 0.62109375 0.3359375 0
6437 0.3046875 0.44140625 0
6438 0.380859375 0.306640625 0
6439 0.380859375 0.310546875 0
6440 0.384765625 0.310546875 0
6441 0.388671875 0.314453125 0
6442 0.384765625 0.306640625 0
6443 0.388671875 0.306640625 0
6444 0.388671875 0.341796875 0
6445 0.384765625 0.341796875 0
6446 0.388671875 0.345703125 0
6447 0.3984375 0.37109375 0
6448 0.396484375 0.369140625 0
6449 0.43359375 0.4375 0
6450 0.44140625 0.43359375 0
6451 0.44140625 0.4375 0
6452 0.453125 0.4453125 0
6453 0.44921875 0.44140625 0
6454 0.4453125 0.44140625 0
6455 0.4375 0.44921875 0
6456 0.44140625 0.4453125 0
6457 0.37109375 0.3828125 0
6458 0.37109375 0.390625 0
6459 0.365234375 0.384765625 0
6460 0.36328125 0.390625 0
6461 0.361328125 0.388671875 0
6462 0.357421875 0.388671875 0
6463 0.365234375 0.357421875 0
6464 0.32421875 0.390625 0
6465 0.318359375 0.392578125 0
6466 0.318359375 0.388671875 0
6467 0.314453125 0.388671875 0
6468 0.30859375 0.3984375 0
6469 0.30859375 0.390625 0
6470 0.314453125 0.396484375 0
6471 0.310546875 0.392578125 0
6472 0.310546875 0.396484375 0
6473 0.3203125 0.40234375 0
6474 0.318359375 0.400390625 0
6475 0.328125 0.40234375 0
6476 0.54296875 0.44140625 0
6477 0.55078125 0.4375 0
6478 0.546875 0.44140625 0
6479 0.55859375 0.43359375 0
6480 0.55859375 0.4375 0
6481 0.55859375 0.4453125 0
6482 0.54296875 0.43359375 0
6483 0.546875 0.43359375 0
6484 0.5625 0.44921875 0
6485 0.48046875 0.3828125 0
6486 0.4765625 0.37890625 0
6487 0.4765625 0.38671875 0
6488 0.48828125 0.3828125 0
6489 0.47265625 0.37109375 0
6490 0.47265625 0.375 0
6491 0.46875 0.38671875 0
6492 0.4765625 0.35546875 0
6493 0.541015625 0.474609375 0
6494 0.537109375 0.470703125 0
6495 0.5390625 0.46484375 0
6496 0.544921875 0.470703125 0
6497 0.541015625 0.470703125 0
6498 0.541015625 0.466796875 0
6499 0.544921875 0.466796875 0
6500 0.548828125 0.470703125 0
6501 0.48046875 0.5234375 0
6502 0.486328125 0.529296875 0
6503 0.478515625 0.478515625 0
6504 0.478515625 0.474609375 0
6505 0.478515625 0.482421875 0
6506 0.5078125 0.62109375 0
6507 0.509765625 0.619140625 0
6508 0.513671875 0.615234375 0
6509 0.513671875 0.619140625 0
6510 0.517578125 0.619140625 0
6511 0.517578125 0.623046875 0
6512 0.470703125 0.599609375 0
6513 0.46484375 0.60546875 0
6514 0.46875 0.60546875 0
6515 0.470703125 0.603515625 0
6516 0.474609375 0.599609375 0
6517 0.478515625 0.595703125 0
6518 0.45703125 0.59375 0
6519 0.455078125 0.595703125 0
6520 0.451171875 0.595703125 0
6521 0.51953125 0.6640625 0
6522 0.53515625 0.64453125 0
6523 0.5234375 0.65234375 0
6524 0.52734375 0.65625 0
6525 0.52734375 0.64453125 0
6526 0.52734375 0.6484375 0
6527 0.51953125 0.64453125 0
6528 0.51171875 0.64453125 0
6529 0.51953125 0.65625 0
6530 0.51953125 0.6484375 0
6531 0.57421875 0.65234375 0
6532 0.57421875 0.65625 0
6533 0.57421875 0.6640625 0
6534 0.578125 0.66015625 0
6535 0.552734375 0.669921875 0
6536 0.572265625 0.669921875 0
6537 0.56640625 0.6953125 0
6538 0.423828125 0.650390625 0
6539 0.421875 0.66015625 0
6540 0.455078125 0.630859375 0
6541 0.455078125 0.626953125 0
6542 0.451171875 0.626953125 0
6543 0.45703125 0.640625 0
6544 0.458984375 0.630859375 0
6545 0.453125 0.63671875 0
6546 0.455078125 0.634765625 0
6547 0.46484375 0.6328125 0
6548 0.462890625 0.630859375 0
6549 0.462890625 0.626953125 0
6550 0.66796875 0.41796875 0
6551 0.56640625 0.34765625 0
6552 0.56640625 0.35546875 0
6553 0.55859375 0.35546875 0
6554 0.54296875 0.3515625 0
6555 0.55078125 0.35546875 0
6556 0.546875 0.35546875 0
6557 0.53515625 0.35546875 0
6558 0.5390625 0.35546875 0
6559 0.546875 0.34765625 0
6560 0.52734375 0.36328125 0
6561 0.52734375 0.359375 0
6562 0.55078125 0.31640625 0
6563 0.55078125 0.30859375 0
6564 0.56640625 0.32421875 0
6565 0.57421875 0.33203125 0
6566 0.56640625 0.33203125 0
6567 0.5546875 0.33984375 0
6568 0.5546875 0.34765625 0
6569 0.5625 0.34765625 0
6570 0.55859375 0.3515625 0
6571 0.55859375 0.33203125 0
6572 0.546875 0.33203125 0
6573 0.54296875 0.328125 0
6574 0.6875 0.57421875 0
6575 0.68359375 0.578125 0
6576 0.68359375 0.5703125 0
6577 0.68359375 0.55859375 0
6578 0.68359375 0.5625 0
6579 0.69140625 0.5703125 0
6580 0.671875 0.56640625 0
6581 0.67578125 0.57421875 0
6582 0.67578125 0.5703125 0
6583 0.6796875 0.56640625 0
6584 0.65625 0.5546875 0
6585 0.66015625 0.55859375 0
6586 0.66015625 0.56640625 0
6587 0.6640625 0.56640625 0
6588 0.40234375 0.56640625 0
6589 0.3984375 0.56640625 0
6590 0.38671875 0.5625 0
6591 0.390625 0.57421875 0
6592 0.38671875 0.5703125 0
6593 0.37890625 0.57421875 0
6594 0.3828125 0.57421875 0
6595 0.63671875 0.4921875 0
6596 0.63671875 0.484375 0
6597 0.62890625 0.48828125 0
6598 0.6328125 0.48828125 0
6599 0.640625 0.49609375 0
6600 0.64453125 0.4921875 0
6601 0.6484375 0.49609375 0
6602 0.62890625 0.65234375 0
6603 0.63671875 0.66015625 0
6604 0.62109375 0.65234375 0
6605 0.62890625 0.6484375 0
6606 0.58984375 0.37890625 0
6607 0.60546875 0.38671875 0
6608 0.59765625 0.39453125 0
6609 0.58984375 0.38671875 0
6610 0.36328125 0.53125 0
6611 0.36328125 0.51953125 0
6612 0.36328125 0.5234375 0
6613 0.375 0.52734375 0
6614 0.61328125 0.36328125 0
6615 0.61328125 0.359375 0
6616 0.60546875 0.35546875 0
6617 0.609375 0.35546875 0
6618 0.65234375 0.37890625 0
6619 0.65234375 0.3828125 0
6620 0.64453125 0.390625 0
6621 0.64453125 0.37890625 0
6622 0.64453125 0.3828125 0
6623 0.3203125 0.41796875 0
6624 0.400390625 0.314453125 0
6625 0.40625 0.31640625 0
6626 0.404296875 0.314453125 0
6627 0.39453125 0.39453125 0
6628 0.38671875 0.39453125 0
6629 0.41015625 0.39453125 0
6630 0.3984375 0.42578125 0
6631 0.3828125 0.40625 0
6632 0.38671875 0.41015625 0
6633 0.390625 0.41015625 0
6634 0.39453125 0.4140625 0
6635 0.40625 0.41015625 0
6636 0.5625 0.4140625 0
6637 0.56640625 0.41796875 0
6638 0.56640625 0.43359375 0
6639 0.55859375 0.42578125 0
6640 0.578125 0.43359375 0
6641 0.58203125 0.4375 0
6642 0.6015625 0.42578125 0
6643 0.521484375 0.517578125 0
6644 0.521484375 0.521484375 0
6645 0.52734375 0.5546875 0
6646 0.521484375 0.525390625 0
6647 0.515625 0.51953125 0
6648 0.517578125 0.521484375 0
6649 0.517578125 0.537109375 0
6650 0.5234375 0.54296875 0
6651 0.521484375 0.541015625 0
6652 0.53515625 0.53125 0
6653 0.53515625 0.5390625 0
6654 0.529296875 0.529296875 0
6655 0.48046875 0.43359375 0
6656 0.48046875 0.42578125 0
6657 0.48046875 0.44921875 0
6658 0.484375 0.44921875 0
6659 0.482421875 0.498046875 0
6660 0.4765625 0.50390625 0
6661 0.478515625 0.501953125 0
6662 0.482421875 0.501953125 0
6663 0.486328125 0.494140625 0
6664 0.486328125 0.498046875 0
6665 0.53125 0.62890625 0
6666 0.52734375 0.625 0
6667 0.5234375 0.62109375 0
6668 0.51953125 0.6328125 0
6669 0.52734375 0.63671875 0
6670 0.5234375 0.63671875 0
6671 0.5234375 0.62890625 0
6672 0.60546875 0.640625 0
6673 0.58203125 0.6875 0
6674 0.40234375 0.6484375 0
6675 0.404296875 0.646484375 0
6676 0.3984375 0.63671875 0
6677 0.37109375 0.65234375 0
6678 0.375 0.65234375 0
6679 0.388671875 0.646484375 0
6680 0.384765625 0.646484375 0
6681 0.392578125 0.642578125 0
6682 0.390625 0.63671875 0
6683 0.3828125 0.625 0
6684 0.38671875 0.62890625 0
6685 0.38671875 0.6328125 0
6686 0.431640625 0.638671875 0
6687 0.423828125 0.634765625 0
6688 0.423828125 0.630859375 0
6689 0.419921875 0.630859375 0
6690 0.416015625 0.634765625 0
6691 0.419921875 0.634765625 0
6692 0.416015625 0.630859375 0
6693 0.46484375 0.6484375 0
6694 0.46484375 0.65625 0
6695 0.47265625 0.6484375 0
6696 0.47265625 0.640625 0
6697 0.4609375 0.66015625 0
6698 0.458984375 0.658203125 0
6699 0.458984375 0.650390625 0
6700 0.462890625 0.654296875 0
6701 0.46875 0.64453125 0
6702 0.44921875 0.64453125 0
6703 0.453125 0.64453125 0
6704 0.455078125 0.646484375 0
6705 0.455078125 0.650390625 0
6706 0.65234375 0.55859375 0
6707 0.65234375 0.5625 0
6708 0.6484375 0.56640625 0
6709 0.654296875 0.572265625 0
6710 0.65625 0.56640625 0
6711 0.654296875 0.568359375 0
6712 0.650390625 0.568359375 0
6713 0.55078125 0.40234375 0
6714 0.54296875 0.390625 0
6715 0.53515625 0.39453125 0
6716 0.5390625 0.39453125 0
6717 0.52734375 0.390625 0
6718 0.50390625 0.40234375 0
6719 0.51171875 0.39453125 0
6720 0.51171875 0.3984375 0
6721 0.5078125 0.40234375 0
6722 0.51171875 0.41015625 0
6723 0.51171875 0.40625 0
6724 0.34375 0.56640625 0
6725 0.34765625 0.5625 0
6726 0.35546875 0.57421875 0
6727 0.34765625 0.58203125 0
6728 0.3125 0.58984375 0
6729 0.32421875 0.60546875 0
6730 0.328125 0.60546875 0
6731 0.3359375 0.60546875 0
6732 0.32421875 0.58984375 0
6733 0.32421875 0.59375 0
6734 0.33203125 0.62890625 0
6735 0.33984375 0.62890625 0
6736 0.33984375 0.609375 0
6737 0.3359375 0.59375 0
6738 0.33984375 0.59765625 0
6739 0.33984375 0.6015625 0
6740 0.34765625 0.60546875 0
6741 0.34375 0.60546875 0
6742 0.33984375 0.62109375 0
6743 0.34765625 0.61328125 0
6744 0.34375 0.61328125 0
6745 0.3359375 0.61328125 0
6746 0.30859375 0.5859375 0
6747 0.61328125 0.51171875 0
6748 0.60546875 0.50390625 0
6749 0.61328125 0.51953125 0
6750 0.60546875 0.51953125 0
6751 0.62109375 0.51953125 0
6752 0.62109375 0.515625 0
6753 0.62109375 0.5078125 0
6754 0.62109375 0.5 0
6755 0.6484375 0.50390625 0
6756 0.640625 0.50390625 0
6757 0.65234375 0.66015625 0
6758 0.65234375 0.65625 0
6759 0.3671875 0.40625 0
6760 0.36328125 0.40234375 0
6761 0.359375 0.40234375 0
6762 0.34765625 0.40234375 0
6763 0.3515625 0.40234375 0
6764 0.34765625 0.39453125 0
6765 0.3515625 0.39453125 0
6766 0.34765625 0.40625 0
6767 0.34375 0.41015625 0
6768 0.376953125 0.361328125 0
6769 0.380859375 0.357421875 0
6770 0.375 0.37109375 0
6771 0.376953125 0.369140625 0
6772 0.3828125 0.37109375 0
6773 0.380859375 0.369140625 0
6774 0.390625 0.37109375 0
6775 0.38671875 0.375 0
6776 0.388671875 0.365234375 0
6777 0.376953125 0.349609375 0
6778 0.376953125 0.345703125 0
6779 0.380859375 0.349609375 0
6780 0.384765625 0.345703125 0
6781 0.4609375 0.31640625 0
6782 0.46484375 0.3203125 0
6783 0.46875 0.32421875 0
6784 0.4765625 0.32421875 0
6785 0.47265625 0.328125 0
6786 0.47265625 0.3046875 0
6787 0.46875 0.30078125 0
6788 0.48046875 0.30859375 0
6789 0.421875 0.36328125 0
6790 0.427734375 0.369140625 0
6791 0.421875 0.37109375 0
6792 0.423828125 0.369140625 0
6793 0.423828125 0.365234375 0
6794 0.43359375 0.37890625 0
6795 0.43359375 0.375 0
6796 0.431640625 0.373046875 0
6797 0.55859375 0.453125 0
6798 0.55859375 0.4609375 0
6799 0.556640625 0.458984375 0
6800 0.548828125 0.462890625 0
6801 0.486328125 0.521484375 0
6802 0.490234375 0.525390625 0
6803 0.486328125 0.525390625 0
6804 0.4921875 0.50390625 0
6805 0.490234375 0.505859375 0
6806 0.494140625 0.513671875 0
6807 0.5 0.51171875 0
6808 0.498046875 0.509765625 0
6809 0.490234375 0.501953125 0
6810 0.490234375 0.494140625 0
6811 0.494140625 0.494140625 0
6812 0.494140625 0.498046875 0
6813 0.498046875 0.498046875 0
6814 0.498046875 0.501953125 0
6815 0.47265625 0.515625 0
6816 0.46875 0.51953125 0
6817 0.482421875 0.509765625 0
6818 0.482421875 0.513671875 0
6819 0.486328125 0.509765625 0
6820 0.482421875 0.521484375 0
6821 0.482421875 0.517578125 0
6822 0.46484375 0.515625 0
6823 0.486328125 0.548828125 0
6824 0.46875 0.41796875 0
6825 0.47265625 0.40234375 0
6826 0.47265625 0.4140625 0
6827 0.47265625 0.40625 0
6828 0.45703125 0.42578125 0
6829 0.45703125 0.43359375 0
6830 0.48828125 0.40234375 0
6831 0.49609375 0.40234375 0
6832 0.48828125 0.40625 0
6833 0.50390625 0.6015625 0
6834 0.513671875 0.599609375 0
6835 0.5078125 0.59765625 0
6836 0.509765625 0.595703125 0
6837 0.513671875 0.595703125 0
6838 0.31640625 0.546875 0
6839 0.32421875 0.53515625 0
6840 0.32421875 0.53125 0
6841 0.32421875 0.51953125 0
6842 0.32421875 0.5234375 0
6843 0.314453125 0.541015625 0
6844 0.31640625 0.5546875 0
6845 0.3125 0.55859375 0
6846 0.310546875 0.544921875 0
6847 0.30078125 0.5546875 0
6848 0.302734375 0.552734375 0
6849 0.302734375 0.548828125 0
6850 0.2890625 0.5234375 0
6851 0.296875 0.5234375 0
6852 0.30078125 0.52734375 0
6853 0.30078125 0.53125 0
6854 0.31640625 0.5703125 0
6855 0.32421875 0.56640625 0
6856 0.3203125 0.56640625 0
6857 0.3125 0.57421875 0
6858 0.31640625 0.578125 0
6859 0.306640625 0.564453125 0
6860 0.30078125 0.57421875 0
6861 0.30078125 0.5703125 0
6862 0.302734375 0.568359375 0
6863 0.69140625 0.6640625 0
6864 0.6953125 0.66015625 0
6865 0.68359375 0.65625 0
6866 0.68359375 0.4609375 0
6867 0.69140625 0.46484375 0
6868 0.69140625 0.4609375 0
6869 0.69140625 0.453125 0
6870 0.734375 0.453125 0
6871 0.71875 0.453125 0
6872 0.7109375 0.4453125 0
6873 0.703125 0.4453125 0
6874 0.69921875 0.44140625 0
6875 0.6953125 0.44140625 0
6876 0.68359375 0.43359375 0
6877 0.6875 0.43359375 0
6878 0.6953125 0.43359375 0
6879 0.69921875 0.42578125 0
6880 0.69921875 0.4296875 0
6881 0.66796875 0.5 0
6882 0.666015625 0.498046875 0
6883 0.69921875 0.484375 0
6884 0.69140625 0.51171875 0
6885 0.67578125 0.50390625 0
6886 0.67578125 0.5 0
6887 0.67578125 0.4921875 0
6888 0.6796875 0.50390625 0
6889 0.68359375 0.51171875 0
6890 0.68359375 0.5078125 0
6891 0.6875 0.50390625 0
6892 0.677734375 0.498046875 0
6893 0.671875 0.48828125 0
6894 0.681640625 0.486328125 0
6895 0.689453125 0.490234375 0
6896 0.693359375 0.490234375 0
6897 0.6875 0.49609375 0
6898 0.689453125 0.494140625 0
6899 0.6953125 0.48046875 0
6900 0.69140625 0.4765625 0
6901 0.69921875 0.49609375 0
6902 0.69921875 0.4921875 0
6903 0.697265625 0.490234375 0
6904 0.65625 0.47265625 0
6905 0.662109375 0.482421875 0
6906 0.66015625 0.4921875 0
6907 0.66796875 0.453125 0
6908 0.6640625 0.45703125 0
6909 0.60546875 0.53515625 0
6910 0.59765625 0.61328125 0
6911 0.59765625 0.609375 0
6912 0.58984375 0.59375 0
6913 0.61328125 0.59375 0
6914 0.615234375 0.591796875 0
6915 0.619140625 0.587890625 0
6916 0.62109375 0.59765625 0
6917 0.62109375 0.59375 0
6918 0.619140625 0.591796875 0
6919 0.623046875 0.560546875 0
6920 0.62109375 0.55078125 0
6921 0.62109375 0.5546875 0
6922 0.619140625 0.556640625 0
6923 0.609375 0.55078125 0
6924 0.615234375 0.556640625 0
6925 0.611328125 0.556640625 0
6926 0.611328125 0.552734375 0
6927 0.62890625 0.5546875 0
6928 0.62890625 0.54296875 0
6929 0.63671875 0.55078125 0
6930 0.6328125 0.55078125 0
6931 0.61328125 0.62109375 0
6932 0.61328125 0.625 0
6933 0.60546875 0.62890625 0
6934 0.609375 0.62890625 0
6935 0.61328125 0.6328125 0
6936 0.6171875 0.62890625 0
6937 0.62109375 0.6328125 0
6938 0.62109375 0.61328125 0
6939 0.62109375 0.6171875 0
6940 0.625 0.62109375 0
6941 0.63671875 0.66796875 0
6942 0.64453125 0.66796875 0
6943 0.62890625 0.671875 0
6944 0.62109375 0.6640625 0
6945 0.625 0.66796875 0
6946 0.58203125 0.55859375 0
6947 0.58203125 0.5546875 0
6948 0.5859375 0.48828125 0
6949 0.58203125 0.484375 0
6950 0.57421875 0.48046875 0
6951 0.578125 0.48046875 0
6952 0.59765625 0.48046875 0
6953 0.58984375 0.484375 0
6954 0.60546875 0.48828125 0
6955 0.60546875 0.49609375 0
6956 0.6015625 0.48828125 0
6957 0.65234375 0.31640625 0
6958 0.6484375 0.31640625 0
6959 0.63671875 0.31640625 0
6960 0.640625 0.31640625 0
6961 0.62109375 0.30078125 0
6962 0.625 0.30078125 0
6963 0.62890625 0.3046875 0
6964 0.63671875 0.30078125 0
6965 0.6328125 0.30078125 0
6966 0.63671875 0.328125 0
6967 0.640625 0.32421875 0
6968 0.63671875 0.3203125 0
6969 0.62890625 0.31640625 0
6970 0.62109375 0.32421875 0
6971 0.62109375 0.31640625 0
6972 0.62890625 0.328125 0
6973 0.62890625 0.3203125 0
6974 0.625 0.32421875 0
6975 0.32421875 0.49609375 0
6976 0.32421875 0.4921875 0
6977 0.30859375 0.5 0
6978 0.3046875 0.484375 0
6979 0.30859375 0.48828125 0
6980 0.30859375 0.4921875 0
6981 0.30859375 0.51171875 0
6982 0.30859375 0.5078125 0
6983 0.33203125 0.45703125 0
6984 0.33203125 0.46484375 0
6985 0.32421875 0.46484375 0
6986 0.32421875 0.46875 0
6987 0.3046875 0.46875 0
6988 0.31640625 0.48046875 0
6989 0.31640625 0.46875 0
6990 0.31640625 0.4765625 0
6991 0.3203125 0.48046875 0
6992 0.32421875 0.4765625 0
6993 0.31640625 0.49609375 0
6994 0.31640625 0.5 0
6995 0.32421875 0.51171875 0
6996 0.32421875 0.5078125 0
6997 0.45703125 0.3125 0
6998 0.451171875 0.314453125 0
6999 0.48828125 0.4296875 0
7000 0.484375 0.42578125 0
7001 0.49609375 0.45703125 0
7002 0.5 0.45703125 0
7003 0.5078125 0.45703125 0
7004 0.49609375 0.4609375 0
7005 0.4921875 0.46484375 0
7006 0.51171875 0.44921875 0
7007 0.5078125 0.44921875 0
7008 0.51171875 0.453125 0
7009 0.416015625 0.572265625 0
7010 0.40234375 0.5703125 0
7011 0.3984375 0.57421875 0
7012 0.41015625 0.58203125 0
7013 0.41015625 0.578125 0
7014 0.408203125 0.576171875 0
7015 0.431640625 0.556640625 0
7016 0.427734375 0.548828125 0
7017 0.427734375 0.544921875 0
7018 0.41796875 0.546875 0
7019 0.431640625 0.552734375 0
7020 0.42578125 0.53515625 0
7021 0.42578125 0.5390625 0
7022 0.427734375 0.541015625 0
7023 0.412109375 0.544921875 0
7024 0.37109375 0.56640625 0
7025 0.375 0.56640625 0
7026 0.359375 0.6328125 0
7027 0.35546875 0.63671875 0
7028 0.34765625 0.625 0
7029 0.328125 0.61328125 0
7030 0.32421875 0.6171875 0
7031 0.30859375 0.60546875 0
7032 0.31640625 0.61328125 0
7033 0.31640625 0.609375 0
7034 0.32421875 0.625 0
7035 0.31640625 0.62890625 0
7036 0.3203125 0.62890625 0
7037 0.32421875 0.6328125 0
7038 0.328125 0.62890625 0
7039 0.3046875 0.59765625 0
7040 0.67578125 0.44140625 0
7041 0.65234375 0.43359375 0
7042 0.65625 0.43359375 0
7043 0.625 0.44140625 0
7044 0.6328125 0.44140625 0
7045 0.62890625 0.4375 0
7046 0.62890625 0.48046875 0
7047 0.62109375 0.47265625 0
7048 0.62109375 0.4765625 0
7049 0.625 0.48046875 0
7050 0.62109375 0.484375 0
7051 0.62109375 0.45703125 0
7052 0.6328125 0.45703125 0
7053 0.625 0.45703125 0
7054 0.62890625 0.4609375 0
7055 0.640625 0.44921875 0
7056 0.642578125 0.451171875 0
7057 0.64453125 0.4609375 0
7058 0.646484375 0.462890625 0
7059 0.63671875 0.46875 0
7060 0.646484375 0.470703125 0
7061 0.642578125 0.466796875 0
7062 0.60546875 0.6171875 0
7063 0.6015625 0.62109375 0
7064 0.60546875 0.60546875 0
7065 0.60546875 0.609375 0
7066 0.599609375 0.576171875 0
7067 0.599609375 0.580078125 0
7068 0.595703125 0.576171875 0
7069 0.591796875 0.576171875 0
7070 0.60546875 0.59375 0
7071 0.607421875 0.595703125 0
7072 0.611328125 0.595703125 0
7073 0.5703125 0.59765625 0
7074 0.55859375 0.59765625 0
7075 0.5625 0.59765625 0
7076 0.55859375 0.58203125 0
7077 0.55859375 0.5859375 0
7078 0.55859375 0.59375 0
7079 0.58203125 0.578125 0
7080 0.5859375 0.58984375 0
7081 0.583984375 0.587890625 0
7082 0.578125 0.58203125 0
7083 0.580078125 0.583984375 0
7084 0.578125 0.58984375 0
7085 0.576171875 0.591796875 0
7086 0.572265625 0.595703125 0
7087 0.609375 0.41796875 0
7088 0.55859375 0.30078125 0
7089 0.52734375 0.30078125 0
7090 0.53125 0.30078125 0
7091 0.546875 0.30859375 0
7092 0.54296875 0.3046875 0
7093 0.5390625 0.30859375 0
7094 0.546875 0.30078125 0
7095 0.55078125 0.3046875 0
7096 0.5546875 0.30078125 0
7097 0.51171875 0.3046875 0
7098 0.513671875 0.306640625 0
7099 0.517578125 0.310546875 0
7100 0.517578125 0.314453125 0
7101 0.5234375 0.30859375 0
7102 0.521484375 0.310546875 0
7103 0.56640625 0.55859375 0
7104 0.56640625 0.5546875 0
7105 0.568359375 0.552734375 0
7106 0.572265625 0.552734375 0
7107 0.578125 0.55859375 0
7108 0.576171875 0.556640625 0
7109 0.5703125 0.55859375 0
7110 0.572265625 0.556640625 0
7111 0.5703125 0.57421875 0
7112 0.56640625 0.578125 0
7113 0.5546875 0.57421875 0
7114 0.55078125 0.55859375 0
7115 0.55859375 0.5625 0
7116 0.564453125 0.537109375 0
7117 0.5625 0.54296875 0
7118 0.564453125 0.541015625 0
7119 0.576171875 0.533203125 0
7120 0.58203125 0.5390625 0
7121 0.580078125 0.537109375 0
7122 0.572265625 0.533203125 0
7123 0.56640625 0.53125 0
7124 0.568359375 0.533203125 0
7125 0.59375 0.53515625 0
7126 0.59765625 0.52734375 0
7127 0.58984375 0.5234375 0
7128 0.58203125 0.51953125 0
7129 0.58203125 0.5234375 0
7130 0.580078125 0.533203125 0
7131 0.5546875 0.55078125 0
7132 0.5625 0.55078125 0
7133 0.54296875 0.55078125 0
7134 0.54296875 0.546875 0
7135 0.544921875 0.544921875 0
7136 0.533203125 0.521484375 0
7137 0.529296875 0.517578125 0
7138 0.48828125 0.65625 0
7139 0.486328125 0.658203125 0
7140 0.486328125 0.662109375 0
7141 0.482421875 0.662109375 0
7142 0.484375 0.66796875 0
7143 0.482421875 0.666015625 0
7144 0.47265625 0.6640625 0
7145 0.46875 0.66015625 0
7146 0.478515625 0.658203125 0
7147 0.4765625 0.65234375 0
7148 0.478515625 0.654296875 0
7149 0.484375 0.65234375 0
7150 0.482421875 0.654296875 0
7151 0.5078125 0.66015625 0
7152 0.50390625 0.6640625 0
7153 0.501953125 0.662109375 0
7154 0.478515625 0.673828125 0
7155 0.478515625 0.677734375 0
7156 0.474609375 0.673828125 0
7157 0.482421875 0.669921875 0
7158 0.50390625 0.6796875 0
7159 0.50390625 0.69140625 0
7160 0.50390625 0.6875 0
7161 0.51171875 0.68359375 0
7162 0.5078125 0.68359375 0
7163 0.49609375 0.6640625 0
7164 0.5 0.66796875 0
7165 0.498046875 0.673828125 0
7166 0.494140625 0.669921875 0
7167 0.51171875 0.67578125 0
7168 0.5078125 0.67578125 0
7169 0.46875 0.69140625 0
7170 0.45703125 0.69140625 0
7171 0.4609375 0.69140625 0
7172 0.48828125 0.6875 0
7173 0.486328125 0.689453125 0
7174 0.482421875 0.689453125 0
7175 0.3984375 0.52734375 0
7176 0.388671875 0.525390625 0
7177 0.3828125 0.52734375 0
7178 0.384765625 0.525390625 0
7179 0.384765625 0.521484375 0
7180 0.37890625 0.49609375 0
7181 0.37890625 0.50390625 0
7182 0.3828125 0.50390625 0
7183 0.396484375 0.513671875 0
7184 0.392578125 0.513671875 0
7185 0.3984375 0.50390625 0
7186 0.396484375 0.505859375 0
7187 0.390625 0.50390625 0
7188 0.392578125 0.505859375 0
7189 0.384765625 0.533203125 0
7190 0.37890625 0.53125 0
7191 0.376953125 0.533203125 0
7192 0.390625 0.53515625 0
7193 0.388671875 0.533203125 0
7194 0.384765625 0.529296875 0
7195 0.3828125 0.54296875 0
7196 0.388671875 0.537109375 0
7197 0.390625 0.54296875 0
7198 0.388671875 0.541015625 0
7199 0.40234375 0.46875 0
7200 0.41796875 0.484375 0
7201 0.41796875 0.4921875 0
7202 0.40234375 0.4453125 0
7203 0.39453125 0.5 0
7204 0.396484375 0.498046875 0
7205 0.400390625 0.494140625 0
7206 0.38671875 0.5 0
7207 0.38671875 0.48828125 0
7208 0.38671875 0.4921875 0
7209 0.388671875 0.494140625 0
7210 0.404296875 0.490234375 0
7211 0.41015625 0.48046875 0
7212 0.41015625 0.484375 0
7213 0.61328125 0.31640625 0
7214 0.60546875 0.31640625 0
7215 0.61328125 0.33203125 0
7216 0.61328125 0.328125 0
7217 0.6015625 0.328125 0
7218 0.60546875 0.32421875 0
7219 0.609375 0.32421875 0
7220 0.6171875 0.34765625 0
7221 0.62109375 0.34375 0
7222 0.62109375 0.3515625 0
7223 0.61328125 0.34375 0
7224 0.61328125 0.3515625 0
7225 0.609375 0.34765625 0
7226 0.58984375 0.33984375 0
7227 0.58984375 0.3359375 0
7228 0.60546875 0.34375 0
7229 0.6015625 0.33984375 0
7230 0.609375 0.33984375 0
7231 0.6015625 0.34765625 0
7232 0.60546875 0.3515625 0
7233 0.59765625 0.35546875 0
7234 0.59765625 0.3515625 0
7235 0.646484375 0.353515625 0
7236 0.65234375 0.359375 0
7237 0.650390625 0.357421875 0
7238 0.642578125 0.345703125 0
7239 0.6328125 0.37109375 0
7240 0.63671875 0.37890625 0
7241 0.6328125 0.37890625 0
7242 0.630859375 0.365234375 0
7243 0.63671875 0.3671875 0
7244 0.634765625 0.365234375 0
7245 0.62109375 0.37109375 0
7246 0.625 0.37109375 0
7247 0.62890625 0.375 0
7248 0.630859375 0.369140625 0
7249 0.66015625 0.39453125 0
7250 0.65625 0.39453125 0
7251 0.65234375 0.390625 0
7252 0.640625 0.38671875 0
7253 0.63671875 0.3828125 0
7254 0.634765625 0.392578125 0
7255 0.6328125 0.38671875 0
7256 0.634765625 0.388671875 0
7257 0.626953125 0.392578125 0
7258 0.630859375 0.392578125 0
7259 0.626953125 0.400390625 0
7260 0.61328125 0.38671875 0
7261 0.630859375 0.384765625 0
7262 0.62109375 0.37890625 0
7263 0.625 0.37890625 0
7264 0.626953125 0.380859375 0
7265 0.6484375 0.41796875 0
7266 0.65234375 0.421875 0
7267 0.63671875 0.421875 0
7268 0.634765625 0.416015625 0
7269 0.64453125 0.4140625 0
7270 0.642578125 0.412109375 0
7271 0.642578125 0.408203125 0
7272 0.65234375 0.40234375 0
7273 0.6484375 0.40234375 0
7274 0.6484375 0.41015625 0
7275 0.646484375 0.408203125 0
7276 0.640625 0.40234375 0
7277 0.642578125 0.404296875 0
7278 0.626953125 0.412109375 0
7279 0.61328125 0.3984375 0
7280 0.623046875 0.412109375 0
7281 0.626953125 0.408203125 0
7282 0.623046875 0.404296875 0
7283 0.630859375 0.423828125 0
7284 0.634765625 0.423828125 0
7285 0.37890625 0.453125 0
7286 0.375 0.44921875 0
7287 0.3828125 0.45703125 0
7288 0.384765625 0.458984375 0
7289 0.384765625 0.462890625 0
7290 0.39453125 0.4609375 0
7291 0.392578125 0.462890625 0
7292 0.375 0.46484375 0
7293 0.38671875 0.46875 0
7294 0.384765625 0.466796875 0
7295 0.34375 0.47265625 0
7296 0.37109375 0.48046875 0
7297 0.3671875 0.48046875 0
7298 0.365234375 0.482421875 0
7299 0.361328125 0.482421875 0
7300 0.35546875 0.4765625 0
7301 0.357421875 0.478515625 0
7302 0.33984375 0.44921875 0
7303 0.33203125 0.44921875 0
7304 0.33984375 0.41796875 0
7305 0.33984375 0.421875 0
7306 0.33984375 0.4296875 0
7307 0.333984375 0.427734375 0
7308 0.3359375 0.43359375 0
7309 0.333984375 0.431640625 0
7310 0.328125 0.44140625 0
7311 0.330078125 0.439453125 0
7312 0.310546875 0.423828125 0
7313 0.310546875 0.427734375 0
7314 0.314453125 0.423828125 0
7315 0.318359375 0.423828125 0
7316 0.3125 0.41796875 0
7317 0.314453125 0.419921875 0
7318 0.3046875 0.41796875 0
7319 0.30078125 0.4140625 0
7320 0.30078125 0.4375 0
7321 0.30078125 0.44921875 0
7322 0.30078125 0.4453125 0
7323 0.310546875 0.431640625 0
7324 0.314453125 0.431640625 0
7325 0.369140625 0.318359375 0
7326 0.376953125 0.310546875 0
7327 0.373046875 0.314453125 0
7328 0.376953125 0.3125 0
7329 0.380859375 0.3125 0
7330 0.376953125 0.318359375 0
7331 0.37890625 0.322265625 0
7332 0.388671875 0.337890625 0
7333 0.40234375 0.3359375 0
7334 0.400390625 0.337890625 0
7335 0.34765625 0.32421875 0
7336 0.34765625 0.328125 0
7337 0.34765625 0.3359375 0
7338 0.349609375 0.333984375 0
7339 0.357421875 0.333984375 0
7340 0.353515625 0.345703125 0
7341 0.357421875 0.345703125 0
7342 0.34375 0.34765625 0
7343 0.337890625 0.341796875 0
7344 0.337890625 0.345703125 0
7345 0.337890625 0.337890625 0
7346 0.337890625 0.333984375 0
7347 0.37109375 0.34375 0
7348 0.373046875 0.341796875 0
7349 0.375 0.341796875 0
7350 0.37890625 0.341796875 0
7351 0.375 0.330078125 0
7352 0.37109375 0.330078125 0
7353 0.390625 0.33203125 0
7354 0.388671875 0.333984375 0
7355 0.384765625 0.337890625 0
7356 0.384765625 0.330078125 0
7357 0.384765625 0.33203125 0
7358 0.380859375 0.333984375 0
7359 0.3828125 0.333984375 0
7360 0.384765625 0.3359375 0
7361 0.373046875 0.3359375 0
7362 0.375 0.337890625 0
7363 0.373046875 0.33984375 0
7364 0.369140625 0.328125 0
7365 0.3671875 0.326171875 0
7366 0.3671875 0.330078125 0
7367 0.365234375 0.328125 0
7368 0.365234375 0.32421875 0
7369 0.369140625 0.341796875 0
7370 0.39453125 0.341796875 0
7371 0.396484375 0.345703125 0
7372 0.396484375 0.34375 0
7373 0.400390625 0.345703125 0
7374 0.400390625 0.34375 0
7375 0.404296875 0.341796875 0
7376 0.40234375 0.341796875 0
7377 0.400390625 0.33984375 0
7378 0.3984375 0.341796875 0
7379 0.423828125 0.345703125 0
7380 0.423828125 0.349609375 0
7381 0.419921875 0.349609375 0
7382 0.41796875 0.34375 0
7383 0.419921875 0.345703125 0
7384 0.404296875 0.349609375 0
7385 0.404296875 0.3515625 0
7386 0.40625 0.353515625 0
7387 0.404296875 0.357421875 0
7388 0.404296875 0.35546875 0
7389 0.39453125 0.359375 0
7390 0.396484375 0.357421875 0
7391 0.40234375 0.353515625 0
7392 0.408203125 0.361328125 0
7393 0.40625 0.357421875 0
7394 0.408203125 0.35546875 0
7395 0.40234375 0.345703125 0
7396 0.421875 0.33984375 0
7397 0.416015625 0.341796875 0
7398 0.412109375 0.337890625 0
7399 0.408203125 0.333984375 0
7400 0.404296875 0.443359375 0
7401 0.41015625 0.4453125 0
7402 0.408203125 0.443359375 0
7403 0.41015625 0.4375 0
7404 0.408203125 0.439453125 0
7405 0.38671875 0.44140625 0
7406 0.390625 0.44140625 0
7407 0.39453125 0.4453125 0
7408 0.400390625 0.443359375 0
7409 0.4375 0.42578125 0
7410 0.4453125 0.42578125 0
7411 0.431640625 0.435546875 0
7412 0.43359375 0.421875 0
7413 0.42578125 0.42578125 0
7414 0.4296875 0.42578125 0
7415 0.4375 0.43359375 0
7416 0.435546875 0.431640625 0
7417 0.4140625 0.42578125 0
7418 0.427734375 0.435546875 0
7419 0.421875 0.44140625 0
7420 0.423828125 0.439453125 0
7421 0.45703125 0.41796875 0
7422 0.453125 0.41796875 0
7423 0.439453125 0.416015625 0
7424 0.439453125 0.412109375 0
7425 0.43359375 0.4140625 0
7426 0.44921875 0.421875 0
7427 0.447265625 0.419921875 0
7428 0.4140625 0.41015625 0
7429 0.416015625 0.412109375 0
7430 0.419921875 0.416015625 0
7431 0.41796875 0.39453125 0
7432 0.41796875 0.3984375 0
7433 0.42578125 0.40234375 0
7434 0.421875 0.40234375 0
7435 0.419921875 0.404296875 0
7436 0.423828125 0.416015625 0
7437 0.419921875 0.419921875 0
7438 0.416015625 0.423828125 0
7439 0.462890625 0.349609375 0
7440 0.466796875 0.349609375 0
7441 0.466796875 0.345703125 0
7442 0.470703125 0.345703125 0
7443 0.447265625 0.345703125 0
7444 0.447265625 0.349609375 0
7445 0.443359375 0.349609375 0
7446 0.451171875 0.345703125 0
7447 0.447265625 0.341796875 0
7448 0.455078125 0.345703125 0
7449 0.44140625 0.3359375 0
7450 0.44140625 0.328125 0
7451 0.44140625 0.34375 0
7452 0.443359375 0.341796875 0
7453 0.443359375 0.337890625 0
7454 0.44140625 0.3671875 0
7455 0.44921875 0.359375 0
7456 0.447265625 0.361328125 0
7457 0.443359375 0.365234375 0
7458 0.44921875 0.3671875 0
7459 0.451171875 0.365234375 0
7460 0.451171875 0.361328125 0
7461 0.453125 0.37109375 0
7462 0.443359375 0.373046875 0
7463 0.447265625 0.369140625 0
7464 0.44921875 0.375 0
7465 0.447265625 0.373046875 0
7466 0.447265625 0.388671875 0
7467 0.453125 0.39453125 0
7468 0.451171875 0.392578125 0
7469 0.373046875 0.373046875 0
7470 0.375 0.37890625 0
7471 0.373046875 0.376953125 0
7472 0.373046875 0.365234375 0
7473 0.365234375 0.37109375 0
7474 0.3671875 0.373046875 0
7475 0.365234375 0.375 0
7476 0.361328125 0.365234375 0
7477 0.3671875 0.36328125 0
7478 0.365234375 0.365234375 0
7479 0.365234375 0.3671875 0
7480 0.3671875 0.369140625 0
7481 0.369140625 0.37109375 0
7482 0.369140625 0.376953125 0
7483 0.369140625 0.375 0
7484 0.361328125 0.375 0
7485 0.361328125 0.37890625 0
7486 0.349609375 0.375 0
7487 0.34765625 0.373046875 0
7488 0.349609375 0.37109375 0
7489 0.34765625 0.376953125 0
7490 0.349609375 0.37890625 0
7491 0.3515625 0.376953125 0
7492 0.357421875 0.376953125 0
7493 0.35546875 0.376953125 0
7494 0.341796875 0.357421875 0
7495 0.341796875 0.369140625 0
7496 0.341796875 0.3671875 0
7497 0.33984375 0.365234375 0
7498 0.34765625 0.361328125 0
7499 0.345703125 0.36328125 0
7500 0.341796875 0.361328125 0
7501 0.34375 0.361328125 0
7502 0.349609375 0.35546875 0
7503 0.3515625 0.357421875 0
7504 0.341796875 0.37109375 0
7505 0.3359375 0.373046875 0
7506 0.353515625 0.359375 0
7507 0.35546875 0.361328125 0
7508 0.353515625 0.365234375 0
7509 0.353515625 0.36328125 0
7510 0.3515625 0.361328125 0
7511 0.369140625 0.353515625 0
7512 0.353515625 0.35546875 0
7513 0.345703125 0.353515625 0
7514 0.34765625 0.353515625 0
7515 0.32421875 0.3125 0
7516 0.322265625 0.314453125 0
7517 0.318359375 0.314453125 0
7518 0.318359375 0.31640625 0
7519 0.322265625 0.318359375 0
7520 0.3203125 0.318359375 0
7521 0.318359375 0.3203125 0
7522 0.3203125 0.322265625 0
7523 0.31640625 0.322265625 0
7524 0.314453125 0.326171875 0
7525 0.314453125 0.32421875 0
7526 0.306640625 0.318359375 0
7527 0.30859375 0.318359375 0
7528 0.310546875 0.32421875 0
7529 0.30859375 0.326171875 0
7530 0.30078125 0.30078125 0
7531 0.30078125 0.3046875 0
7532 0.306640625 0.310546875 0
7533 0.30078125 0.3125 0
7534 0.302734375 0.310546875 0
7535 0.310546875 0.306640625 0
7536 0.306640625 0.3125 0
7537 0.310546875 0.3125 0
7538 0.3125 0.314453125 0
7539 0.314453125 0.310546875 0
7540 0.30859375 0.310546875 0
7541 0.33203125 0.365234375 0
7542 0.333984375 0.3671875 0
7543 0.328125 0.361328125 0
7544 0.3203125 0.35546875 0
7545 0.330078125 0.353515625 0
7546 0.326171875 0.357421875 0
7547 0.330078125 0.359375 0
7548 0.32421875 0.373046875 0
7549 0.30859375 0.35546875 0
7550 0.3125 0.35546875 0
7551 0.31640625 0.3515625 0
7552 0.314453125 0.361328125 0
7553 0.31640625 0.369140625 0
7554 0.322265625 0.369140625 0
7555 0.3203125 0.369140625 0
7556 0.314453125 0.3671875 0
7557 0.314453125 0.373046875 0
7558 0.314453125 0.37109375 0
7559 0.30078125 0.36328125 0
7560 0.30859375 0.3671875 0
7561 0.3046875 0.36328125 0
7562 0.318359375 0.3671875 0
7563 0.31640625 0.365234375 0
7564 0.3203125 0.365234375 0
7565 0.326171875 0.33203125 0
7566 0.326171875 0.3359375 0
7567 0.330078125 0.337890625 0
7568 0.330078125 0.3359375 0
7569 0.32421875 0.337890625 0
7570 0.330078125 0.349609375 0
7571 0.326171875 0.341796875 0
7572 0.32421875 0.341796875 0
7573 0.318359375 0.337890625 0
7574 0.318359375 0.33984375 0
7575 0.318359375 0.345703125 0
7576 0.318359375 0.34375 0
7577 0.333984375 0.345703125 0
7578 0.333984375 0.353515625 0
7579 0.3359375 0.341796875 0
7580 0.57421875 0.421875 0
7581 0.58984375 0.41796875 0
7582 0.5859375 0.41796875 0
7583 0.482421875 0.330078125 0
7584 0.486328125 0.330078125 0
7585 0.48046875 0.31640625 0
7586 0.48046875 0.3203125 0
7587 0.48828125 0.34375 0
7588 0.486328125 0.333984375 0
7589 0.46875 0.35546875 0
7590 0.47265625 0.359375 0
7591 0.474609375 0.349609375 0
7592 0.466796875 0.341796875 0
7593 0.4609375 0.32421875 0
7594 0.470703125 0.333984375 0
7595 0.486328125 0.326171875 0
7596 0.482421875 0.322265625 0
7597 0.498046875 0.337890625 0
7598 0.51171875 0.38671875 0
7599 0.50390625 0.39453125 0
7600 0.50390625 0.390625 0
7601 0.494140625 0.380859375 0
7602 0.490234375 0.380859375 0
7603 0.5 0.38671875 0
7604 0.49609375 0.39453125 0
7605 0.49609375 0.390625 0
7606 0.4921875 0.38671875 0
7607 0.5234375 0.33203125 0
7608 0.521484375 0.333984375 0
7609 0.5234375 0.33984375 0
7610 0.521484375 0.337890625 0
7611 0.517578125 0.330078125 0
7612 0.5234375 0.32421875 0
7613 0.521484375 0.326171875 0
7614 0.515625 0.32421875 0
7615 0.517578125 0.326171875 0
7616 0.52734375 0.34375 0
7617 0.529296875 0.333984375 0
7618 0.525390625 0.333984375 0
7619 0.53125 0.33984375 0
7620 0.529296875 0.337890625 0
7621 0.501953125 0.3515625 0
7622 0.505859375 0.349609375 0
7623 0.50390625 0.349609375 0
7624 0.5078125 0.36328125 0
7625 0.505859375 0.361328125 0
7626 0.50390625 0.361328125 0
7627 0.494140625 0.361328125 0
7628 0.5 0.357421875 0
7629 0.494140625 0.357421875 0
7630 0.49609375 0.357421875 0
7631 0.5 0.353515625 0
7632 0.486328125 0.353515625 0
7633 0.49609375 0.349609375 0
7634 0.494140625 0.35546875 0
7635 0.505859375 0.365234375 0
7636 0.501953125 0.373046875 0
7637 0.501953125 0.376953125 0
7638 0.494140625 0.365234375 0
7639 0.498046875 0.365234375 0
7640 0.5 0.365234375 0
7641 0.501953125 0.369140625 0
7642 0.501953125 0.3671875 0
7643 0.50390625 0.365234375 0
7644 0.59765625 0.4765625 0
7645 0.58984375 0.4375 0
7646 0.587890625 0.439453125 0
7647 0.591796875 0.443359375 0
7648 0.5859375 0.44921875 0
7649 0.587890625 0.447265625 0
7650 0.58203125 0.4296875 0
7651 0.583984375 0.431640625 0
7652 0.591796875 0.435546875 0
7653 0.591796875 0.431640625 0
7654 0.59765625 0.4296875 0
7655 0.595703125 0.431640625 0
7656 0.599609375 0.447265625 0
7657 0.599609375 0.435546875 0
7658 0.603515625 0.431640625 0
7659 0.53125 0.47265625 0
7660 0.529296875 0.474609375 0
7661 0.525390625 0.482421875 0
7662 0.529296875 0.482421875 0
7663 0.529296875 0.486328125 0
7664 0.548828125 0.466796875 0
7665 0.55859375 0.484375 0
7666 0.5546875 0.48046875 0
7667 0.56640625 0.48828125 0
7668 0.5625 0.48828125 0
7669 0.55078125 0.484375 0
7670 0.5546875 0.48828125 0
7671 0.541015625 0.490234375 0
7672 0.55078125 0.49609375 0
7673 0.546875 0.49609375 0
7674 0.544921875 0.494140625 0
7675 0.537109375 0.482421875 0
7676 0.5390625 0.482421875 0
7677 0.541015625 0.478515625 0
7678 0.541015625 0.48046875 0
7679 0.501953125 0.517578125 0
7680 0.517578125 0.517578125 0
7681 0.51953125 0.5078125 0
7682 0.521484375 0.505859375 0
7683 0.533203125 0.486328125 0
7684 0.501953125 0.498046875 0
7685 0.498046875 0.494140625 0
7686 0.509765625 0.48828125 0
7687 0.5078125 0.498046875 0
7688 0.509765625 0.49609375 0
7689 0.5078125 0.50390625 0
7690 0.509765625 0.501953125 0
7691 0.509765625 0.5 0
7692 0.5078125 0.48046875 0
7693 0.509765625 0.482421875 0
7694 0.513671875 0.486328125 0
7695 0.51171875 0.486328125 0
7696 0.505859375 0.482421875 0
7697 0.505859375 0.484375 0
7698 0.513671875 0.53125 0
7699 0.51171875 0.533203125 0
7700 0.5078125 0.529296875 0
7701 0.505859375 0.525390625 0
7702 0.505859375 0.52734375 0
7703 0.505859375 0.533203125 0
7704 0.505859375 0.53125 0
7705 0.494140625 0.525390625 0
7706 0.498046875 0.521484375 0
7707 0.498046875 0.52734375 0
7708 0.5078125 0.54296875 0
7709 0.509765625 0.541015625 0
7710 0.513671875 0.541015625 0
7711 0.509765625 0.53515625 0
7712 0.5078125 0.537109375 0
7713 0.513671875 0.537109375 0
7714 0.51171875 0.537109375 0
7715 0.494140625 0.5390625 0
7716 0.49609375 0.541015625 0
7717 0.494140625 0.54296875 0
7718 0.501953125 0.552734375 0
7719 0.498046875 0.546875 0
7720 0.49609375 0.5546875 0
7721 0.498046875 0.552734375 0
7722 0.498046875 0.55078125 0
7723 0.494140625 0.546875 0
7724 0.49609375 0.548828125 0
7725 0.490234375 0.548828125 0
7726 0.4921875 0.548828125 0
7727 0.4921875 0.541015625 0
7728 0.490234375 0.53515625 0
7729 0.490234375 0.529296875 0
7730 0.4921875 0.533203125 0
7731 0.48828125 0.533203125 0
7732 0.490234375 0.53125 0
7733 0.478515625 0.541015625 0
7734 0.478515625 0.537109375 0
7735 0.482421875 0.564453125 0
7736 0.4609375 0.53515625 0
7737 0.462890625 0.537109375 0
7738 0.46875 0.541015625 0
7739 0.4609375 0.54296875 0
7740 0.462890625 0.544921875 0
7741 0.46875 0.548828125 0
7742 0.466796875 0.546875 0
7743 0.447265625 0.541015625 0
7744 0.45703125 0.5390625 0
7745 0.44140625 0.546875 0
7746 0.443359375 0.544921875 0
7747 0.447265625 0.544921875 0
7748 0.423828125 0.505859375 0
7749 0.421875 0.51171875 0
7750 0.423828125 0.509765625 0
7751 0.4296875 0.51171875 0
7752 0.427734375 0.509765625 0
7753 0.423828125 0.501953125 0
7754 0.408203125 0.501953125 0
7755 0.4140625 0.49609375 0
7756 0.412109375 0.498046875 0
7757 0.4140625 0.51171875 0
7758 0.412109375 0.509765625 0
7759 0.416015625 0.501953125 0
7760 0.421875 0.49609375 0
7761 0.419921875 0.498046875 0
7762 0.412109375 0.501953125 0
7763 0.412109375 0.505859375 0
7764 0.416015625 0.505859375 0
7765 0.419921875 0.509765625 0
7766 0.498046875 0.5703125 0
7767 0.494140625 0.572265625 0
7768 0.494140625 0.5703125 0
7769 0.486328125 0.568359375 0
7770 0.505859375 0.568359375 0
7771 0.501953125 0.56640625 0
7772 0.5 0.568359375 0
7773 0.5 0.55859375 0
7774 0.501953125 0.560546875 0
7775 0.501953125 0.5625 0
7776 0.4921875 0.58984375 0
7777 0.494140625 0.591796875 0
7778 0.494140625 0.595703125 0
7779 0.501953125 0.587890625 0
7780 0.5078125 0.58984375 0
7781 0.505859375 0.587890625 0
7782 0.5 0.59765625 0
7783 0.501953125 0.595703125 0
7784 0.490234375 0.580078125 0
7785 0.48828125 0.580078125 0
7786 0.482421875 0.580078125 0
7787 0.484375 0.580078125 0
7788 0.486328125 0.5546875 0
7789 0.462890625 0.462890625 0
7790 0.462890625 0.466796875 0
7791 0.45703125 0.46875 0
7792 0.458984375 0.466796875 0
7793 0.45703125 0.4609375 0
7794 0.458984375 0.462890625 0
7795 0.466796875 0.458984375 0
7796 0.466796875 0.455078125 0
7797 0.462890625 0.458984375 0
7798 0.46484375 0.484375 0
7799 0.46875 0.47265625 0
7800 0.470703125 0.470703125 0
7801 0.47265625 0.470703125 0
7802 0.474609375 0.46875 0
7803 0.474609375 0.47265625 0
7804 0.466796875 0.466796875 0
7805 0.46875 0.466796875 0
7806 0.44140625 0.48046875 0
7807 0.44140625 0.484375 0
7808 0.443359375 0.486328125 0
7809 0.443359375 0.48828125 0
7810 0.4453125 0.490234375 0
7811 0.443359375 0.4921875 0
7812 0.45703125 0.4921875 0
7813 0.455078125 0.494140625 0
7814 0.451171875 0.498046875 0
7815 0.451171875 0.49609375 0
7816 0.43359375 0.4765625 0
7817 0.4296875 0.48828125 0
7818 0.431640625 0.490234375 0
7819 0.435546875 0.490234375 0
7820 0.4296875 0.48046875 0
7821 0.431640625 0.482421875 0
7822 0.4375 0.48046875 0
7823 0.435546875 0.482421875 0
7824 0.443359375 0.49609375 0
7825 0.4453125 0.51171875 0
7826 0.44140625 0.5234375 0
7827 0.44921875 0.515625 0
7828 0.443359375 0.513671875 0
7829 0.4375 0.51171875 0
7830 0.439453125 0.513671875 0
7831 0.53515625 0.625 0
7832 0.53125 0.62109375 0
7833 0.53515625 0.6171875 0
7834 0.537109375 0.619140625 0
7835 0.5546875 0.61328125 0
7836 0.5625 0.61328125 0
7837 0.55859375 0.6171875 0
7838 0.55859375 0.609375 0
7839 0.5546875 0.60546875 0
7840 0.5625 0.60546875 0
7841 0.544921875 0.615234375 0
7842 0.52734375 0.6015625 0
7843 0.54296875 0.6640625 0
7844 0.544921875 0.666015625 0
7845 0.548828125 0.666015625 0
7846 0.544921875 0.654296875 0
7847 0.5390625 0.66015625 0
7848 0.541015625 0.658203125 0
7849 0.54296875 0.640625 0
7850 0.5390625 0.65234375 0
7851 0.541015625 0.650390625 0
7852 0.544921875 0.650390625 0
7853 0.541015625 0.669921875 0
7854 0.529296875 0.677734375 0
7855 0.51953125 0.609375 0
7856 0.517578125 0.611328125 0
7857 0.509765625 0.615234375 0
7858 0.5078125 0.615234375 0
7859 0.50390625 0.615234375 0
7860 0.494140625 0.615234375 0
7861 0.4921875 0.615234375 0
7862 0.486328125 0.619140625 0
7863 0.48828125 0.619140625 0
7864 0.490234375 0.6171875 0
7865 0.486328125 0.595703125 0
7866 0.52734375 0.5625 0
7867 0.51171875 0.560546875 0
7868 0.515625 0.56640625 0
7869 0.513671875 0.564453125 0
7870 0.513671875 0.5625 0
7871 0.501953125 0.556640625 0
7872 0.5078125 0.55078125 0
7873 0.505859375 0.552734375 0
7874 0.505859375 0.55859375 0
7875 0.513671875 0.556640625 0
7876 0.513671875 0.552734375 0
7877 0.509765625 0.55859375 0
7878 0.484375 0.64453125 0
7879 0.484375 0.63671875 0
7880 0.486328125 0.638671875 0
7881 0.4921875 0.63671875 0
7882 0.490234375 0.638671875 0
7883 0.470703125 0.619140625 0
7884 0.470703125 0.62109375 0
7885 0.466796875 0.626953125 0
7886 0.46875 0.626953125 0
7887 0.49609375 0.6328125 0
7888 0.498046875 0.630859375 0
7889 0.501953125 0.626953125 0
7890 0.498046875 0.623046875 0
7891 0.49609375 0.623046875 0
7892 0.677734375 0.638671875 0
7893 0.681640625 0.638671875 0
7894 0.68359375 0.6328125 0
7895 0.689453125 0.626953125 0
7896 0.69921875 0.65625 0
7897 0.693359375 0.650390625 0
7898 0.69140625 0.65625 0
7899 0.693359375 0.654296875 0
7900 0.66796875 0.66015625 0
7901 0.66015625 0.65234375 0
7902 0.6640625 0.65234375 0
7903 0.67578125 0.65625 0
7904 0.673828125 0.654296875 0
7905 0.66796875 0.60546875 0
7906 0.671875 0.60546875 0
7907 0.67578125 0.6015625 0
7908 0.59765625 0.65234375 0
7909 0.59765625 0.6484375 0
7910 0.583984375 0.642578125 0
7911 0.58203125 0.6484375 0
7912 0.583984375 0.646484375 0
7913 0.587890625 0.642578125 0
7914 0.587890625 0.634765625 0
7915 0.58203125 0.6328125 0
7916 0.583984375 0.634765625 0
7917 0.591796875 0.634765625 0
7918 0.591796875 0.638671875 0
7919 0.599609375 0.634765625 0
7920 0.603515625 0.638671875 0
7921 0.595703125 0.630859375 0
7922 0.6015625 0.62890625 0
7923 0.599609375 0.630859375 0
7924 0.59375 0.62109375 0
7925 0.59765625 0.6171875 0
7926 0.599609375 0.626953125 0
7927 0.595703125 0.623046875 0
7928 0.55859375 0.625 0
7929 0.560546875 0.630859375 0
7930 0.56640625 0.640625 0
7931 0.5703125 0.62890625 0
7932 0.568359375 0.630859375 0
7933 0.564453125 0.630859375 0
7934 0.53125 0.68359375 0
7935 0.533203125 0.681640625 0
7936 0.537109375 0.677734375 0
7937 0.5703125 0.64453125 0
7938 0.55078125 0.640625 0
7939 0.548828125 0.642578125 0
7940 0.544921875 0.642578125 0
7941 0.544921875 0.646484375 0
7942 0.560546875 0.634765625 0
7943 0.564453125 0.638671875 0
7944 0.55078125 0.62890625 0
7945 0.55078125 0.6328125 0
7946 0.552734375 0.634765625 0
7947 0.556640625 0.634765625 0
7948 0.5546875 0.650390625 0
7949 0.5546875 0.64453125 0
7950 0.552734375 0.646484375 0
7951 0.552734375 0.6484375 0
7952 0.5546875 0.654296875 0
7953 0.552734375 0.65234375 0
7954 0.55078125 0.654296875 0
7955 0.552734375 0.65625 0
7956 0.5625 0.64453125 0
7957 0.556640625 0.646484375 0
7958 0.41015625 0.6640625 0
7959 0.408203125 0.666015625 0
7960 0.404296875 0.666015625 0
7961 0.404296875 0.669921875 0
7962 0.4140625 0.646484375 0
7963 0.416015625 0.638671875 0
7964 0.408203125 0.640625 0
7965 0.404296875 0.642578125 0
7966 0.40625 0.642578125 0
7967 0.421875 0.646484375 0
7968 0.421875 0.650390625 0
7969 0.390625 0.58984375 0
7970 0.38671875 0.5859375 0
7971 0.390625 0.58203125 0
7972 0.39453125 0.59765625 0
7973 0.39453125 0.59375 0
7974 0.3984375 0.58984375 0
7975 0.42578125 0.6171875 0
7976 0.41796875 0.61328125 0
7977 0.421875 0.61328125 0
7978 0.421875 0.62109375 0
7979 0.4140625 0.62109375 0
7980 0.43359375 0.609375 0
7981 0.43359375 0.6015625 0
7982 0.4375 0.60546875 0
7983 0.431640625 0.623046875 0
7984 0.43359375 0.634765625 0
7985 0.431640625 0.6328125 0
7986 0.431640625 0.63671875 0
7987 0.439453125 0.630859375 0
7988 0.4375 0.630859375 0
7989 0.435546875 0.626953125 0
7990 0.435546875 0.62890625 0
7991 0.435546875 0.6328125 0
7992 0.43359375 0.6171875 0
7993 0.431640625 0.615234375 0
7994 0.42578125 0.609375 0
7995 0.427734375 0.611328125 0
7996 0.4453125 0.630859375 0
7997 0.4453125 0.63671875 0
7998 0.443359375 0.634765625 0
7999 0.443359375 0.6328125 0
8000 0.447265625 0.625 0
8001 0.447265625 0.62109375 0
8002 0.625 0.59765625 0
8003 0.626953125 0.595703125 0
8004 0.619140625 0.583984375 0
8005 0.623046875 0.587890625 0
8006 0.62109375 0.583984375 0
8007 0.634765625 0.572265625 0
8008 0.634765625 0.57421875 0
8009 0.6328125 0.576171875 0
8010 0.6328125 0.58203125 0
8011 0.634765625 0.580078125 0
8012 0.634765625 0.578125 0
8013 0.626953125 0.568359375 0
8014 0.630859375 0.57421875 0
8015 0.630859375 0.568359375 0
8016 0.630859375 0.5703125 0
8017 0.630859375 0.580078125 0
8018 0.626953125 0.576171875 0
8019 0.62890625 0.576171875 0
8020 0.640625 0.56640625 0
8021 0.638671875 0.568359375 0
8022 0.638671875 0.576171875 0
8023 0.638671875 0.57421875 0
8024 0.64453125 0.5703125 0
8025 0.642578125 0.572265625 0
8026 0.640625 0.572265625 0
8027 0.638671875 0.5703125 0
$EndNodes
$Elements
16020
1 2 2 0 0 1 2 3
2 2 2 0 0 2 3 4
3 2 2 0 0 3 4 5
4 2 2 0 0 2 4 6
5 2 2 0 0 4 5 7
6 2 2 0 0 4 6 8
7 2 2 0 0 5 7 9
8 2 2 0 0 6 8 10
9 2 2 0 0 7 9 11
10 2 2 0 0 8 10 13
11 2 2 0 0 9 11 14
12 2 2 0 0 10 13 15
13 2 2 0 0 11 14 16
14 2 2 0 0 13 15 19
15 2 2 0 0 14 16 20
16 2 2 0 0 15 19 21
17 2 2 0 0 16 20 22
18 2 2 0 0 19 21 26
19 2 2 0 0 20 22 27
20 2 2 0 0 21 26 28
21 2 2 0 0 22 27 29
22 2 2 0 0 26 28 34
23 2 2 0 0 27 29 35
24 2 2 0 0 28 34 36
25 2 2 0 0 29 35 37
26 2 2 0 0 34 36 43
27 2 2 0 0 35 37 44
28 2 2 0 0 29 37 38
29 2 2 0 0 34 42 43
30 2 2 0 0 36 43 45
31 2 2 0 0 37 44 46
32 2 2 0 0 37 38 47
33 2 2 0 0 42 43 52
34 2 2 0 0 43 45 53
35 2 2 0 0 37 46 47
36 2 2 0 0 43 52 53
37 2 2 0 0 46 47 54
38 2 2 0 0 52 53 60
39 2 2 0 0 47 54 55
40 2 2 0 0 52 59 60
41 2 2 0 0 54 55 61
42 2 2 0 0 59 60 66
43 2 2 0 0 55 61 62
44 2 2 0 0 59 65 66
45 2 2 0 0 61 62 67
46 2 2 0 0 65 66 71
47 2 2 0 0 62 67 68
48 2 2 0 0 65 70 71
49 2 2 0 0 67 68 72
50 2 2 0 0 70 71 75
51 2 2 0 0 68 72 73
52 2 2 0 0 69 73 74
53 2 2 0 0 70 74 75
54 2 2 0 0 72 73 76
55 2 2 0 0 73 74 77
56 2 2 0 0 74 75 78
57 2 2 0 0 73 76 77
58 2 2 0 0 74 77 78
59 2 2 0 0 76 77 79
60 2 2 0 0 77 78 80
61 2 2 0 0 77 79 80
62 2 2 0 0 79 80 81
63 2 2 0 0 16 140 11
64 2 2 0 0 148 13 8
65 2 2 0 0 166 65 70
66 2 2 0 0 189 59 65
67 2 2 0 0 11 200 7
68 2 2 0 0 209 19 13
69 2 2 0 0 241 26 19
70 2 2 0 0 69 247 74
71 2 2 0 0 247 70 74
72 2 2 0 0 248 69 247
73 2 2 0 0 55 257 62
74 2 2 0 0 62 263 68
75 2 2 0 0 264 56 263
76 2 2 0 0 22 272 16
77 2 2 0 0 56 280 264
78 2 2 0 0 47 283 38
79 2 2 0 0 47 283 55
80 2 2 0 0 48 284 283
81 2 2 0 0 284 38 283
82 2 2 0 0 285 48 284
83 2 2 0 0 29 287 38
84 2 2 0 0 29 287 22
85 2 2 0 0 288 38 287
86 2 2 0 0 68 305 73
87 2 2 0 0 305 69 73
88 2 2 0 0 69 306 305
89 2 2 0 0 58 333 309
90 2 2 0 0 401 56 280
91 2 2 0 0 415 52 42
92 2 2 0 0 415 52 59
93 2 2 0 0 42 416 415
94 2 2 0 0 416 51 415
95 2 2 0 0 51 417 416
96 2 2 0 0 51 459 278
97 2 2 0 0 51 459 417
98 2 2 0 0 460 278 459
99 2 2 0 0 280 461 401
100 2 2 0 0 38 462 288
101 2 2 0 0 38 462 284
102 2 2 0 0 463 288 462
103 2 2 0 0 485 34 42
104 2 2 0 0 485 34 26
105 2 2 0 0 42 486 485
106 2 2 0 0 486 33 485
107 2 2 0 0 33 487 486
108 2 2 0 0 33 488 487
109 2 2 0 0 64 507 168
110 2 2 0 0 64 507 249
111 2 2 0 0 508 168 507
112 2 2 0 0 69 641 248
113 2 2 0 0 641 69 306
114 2 2 0 0 642 248 641
115 2 2 0 0 645 264 280
116 2 2 0 0 668 249 507
117 2 2 0 0 202 684 356
118 2 2 0 0 719 48 398
119 2 2 0 0 719 48 285
120 2 2 0 0 398 720 719
121 2 2 0 0 285 723 719
122 2 2 0 0 306 753 641
123 2 2 0 0 267 762 761
124 2 2 0 0 812 273 465
125 2 2 0 0 830 309 333
126 2 2 0 0 333 831 830
127 2 2 0 0 465 839 812
128 2 2 0 0 280 1005 645
129 2 2 0 0 284 1006 285
130 2 2 0 0 1006 284 462
131 2 2 0 0 1007 285 1006
132 2 2 0 0 417 1023 418
133 2 2 0 0 1023 417 459
134 2 2 0 0 191 1067 517
135 2 2 0 0 1068 517 1067
136 2 2 0 0 1085 346 536
137 2 2 0 0 346 1085 682
138 2 2 0 0 1087 294 1086
139 2 2 0 0 1144 637 638
140 2 2 0 0 645 1147 646
141 2 2 0 0 1147 645 1005
142 2 2 0 0 1148 646 1147
143 2 2 0 0 1167 194 1025
144 2 2 0 0 1170 194 1025
145 2 2 0 0 41 1196 1052
146 2 2 0 0 412 1226 1020
147 2 2 0 0 1226 130 1020
148 2 2 0 0 226 1240 1239
149 2 2 0 0 249 1265 643
150 2 2 0 0 1265 249 668
151 2 2 0 0 1266 643 1265
152 2 2 0 0 1273 259 400
153 2 2 0 0 1277 401 461
154 2 2 0 0 171 1282 1145
155 2 2 0 0 318 1298 774
156 2 2 0 0 1334 487 488
157 2 2 0 0 270 1345 803
158 2 2 0 0 1347 270 803
159 2 2 0 0 1360 454 649
160 2 2 0 0 184 1365 1144
161 2 2 0 0 1368 88 1367
162 2 2 0 0 506 1375 1294
163 2 2 0 0 1381 830 831
164 2 2 0 0 1446 871 1445
165 2 2 0 0 1464 543 886
166 2 2 0 0 1485 211 352
167 2 2 0 0 352 1486 1485
168 2 2 0 0 1495 556 1097
169 2 2 0 0 427 1496 902
170 2 2 0 0 13 1497 148
171 2 2 0 0 13 1497 209
172 2 2 0 0 148 1498 149
173 2 2 0 0 18 1498 1497
174 2 2 0 0 1498 148 1497
175 2 2 0 0 18 1499 1498
176 2 2 0 0 1499 149 1498
177 2 2 0 0 1500 149 219
178 2 2 0 0 149 1500 1499
179 2 2 0 0 1500 150 1499
180 2 2 0 0 219 1501 1500
181 2 2 0 0 1501 150 1500
182 2 2 0 0 1502 219 560
183 2 2 0 0 219 1502 1501
184 2 2 0 0 1502 220 1501
185 2 2 0 0 560 1503 1502
186 2 2 0 0 1503 220 1502
187 2 2 0 0 560 1504 1503
188 2 2 0 0 1543 156 1143
189 2 2 0 0 1544 156 927
190 2 2 0 0 1571 98 946
191 2 2 0 0 943 1576 1573
192 2 2 0 0 179 1578 947
193 2 2 0 0 1588 235 954
194 2 2 0 0 1603 382 961
195 2 2 0 0 746 1604 961
196 2 2 0 0 238 1604 1257
197 2 2 0 0 596 1605 962
198 2 2 0 0 240 1605 964
199 2 2 0 0 963 1610 964
200 2 2 0 0 1610 240 964
201 2 2 0 0 1652 623 1651
202 2 2 0 0 198 1657 199
203 2 2 0 0 1658 199 1657
204 2 2 0 0 1660 42 416
205 2 2 0 0 1660 42 486
206 2 2 0 0 1661 416 417
207 2 2 0 0 416 1661 1660
208 2 2 0 0 1661 105 1660
209 2 2 0 0 1662 417 418
210 2 2 0 0 417 1662 1661
211 2 2 0 0 1662 105 1661
212 2 2 0 0 507 1669 508
213 2 2 0 0 507 1669 668
214 2 2 0 0 508 1670 509
215 2 2 0 0 1670 508 1669
216 2 2 0 0 346 1674 536
217 2 2 0 0 1678 570 571
218 2 2 0 0 637 1690 638
219 2 2 0 0 1696 668 1669
220 2 2 0 0 1706 294 1138
221 2 2 0 0 1708 356 684
222 2 2 0 0 684 1709 1708
223 2 2 0 0 156 1711 1143
224 2 2 0 0 1715 168 508
225 2 2 0 0 1718 698 699
226 2 2 0 0 698 1718 1195
227 2 2 0 0 1725 662 1695
228 2 2 0 0 409 1727 1019
229 2 2 0 0 1732 412 1020
230 2 2 0 0 1734 719 723
231 2 2 0 0 1734 719 720
232 2 2 0 0 1735 723 724
233 2 2 0 0 723 1735 1734
234 2 2 0 0 400 1748 1273
235 2 2 0 0 1752 267 762
236 2 2 0 0 318 1757 774
237 2 2 0 0 1757 318 1221
238 2 2 0 0 1765 692 793
239 2 2 0 0 182 1777 1410
240 2 2 0 0 504 1778 817
241 2 2 0 0 126 1781 1670
242 2 2 0 0 1781 509 1670
243 2 2 0 0 1786 185 828
244 2 2 0 0 185 1788 828
245 2 2 0 0 831 1790 832
246 2 2 0 0 831 1790 1381
247 2 2 0 0 528 1804 853
248 2 2 0 0 873 1812 947
249 2 2 0 0 543 1818 886
250 2 2 0 0 1818 349 1092
251 2 2 0 0 1822 550 551
252 2 2 0 0 551 1823 892
253 2 2 0 0 551 1823 1822
254 2 2 0 0 1829 18 351
255 2 2 0 0 150 1829 1499
256 2 2 0 0 1829 18 1499
257 2 2 0 0 351 1830 1829
258 2 2 0 0 1830 150 1829
259 2 2 0 0 150 1831 558
260 2 2 0 0 553 1831 1830
261 2 2 0 0 1831 150 1830
262 2 2 0 0 1832 553 897
263 2 2 0 0 553 1832 1831
264 2 2 0 0 1832 558 1831
265 2 2 0 0 897 1833 1832
266 2 2 0 0 1833 558 1832
267 2 2 0 0 1835 216 1675
268 2 2 0 0 349 1841 1092
269 2 2 0 0 1845 222 919
270 2 2 0 0 687 1846 920
271 2 2 0 0 926 1850 1543
272 2 2 0 0 1850 156 1543
273 2 2 0 0 120 1852 934
274 2 2 0 0 1852 120 1562
275 2 2 0 0 1854 936 1253
276 2 2 0 0 232 1857 945
277 2 2 0 0 160 1860 950
278 2 2 0 0 1860 949 950
279 2 2 0 0 949 1860 1859
280 2 2 0 0 1860 160 1859
281 2 2 0 0 1877 388 1126
282 2 2 0 0 982 1879 983
283 2 2 0 0 1880 982 983
284 2 2 0 0 699 1886 1718
285 2 2 0 0 1886 102 1718
286 2 2 0 0 1887 278 460
287 2 2 0 0 278 1887 650
288 2 2 0 0 460 1888 1887
289 2 2 0 0 625 1897 1207
290 2 2 0 0 1902 281 1010
291 2 2 0 0 281 1902 1223
292 2 2 0 0 1902 314 1223
293 2 2 0 0 130 1907 1020
294 2 2 0 0 408 1917 1030
295 2 2 0 0 1918 667 1029
296 2 2 0 0 1029 1919 1918
297 2 2 0 0 1920 239 1032
298 2 2 0 0 121 1922 1921
299 2 2 0 0 1922 440 1921
300 2 2 0 0 1928 1035 1926
301 2 2 0 0 122 1931 1039
302 2 2 0 0 122 1934 1039
303 2 2 0 0 649 1950 1360
304 2 2 0 0 510 1953 1062
305 2 2 0 0 1954 510 1062
306 2 2 0 0 169 1955 1716
307 2 2 0 0 1965 673 1701
308 2 2 0 0 1967 465 839
309 2 2 0 0 137 1971 1970
310 2 2 0 0 1971 674 1970
311 2 2 0 0 1077 1976 1975
312 2 2 0 0 1980 863 1431
313 2 2 0 0 1984 406 1463
314 2 2 0 0 146 1994 1100
315 2 2 0 0 677 1994 1172
316 2 2 0 0 786 1999 1320
317 2 2 0 0 2010 298 1115
318 2 2 0 0 594 2011 1119
319 2 2 0 0 119 2013 1607
320 2 2 0 0 2021 391 2020
321 2 2 0 0 391 2022 1717
322 2 2 0 0 2024 991 1130
323 2 2 0 0 102 2024 2023
324 2 2 0 0 2026 41 1133
325 2 2 0 0 2026 41 1196
326 2 2 0 0 2027 621 1134
327 2 2 0 0 2031 633 1522
328 2 2 0 0 84 2037 2036
329 2 2 0 0 633 2039 1522
330 2 2 0 0 1005 2043 1147
331 2 2 0 0 1005 2043 1010
332 2 2 0 0 2052 1024 1158
333 2 2 0 0 2052 419 2051
334 2 2 0 0 2057 182 1410
335 2 2 0 0 627 2061 1170
336 2 2 0 0 2061 676 1170
337 2 2 0 0 2061 627 1703
338 2 2 0 0 2062 677 1172
339 2 2 0 0 2066 11 140
340 2 2 0 0 2066 11 200
341 2 2 0 0 140 2067 141
342 2 2 0 0 140 2067 2066
343 2 2 0 0 2067 17 2066
344 2 2 0 0 17 2068 2067
345 2 2 0 0 2068 141 2067
346 2 2 0 0 17 2069 203
347 2 2 0 0 142 2069 2068
348 2 2 0 0 2069 17 2068
349 2 2 0 0 142 2070 2069
350 2 2 0 0 2070 203 2069
351 2 2 0 0 2071 142 680
352 2 2 0 0 142 2071 2070
353 2 2 0 0 2071 204 2070
354 2 2 0 0 680 2072 2071
355 2 2 0 0 2072 204 2071
356 2 2 0 0 2073 680 1176
357 2 2 0 0 680 2073 2072
358 2 2 0 0 346 2074 1175
359 2 2 0 0 2074 346 682
360 2 2 0 0 1175 2075 1176
361 2 2 0 0 143 2075 2074
362 2 2 0 0 2075 1175 2074
363 2 2 0 0 1185 2086 1186
364 2 2 0 0 2090 693 1190
365 2 2 0 0 783 2093 1317
366 2 2 0 0 2095 160 1191
367 2 2 0 0 695 2097 2096
368 2 2 0 0 2100 331 1118
369 2 2 0 0 2102 698 1195
370 2 2 0 0 700 2103 1196
371 2 2 0 0 701 2103 1722
372 2 2 0 0 2103 700 1722
373 2 2 0 0 277 2106 1890
374 2 2 0 0 616 2108 2107
375 2 2 0 0 2112 616 2106
376 2 2 0 0 255 2113 1202
377 2 2 0 0 2114 255 1202
378 2 2 0 0 703 2115 1892
379 2 2 0 0 2121 403 1207
380 2 2 0 0 2121 707 2120
381 2 2 0 0 1045 2122 1208
382 2 2 0 0 154 2124 2123
383 2 2 0 0 2127 473 1210
384 2 2 0 0 2128 153 1102
385 2 2 0 0 2129 153 2128
386 2 2 0 0 710 2130 1211
387 2 2 0 0 711 2132 1212
388 2 2 0 0 409 2132 1727
389 2 2 0 0 2133 304 1216
390 2 2 0 0 713 2134 1215
391 2 2 0 0 318 2140 1221
392 2 2 0 0 1011 2145 2144
393 2 2 0 0 726 2149 1231
394 2 2 0 0 2150 726 1231
395 2 2 0 0 271 2153 1839
396 2 2 0 0 2157 730 2155
397 2 2 0 0 2158 226 1239
398 2 2 0 0 361 2159 1241
399 2 2 0 0 371 2172 1249
400 2 2 0 0 2172 371 2171
401 2 2 0 0 2173 158 1252
402 2 2 0 0 158 2173 1561
403 2 2 0 0 2176 233 1255
404 2 2 0 0 2179 781 1256
405 2 2 0 0 747 2185 1259
406 2 2 0 0 1260 2189 2188
407 2 2 0 0 19 2192 241
408 2 2 0 0 19 2192 209
409 2 2 0 0 2193 241 242
410 2 2 0 0 25 2193 2192
411 2 2 0 0 2193 241 2192
412 2 2 0 0 242 2194 2193
413 2 2 0 0 2194 25 2193
414 2 2 0 0 242 2195 442
415 2 2 0 0 243 2195 2194
416 2 2 0 0 2195 242 2194
417 2 2 0 0 243 2196 2195
418 2 2 0 0 2196 442 2195
419 2 2 0 0 2197 243 748
420 2 2 0 0 243 2197 2196
421 2 2 0 0 2197 443 2196
422 2 2 0 0 748 2198 2197
423 2 2 0 0 2198 443 2197
424 2 2 0 0 2199 443 2198
425 2 2 0 0 2201 1219 2200
426 2 2 0 0 752 2202 1264
427 2 2 0 0 2204 755 1267
428 2 2 0 0 2205 447 1270
429 2 2 0 0 2205 756 1747
430 2 2 0 0 1275 2211 1276
431 2 2 0 0 2211 449 1276
432 2 2 0 0 461 2212 1277
433 2 2 0 0 2214 1277 2212
434 2 2 0 0 108 2217 2216
435 2 2 0 0 262 2223 1281
436 2 2 0 0 760 2223 1750
437 2 2 0 0 447 2224 1270
438 2 2 0 0 2225 1145 1282
439 2 2 0 0 2225 644 2224
440 2 2 0 0 2228 109 1285
441 2 2 0 0 765 2230 1288
442 2 2 0 0 2231 317 1350
443 2 2 0 0 768 2233 1290
444 2 2 0 0 2233 768 2227
445 2 2 0 0 767 2235 1290
446 2 2 0 0 2235 768 1290
447 2 2 0 0 2236 767 1290
448 2 2 0 0 326 2243 1293
449 2 2 0 0 276 2244 1294
450 2 2 0 0 2244 506 1294
451 2 2 0 0 2247 774 1296
452 2 2 0 0 97 2247 2246
453 2 2 0 0 318 2251 1298
454 2 2 0 0 2251 318 2250
455 2 2 0 0 290 2252 1300
456 2 2 0 0 2257 291 1305
457 2 2 0 0 498 2259 1307
458 2 2 0 0 2259 776 1307
459 2 2 0 0 809 2260 1307
460 2 2 0 0 2260 498 1307
461 2 2 0 0 2260 809 1356
462 2 2 0 0 881 2267 1312
463 2 2 0 0 2267 425 1312
464 2 2 0 0 425 2267 1817
465 2 2 0 0 778 2269 2268
466 2 2 0 0 1151 2270 2044
467 2 2 0 0 2272 783 1317
468 2 2 0 0 297 2273 1318
469 2 2 0 0 788 2279 1326
470 2 2 0 0 300 2280 1326
471 2 2 0 0 2280 788 1326
472 2 2 0 0 789 2282 1326
473 2 2 0 0 2282 300 1326
474 2 2 0 0 2284 584 1681
475 2 2 0 0 790 2286 1329
476 2 2 0 0 2286 480 1329
477 2 2 0 0 2287 99 1700
478 2 2 0 0 2289 1052 2288
479 2 2 0 0 134 2292 1332
480 2 2 0 0 658 2298 1338
481 2 2 0 0 2298 658 1694
482 2 2 0 0 491 2300 1340
483 2 2 0 0 800 2300 1343
484 2 2 0 0 2301 491 1340
485 2 2 0 0 491 2301 2299
486 2 2 0 0 171 2302 1145
487 2 2 0 0 2303 171 1341
488 2 2 0 0 171 2303 2302
489 2 2 0 0 2303 800 2302
490 2 2 0 0 270 2307 1345
491 2 2 0 0 2307 802 1345
492 2 2 0 0 802 2307 2306
493 2 2 0 0 804 2308 1348
494 2 2 0 0 2308 496 1348
495 2 2 0 0 138 2309 1348
496 2 2 0 0 2309 804 1348
497 2 2 0 0 2312 1286 1347
498 2 2 0 0 1352 2320 2319
499 2 2 0 0 811 2321 1777
500 2 2 0 0 2322 812 839
501 2 2 0 0 2326 1360 1361
502 2 2 0 0 2326 1360 1950
503 2 2 0 0 1361 2327 1948
504 2 2 0 0 1363 2328 1364
505 2 2 0 0 2328 1363 1947
506 2 2 0 0 88 2330 1367
507 2 2 0 0 1371 2335 2334
508 2 2 0 0 458 2336 1295
509 2 2 0 0 1295 2337 1373
510 2 2 0 0 772 2337 2336
511 2 2 0 0 2337 1295 2336
512 2 2 0 0 2338 820 2087
513 2 2 0 0 325 2340 2339
514 2 2 0 0 2341 635 1376
515 2 2 0 0 829 2349 1380
516 2 2 0 0 2349 829 2348
517 2 2 0 0 1067 2351 1068
518 2 2 0 0 2357 835 1793
519 2 2 0 0 282 2363 1393
520 2 2 0 0 844 2368 1398
521 2 2 0 0 2371 338 1400
522 2 2 0 0 2371 338 1972
523 2 2 0 0 2374 337 1974
524 2 2 0 0 675 2378 2377
525 2 2 0 0 176 2379 1703
526 2 2 0 0 849 2380 1405
527 2 2 0 0 2387 851 2386
528 2 2 0 0 2391 850 1412
529 2 2 0 0 2392 850 1412
530 2 2 0 0 850 2392 2390
531 2 2 0 0 2392 1411 2390
532 2 2 0 0 850 2396 2395
533 2 2 0 0 2396 1337 2395
534 2 2 0 0 2399 423 1414
535 2 2 0 0 139 2403 1076
536 2 2 0 0 2403 528 1076
537 2 2 0 0 2404 528 2403
538 2 2 0 0 2405 855 1417
539 2 2 0 0 195 2407 2406
540 2 2 0 0 341 2409 2063
541 2 2 0 0 678 2413 1422
542 2 2 0 0 2414 1422 2413
543 2 2 0 0 857 2418 1425
544 2 2 0 0 2420 530 1426
545 2 2 0 0 530 2420 2419
546 2 2 0 0 2420 1079 2419
547 2 2 0 0 344 2424 1427
548 2 2 0 0 344 2424 1439
549 2 2 0 0 868 2425 1428
550 2 2 0 0 2431 1080 2151
551 2 2 0 0 2435 344 1439
552 2 2 0 0 2437 343 1438
553 2 2 0 0 2440 1082 2439
554 2 2 0 0 2443 870 1442
555 2 2 0 0 871 2444 1445
556 2 2 0 0 113 2448 1446
557 2 2 0 0 1445 2450 1446
558 2 2 0 0 2450 113 1446
559 2 2 0 0 113 2450 2449
560 2 2 0 0 208 2451 1447
561 2 2 0 0 2453 731 1447
562 2 2 0 0 205 2454 1707
563 2 2 0 0 205 2455 2454
564 2 2 0 0 875 2460 2459
565 2 2 0 0 2460 538 2459
566 2 2 0 0 1088 2462 1454
567 2 2 0 0 2468 879 2467
568 2 2 0 0 207 2472 2471
569 2 2 0 0 406 2475 1463
570 2 2 0 0 2476 543 1464
571 2 2 0 0 2476 885 1465
572 2 2 0 0 885 2478 1465
573 2 2 0 0 110 2478 2477
574 2 2 0 0 2478 885 2477
575 2 2 0 0 353 2482 1470
576 2 2 0 0 2482 887 1470
577 2 2 0 0 890 2491 1473
578 2 2 0 0 861 2496 2427
579 2 2 0 0 2497 892 1823
580 2 2 0 0 893 2498 1480
581 2 2 0 0 2499 908 1835
582 2 2 0 0 2500 360 1506
583 2 2 0 0 2505 898 1493
584 2 2 0 0 1491 2507 1492
585 2 2 0 0 2508 1491 1492
586 2 2 0 0 898 2509 1493
587 2 2 0 0 2509 359 1493
588 2 2 0 0 2509 898 1490
589 2 2 0 0 900 2514 1495
590 2 2 0 0 2514 556 1495
591 2 2 0 0 864 2521 1510
592 2 2 0 0 2523 562 2522
593 2 2 0 0 182 2524 1057
594 2 2 0 0 1057 2525 1511
595 2 2 0 0 2525 1057 2524
596 2 2 0 0 2532 502 1516
597 2 2 0 0 502 2532 1517
598 2 2 0 0 1061 2533 1516
599 2 2 0 0 2533 1061 1951
600 2 2 0 0 915 2535 1518
601 2 2 0 0 572 2541 1521
602 2 2 0 0 2541 572 1525
603 2 2 0 0 916 2542 2538
604 2 2 0 0 1520 2547 2546
605 2 2 0 0 571 2549 1678
606 2 2 0 0 1109 2553 2552
607 2 2 0 0 2553 225 2552
608 2 2 0 0 2558 574 2557
609 2 2 0 0 2559 923 1535
610 2 2 0 0 922 2562 1535
611 2 2 0 0 2563 922 1536
612 2 2 0 0 2565 1239 1240
613 2 2 0 0 227 2571 2570
614 2 2 0 0 2571 924 2570
615 2 2 0 0 925 2572 1541
616 2 2 0 0 2574 925 1542
617 2 2 0 0 2574 228 1680
618 2 2 0 0 2575 156 1544
619 2 2 0 0 2575 156 1850
620 2 2 0 0 927 2577 1544
621 2 2 0 0 2577 927 2576
622 2 2 0 0 930 2579 1546
623 2 2 0 0 2584 368 2583
624 2 2 0 0 2587 1243 1551
625 2 2 0 0 2589 933 1555
626 2 2 0 0 935 2593 1558
627 2 2 0 0 2594 935 1558
628 2 2 0 0 2595 741 945
629 2 2 0 0 2599 1559 1560
630 2 2 0 0 1559 2599 2596
631 2 2 0 0 2600 1560 1564
632 2 2 0 0 1560 2600 2599
633 2 2 0 0 582 2601 1569
634 2 2 0 0 2601 941 1569
635 2 2 0 0 1188 2604 2603
636 2 2 0 0 2610 98 1571
637 2 2 0 0 2614 944 1575
638 2 2 0 0 232 2615 1857
639 2 2 0 0 1031 2616 1250
640 2 2 0 0 2617 1573 1576
641 2 2 0 0 1573 2617 2616
642 2 2 0 0 98 2618 946
643 2 2 0 0 946 2619 1577
644 2 2 0 0 742 2619 2618
645 2 2 0 0 2619 946 2618
646 2 2 0 0 936 2620 1253
647 2 2 0 0 2620 936 1561
648 2 2 0 0 435 2621 2620
649 2 2 0 0 2621 1253 2620
650 2 2 0 0 2622 742 2174
651 2 2 0 0 377 2624 1713
652 2 2 0 0 379 2627 1584
653 2 2 0 0 2627 379 2009
654 2 2 0 0 1582 2630 1586
655 2 2 0 0 112 2635 1592
656 2 2 0 0 2639 592 1595
657 2 2 0 0 592 2639 2638
658 2 2 0 0 439 2642 2641
659 2 2 0 0 958 2644 2643
660 2 2 0 0 2644 1597 2643
661 2 2 0 0 960 2648 2015
662 2 2 0 0 2650 390 1633
663 2 2 0 0 961 2653 1603
664 2 2 0 0 596 2654 1605
665 2 2 0 0 2654 964 1605
666 2 2 0 0 964 2654 1608
667 2 2 0 0 2656 963 964
668 2 2 0 0 2657 504 817
669 2 2 0 0 1611 2659 1612
670 2 2 0 0 383 2659 2658
671 2 2 0 0 383 2660 2659
672 2 2 0 0 2660 1612 2659
673 2 2 0 0 969 2664 970
674 2 2 0 0 2664 969 2663
675 2 2 0 0 2665 970 1616
676 2 2 0 0 2665 970 2664
677 2 2 0 0 971 2667 2666
678 2 2 0 0 599 2668 1618
679 2 2 0 0 971 2668 1866
680 2 2 0 0 974 2669 1871
681 2 2 0 0 2669 386 1871
682 2 2 0 0 2672 1621 1622
683 2 2 0 0 1621 2672 2671
684 2 2 0 0 2674 308 1624
685 2 2 0 0 603 2675 1621
686 2 2 0 0 2676 604 2675
687 2 2 0 0 1125 2679 1626
688 2 2 0 0 388 2683 2682
689 2 2 0 0 2684 697 2680
690 2 2 0 0 2691 981 1631
691 2 2 0 0 981 2691 1630
692 2 2 0 0 309 2692 610
693 2 2 0 0 2692 309 830
694 2 2 0 0 389 2693 2692
695 2 2 0 0 2693 610 2692
696 2 2 0 0 389 2694 2693
697 2 2 0 0 389 2695 2694
698 2 2 0 0 2696 986 1881
699 2 2 0 0 830 2697 2692
700 2 2 0 0 2697 389 2692
701 2 2 0 0 985 2698 2697
702 2 2 0 0 2698 389 2697
703 2 2 0 0 2699 389 2698
704 2 2 0 0 390 2700 1633
705 2 2 0 0 388 2701 1126
706 2 2 0 0 2705 381 2704
707 2 2 0 0 622 2710 2709
708 2 2 0 0 2710 394 2709
709 2 2 0 0 622 2711 2710
710 2 2 0 0 2711 1131 2710
711 2 2 0 0 996 2712 1641
712 2 2 0 0 170 2713 620
713 2 2 0 0 2715 996 1641
714 2 2 0 0 996 2715 2714
715 2 2 0 0 617 2717 2025
716 2 2 0 0 301 2718 1895
717 2 2 0 0 2718 998 1895
718 2 2 0 0 2723 104 1648
719 2 2 0 0 827 2726 1787
720 2 2 0 0 1001 2728 1649
721 2 2 0 0 104 2729 1648
722 2 2 0 0 2730 1001 1649
723 2 2 0 0 104 2730 2729
724 2 2 0 0 2731 623 1652
725 2 2 0 0 2732 329 1787
726 2 2 0 0 1651 2733 1652
727 2 2 0 0 1000 2733 2732
728 2 2 0 0 2733 1651 2732
729 2 2 0 0 2737 452 1654
730 2 2 0 0 763 2738 1285
731 2 2 0 0 2741 1045 1208
732 2 2 0 0 268 2742 2741
733 2 2 0 0 2743 508 509
734 2 2 0 0 508 2743 1715
735 2 2 0 0 2746 618 619
736 2 2 0 0 2749 267 761
737 2 2 0 0 2750 286 1026
738 2 2 0 0 2753 761 762
739 2 2 0 0 230 2754 793
740 2 2 0 0 499 2755 810
741 2 2 0 0 2756 499 810
742 2 2 0 0 672 2760 1700
743 2 2 0 0 340 2762 853
744 2 2 0 0 2762 528 853
745 2 2 0 0 528 2762 1076
746 2 2 0 0 2762 340 1076
747 2 2 0 0 2763 111 1663
748 2 2 0 0 2764 340 853
749 2 2 0 0 340 2764 2763
750 2 2 0 0 2767 551 892
751 2 2 0 0 2768 150 558
752 2 2 0 0 220 2768 1501
753 2 2 0 0 2768 150 1501
754 2 2 0 0 558 2769 2768
755 2 2 0 0 2769 220 2768
756 2 2 0 0 558 2770 2769
757 2 2 0 0 2770 559 2769
758 2 2 0 0 570 2771 571
759 2 2 0 0 2771 570 1689
760 2 2 0 0 222 2772 919
761 2 2 0 0 2772 571 2771
762 2 2 0 0 690 2773 927
763 2 2 0 0 156 2774 927
764 2 2 0 0 2774 690 927
765 2 2 0 0 690 2774 1711
766 2 2 0 0 2774 156 1711
767 2 2 0 0 739 2776 934
768 2 2 0 0 2776 120 934
769 2 2 0 0 739 2776 1744
770 2 2 0 0 2776 120 1744
771 2 2 0 0 741 2778 945
772 2 2 0 0 2778 232 945
773 2 2 0 0 160 2780 950
774 2 2 0 0 2780 589 950
775 2 2 0 0 236 2781 2626
776 2 2 0 0 693 2782 1190
777 2 2 0 0 2783 478 953
778 2 2 0 0 382 2784 961
779 2 2 0 0 2784 746 961
780 2 2 0 0 2785 596 962
781 2 2 0 0 596 2785 1120
782 2 2 0 0 239 2786 1659
783 2 2 0 0 605 2788 1684
784 2 2 0 0 2793 280 1005
785 2 2 0 0 280 2793 461
786 2 2 0 0 281 2794 1010
787 2 2 0 0 2794 1005 1010
788 2 2 0 0 1005 2794 2793
789 2 2 0 0 2794 281 2793
790 2 2 0 0 153 2796 1102
791 2 2 0 0 281 2797 1021
792 2 2 0 0 2797 281 1223
793 2 2 0 0 2798 486 487
794 2 2 0 0 486 2798 1660
795 2 2 0 0 2798 105 1660
796 2 2 0 0 487 2799 2798
797 2 2 0 0 2799 105 2798
798 2 2 0 0 105 2800 1022
799 2 2 0 0 796 2800 2799
800 2 2 0 0 2800 105 2799
801 2 2 0 0 286 2801 1026
802 2 2 0 0 2801 651 1026
803 2 2 0 0 651 2801 1899
804 2 2 0 0 111 2802 1663
805 2 2 0 0 667 2804 1029
806 2 2 0 0 239 2806 1032
807 2 2 0 0 440 2806 1921
808 2 2 0 0 2808 185 1040
809 2 2 0 0 2809 398 718
810 2 2 0 0 398 2809 720
811 2 2 0 0 718 2810 2809
812 2 2 0 0 476 2814 1049
813 2 2 0 0 2815 476 1049
814 2 2 0 0 2815 784 1317
815 2 2 0 0 2816 182 1057
816 2 2 0 0 518 2818 1070
817 2 2 0 0 2818 518 2747
818 2 2 0 0 1047 2819 1076
819 2 2 0 0 2819 139 1076
820 2 2 0 0 139 2819 2813
821 2 2 0 0 2819 1047 2813
822 2 2 0 0 2820 468 1078
823 2 2 0 0 468 2820 2262
824 2 2 0 0 2820 1077 2262
825 2 2 0 0 629 2821 1688
826 2 2 0 0 2821 145 1688
827 2 2 0 0 294 2823 1086
828 2 2 0 0 2823 294 1138
829 2 2 0 0 2824 536 1087
830 2 2 0 0 536 2824 1313
831 2 2 0 0 2827 424 1232
832 2 2 0 0 556 2829 1676
833 2 2 0 0 2830 1100 1993
834 2 2 0 0 221 2831 1105
835 2 2 0 0 2833 799 1767
836 2 2 0 0 692 2835 793
837 2 2 0 0 2835 230 793
838 2 2 0 0 478 2837 2836
839 2 2 0 0 2837 1114 2836
840 2 2 0 0 331 2838 1118
841 2 2 0 0 1118 2839 1119
842 2 2 0 0 2839 1118 1385
843 2 2 0 0 2840 596 1120
844 2 2 0 0 2841 600 1123
845 2 2 0 0 329 2844 1124
846 2 2 0 0 600 2844 2843
847 2 2 0 0 2844 329 2843
848 2 2 0 0 828 2845 1786
849 2 2 0 0 394 2846 1134
850 2 2 0 0 1131 2847 2846
851 2 2 0 0 621 2848 1134
852 2 2 0 0 2848 394 1134
853 2 2 0 0 394 2848 1686
854 2 2 0 0 2852 223 2851
855 2 2 0 0 2853 267 2749
856 2 2 0 0 1147 2854 1148
857 2 2 0 0 90 2854 2043
858 2 2 0 0 2854 1147 2043
859 2 2 0 0 2856 646 1148
860 2 2 0 0 2857 251 1156
861 2 2 0 0 2857 251 1159
862 2 2 0 0 315 2858 1156
863 2 2 0 0 1035 2860 1926
864 2 2 0 0 2860 626 1926
865 2 2 0 0 2861 1012 1166
866 2 2 0 0 2862 674 1167
867 2 2 0 0 674 2862 1970
868 2 2 0 0 676 2863 1170
869 2 2 0 0 2863 194 1170
870 2 2 0 0 1025 2864 1170
871 2 2 0 0 2864 627 1170
872 2 2 0 0 1173 2866 1705
873 2 2 0 0 2869 687 1180
874 2 2 0 0 687 2869 1181
875 2 2 0 0 2870 687 1181
876 2 2 0 0 2871 364 1182
877 2 2 0 0 364 2871 1180
878 2 2 0 0 228 2872 1680
879 2 2 0 0 691 2873 1187
880 2 2 0 0 2874 691 1187
881 2 2 0 0 2877 128 1197
882 2 2 0 0 128 2877 1132
883 2 2 0 0 2878 701 1722
884 2 2 0 0 997 2879 1200
885 2 2 0 0 170 2879 2746
886 2 2 0 0 2879 997 2746
887 2 2 0 0 1201 2881 2880
888 2 2 0 0 2881 397 2880
889 2 2 0 0 621 2882 2747
890 2 2 0 0 2882 332 2747
891 2 2 0 0 2883 706 1206
892 2 2 0 0 706 2883 1723
893 2 2 0 0 2883 705 1723
894 2 2 0 0 403 2885 1207
895 2 2 0 0 2885 625 1207
896 2 2 0 0 2885 403 1771
897 2 2 0 0 2886 410 1211
898 2 2 0 0 410 2886 1729
899 2 2 0 0 2887 410 1729
900 2 2 0 0 2888 412 1732
901 2 2 0 0 49 2889 1155
902 2 2 0 0 314 2890 1223
903 2 2 0 0 130 2891 1224
904 2 2 0 0 2891 717 1224
905 2 2 0 0 717 2891 1226
906 2 2 0 0 2891 130 1226
907 2 2 0 0 1013 2894 1229
908 2 2 0 0 2894 422 1229
909 2 2 0 0 2896 424 1232
910 2 2 0 0 648 2897 1235
911 2 2 0 0 1017 2898 1236
912 2 2 0 0 145 2898 1688
913 2 2 0 0 2898 1017 1688
914 2 2 0 0 731 2899 1447
915 2 2 0 0 2899 208 1447
916 2 2 0 0 733 2900 1240
917 2 2 0 0 2902 737 1743
918 2 2 0 0 2903 636 1250
919 2 2 0 0 2904 375 1251
920 2 2 0 0 158 2905 1252
921 2 2 0 0 1251 2905 2904
922 2 2 0 0 2905 158 2904
923 2 2 0 0 2906 233 1255
924 2 2 0 0 2908 743 2091
925 2 2 0 0 244 2910 2909
926 2 2 0 0 2910 749 2909
927 2 2 0 0 442 2911 750
928 2 2 0 0 443 2911 2196
929 2 2 0 0 2911 442 2196
930 2 2 0 0 443 2912 2911
931 2 2 0 0 2912 750 2911
932 2 2 0 0 2913 751 1263
933 2 2 0 0 2913 750 2912
934 2 2 0 0 445 2914 1264
935 2 2 0 0 2914 752 1264
936 2 2 0 0 752 2914 1746
937 2 2 0 0 2914 445 1746
938 2 2 0 0 2915 670 1264
939 2 2 0 0 2915 250 1697
940 2 2 0 0 641 2916 642
941 2 2 0 0 2916 641 753
942 2 2 0 0 2917 642 2916
943 2 2 0 0 125 2918 2917
944 2 2 0 0 2919 643 1266
945 2 2 0 0 2919 752 2918
946 2 2 0 0 445 2920 1267
947 2 2 0 0 2921 753 754
948 2 2 0 0 753 2921 2916
949 2 2 0 0 754 2922 2921
950 2 2 0 0 754 2923 1269
951 2 2 0 0 2923 754 2922
952 2 2 0 0 756 2924 1747
953 2 2 0 0 1273 2925 1274
954 2 2 0 0 2925 1273 1748
955 2 2 0 0 759 2926 2210
956 2 2 0 0 1275 2927 1281
957 2 2 0 0 2927 262 1281
958 2 2 0 0 2927 1275 1276
959 2 2 0 0 2930 803 1287
960 2 2 0 0 803 2930 1347
961 2 2 0 0 317 2931 2735
962 2 2 0 0 1024 2932 1158
963 2 2 0 0 2934 773 1297
964 2 2 0 0 773 2934 1753
965 2 2 0 0 2934 316 1753
966 2 2 0 0 2936 774 1298
967 2 2 0 0 2936 365 2246
968 2 2 0 0 2937 290 1300
969 2 2 0 0 290 2937 1941
970 2 2 0 0 2938 467 1300
971 2 2 0 0 469 2939 1306
972 2 2 0 0 291 2940 1307
973 2 2 0 0 2940 809 1307
974 2 2 0 0 2940 809 1774
975 2 2 0 0 425 2941 1312
976 2 2 0 0 2941 778 1312
977 2 2 0 0 83 2942 2268
978 2 2 0 0 2942 778 2268
979 2 2 0 0 2943 1233 1314
980 2 2 0 0 784 2944 1317
981 2 2 0 0 2944 152 1320
982 2 2 0 0 2945 786 1321
983 2 2 0 0 2945 221 1105
984 2 2 0 0 221 2946 2745
985 2 2 0 0 1102 2947 2128
986 2 2 0 0 1151 2948 1322
987 2 2 0 0 2948 655 1322
988 2 2 0 0 655 2948 2044
989 2 2 0 0 2948 1151 2044
990 2 2 0 0 2949 1151 1322
991 2 2 0 0 789 2950 1323
992 2 2 0 0 2950 789 1326
993 2 2 0 0 162 2951 1324
994 2 2 0 0 2953 1327 2952
995 2 2 0 0 1050 2954 1329
996 2 2 0 0 480 2955 1329
997 2 2 0 0 2955 1050 1329
998 2 2 0 0 1050 2955 1764
999 2 2 0 0 2955 480 1764
1000 2 2 0 0 2956 409 1019
1001 2 2 0 0 1019 2957 2956
1002 2 2 0 0 261 2958 1342
1003 2 2 0 0 312 2961 1666
1004 2 2 0 0 1339 2962 2961
1005 2 2 0 0 2964 261 1342
1006 2 2 0 0 801 2966 1344
1007 2 2 0 0 403 2966 1771
1008 2 2 0 0 662 2967 1156
1009 2 2 0 0 2967 315 1156
1010 2 2 0 0 2968 315 1344
1011 2 2 0 0 2968 315 2967
1012 2 2 0 0 708 2969 2120
1013 2 2 0 0 496 2970 1348
1014 2 2 0 0 2971 765 1288
1015 2 2 0 0 1286 2972 2229
1016 2 2 0 0 2972 138 2229
1017 2 2 0 0 809 2973 1356
1018 2 2 0 0 2973 32 1356
1019 2 2 0 0 32 2974 1356
1020 2 2 0 0 275 2975 1842
1021 2 2 0 0 2975 1358 1842
1022 2 2 0 0 2976 16 272
1023 2 2 0 0 2976 16 140
1024 2 2 0 0 272 2977 273
1025 2 2 0 0 272 2977 2976
1026 2 2 0 0 2977 23 2976
1027 2 2 0 0 23 2978 2977
1028 2 2 0 0 2978 273 2977
1029 2 2 0 0 23 2979 454
1030 2 2 0 0 274 2979 2978
1031 2 2 0 0 2979 23 2978
1032 2 2 0 0 274 2980 2979
1033 2 2 0 0 2980 454 2979
1034 2 2 0 0 2981 274 814
1035 2 2 0 0 274 2981 2980
1036 2 2 0 0 2981 455 2980
1037 2 2 0 0 814 2982 2981
1038 2 2 0 0 2982 455 2981
1039 2 2 0 0 2983 815 1362
1040 2 2 0 0 815 2983 2982
1041 2 2 0 0 2983 455 2982
1042 2 2 0 0 2984 815 2324
1043 2 2 0 0 2985 637 1144
1044 2 2 0 0 2986 1144 1365
1045 2 2 0 0 1144 2986 2985
1046 2 2 0 0 807 2988 1368
1047 2 2 0 0 773 2991 1371
1048 2 2 0 0 2993 771 1295
1049 2 2 0 0 2993 276 1294
1050 2 2 0 0 2994 1295 1373
1051 2 2 0 0 1295 2994 2993
1052 2 2 0 0 2994 276 2993
1053 2 2 0 0 1369 2996 2244
1054 2 2 0 0 2996 506 2244
1055 2 2 0 0 821 2997 1375
1056 2 2 0 0 506 2998 1375
1057 2 2 0 0 2998 821 1375
1058 2 2 0 0 2999 1294 1375
1059 2 2 0 0 2999 456 2933
1060 2 2 0 0 3000 634 1756
1061 2 2 0 0 1143 3001 1376
1062 2 2 0 0 456 3001 3000
1063 2 2 0 0 3001 1143 3000
1064 2 2 0 0 3002 330 1380
1065 2 2 0 0 330 3004 1380
1066 2 2 0 0 3004 829 1380
1067 2 2 0 0 65 3005 189
1068 2 2 0 0 65 3005 166
1069 2 2 0 0 3006 189 190
1070 2 2 0 0 58 3006 3005
1071 2 2 0 0 3006 189 3005
1072 2 2 0 0 190 3007 3006
1073 2 2 0 0 3007 58 3006
1074 2 2 0 0 3008 58 333
1075 2 2 0 0 58 3008 3007
1076 2 2 0 0 3008 191 3007
1077 2 2 0 0 333 3009 3008
1078 2 2 0 0 3009 191 3008
1079 2 2 0 0 191 3010 1067
1080 2 2 0 0 334 3010 3009
1081 2 2 0 0 3010 191 3009
1082 2 2 0 0 334 3011 3010
1083 2 2 0 0 3011 1067 3010
1084 2 2 0 0 334 3012 3011
1085 2 2 0 0 3012 1382 3011
1086 2 2 0 0 107 3014 1790
1087 2 2 0 0 3014 832 1790
1088 2 2 0 0 3015 336 1386
1089 2 2 0 0 336 3015 1965
1090 2 2 0 0 3016 583 1388
1091 2 2 0 0 179 3018 947
1092 2 2 0 0 3018 873 947
1093 2 2 0 0 3019 523 1398
1094 2 2 0 0 846 3021 1400
1095 2 2 0 0 525 3021 1401
1096 2 2 0 0 338 3022 1400
1097 2 2 0 0 3022 846 1400
1098 2 2 0 0 3022 338 1403
1099 2 2 0 0 3023 525 1401
1100 2 2 0 0 3023 1075 1973
1101 2 2 0 0 1042 3025 2030
1102 2 2 0 0 3025 176 2030
1103 2 2 0 0 851 3027 2386
1104 2 2 0 0 3028 497 2960
1105 2 2 0 0 423 3029 1414
1106 2 2 0 0 1392 3029 2361
1107 2 2 0 0 3029 423 2361
1108 2 2 0 0 3030 520 1415
1109 2 2 0 0 855 3031 1417
1110 2 2 0 0 528 3031 1804
1111 2 2 0 0 1356 3032 2260
1112 2 2 0 0 3032 498 2260
1113 2 2 0 0 529 3034 3033
1114 2 2 0 0 3034 856 3033
1115 2 2 0 0 856 3035 3033
1116 2 2 0 0 1424 3036 2421
1117 2 2 0 0 3037 530 1805
1118 2 2 0 0 3038 862 1430
1119 2 2 0 0 862 3038 1806
1120 2 2 0 0 863 3039 1431
1121 2 2 0 0 3039 114 1431
1122 2 2 0 0 532 3040 1434
1123 2 2 0 0 865 3040 2765
1124 2 2 0 0 3040 532 2765
1125 2 2 0 0 3041 533 1435
1126 2 2 0 0 3042 344 1427
1127 2 2 0 0 343 3043 1438
1128 2 2 0 0 3043 343 2426
1129 2 2 0 0 858 3044 1439
1130 2 2 0 0 870 3047 1442
1131 2 2 0 0 727 3047 3046
1132 2 2 0 0 1150 3048 2156
1133 2 2 0 0 426 3049 2822
1134 2 2 0 0 3050 871 1446
1135 2 2 0 0 3051 205 1707
1136 2 2 0 0 538 3052 1450
1137 2 2 0 0 3053 538 1450
1138 2 2 0 0 538 3053 2459
1139 2 2 0 0 1449 3054 3051
1140 2 2 0 0 3054 205 3051
1141 2 2 0 0 3056 347 1813
1142 2 2 0 0 3057 878 1458
1143 2 2 0 0 348 3059 3058
1144 2 2 0 0 3060 683 1457
1145 2 2 0 0 3060 1449 3051
1146 2 2 0 0 3062 350 1815
1147 2 2 0 0 3064 1150 1462
1148 2 2 0 0 3064 207 1982
1149 2 2 0 0 886 3065 1464
1150 2 2 0 0 542 3065 1469
1151 2 2 0 0 1466 3066 1467
1152 2 2 0 0 884 3066 2825
1153 2 2 0 0 3066 1466 2825
1154 2 2 0 0 3069 542 1469
1155 2 2 0 0 3069 1468 3068
1156 2 2 0 0 782 3070 1469
1157 2 2 0 0 1468 3070 3067
1158 2 2 0 0 3070 782 3067
1159 2 2 0 0 887 3071 1470
1160 2 2 0 0 3071 546 1470
1161 2 2 0 0 888 3072 1470
1162 2 2 0 0 3072 353 1470
1163 2 2 0 0 1094 3074 1474
1164 2 2 0 0 544 3074 3073
1165 2 2 0 0 3074 1094 3073
1166 2 2 0 0 3075 1094 1474
1167 2 2 0 0 3076 546 1475
1168 2 2 0 0 3076 890 1473
1169 2 2 0 0 546 3077 1475
1170 2 2 0 0 901 3078 1828
1171 2 2 0 0 559 3081 2769
1172 2 2 0 0 3081 220 2769
1173 2 2 0 0 3082 1482 3080
1174 2 2 0 0 3083 220 1503
1175 2 2 0 0 1482 3084 3083
1176 2 2 0 0 3085 1485 1486
1177 2 2 0 0 3086 212 1487
1178 2 2 0 0 212 3087 1487
1179 2 2 0 0 1486 3087 3085
1180 2 2 0 0 3087 212 3085
1181 2 2 0 0 3088 351 895
1182 2 2 0 0 351 3088 1830
1183 2 2 0 0 3088 553 1830
1184 2 2 0 0 895 3089 3088
1185 2 2 0 0 3089 553 3088
1186 2 2 0 0 895 3090 3089
1187 2 2 0 0 3090 896 3089
1188 2 2 0 0 3091 209 210
1189 2 2 0 0 18 3091 1497
1190 2 2 0 0 3091 209 1497
1191 2 2 0 0 210 3092 3091
1192 2 2 0 0 3092 18 3091
1193 2 2 0 0 3093 18 351
1194 2 2 0 0 18 3093 3092
1195 2 2 0 0 3093 211 3092
1196 2 2 0 0 211 3094 352
1197 2 2 0 0 351 3094 3093
1198 2 2 0 0 3094 211 3093
1199 2 2 0 0 3095 351 895
1200 2 2 0 0 351 3095 3094
1201 2 2 0 0 3095 352 3094
1202 2 2 0 0 352 3096 1488
1203 2 2 0 0 895 3096 3095
1204 2 2 0 0 3096 352 3095
1205 2 2 0 0 1488 3097 1489
1206 2 2 0 0 895 3097 3096
1207 2 2 0 0 3097 1488 3096
1208 2 2 0 0 3098 1488 1489
1209 2 2 0 0 1488 3098 1676
1210 2 2 0 0 898 3099 1490
1211 2 2 0 0 3099 898 2828
1212 2 2 0 0 898 3101 2828
1213 2 2 0 0 3103 899 3102
1214 2 2 0 0 3104 902 1496
1215 2 2 0 0 902 3104 1828
1216 2 2 0 0 905 3105 1504
1217 2 2 0 0 3105 561 1504
1218 2 2 0 0 3108 864 1510
1219 2 2 0 0 407 3109 1511
1220 2 2 0 0 3109 1057 1511
1221 2 2 0 0 3109 407 2804
1222 2 2 0 0 3110 911 1512
1223 2 2 0 0 911 3110 1837
1224 2 2 0 0 3110 566 1837
1225 2 2 0 0 3114 915 1518
1226 2 2 0 0 915 3114 1519
1227 2 2 0 0 568 3115 2000
1228 2 2 0 0 3116 572 1521
1229 2 2 0 0 572 3119 1525
1230 2 2 0 0 3119 572 1844
1231 2 2 0 0 3122 1179 1528
1232 2 2 0 0 3123 915 1519
1233 2 2 0 0 3124 574 1531
1234 2 2 0 0 574 3124 2557
1235 2 2 0 0 3124 1109 2557
1236 2 2 0 0 364 3125 1182
1237 2 2 0 0 3125 689 1182
1238 2 2 0 0 921 3126 3125
1239 2 2 0 0 3126 689 3125
1240 2 2 0 0 492 3128 1536
1241 2 2 0 0 1533 3128 3127
1242 2 2 0 0 3128 492 3127
1243 2 2 0 0 155 3130 1838
1244 2 2 0 0 367 3132 1538
1245 2 2 0 0 1537 3133 1538
1246 2 2 0 0 3133 367 1538
1247 2 2 0 0 3134 1537 1538
1248 2 2 0 0 1537 3134 3129
1249 2 2 0 0 3134 575 3129
1250 2 2 0 0 3135 1539 1540
1251 2 2 0 0 3135 227 2568
1252 2 2 0 0 925 3136 1542
1253 2 2 0 0 3137 577 930
1254 2 2 0 0 928 3138 3137
1255 2 2 0 0 3138 577 3137
1256 2 2 0 0 3139 930 1546
1257 2 2 0 0 930 3139 3137
1258 2 2 0 0 3140 576 3136
1259 2 2 0 0 3142 737 3141
1260 2 2 0 0 577 3143 930
1261 2 2 0 0 3144 930 3143
1262 2 2 0 0 1184 3145 1550
1263 2 2 0 0 3146 1184 1550
1264 2 2 0 0 1184 3146 2872
1265 2 2 0 0 3146 578 2872
1266 2 2 0 0 3148 931 3147
1267 2 2 0 0 579 3149 3147
1268 2 2 0 0 157 3150 1555
1269 2 2 0 0 1111 3150 2007
1270 2 2 0 0 934 3151 1556
1271 2 2 0 0 3151 934 1852
1272 2 2 0 0 935 3152 1556
1273 2 2 0 0 3152 370 1556
1274 2 2 0 0 375 3153 585
1275 2 2 0 0 937 3154 1563
1276 2 2 0 0 3154 937 1853
1277 2 2 0 0 1562 3155 1852
1278 2 2 0 0 937 3156 1854
1279 2 2 0 0 3156 936 1854
1280 2 2 0 0 158 3157 1560
1281 2 2 0 0 936 3157 1561
1282 2 2 0 0 3157 158 1561
1283 2 2 0 0 1560 3158 1564
1284 2 2 0 0 936 3158 3157
1285 2 2 0 0 3158 1560 3157
1286 2 2 0 0 120 3159 1565
1287 2 2 0 0 120 3159 1562
1288 2 2 0 0 582 3160 1565
1289 2 2 0 0 3160 582 2752
1290 2 2 0 0 372 3161 1765
1291 2 2 0 0 3162 1394 1395
1292 2 2 0 0 941 3164 1569
1293 2 2 0 0 230 3164 2952
1294 2 2 0 0 3165 230 2835
1295 2 2 0 0 3166 597 1920
1296 2 2 0 0 946 3168 1571
1297 2 2 0 0 586 3168 2777
1298 2 2 0 0 3169 943 1573
1299 2 2 0 0 1032 3170 1920
1300 2 2 0 0 1574 3171 1575
1301 2 2 0 0 3171 376 3170
1302 2 2 0 0 235 3172 954
1303 2 2 0 0 1113 3173 1579
1304 2 2 0 0 3173 235 1579
1305 2 2 0 0 235 3173 3172
1306 2 2 0 0 588 3174 1579
1307 2 2 0 0 3174 1113 1579
1308 2 2 0 0 1113 3174 2008
1309 2 2 0 0 3174 588 2008
1310 2 2 0 0 588 3175 1580
1311 2 2 0 0 3175 588 1579
1312 2 2 0 0 537 3176 1580
1313 2 2 0 0 537 3176 1812
1314 2 2 0 0 3176 947 1812
1315 2 2 0 0 3177 379 1584
1316 2 2 0 0 3177 1583 2626
1317 2 2 0 0 953 3178 2783
1318 2 2 0 0 1587 3179 1588
1319 2 2 0 0 3179 235 1588
1320 2 2 0 0 235 3179 1858
1321 2 2 0 0 587 3181 1588
1322 2 2 0 0 3181 1587 1588
1323 2 2 0 0 3183 1590 2603
1324 2 2 0 0 1591 3184 1592
1325 2 2 0 0 3184 112 1592
1326 2 2 0 0 1188 3185 1593
1327 2 2 0 0 3185 1188 2603
1328 2 2 0 0 956 3186 2171
1329 2 2 0 0 3186 438 2171
1330 2 2 0 0 956 3187 3186
1331 2 2 0 0 3187 957 3186
1332 2 2 0 0 592 3190 1595
1333 2 2 0 0 1117 3190 3189
1334 2 2 0 0 3190 592 3189
1335 2 2 0 0 1596 3191 1597
1336 2 2 0 0 3191 1596 1690
1337 2 2 0 0 3192 1596 1597
1338 2 2 0 0 1596 3192 2640
1339 2 2 0 0 1597 3193 3192
1340 2 2 0 0 177 3194 2015
1341 2 2 0 0 3194 960 2015
1342 2 2 0 0 1602 3195 2651
1343 2 2 0 0 3195 595 2651
1344 2 2 0 0 238 3196 1604
1345 2 2 0 0 3196 961 1604
1346 2 2 0 0 3196 238 2652
1347 2 2 0 0 240 3199 1606
1348 2 2 0 0 3199 240 1864
1349 2 2 0 0 3200 119 1607
1350 2 2 0 0 3201 596 2840
1351 2 2 0 0 3202 385 1122
1352 2 2 0 0 368 3203 2583
1353 2 2 0 0 3204 1611 1612
1354 2 2 0 0 1611 3204 2084
1355 2 2 0 0 3205 966 1863
1356 2 2 0 0 970 3206 1616
1357 2 2 0 0 3206 598 1616
1358 2 2 0 0 598 3206 1617
1359 2 2 0 0 3206 970 1617
1360 2 2 0 0 1121 3207 1122
1361 2 2 0 0 3207 1121 2012
1362 2 2 0 0 187 3208 3207
1363 2 2 0 0 3208 1122 3207
1364 2 2 0 0 967 3209 1617
1365 2 2 0 0 3209 598 1617
1366 2 2 0 0 384 3210 1617
1367 2 2 0 0 3210 967 1617
1368 2 2 0 0 1621 3213 1622
1369 2 2 0 0 604 3213 2675
1370 2 2 0 0 3213 1621 2675
1371 2 2 0 0 3214 979 1626
1372 2 2 0 0 3214 606 2788
1373 2 2 0 0 3215 388 1877
1374 2 2 0 0 269 3216 1876
1375 2 2 0 0 3216 980 1876
1376 2 2 0 0 612 3220 1638
1377 2 2 0 0 1636 3221 1639
1378 2 2 0 0 3222 1636 1639
1379 2 2 0 0 3223 255 2114
1380 2 2 0 0 3224 1019 1727
1381 2 2 0 0 3225 703 1646
1382 2 2 0 0 3226 1646 1647
1383 2 2 0 0 1646 3226 3225
1384 2 2 0 0 1121 3227 1651
1385 2 2 0 0 329 3227 2843
1386 2 2 0 0 3227 1121 2843
1387 2 2 0 0 1669 3231 1670
1388 2 2 0 0 3231 126 1670
1389 2 2 0 0 1669 3231 1696
1390 2 2 0 0 3231 126 1696
1391 2 2 0 0 1657 3232 1658
1392 2 2 0 0 3232 1657 1739
1393 2 2 0 0 83 3233 3232
1394 2 2 0 0 3233 1658 3232
1395 2 2 0 0 3234 352 1488
1396 2 2 0 0 352 3234 1486
1397 2 2 0 0 3235 1488 1676
1398 2 2 0 0 1488 3235 3234
1399 2 2 0 0 570 3237 1678
1400 2 2 0 0 3237 1677 1678
1401 2 2 0 0 1677 3237 3236
1402 2 2 0 0 3237 570 3236
1403 2 2 0 0 1319 3238 2901
1404 2 2 0 0 3238 366 2901
1405 2 2 0 0 3240 375 585
1406 2 2 0 0 375 3240 1153
1407 2 2 0 0 585 3241 3240
1408 2 2 0 0 3245 650 1887
1409 2 2 0 0 3246 394 1686
1410 2 2 0 0 394 3246 2709
1411 2 2 0 0 3248 629 1688
1412 2 2 0 0 3250 638 1690
1413 2 2 0 0 3250 121 1921
1414 2 2 0 0 639 3251 1692
1415 2 2 0 0 3251 1691 1692
1416 2 2 0 0 3251 639 2256
1417 2 2 0 0 49 3253 1155
1418 2 2 0 0 1220 3254 1694
1419 2 2 0 0 1220 3254 2139
1420 2 2 0 0 670 3256 1698
1421 2 2 0 0 3256 670 2144
1422 2 2 0 0 722 3257 1733
1423 2 2 0 0 99 3258 1700
1424 2 2 0 0 3258 672 1700
1425 2 2 0 0 627 3260 1703
1426 2 2 0 0 1137 3260 2849
1427 2 2 0 0 3260 627 2849
1428 2 2 0 0 3261 294 1706
1429 2 2 0 0 294 3261 1085
1430 2 2 0 0 3261 682 1085
1431 2 2 0 0 628 3262 1706
1432 2 2 0 0 682 3262 1705
1433 2 2 0 0 3262 628 1705
1434 2 2 0 0 3263 200 201
1435 2 2 0 0 200 3263 2066
1436 2 2 0 0 3263 17 2066
1437 2 2 0 0 201 3264 3263
1438 2 2 0 0 3264 17 3263
1439 2 2 0 0 201 3265 354
1440 2 2 0 0 202 3265 3264
1441 2 2 0 0 3265 201 3264
1442 2 2 0 0 202 3266 3265
1443 2 2 0 0 3266 354 3265
1444 2 2 0 0 202 3267 684
1445 2 2 0 0 202 3267 3266
1446 2 2 0 0 3267 355 3266
1447 2 2 0 0 355 3268 3267
1448 2 2 0 0 3268 684 3267
1449 2 2 0 0 684 3269 1709
1450 2 2 0 0 3269 685 1709
1451 2 2 0 0 685 3269 3268
1452 2 2 0 0 3269 684 3268
1453 2 2 0 0 3270 690 1711
1454 2 2 0 0 3271 377 1714
1455 2 2 0 0 3273 391 1717
1456 2 2 0 0 698 3274 699
1457 2 2 0 0 253 3275 3274
1458 2 2 0 0 3275 699 3274
1459 2 2 0 0 3278 178 3277
1460 2 2 0 0 700 3280 1722
1461 2 2 0 0 1721 3280 3279
1462 2 2 0 0 3280 700 3279
1463 2 2 0 0 3281 254 1723
1464 2 2 0 0 254 3281 2027
1465 2 2 0 0 3281 1204 2027
1466 2 2 0 0 705 3282 1723
1467 2 2 0 0 1204 3282 1962
1468 2 2 0 0 1695 3283 1725
1469 2 2 0 0 1018 3284 1726
1470 2 2 0 0 153 3284 2796
1471 2 2 0 0 482 3285 1331
1472 2 2 0 0 3286 712 1213
1473 2 2 0 0 710 3288 1731
1474 2 2 0 0 410 3288 1211
1475 2 2 0 0 3288 710 1211
1476 2 2 0 0 411 3289 2054
1477 2 2 0 0 3292 732 1741
1478 2 2 0 0 732 3292 1987
1479 2 2 0 0 226 3293 1742
1480 2 2 0 0 1180 3293 2869
1481 2 2 0 0 3293 226 2869
1482 2 2 0 0 298 3294 1743
1483 2 2 0 0 3294 298 2096
1484 2 2 0 0 400 3297 1748
1485 2 2 0 0 3297 400 1272
1486 2 2 0 0 3299 773 1753
1487 2 2 0 0 3299 664 2990
1488 2 2 0 0 770 3301 1754
1489 2 2 0 0 634 3302 1756
1490 2 2 0 0 3302 97 2566
1491 2 2 0 0 1221 3303 1757
1492 2 2 0 0 3303 458 1757
1493 2 2 0 0 475 3304 1758
1494 2 2 0 0 3305 86 1761
1495 2 2 0 0 3306 790 1762
1496 2 2 0 0 790 3306 2283
1497 2 2 0 0 3306 481 2283
1498 2 2 0 0 1051 3308 1762
1499 2 2 0 0 481 3308 3307
1500 2 2 0 0 3308 1051 3307
1501 2 2 0 0 3309 1051 1762
1502 2 2 0 0 3309 135 2759
1503 2 2 0 0 792 3310 1764
1504 2 2 0 0 3310 335 1764
1505 2 2 0 0 3310 792 3259
1506 2 2 0 0 793 3311 1765
1507 2 2 0 0 3311 372 1765
1508 2 2 0 0 372 3311 3307
1509 2 2 0 0 3311 793 3307
1510 2 2 0 0 3312 692 1765
1511 2 2 0 0 3312 1188 1593
1512 2 2 0 0 801 3314 1769
1513 2 2 0 0 3314 801 1770
1514 2 2 0 0 808 3315 2310
1515 2 2 0 0 808 3316 1773
1516 2 2 0 0 807 3316 2935
1517 2 2 0 0 1367 3317 1773
1518 2 2 0 0 810 3318 2756
1519 2 2 0 0 810 3319 1776
1520 2 2 0 0 3319 322 1776
1521 2 2 0 0 3319 810 2755
1522 2 2 0 0 504 3320 1778
1523 2 2 0 0 3321 1185 1779
1524 2 2 0 0 126 3322 1696
1525 2 2 0 0 3322 669 1696
1526 2 2 0 0 327 3323 1780
1527 2 2 0 0 669 3323 1697
1528 2 2 0 0 3323 327 1697
1529 2 2 0 0 3324 509 1781
1530 2 2 0 0 509 3324 1952
1531 2 2 0 0 3324 823 1952
1532 2 2 0 0 3325 253 1783
1533 2 2 0 0 824 3325 1782
1534 2 2 0 0 3325 253 1782
1535 2 2 0 0 253 3326 1783
1536 2 2 0 0 1693 3327 1868
1537 2 2 0 0 3329 1065 2817
1538 2 2 0 0 335 3330 1764
1539 2 2 0 0 3330 1050 1764
1540 2 2 0 0 3332 672 1793
1541 2 2 0 0 672 3332 3331
1542 2 2 0 0 3332 1164 3331
1543 2 2 0 0 520 3333 1415
1544 2 2 0 0 3333 854 1415
1545 2 2 0 0 520 3334 1796
1546 2 2 0 0 3334 520 1795
1547 2 2 0 0 3335 520 1796
1548 2 2 0 0 1390 3335 3030
1549 2 2 0 0 3335 520 3030
1550 2 2 0 0 1397 3336 1797
1551 2 2 0 0 3336 1397 2756
1552 2 2 0 0 3337 1397 1797
1553 2 2 0 0 1410 3340 2057
1554 2 2 0 0 3340 847 2057
1555 2 2 0 0 3342 1802 2393
1556 2 2 0 0 3343 196 1429
1557 2 2 0 0 196 3344 1808
1558 2 2 0 0 3344 1173 1808
1559 2 2 0 0 1673 3345 1805
1560 2 2 0 0 196 3345 3344
1561 2 2 0 0 3347 862 1806
1562 2 2 0 0 862 3347 3346
1563 2 2 0 0 3347 857 3346
1564 2 2 0 0 865 3348 1807
1565 2 2 0 0 3348 865 2765
1566 2 2 0 0 685 3349 1807
1567 2 2 0 0 3349 357 1807
1568 2 2 0 0 628 3350 1808
1569 2 2 0 0 3350 868 1808
1570 2 2 0 0 1173 3351 1808
1571 2 2 0 0 3351 628 1808
1572 2 2 0 0 628 3351 1705
1573 2 2 0 0 3351 1173 1705
1574 2 2 0 0 1809 3352 1810
1575 2 2 0 0 113 3352 2449
1576 2 2 0 0 3352 1809 2449
1577 2 2 0 0 206 3353 1811
1578 2 2 0 0 3354 537 1812
1579 2 2 0 0 1466 3355 1813
1580 2 2 0 0 3357 425 1817
1581 2 2 0 0 349 3359 1818
1582 2 2 0 0 3359 886 1818
1583 2 2 0 0 3360 427 902
1584 2 2 0 0 427 3360 2895
1585 2 2 0 0 3361 902 1819
1586 2 2 0 0 902 3361 3360
1587 2 2 0 0 3361 544 3360
1588 2 2 0 0 114 3362 1431
1589 2 2 0 0 1820 3363 3362
1590 2 2 0 0 3363 861 3362
1591 2 2 0 0 1171 3364 1824
1592 2 2 0 0 3364 1171 2865
1593 2 2 0 0 358 3365 1826
1594 2 2 0 0 3365 900 1826
1595 2 2 0 0 3365 358 2513
1596 2 2 0 0 3366 358 1826
1597 2 2 0 0 358 3366 2830
1598 2 2 0 0 900 3367 1827
1599 2 2 0 0 3367 900 1495
1600 2 2 0 0 3368 900 1827
1601 2 2 0 0 900 3368 1826
1602 2 2 0 0 901 3369 1827
1603 2 2 0 0 3369 901 1828
1604 2 2 0 0 903 3370 1833
1605 2 2 0 0 3370 558 1833
1606 2 2 0 0 558 3370 2770
1607 2 2 0 0 907 3371 1834
1608 2 2 0 0 559 3371 3080
1609 2 2 0 0 3371 907 3080
1610 2 2 0 0 3372 907 1834
1611 2 2 0 0 151 3373 1825
1612 2 2 0 0 3373 897 1825
1613 2 2 0 0 151 3374 3373
1614 2 2 0 0 3374 903 3373
1615 2 2 0 0 216 3375 1675
1616 2 2 0 0 3375 865 1675
1617 2 2 0 0 1434 3376 1836
1618 2 2 0 0 216 3376 3375
1619 2 2 0 0 3376 1434 3375
1620 2 2 0 0 3377 911 1837
1621 2 2 0 0 3377 155 1838
1622 2 2 0 0 361 3378 2744
1623 2 2 0 0 566 3379 1837
1624 2 2 0 0 1104 3379 3378
1625 2 2 0 0 3379 566 3378
1626 2 2 0 0 3380 785 1838
1627 2 2 0 0 3380 1319 2901
1628 2 2 0 0 572 3381 1844
1629 2 2 0 0 3381 1139 1844
1630 2 2 0 0 1139 3381 1843
1631 2 2 0 0 919 3382 1845
1632 2 2 0 0 3382 573 1845
1633 2 2 0 0 225 3383 1846
1634 2 2 0 0 3383 920 1846
1635 2 2 0 0 3384 574 1847
1636 2 2 0 0 574 3384 1531
1637 2 2 0 0 937 3385 1853
1638 2 2 0 0 296 3385 1854
1639 2 2 0 0 3385 937 1854
1640 2 2 0 0 584 3386 1681
1641 2 2 0 0 3387 585 3153
1642 2 2 0 0 694 3388 1858
1643 2 2 0 0 948 3388 2779
1644 2 2 0 0 3388 694 2779
1645 2 2 0 0 954 3389 1861
1646 2 2 0 0 3389 236 1861
1647 2 2 0 0 3389 954 955
1648 2 2 0 0 1583 3390 1861
1649 2 2 0 0 3390 587 1861
1650 2 2 0 0 3391 1591 1592
1651 2 2 0 0 380 3392 1862
1652 2 2 0 0 966 3393 1863
1653 2 2 0 0 3393 966 2787
1654 2 2 0 0 240 3394 1864
1655 2 2 0 0 3394 1609 1864
1656 2 2 0 0 3394 240 1610
1657 2 2 0 0 3396 971 1866
1658 2 2 0 0 374 3397 1867
1659 2 2 0 0 3397 374 1868
1660 2 2 0 0 374 3398 1868
1661 2 2 0 0 3398 1693 1868
1662 2 2 0 0 1693 3398 3252
1663 2 2 0 0 3398 374 3252
1664 2 2 0 0 1868 3399 3397
1665 2 2 0 0 131 3400 1872
1666 2 2 0 0 3400 975 1872
1667 2 2 0 0 251 3401 1870
1668 2 2 0 0 601 3402 3401
1669 2 2 0 0 3403 68 263
1670 2 2 0 0 3403 68 305
1671 2 2 0 0 263 3404 264
1672 2 2 0 0 263 3404 3403
1673 2 2 0 0 3404 63 3403
1674 2 2 0 0 63 3405 3404
1675 2 2 0 0 3405 264 3404
1676 2 2 0 0 63 3406 602
1677 2 2 0 0 265 3406 3405
1678 2 2 0 0 3406 63 3405
1679 2 2 0 0 265 3407 3406
1680 2 2 0 0 3407 602 3406
1681 2 2 0 0 3408 265 978
1682 2 2 0 0 265 3408 3407
1683 2 2 0 0 3408 605 3407
1684 2 2 0 0 978 3409 3408
1685 2 2 0 0 3409 605 3408
1686 2 2 0 0 978 3410 3409
1687 2 2 0 0 1149 3411 1875
1688 2 2 0 0 266 3411 2855
1689 2 2 0 0 3411 1149 2855
1690 2 2 0 0 269 3412 1876
1691 2 2 0 0 3412 983 1876
1692 2 2 0 0 983 3412 1880
1693 2 2 0 0 3413 983 1879
1694 2 2 0 0 3413 608 2789
1695 2 2 0 0 982 3414 1879
1696 2 2 0 0 3414 1353 1879
1697 2 2 0 0 3415 1127 2015
1698 2 2 0 0 420 3416 1881
1699 2 2 0 0 3416 420 2018
1700 2 2 0 0 989 3417 1883
1701 2 2 0 0 3417 252 1883
1702 2 2 0 0 252 3417 1884
1703 2 2 0 0 3418 612 1883
1704 2 2 0 0 612 3418 2021
1705 2 2 0 0 3418 1129 2021
1706 2 2 0 0 252 3420 1883
1707 2 2 0 0 1129 3420 3419
1708 2 2 0 0 3420 252 3419
1709 2 2 0 0 1635 3421 1882
1710 2 2 0 0 3421 1635 2019
1711 2 2 0 0 1882 3422 1884
1712 2 2 0 0 3422 252 1884
1713 2 2 0 0 252 3422 3421
1714 2 2 0 0 3422 1882 3421
1715 2 2 0 0 391 3423 2020
1716 2 2 0 0 614 3424 1885
1717 2 2 0 0 3424 992 1885
1718 2 2 0 0 3424 614 3423
1719 2 2 0 0 3426 614 1885
1720 2 2 0 0 614 3426 3425
1721 2 2 0 0 3426 1130 3425
1722 2 2 0 0 1130 3427 2024
1723 2 2 0 0 3427 102 2024
1724 2 2 0 0 992 3428 1886
1725 2 2 0 0 3428 699 1886
1726 2 2 0 0 459 3429 460
1727 2 2 0 0 459 3429 1023
1728 2 2 0 0 3429 106 1023
1729 2 2 0 0 106 3430 3429
1730 2 2 0 0 3430 460 3429
1731 2 2 0 0 460 3431 1888
1732 2 2 0 0 993 3431 3430
1733 2 2 0 0 3431 460 3430
1734 2 2 0 0 3432 1887 1888
1735 2 2 0 0 1887 3432 3245
1736 2 2 0 0 3432 279 3245
1737 2 2 0 0 3434 994 1891
1738 2 2 0 0 3434 616 2107
1739 2 2 0 0 3435 1889 1890
1740 2 2 0 0 3435 615 2791
1741 2 2 0 0 1890 3436 3435
1742 2 2 0 0 3436 615 3435
1743 2 2 0 0 998 3437 1895
1744 2 2 0 0 3437 618 1895
1745 2 2 0 0 3439 301 1895
1746 2 2 0 0 1894 3439 3438
1747 2 2 0 0 397 3440 2748
1748 2 2 0 0 3441 397 1896
1749 2 2 0 0 397 3441 3440
1750 2 2 0 0 3441 999 3440
1751 2 2 0 0 3442 268 1897
1752 2 2 0 0 1004 3443 1898
1753 2 2 0 0 3444 314 1900
1754 2 2 0 0 314 3444 1901
1755 2 2 0 0 3446 1663 2802
1756 2 2 0 0 203 3447 1014
1757 2 2 0 0 204 3447 2070
1758 2 2 0 0 3447 203 2070
1759 2 2 0 0 204 3448 3447
1760 2 2 0 0 3448 1014 3447
1761 2 2 0 0 3449 204 1904
1762 2 2 0 0 204 3449 3448
1763 2 2 0 0 3449 1015 3448
1764 2 2 0 0 1018 3451 1905
1765 2 2 0 0 3451 407 1905
1766 2 2 0 0 407 3451 2795
1767 2 2 0 0 564 3452 1905
1768 2 2 0 0 3452 1018 1905
1769 2 2 0 0 3452 564 2796
1770 2 2 0 0 910 3453 1905
1771 2 2 0 0 3453 564 1905
1772 2 2 0 0 3454 1020 1907
1773 2 2 0 0 1020 3454 1906
1774 2 2 0 0 660 3455 2811
1775 2 2 0 0 3455 661 2811
1776 2 2 0 0 130 3456 1907
1777 2 2 0 0 661 3456 2890
1778 2 2 0 0 3456 130 2890
1779 2 2 0 0 178 3457 1908
1780 2 2 0 0 3457 1022 1908
1781 2 2 0 0 178 3457 3277
1782 2 2 0 0 3458 178 1908
1783 2 2 0 0 3459 720 2809
1784 2 2 0 0 720 3460 1734
1785 2 2 0 0 1909 3461 1910
1786 2 2 0 0 627 3461 2849
1787 2 2 0 0 3461 1909 2849
1788 2 2 0 0 3462 1909 1910
1789 2 2 0 0 3463 1027 1911
1790 2 2 0 0 725 3464 1911
1791 2 2 0 0 422 3464 1229
1792 2 2 0 0 430 3466 1912
1793 2 2 0 0 3466 1028 1912
1794 2 2 0 0 1209 3467 1912
1795 2 2 0 0 154 3467 2124
1796 2 2 0 0 3467 1209 2124
1797 2 2 0 0 430 3468 1912
1798 2 2 0 0 3468 1209 1912
1799 2 2 0 0 1209 3468 1917
1800 2 2 0 0 3468 430 1917
1801 2 2 0 0 632 3469 1913
1802 2 2 0 0 3469 1028 1913
1803 2 2 0 0 1028 3469 3249
1804 2 2 0 0 3469 632 3249
1805 2 2 0 0 3471 430 1916
1806 2 2 0 0 430 3471 1917
1807 2 2 0 0 3471 1030 1917
1808 2 2 0 0 3472 1667 1918
1809 2 2 0 0 3472 1667 3470
1810 2 2 0 0 116 3473 1916
1811 2 2 0 0 3474 1918 1919
1812 2 2 0 0 1918 3474 3472
1813 2 2 0 0 638 3475 1659
1814 2 2 0 0 3475 239 1659
1815 2 2 0 0 3476 441 1923
1816 2 2 0 0 441 3476 1924
1817 2 2 0 0 3476 1034 1924
1818 2 2 0 0 1036 3478 1923
1819 2 2 0 0 124 3478 1928
1820 2 2 0 0 3478 1036 1928
1821 2 2 0 0 441 3479 1923
1822 2 2 0 0 3479 1036 1923
1823 2 2 0 0 712 3480 1213
1824 2 2 0 0 245 3481 1924
1825 2 2 0 0 1730 3481 3480
1826 2 2 0 0 3481 245 3480
1827 2 2 0 0 3482 640 1925
1828 2 2 0 0 640 3482 2807
1829 2 2 0 0 3483 626 1926
1830 2 2 0 0 626 3483 1774
1831 2 2 0 0 3484 246 1929
1832 2 2 0 0 1037 3485 1927
1833 2 2 0 0 3486 1037 1927
1834 2 2 0 0 1037 3486 3287
1835 2 2 0 0 3486 441 3287
1836 2 2 0 0 1036 3487 1928
1837 2 2 0 0 3487 1035 1928
1838 2 2 0 0 1035 3487 1929
1839 2 2 0 0 246 3488 1929
1840 2 2 0 0 3488 1164 1929
1841 2 2 0 0 1164 3488 3331
1842 2 2 0 0 1163 3489 1930
1843 2 2 0 0 1004 3491 1930
1844 2 2 0 0 3491 1163 1930
1845 2 2 0 0 3491 1004 3490
1846 2 2 0 0 3493 1039 1931
1847 2 2 0 0 1039 3493 3492
1848 2 2 0 0 446 3494 1932
1849 2 2 0 0 3494 1038 1932
1850 2 2 0 0 1038 3494 1931
1851 2 2 0 0 122 3496 1934
1852 2 2 0 0 3496 1933 1934
1853 2 2 0 0 1040 3497 3492
1854 2 2 0 0 3497 299 3492
1855 2 2 0 0 448 3498 1936
1856 2 2 0 0 3498 448 1937
1857 2 2 0 0 448 3499 1937
1858 2 2 0 0 3499 1043 1937
1859 2 2 0 0 3500 1043 1938
1860 2 2 0 0 1043 3500 1937
1861 2 2 0 0 1044 3501 2221
1862 2 2 0 0 1665 3502 1939
1863 2 2 0 0 1751 3503 1940
1864 2 2 0 0 3503 1751 1752
1865 2 2 0 0 1008 3505 3276
1866 2 2 0 0 488 3506 1334
1867 2 2 0 0 488 3506 489
1868 2 2 0 0 1334 3507 1942
1869 2 2 0 0 134 3507 3506
1870 2 2 0 0 3507 1334 3506
1871 2 2 0 0 134 3508 3507
1872 2 2 0 0 3508 1942 3507
1873 2 2 0 0 1942 3509 3504
1874 2 2 0 0 3509 1008 3504
1875 2 2 0 0 3510 637 2314
1876 2 2 0 0 3511 502 1945
1877 2 2 0 0 502 3511 1946
1878 2 2 0 0 1061 3512 1945
1879 2 2 0 0 3512 502 1945
1880 2 2 0 0 502 3512 1516
1881 2 2 0 0 3512 1061 1516
1882 2 2 0 0 96 3514 1945
1883 2 2 0 0 3514 1061 1945
1884 2 2 0 0 1061 3514 3513
1885 2 2 0 0 3515 502 1946
1886 2 2 0 0 502 3515 1517
1887 2 2 0 0 1363 3516 1947
1888 2 2 0 0 3517 1059 1948
1889 2 2 0 0 1059 3517 1947
1890 2 2 0 0 3519 510 1954
1891 2 2 0 0 3519 1671 3518
1892 2 2 0 0 698 3520 3274
1893 2 2 0 0 169 3521 1955
1894 2 2 0 0 1063 3521 1953
1895 2 2 0 0 3521 169 1953
1896 2 2 0 0 3522 1064 1956
1897 2 2 0 0 1064 3522 1378
1898 2 2 0 0 1672 3523 1956
1899 2 2 0 0 3524 1672 1956
1900 2 2 0 0 3524 1672 1865
1901 2 2 0 0 3525 188 1957
1902 2 2 0 0 3525 1064 1378
1903 2 2 0 0 515 3526 1957
1904 2 2 0 0 1064 3526 1791
1905 2 2 0 0 3526 515 1791
1906 2 2 0 0 515 3527 1957
1907 2 2 0 0 1733 3527 2838
1908 2 2 0 0 518 3528 1958
1909 2 2 0 0 3529 1065 1959
1910 2 2 0 0 1065 3529 2817
1911 2 2 0 0 3529 192 2817
1912 2 2 0 0 1958 3530 1959
1913 2 2 0 0 192 3530 3528
1914 2 2 0 0 3530 1958 3528
1915 2 2 0 0 514 3532 3531
1916 2 2 0 0 1066 3533 1962
1917 2 2 0 0 3533 332 3531
1918 2 2 0 0 3534 1066 1962
1919 2 2 0 0 1685 3535 1963
1920 2 2 0 0 89 3535 1686
1921 2 2 0 0 1070 3536 1964
1922 2 2 0 0 89 3536 2818
1923 2 2 0 0 3536 1070 2818
1924 2 2 0 0 190 3537 516
1925 2 2 0 0 191 3537 3007
1926 2 2 0 0 3537 190 3007
1927 2 2 0 0 3538 191 517
1928 2 2 0 0 191 3538 3537
1929 2 2 0 0 3538 516 3537
1930 2 2 0 0 516 3539 1069
1931 2 2 0 0 517 3539 3538
1932 2 2 0 0 3539 516 3538
1933 2 2 0 0 517 3540 3539
1934 2 2 0 0 3540 1069 3539
1935 2 2 0 0 1069 3541 1964
1936 2 2 0 0 3541 1070 1964
1937 2 2 0 0 3541 1069 3540
1938 2 2 0 0 59 3542 189
1939 2 2 0 0 59 3542 415
1940 2 2 0 0 3542 51 415
1941 2 2 0 0 189 3543 190
1942 2 2 0 0 51 3543 3542
1943 2 2 0 0 3543 189 3542
1944 2 2 0 0 51 3544 278
1945 2 2 0 0 51 3544 3543
1946 2 2 0 0 3544 190 3543
1947 2 2 0 0 3545 190 516
1948 2 2 0 0 190 3545 3544
1949 2 2 0 0 3545 278 3544
1950 2 2 0 0 278 3546 650
1951 2 2 0 0 516 3546 3545
1952 2 2 0 0 3546 278 3545
1953 2 2 0 0 3547 516 1069
1954 2 2 0 0 516 3547 3546
1955 2 2 0 0 3547 650 3546
1956 2 2 0 0 650 3548 1963
1957 2 2 0 0 1069 3548 3547
1958 2 2 0 0 3548 650 3547
1959 2 2 0 0 1963 3549 1964
1960 2 2 0 0 3549 1069 1964
1961 2 2 0 0 1069 3549 3548
1962 2 2 0 0 3549 1963 3548
1963 2 2 0 0 1701 3550 1965
1964 2 2 0 0 3550 336 1965
1965 2 2 0 0 839 3552 1967
1966 2 2 0 0 522 3552 2036
1967 2 2 0 0 3552 839 2036
1968 2 2 0 0 651 3554 1026
1969 2 2 0 0 1026 3555 1970
1970 2 2 0 0 3555 137 1970
1971 2 2 0 0 137 3555 3554
1972 2 2 0 0 3555 1026 3554
1973 2 2 0 0 137 3556 1971
1974 2 2 0 0 3556 1074 1971
1975 2 2 0 0 674 3557 1167
1976 2 2 0 0 3557 194 1167
1977 2 2 0 0 674 3558 3557
1978 2 2 0 0 3558 1166 3557
1979 2 2 0 0 1075 3559 1973
1980 2 2 0 0 3561 845 1798
1981 2 2 0 0 845 3561 1399
1982 2 2 0 0 1798 3562 3561
1983 2 2 0 0 3563 337 1974
1984 2 2 0 0 3563 1396 2367
1985 2 2 0 0 292 3564 653
1986 2 2 0 0 3564 292 471
1987 2 2 0 0 3565 653 3564
1988 2 2 0 0 3566 1077 1975
1989 2 2 0 0 1077 3566 3565
1990 2 2 0 0 3566 653 3565
1991 2 2 0 0 1078 3567 1976
1992 2 2 0 0 3567 91 1976
1993 2 2 0 0 3567 1078 3033
1994 2 2 0 0 91 3568 1976
1995 2 2 0 0 3568 1975 1976
1996 2 2 0 0 342 3570 1977
1997 2 2 0 0 1079 3570 2419
1998 2 2 0 0 1904 3571 3449
1999 2 2 0 0 3571 1015 3449
2000 2 2 0 0 533 3572 1435
2001 2 2 0 0 531 3574 1980
2002 2 2 0 0 3574 1082 1980
2003 2 2 0 0 1082 3574 2439
2004 2 2 0 0 3574 531 2439
2005 2 2 0 0 1083 3575 1981
2006 2 2 0 0 3575 1084 1981
2007 2 2 0 0 3575 1083 2822
2008 2 2 0 0 3576 629 2821
2009 2 2 0 0 1738 3577 1981
2010 2 2 0 0 3577 1083 1981
2011 2 2 0 0 3577 1738 3576
2012 2 2 0 0 92 3578 1983
2013 2 2 0 0 3578 1088 1983
2014 2 2 0 0 3578 1088 1454
2015 2 2 0 0 3579 92 1983
2016 2 2 0 0 1714 3580 3271
2017 2 2 0 0 3580 694 3271
2018 2 2 0 0 1092 3581 1986
2019 2 2 0 0 350 3581 2467
2020 2 2 0 0 3581 1092 2467
2021 2 2 0 0 213 3584 1736
2022 2 2 0 0 213 3584 1664
2023 2 2 0 0 1736 3585 1988
2024 2 2 0 0 428 3585 3584
2025 2 2 0 0 3585 1736 3584
2026 2 2 0 0 1094 3586 1989
2027 2 2 0 0 1093 3586 1990
2028 2 2 0 0 3587 1094 1989
2029 2 2 0 0 1094 3587 3073
2030 2 2 0 0 3588 1093 1990
2031 2 2 0 0 1093 3588 3583
2032 2 2 0 0 1095 3589 1991
2033 2 2 0 0 3589 321 1991
2034 2 2 0 0 321 3589 2494
2035 2 2 0 0 321 3590 1991
2036 2 2 0 0 894 3591 1993
2037 2 2 0 0 3592 894 1992
2038 2 2 0 0 894 3592 3591
2039 2 2 0 0 3592 1099 3591
2040 2 2 0 0 552 3593 1992
2041 2 2 0 0 3594 1486 3234
2042 2 2 0 0 3595 552 1992
2043 2 2 0 0 894 3596 1992
2044 2 2 0 0 1487 3596 3086
2045 2 2 0 0 1100 3597 1993
2046 2 2 0 0 677 3597 1994
2047 2 2 0 0 3597 1100 1994
2048 2 2 0 0 564 3598 2745
2049 2 2 0 0 3599 361 2744
2050 2 2 0 0 1103 3600 1996
2051 2 2 0 0 3600 1103 3599
2052 2 2 0 0 3601 1103 1996
2053 2 2 0 0 85 3601 1997
2054 2 2 0 0 3602 1995 1996
2055 2 2 0 0 1995 3602 3598
2056 2 2 0 0 3603 1182 1997
2057 2 2 0 0 1182 3603 2871
2058 2 2 0 0 3603 688 2871
2059 2 2 0 0 3604 568 2000
2060 2 2 0 0 568 3604 2001
2061 2 2 0 0 475 3605 2000
2062 2 2 0 0 3605 475 2832
2063 2 2 0 0 3606 475 1758
2064 2 2 0 0 3607 475 2000
2065 2 2 0 0 3607 475 3606
2066 2 2 0 0 3608 1106 2002
2067 2 2 0 0 3609 782 1469
2068 2 2 0 0 362 3610 2003
2069 2 2 0 0 1108 3610 2004
2070 2 2 0 0 567 3611 2004
2071 2 2 0 0 3611 1108 2004
2072 2 2 0 0 575 3612 3129
2073 2 2 0 0 1104 3613 1998
2074 2 2 0 0 1539 3615 2005
2075 2 2 0 0 3615 1539 2565
2076 2 2 0 0 3616 1539 2005
2077 2 2 0 0 1539 3616 1540
2078 2 2 0 0 3617 739 934
2079 2 2 0 0 370 3618 3617
2080 2 2 0 0 3618 1248 3617
2081 2 2 0 0 695 3619 2009
2082 2 2 0 0 298 3619 2096
2083 2 2 0 0 3619 695 2096
2084 2 2 0 0 1115 3620 2010
2085 2 2 0 0 3620 1115 2783
2086 2 2 0 0 3621 298 2010
2087 2 2 0 0 298 3621 3619
2088 2 2 0 0 3621 2009 3619
2089 2 2 0 0 2009 3622 2627
2090 2 2 0 0 3622 590 2627
2091 2 2 0 0 594 3624 2011
2092 2 2 0 0 963 3625 2842
2093 2 2 0 0 3626 1607 2013
2094 2 2 0 0 3626 963 2656
2095 2 2 0 0 3627 1124 2014
2096 2 2 0 0 1124 3627 2845
2097 2 2 0 0 1127 3628 2015
2098 2 2 0 0 3628 177 2015
2099 2 2 0 0 3628 1127 2017
2100 2 2 0 0 1127 3629 2017
2101 2 2 0 0 722 3629 2018
2102 2 2 0 0 177 3631 3630
2103 2 2 0 0 3632 722 1733
2104 2 2 0 0 3633 722 3632
2105 2 2 0 0 2020 3635 2021
2106 2 2 0 0 3635 612 2021
2107 2 2 0 0 1129 3636 2022
2108 2 2 0 0 3636 1128 2022
2109 2 2 0 0 1128 3636 3419
2110 2 2 0 0 3636 1129 3419
2111 2 2 0 0 1128 3637 2022
2112 2 2 0 0 3637 1717 2022
2113 2 2 0 0 3637 1128 3326
2114 2 2 0 0 70 3638 166
2115 2 2 0 0 70 3638 247
2116 2 2 0 0 3639 166 167
2117 2 2 0 0 64 3639 3638
2118 2 2 0 0 3639 166 3638
2119 2 2 0 0 3640 64 168
2120 2 2 0 0 167 3640 3639
2121 2 2 0 0 3640 64 3639
2122 2 2 0 0 167 3641 310
2123 2 2 0 0 168 3641 3640
2124 2 2 0 0 3641 167 3640
2125 2 2 0 0 168 3642 3641
2126 2 2 0 0 3642 310 3641
2127 2 2 0 0 310 3643 990
2128 2 2 0 0 311 3643 3642
2129 2 2 0 0 3643 310 3642
2130 2 2 0 0 311 3644 3643
2131 2 2 0 0 3644 990 3643
2132 2 2 0 0 990 3645 2023
2133 2 2 0 0 1195 3645 3644
2134 2 2 0 0 3645 990 3644
2135 2 2 0 0 3646 395 2025
2136 2 2 0 0 395 3646 2716
2137 2 2 0 0 1133 3647 2026
2138 2 2 0 0 3647 701 2026
2139 2 2 0 0 701 3647 2110
2140 2 2 0 0 3647 1133 2110
2141 2 2 0 0 1134 3648 2028
2142 2 2 0 0 3648 1134 2846
2143 2 2 0 0 3649 1136 1650
2144 2 2 0 0 3650 1135 2118
2145 2 2 0 0 3651 1135 3650
2146 2 2 0 0 2012 3653 2029
2147 2 2 0 0 3654 1042 2030
2148 2 2 0 0 3654 448 1936
2149 2 2 0 0 1914 3656 1915
2150 2 2 0 0 224 3657 1913
2151 2 2 0 0 2032 3658 2033
2152 2 2 0 0 633 3658 2038
2153 2 2 0 0 1139 3660 2034
2154 2 2 0 0 3660 632 2034
2155 2 2 0 0 3660 1139 3659
2156 2 2 0 0 3661 84 2035
2157 2 2 0 0 84 3661 2323
2158 2 2 0 0 3662 522 2036
2159 2 2 0 0 522 3662 844
2160 2 2 0 0 839 3663 2036
2161 2 2 0 0 3663 84 2036
2162 2 2 0 0 839 3663 2322
2163 2 2 0 0 3664 843 2037
2164 2 2 0 0 84 3665 2037
2165 2 2 0 0 1141 3665 2035
2166 2 2 0 0 3665 84 2035
2167 2 2 0 0 3666 633 2038
2168 2 2 0 0 633 3666 2039
2169 2 2 0 0 3666 1142 2039
2170 2 2 0 0 223 3667 2038
2171 2 2 0 0 1142 3667 2852
2172 2 2 0 0 3667 223 2852
2173 2 2 0 0 3668 223 2038
2174 2 2 0 0 429 3669 2035
2175 2 2 0 0 3669 1141 2035
2176 2 2 0 0 1142 3670 2039
2177 2 2 0 0 429 3670 3669
2178 2 2 0 0 3670 1142 3669
2179 2 2 0 0 3671 1522 2039
2180 2 2 0 0 3672 1146 2853
2181 2 2 0 0 90 3673 2040
2182 2 2 0 0 3674 90 2040
2183 2 2 0 0 90 3674 2854
2184 2 2 0 0 3674 1148 2854
2185 2 2 0 0 1148 3675 2856
2186 2 2 0 0 3675 647 2856
2187 2 2 0 0 3676 1009 2041
2188 2 2 0 0 1751 3678 2042
2189 2 2 0 0 1009 3678 3677
2190 2 2 0 0 3679 655 2044
2191 2 2 0 0 3680 791 2047
2192 2 2 0 0 791 3680 2048
2193 2 2 0 0 3680 1152 2048
2194 2 2 0 0 1152 3681 2048
2195 2 2 0 0 483 3681 2046
2196 2 2 0 0 3682 791 2048
2197 2 2 0 0 3682 1330 2287
2198 2 2 0 0 3683 483 2720
2199 2 2 0 0 313 3684 2050
2200 2 2 0 0 3685 1154 2142
2201 2 2 0 0 1011 3686 2051
2202 2 2 0 0 3687 1024 1755
2203 2 2 0 0 2051 3688 2052
2204 2 2 0 0 3688 1024 2052
2205 2 2 0 0 1024 3688 3687
2206 2 2 0 0 1162 3689 2055
2207 2 2 0 0 3689 322 2055
2208 2 2 0 0 3690 1162 2055
2209 2 2 0 0 3690 847 2057
2210 2 2 0 0 3691 667 2056
2211 2 2 0 0 667 3691 2816
2212 2 2 0 0 3691 1162 2816
2213 2 2 0 0 1165 3692 2058
2214 2 2 0 0 1035 3692 2860
2215 2 2 0 0 3693 673 1165
2216 2 2 0 0 193 3694 2058
2217 2 2 0 0 3694 1165 2058
2218 2 2 0 0 1165 3694 3693
2219 2 2 0 0 1800 3695 2059
2220 2 2 0 0 1169 3696 2060
2221 2 2 0 0 676 3696 2863
2222 2 2 0 0 3697 1169 2060
2223 2 2 0 0 1404 3698 2060
2224 2 2 0 0 3698 1404 1405
2225 2 2 0 0 1172 3699 2062
2226 2 2 0 0 3699 341 2062
2227 2 2 0 0 1172 3699 2408
2228 2 2 0 0 3700 341 2063
2229 2 2 0 0 341 3700 2062
2230 2 2 0 0 3700 1171 2062
2231 2 2 0 0 143 3701 2064
2232 2 2 0 0 3701 1174 2064
2233 2 2 0 0 342 3702 2065
2234 2 2 0 0 3702 1174 2065
2235 2 2 0 0 1174 3702 3450
2236 2 2 0 0 3702 342 3450
2237 2 2 0 0 1673 3703 2065
2238 2 2 0 0 3703 342 2065
2239 2 2 0 0 3703 1673 2419
2240 2 2 0 0 143 3704 2075
2241 2 2 0 0 3704 1176 2075
2242 2 2 0 0 1176 3704 2064
2243 2 2 0 0 3704 143 2064
2244 2 2 0 0 3705 1177 1664
2245 2 2 0 0 1017 3706 2076
2246 2 2 0 0 3707 1017 2076
2247 2 2 0 0 1017 3707 1688
2248 2 2 0 0 631 3708 2803
2249 2 2 0 0 3708 1451 2803
2250 2 2 0 0 3709 631 2077
2251 2 2 0 0 631 3709 3708
2252 2 2 0 0 3709 1707 3708
2253 2 2 0 0 1178 3710 2079
2254 2 2 0 0 3710 1177 2079
2255 2 2 0 0 144 3711 2079
2256 2 2 0 0 3711 1178 2079
2257 2 2 0 0 1178 3711 2078
2258 2 2 0 0 910 3712 2080
2259 2 2 0 0 3713 910 2080
2260 2 2 0 0 811 3716 2082
2261 2 2 0 0 1183 3716 3715
2262 2 2 0 0 3716 811 3715
2263 2 2 0 0 3717 811 2082
2264 2 2 0 0 811 3717 2321
2265 2 2 0 0 691 3718 2873
2266 2 2 0 0 3718 1849 2873
2267 2 2 0 0 3720 1611 2084
2268 2 2 0 0 3720 504 2657
2269 2 2 0 0 1185 3722 2086
2270 2 2 0 0 1549 3722 3719
2271 2 2 0 0 820 3723 2087
2272 2 2 0 0 118 3723 1779
2273 2 2 0 0 118 3724 2088
2274 2 2 0 0 3724 1187 2088
2275 2 2 0 0 1187 3724 2874
2276 2 2 0 0 3725 1712 1713
2277 2 2 0 0 3725 234 2177
2278 2 2 0 0 234 3726 2090
2279 2 2 0 0 3726 1713 2090
2280 2 2 0 0 1713 3726 3725
2281 2 2 0 0 3726 234 3725
2282 2 2 0 0 743 3728 2091
2283 2 2 0 0 234 3728 2177
2284 2 2 0 0 3729 1317 2093
2285 2 2 0 0 1317 3729 2815
2286 2 2 0 0 3729 476 2815
2287 2 2 0 0 1191 3730 2097
2288 2 2 0 0 3731 2096 2097
2289 2 2 0 0 3732 1245 2098
2290 2 2 0 0 1245 3732 2164
2291 2 2 0 0 3732 433 2164
2292 2 2 0 0 1193 3733 2876
2293 2 2 0 0 1682 3734 3243
2294 2 2 0 0 3735 331 2100
2295 2 2 0 0 331 3735 2875
2296 2 2 0 0 594 3736 2100
2297 2 2 0 0 453 3737 2240
2298 2 2 0 0 3737 1194 2240
2299 2 2 0 0 1716 3738 2102
2300 2 2 0 0 3738 698 2102
2301 2 2 0 0 3738 1716 1955
2302 2 2 0 0 1197 3739 1641
2303 2 2 0 0 3740 620 2713
2304 2 2 0 0 2104 3741 2105
2305 2 2 0 0 393 3741 3740
2306 2 2 0 0 3741 2104 3740
2307 2 2 0 0 702 3742 2105
2308 2 2 0 0 3742 2104 2105
2309 2 2 0 0 2104 3742 2109
2310 2 2 0 0 3742 702 2109
2311 2 2 0 0 277 3743 2106
2312 2 2 0 0 1198 3743 2878
2313 2 2 0 0 3744 128 2107
2314 2 2 0 0 128 3744 1197
2315 2 2 0 0 128 3745 2107
2316 2 2 0 0 3745 128 1640
2317 2 2 0 0 1198 3746 2112
2318 2 2 0 0 3746 1199 2112
2319 2 2 0 0 392 3747 2111
2320 2 2 0 0 1199 3747 2109
2321 2 2 0 0 3748 619 620
2322 2 2 0 0 1133 3749 2110
2323 2 2 0 0 2110 3750 2111
2324 2 2 0 0 3750 392 2111
2325 2 2 0 0 392 3750 3749
2326 2 2 0 0 3750 2110 3749
2327 2 2 0 0 704 3751 2113
2328 2 2 0 0 3751 1202 2113
2329 2 2 0 0 3752 704 2113
2330 2 2 0 0 3754 170 1892
2331 2 2 0 0 170 3754 2713
2332 2 2 0 0 3755 1892 2115
2333 2 2 0 0 1892 3755 3754
2334 2 2 0 0 3755 995 3754
2335 2 2 0 0 129 3756 2116
2336 2 2 0 0 1672 3757 1865
2337 2 2 0 0 1961 3758 2117
2338 2 2 0 0 3758 705 2117
2339 2 2 0 0 705 3758 3534
2340 2 2 0 0 3759 1961 2117
2341 2 2 0 0 3759 1205 3756
2342 2 2 0 0 968 3760 2118
2343 2 2 0 0 1135 3761 2118
2344 2 2 0 0 3761 968 2118
2345 2 2 0 0 968 3761 2663
2346 2 2 0 0 1205 3762 2119
2347 2 2 0 0 707 3763 2120
2348 2 2 0 0 3763 132 2120
2349 2 2 0 0 132 3763 1724
2350 2 2 0 0 3763 707 1724
2351 2 2 0 0 1045 3765 2122
2352 2 2 0 0 3766 1018 1726
2353 2 2 0 0 3766 408 2795
2354 2 2 0 0 1726 3767 3766
2355 2 2 0 0 3767 408 3766
2356 2 2 0 0 473 3768 1210
2357 2 2 0 0 1210 3769 2126
2358 2 2 0 0 3769 709 2126
2359 2 2 0 0 3769 1210 3768
2360 2 2 0 0 780 3771 2127
2361 2 2 0 0 1898 3772 2130
2362 2 2 0 0 3772 1898 3443
2363 2 2 0 0 710 3774 2130
2364 2 2 0 0 3774 1898 2130
2365 2 2 0 0 1898 3774 3773
2366 2 2 0 0 3774 710 3773
2367 2 2 0 0 1211 3775 2131
2368 2 2 0 0 3775 164 2131
2369 2 2 0 0 3775 1211 2130
2370 2 2 0 0 1730 3776 2131
2371 2 2 0 0 3776 712 2131
2372 2 2 0 0 712 3776 3480
2373 2 2 0 0 3776 1730 3480
2374 2 2 0 0 1214 3777 2133
2375 2 2 0 0 3777 304 2133
2376 2 2 0 0 3777 1214 2137
2377 2 2 0 0 3778 1215 2134
2378 2 2 0 0 3778 484 2136
2379 2 2 0 0 713 3779 2134
2380 2 2 0 0 3779 1216 2134
2381 2 2 0 0 1216 3779 2133
2382 2 2 0 0 163 3781 1728
2383 2 2 0 0 3784 2135 3783
2384 2 2 0 0 484 3785 2136
2385 2 2 0 0 2135 3785 2291
2386 2 2 0 0 714 3786 2137
2387 2 2 0 0 1218 3786 2138
2388 2 2 0 0 3786 714 2138
2389 2 2 0 0 714 3787 2138
2390 2 2 0 0 3787 1219 2138
2391 2 2 0 0 1219 3787 2200
2392 2 2 0 0 26 3788 241
2393 2 2 0 0 26 3788 485
2394 2 2 0 0 3788 33 485
2395 2 2 0 0 241 3789 242
2396 2 2 0 0 33 3789 3788
2397 2 2 0 0 3789 241 3788
2398 2 2 0 0 33 3790 3789
2399 2 2 0 0 3790 242 3789
2400 2 2 0 0 3791 242 442
2401 2 2 0 0 242 3791 3790
2402 2 2 0 0 3791 303 3790
2403 2 2 0 0 442 3792 3791
2404 2 2 0 0 3792 303 3791
2405 2 2 0 0 3793 303 1217
2406 2 2 0 0 490 3793 3792
2407 2 2 0 0 3793 303 3792
2408 2 2 0 0 1217 3794 3793
2409 2 2 0 0 3794 490 3793
2410 2 2 0 0 490 3795 2138
2411 2 2 0 0 3795 1218 2138
2412 2 2 0 0 1218 3795 3794
2413 2 2 0 0 3795 490 3794
2414 2 2 0 0 3796 1220 2139
2415 2 2 0 0 3796 715 2140
2416 2 2 0 0 715 3799 2140
2417 2 2 0 0 3799 1221 2140
2418 2 2 0 0 1221 3799 3798
2419 2 2 0 0 1222 3800 2141
2420 2 2 0 0 3800 716 2141
2421 2 2 0 0 716 3800 2888
2422 2 2 0 0 3800 1222 2888
2423 2 2 0 0 3801 716 2141
2424 2 2 0 0 3801 2139 3797
2425 2 2 0 0 49 3802 2141
2426 2 2 0 0 3802 2139 3254
2427 2 2 0 0 3803 1154 2142
2428 2 2 0 0 3803 1225 2143
2429 2 2 0 0 172 3804 2142
2430 2 2 0 0 1225 3804 1280
2431 2 2 0 0 1222 3805 2143
2432 2 2 0 0 1154 3805 2889
2433 2 2 0 0 3805 1222 2889
2434 2 2 0 0 670 3806 2144
2435 2 2 0 0 327 3806 1697
2436 2 2 0 0 1227 3807 2145
2437 2 2 0 0 165 3807 2146
2438 2 2 0 0 3807 1227 2146
2439 2 2 0 0 1227 3808 2146
2440 2 2 0 0 3808 721 2146
2441 2 2 0 0 721 3808 2892
2442 2 2 0 0 3808 1227 2892
2443 2 2 0 0 1230 3809 2147
2444 2 2 0 0 725 3809 2148
2445 2 2 0 0 214 3810 2147
2446 2 2 0 0 3810 1230 2147
2447 2 2 0 0 1736 3811 2147
2448 2 2 0 0 3811 214 2147
2449 2 2 0 0 3811 1736 1988
2450 2 2 0 0 3812 1013 1229
2451 2 2 0 0 3813 1229 2148
2452 2 2 0 0 1229 3813 3812
2453 2 2 0 0 3814 1231 2149
2454 2 2 0 0 3814 424 2896
2455 2 2 0 0 726 3815 2149
2456 2 2 0 0 3815 1737 2149
2457 2 2 0 0 726 3817 2150
2458 2 2 0 0 1738 3817 3816
2459 2 2 0 0 3817 726 3816
2460 2 2 0 0 1232 3818 1979
2461 2 2 0 0 3818 180 1979
2462 2 2 0 0 1080 3819 2151
2463 2 2 0 0 3820 271 2152
2464 2 2 0 0 271 3820 2153
2465 2 2 0 0 3821 1839 2153
2466 2 2 0 0 3822 140 141
2467 2 2 0 0 140 3822 2976
2468 2 2 0 0 3822 23 2976
2469 2 2 0 0 141 3823 3822
2470 2 2 0 0 3823 23 3822
2471 2 2 0 0 23 3824 454
2472 2 2 0 0 23 3824 3823
2473 2 2 0 0 3824 197 3823
2474 2 2 0 0 454 3825 649
2475 2 2 0 0 197 3825 3824
2476 2 2 0 0 3825 454 3824
2477 2 2 0 0 3826 197 1234
2478 2 2 0 0 197 3826 3825
2479 2 2 0 0 3826 649 3825
2480 2 2 0 0 649 3827 1949
2481 2 2 0 0 1234 3827 3826
2482 2 2 0 0 3827 649 3826
2483 2 2 0 0 1234 3828 3827
2484 2 2 0 0 3828 1949 3827
2485 2 2 0 0 3829 271 1839
2486 2 2 0 0 271 3830 2154
2487 2 2 0 0 1949 3830 3829
2488 2 2 0 0 3830 271 3829
2489 2 2 0 0 3831 1237 2156
2490 2 2 0 0 3832 1237 3831
2491 2 2 0 0 1237 3833 2479
2492 2 2 0 0 2155 3834 2157
2493 2 2 0 0 1237 3834 3833
2494 2 2 0 0 688 3835 1742
2495 2 2 0 0 733 3836 2159
2496 2 2 0 0 3836 1241 2159
2497 2 2 0 0 1241 3836 3835
2498 2 2 0 0 1998 3837 2159
2499 2 2 0 0 3837 733 2159
2500 2 2 0 0 733 3837 2900
2501 2 2 0 0 3838 734 2161
2502 2 2 0 0 3839 735 2162
2503 2 2 0 0 3839 1245 2164
2504 2 2 0 0 3840 432 2163
2505 2 2 0 0 432 3840 2160
2506 2 2 0 0 3840 1242 2160
2507 2 2 0 0 3841 735 2163
2508 2 2 0 0 735 3841 2165
2509 2 2 0 0 3841 1541 2165
2510 2 2 0 0 433 3842 2164
2511 2 2 0 0 3842 1244 2166
2512 2 2 0 0 1244 3843 2166
2513 2 2 0 0 1244 3844 2165
2514 2 2 0 0 3845 739 1744
2515 2 2 0 0 229 3846 2162
2516 2 2 0 0 3847 2168 2169
2517 2 2 0 0 2168 3847 2170
2518 2 2 0 0 229 3848 2161
2519 2 2 0 0 434 3849 1859
2520 2 2 0 0 3849 949 1859
2521 2 2 0 0 949 3850 2172
2522 2 2 0 0 3850 1249 2172
2523 2 2 0 0 1249 3850 3849
2524 2 2 0 0 3850 949 3849
2525 2 2 0 0 1253 3851 1854
2526 2 2 0 0 3851 296 1854
2527 2 2 0 0 742 3853 2174
2528 2 2 0 0 3853 742 2175
2529 2 2 0 0 1255 3854 2176
2530 2 2 0 0 743 3854 2178
2531 2 2 0 0 3854 1255 2178
2532 2 2 0 0 781 3855 1256
2533 2 2 0 0 3856 233 2176
2534 2 2 0 0 3856 1256 3855
2535 2 2 0 0 2177 3858 2178
2536 2 2 0 0 3858 743 2178
2537 2 2 0 0 743 3858 3728
2538 2 2 0 0 3858 2177 3728
2539 2 2 0 0 1316 3860 2179
2540 2 2 0 0 3860 781 2179
2541 2 2 0 0 3860 1316 3859
2542 2 2 0 0 3862 1033 1257
2543 2 2 0 0 1033 3862 1922
2544 2 2 0 0 3862 440 1922
2545 2 2 0 0 1257 3863 3862
2546 2 2 0 0 3863 440 3862
2547 2 2 0 0 440 3864 2806
2548 2 2 0 0 3864 1032 2806
2549 2 2 0 0 440 3865 3864
2550 2 2 0 0 3865 2180 3864
2551 2 2 0 0 1258 3866 2185
2552 2 2 0 0 3866 1259 2185
2553 2 2 0 0 1259 3866 2183
2554 2 2 0 0 3866 1258 2183
2555 2 2 0 0 3867 25 470
2556 2 2 0 0 25 3867 2194
2557 2 2 0 0 3867 243 2194
2558 2 2 0 0 470 3868 3867
2559 2 2 0 0 3868 243 3867
2560 2 2 0 0 3869 470 1308
2561 2 2 0 0 470 3869 3868
2562 2 2 0 0 3869 747 3868
2563 2 2 0 0 1308 3870 3869
2564 2 2 0 0 3870 747 3869
2565 2 2 0 0 747 3871 2185
2566 2 2 0 0 3871 2184 2185
2567 2 2 0 0 2184 3871 3870
2568 2 2 0 0 3871 747 3870
2569 2 2 0 0 1213 3872 2186
2570 2 2 0 0 3873 1260 2186
2571 2 2 0 0 1261 3874 2187
2572 2 2 0 0 444 3874 3873
2573 2 2 0 0 3875 639 1692
2574 2 2 0 0 2182 3876 2188
2575 2 2 0 0 640 3876 3875
2576 2 2 0 0 1260 3877 2189
2577 2 2 0 0 3877 1261 2189
2578 2 2 0 0 3877 1260 3873
2579 2 2 0 0 3878 2182 2188
2580 2 2 0 0 2182 3878 2183
2581 2 2 0 0 3878 244 2183
2582 2 2 0 0 244 3879 2189
2583 2 2 0 0 3879 2188 2189
2584 2 2 0 0 2188 3879 3878
2585 2 2 0 0 3879 244 3878
2586 2 2 0 0 1213 3880 3286
2587 2 2 0 0 3880 93 3286
2588 2 2 0 0 1262 3881 2191
2589 2 2 0 0 3881 444 2191
2590 2 2 0 0 3881 1262 2187
2591 2 2 0 0 443 3882 2912
2592 2 2 0 0 751 3883 2191
2593 2 2 0 0 3883 1262 2191
2594 2 2 0 0 1262 3884 2199
2595 2 2 0 0 3884 443 2199
2596 2 2 0 0 443 3884 3882
2597 2 2 0 0 748 3885 2198
2598 2 2 0 0 749 3885 2909
2599 2 2 0 0 2198 3886 2199
2600 2 2 0 0 3886 749 2199
2601 2 2 0 0 749 3886 3885
2602 2 2 0 0 3886 2198 3885
2603 2 2 0 0 93 3887 3286
2604 2 2 0 0 1729 3888 2887
2605 2 2 0 0 751 3889 1263
2606 2 2 0 0 3890 93 2201
2607 2 2 0 0 93 3890 3889
2608 2 2 0 0 3890 1263 3889
2609 2 2 0 0 3891 442 750
2610 2 2 0 0 442 3891 3792
2611 2 2 0 0 3891 490 3792
2612 2 2 0 0 750 3892 3891
2613 2 2 0 0 3892 490 3891
2614 2 2 0 0 750 3893 3892
2615 2 2 0 0 1219 3894 2201
2616 2 2 0 0 1263 3894 3893
2617 2 2 0 0 3895 755 2204
2618 2 2 0 0 755 3895 2923
2619 2 2 0 0 3895 1269 2923
2620 2 2 0 0 308 3896 2204
2621 2 2 0 0 1267 3897 2204
2622 2 2 0 0 3897 308 2204
2623 2 2 0 0 3897 1267 2203
2624 2 2 0 0 1270 3898 2205
2625 2 2 0 0 3898 756 2205
2626 2 2 0 0 756 3898 2206
2627 2 2 0 0 3899 260 2206
2628 2 2 0 0 260 3899 2207
2629 2 2 0 0 3899 1270 2207
2630 2 2 0 0 3900 756 2206
2631 2 2 0 0 3900 1748 3297
2632 2 2 0 0 87 3901 2208
2633 2 2 0 0 1272 3901 2924
2634 2 2 0 0 3901 87 2924
2635 2 2 0 0 3902 87 2208
2636 2 2 0 0 1938 3902 3500
2637 2 2 0 0 3903 55 257
2638 2 2 0 0 48 3903 283
2639 2 2 0 0 3903 55 283
2640 2 2 0 0 3904 257 258
2641 2 2 0 0 257 3904 3903
2642 2 2 0 0 3904 48 3903
2643 2 2 0 0 3905 48 398
2644 2 2 0 0 258 3905 3904
2645 2 2 0 0 3905 48 3904
2646 2 2 0 0 258 3906 399
2647 2 2 0 0 398 3906 3905
2648 2 2 0 0 3906 258 3905
2649 2 2 0 0 3907 398 718
2650 2 2 0 0 398 3907 3906
2651 2 2 0 0 3907 399 3906
2652 2 2 0 0 399 3908 1271
2653 2 2 0 0 718 3908 3907
2654 2 2 0 0 3908 399 3907
2655 2 2 0 0 718 3909 3908
2656 2 2 0 0 3909 1271 3908
2657 2 2 0 0 1271 3910 2208
2658 2 2 0 0 3910 1271 3909
2659 2 2 0 0 3911 413 759
2660 2 2 0 0 413 3911 2215
2661 2 2 0 0 3912 759 2210
2662 2 2 0 0 759 3912 3911
2663 2 2 0 0 3912 449 3911
2664 2 2 0 0 172 3913 2209
2665 2 2 0 0 1275 3914 2211
2666 2 2 0 0 2210 3914 3913
2667 2 2 0 0 3914 1275 3913
2668 2 2 0 0 3915 62 257
2669 2 2 0 0 56 3915 263
2670 2 2 0 0 3915 62 263
2671 2 2 0 0 257 3916 258
2672 2 2 0 0 257 3916 3915
2673 2 2 0 0 3916 56 3915
2674 2 2 0 0 56 3917 3916
2675 2 2 0 0 3917 258 3916
2676 2 2 0 0 56 3918 401
2677 2 2 0 0 259 3918 3917
2678 2 2 0 0 3918 56 3917
2679 2 2 0 0 259 3919 3918
2680 2 2 0 0 3919 401 3918
2681 2 2 0 0 401 3920 1277
2682 2 2 0 0 402 3920 3919
2683 2 2 0 0 3920 401 3919
2684 2 2 0 0 402 3921 3920
2685 2 2 0 0 3921 1277 3920
2686 2 2 0 0 402 3922 3921
2687 2 2 0 0 449 3924 1276
2688 2 2 0 0 108 3925 2216
2689 2 2 0 0 1279 3926 2217
2690 2 2 0 0 3926 758 2217
2691 2 2 0 0 758 3926 2219
2692 2 2 0 0 3926 1279 2219
2693 2 2 0 0 758 3927 2217
2694 2 2 0 0 3927 2216 2217
2695 2 2 0 0 3927 758 3924
2696 2 2 0 0 262 3928 2218
2697 2 2 0 0 3929 758 2219
2698 2 2 0 0 758 3929 3928
2699 2 2 0 0 3929 2218 3928
2700 2 2 0 0 1278 3930 2214
2701 2 2 0 0 3930 108 2214
2702 2 2 0 0 1278 3931 3930
2703 2 2 0 0 757 3932 3298
2704 2 2 0 0 2213 3933 2220
2705 2 2 0 0 3933 757 2220
2706 2 2 0 0 757 3933 3932
2707 2 2 0 0 3933 2213 3932
2708 2 2 0 0 3934 2213 2220
2709 2 2 0 0 2213 3934 3922
2710 2 2 0 0 171 3935 1282
2711 2 2 0 0 3935 760 1282
2712 2 2 0 0 3936 1044 2221
2713 2 2 0 0 171 3936 1341
2714 2 2 0 0 3937 760 2222
2715 2 2 0 0 760 3937 2223
2716 2 2 0 0 3937 1281 2223
2717 2 2 0 0 3938 1275 1281
2718 2 2 0 0 450 3939 2222
2719 2 2 0 0 1281 3939 3938
2720 2 2 0 0 3939 450 3938
2721 2 2 0 0 447 3940 2224
2722 2 2 0 0 760 3941 1282
2723 2 2 0 0 644 3941 1750
2724 2 2 0 0 3941 760 1750
2725 2 2 0 0 1282 3942 2225
2726 2 2 0 0 3942 644 2225
2727 2 2 0 0 644 3942 3941
2728 2 2 0 0 3942 1282 3941
2729 2 2 0 0 2224 3943 2225
2730 2 2 0 0 3943 1145 2225
2731 2 2 0 0 1145 3943 3940
2732 2 2 0 0 3943 2224 3940
2733 2 2 0 0 1160 3944 2226
2734 2 2 0 0 3944 664 2226
2735 2 2 0 0 664 3944 2990
2736 2 2 0 0 1285 3945 2228
2737 2 2 0 0 764 3945 2738
2738 2 2 0 0 3945 1285 2738
2739 2 2 0 0 3946 1286 2229
2740 2 2 0 0 1286 3946 2928
2741 2 2 0 0 138 3947 2229
2742 2 2 0 0 1353 3947 1354
2743 2 2 0 0 3948 766 2230
2744 2 2 0 0 1350 3949 2231
2745 2 2 0 0 3949 804 2231
2746 2 2 0 0 804 3949 2308
2747 2 2 0 0 109 3950 2233
2748 2 2 0 0 3950 1290 2233
2749 2 2 0 0 1290 3950 2238
2750 2 2 0 0 1290 3951 2236
2751 2 2 0 0 3951 1290 2238
2752 2 2 0 0 664 3952 2226
2753 2 2 0 0 3952 1283 2226
2754 2 2 0 0 664 3953 3952
2755 2 2 0 0 3953 1289 3952
2756 2 2 0 0 3954 1289 3953
2757 2 2 0 0 109 3955 1285
2758 2 2 0 0 3955 1284 1285
2759 2 2 0 0 1283 3957 2237
2760 2 2 0 0 3957 1283 3956
2761 2 2 0 0 57 3959 2239
2762 2 2 0 0 57 3959 2932
2763 2 2 0 0 57 3960 2239
2764 2 2 0 0 3960 802 2239
2765 2 2 0 0 3961 1011 2144
2766 2 2 0 0 3962 327 1780
2767 2 2 0 0 2241 3963 2242
2768 2 2 0 0 3963 2241 3962
2769 2 2 0 0 186 3964 2242
2770 2 2 0 0 3964 2241 2242
2771 2 2 0 0 2241 3964 3686
2772 2 2 0 0 3964 186 3686
2773 2 2 0 0 822 3965 2243
2774 2 2 0 0 3965 1293 2243
2775 2 2 0 0 97 3966 2245
2776 2 2 0 0 3966 1296 2245
2777 2 2 0 0 1296 3966 2247
2778 2 2 0 0 3966 97 2247
2779 2 2 0 0 365 3967 2246
2780 2 2 0 0 773 3968 1297
2781 2 2 0 0 3968 773 1371
2782 2 2 0 0 457 3969 3968
2783 2 2 0 0 3969 1297 3968
2784 2 2 0 0 1298 3970 2936
2785 2 2 0 0 3970 365 2936
2786 2 2 0 0 1710 3971 2249
2787 2 2 0 0 3971 1710 2870
2788 2 2 0 0 3973 1710 2249
2789 2 2 0 0 1710 3973 3972
2790 2 2 0 0 3973 1016 3972
2791 2 2 0 0 3974 658 1768
2792 2 2 0 0 658 3975 1694
2793 2 2 0 0 3975 1220 1694
2794 2 2 0 0 318 3976 2250
2795 2 2 0 0 318 3976 2140
2796 2 2 0 0 2250 3977 2251
2797 2 2 0 0 3977 1016 2251
2798 2 2 0 0 1016 3977 3974
2799 2 2 0 0 3978 775 2252
2800 2 2 0 0 3978 1399 2370
2801 2 2 0 0 3979 22 287
2802 2 2 0 0 3979 22 272
2803 2 2 0 0 287 3980 288
2804 2 2 0 0 287 3980 3979
2805 2 2 0 0 3980 30 3979
2806 2 2 0 0 30 3981 3980
2807 2 2 0 0 3981 288 3980
2808 2 2 0 0 30 3982 466
2809 2 2 0 0 289 3982 3981
2810 2 2 0 0 3982 30 3981
2811 2 2 0 0 289 3983 3982
2812 2 2 0 0 3983 466 3982
2813 2 2 0 0 466 3984 1301
2814 2 2 0 0 467 3984 3983
2815 2 2 0 0 3984 466 3983
2816 2 2 0 0 467 3985 3984
2817 2 2 0 0 3985 1301 3984
2818 2 2 0 0 3986 1301 3985
2819 2 2 0 0 1303 3987 2255
2820 2 2 0 0 3989 1303 2255
2821 2 2 0 0 469 3990 2258
2822 2 2 0 0 1311 3990 2264
2823 2 2 0 0 3990 469 2264
2824 2 2 0 0 3992 1309 2261
2825 2 2 0 0 3992 123 3991
2826 2 2 0 0 1258 3993 2265
2827 2 2 0 0 3994 2184 2261
2828 2 2 0 0 3994 123 3993
2829 2 2 0 0 3995 468 2262
2830 2 2 0 0 1077 3996 2262
2831 2 2 0 0 293 3996 3565
2832 2 2 0 0 3996 1077 3565
2833 2 2 0 0 1048 3997 1306
2834 2 2 0 0 3997 469 1306
2835 2 2 0 0 1310 3998 2263
2836 2 2 0 0 1048 3998 3997
2837 2 2 0 0 471 3999 3564
2838 2 2 0 0 777 4000 3999
2839 2 2 0 0 4000 293 3999
2840 2 2 0 0 4001 1310 2263
2841 2 2 0 0 4001 293 4000
2842 2 2 0 0 2262 4002 2263
2843 2 2 0 0 293 4002 3996
2844 2 2 0 0 4002 2262 3996
2845 2 2 0 0 469 4003 2264
2846 2 2 0 0 4003 469 3997
2847 2 2 0 0 2265 4004 2266
2848 2 2 0 0 123 4004 3993
2849 2 2 0 0 4004 2265 3993
2850 2 2 0 0 639 4005 2256
2851 2 2 0 0 1304 4006 2266
2852 2 2 0 0 4006 2265 2266
2853 2 2 0 0 4006 1304 4005
2854 2 2 0 0 1739 4007 2268
2855 2 2 0 0 4007 83 2268
2856 2 2 0 0 1739 4007 3232
2857 2 2 0 0 4007 83 3232
2858 2 2 0 0 1233 4008 1314
2859 2 2 0 0 1314 4009 2269
2860 2 2 0 0 729 4009 4008
2861 2 2 0 0 4009 1314 4008
2862 2 2 0 0 295 4010 2270
2863 2 2 0 0 4010 1316 2270
2864 2 2 0 0 1316 4010 3859
2865 2 2 0 0 4010 295 3859
2866 2 2 0 0 474 4011 2271
2867 2 2 0 0 4011 2045 2271
2868 2 2 0 0 2045 4012 2272
2869 2 2 0 0 4012 783 2272
2870 2 2 0 0 783 4012 3727
2871 2 2 0 0 4013 1318 2273
2872 2 2 0 0 4013 784 2274
2873 2 2 0 0 4014 297 2273
2874 2 2 0 0 297 4014 2836
2875 2 2 0 0 784 4015 2274
2876 2 2 0 0 1320 4015 2944
2877 2 2 0 0 4015 784 2944
2878 2 2 0 0 4016 785 1318
2879 2 2 0 0 1318 4017 4016
2880 2 2 0 0 4017 477 4016
2881 2 2 0 0 1760 4018 2275
2882 2 2 0 0 1760 4018 1935
2883 2 2 0 0 1323 4019 2276
2884 2 2 0 0 4019 479 2276
2885 2 2 0 0 479 4019 2950
2886 2 2 0 0 4019 1323 2950
2887 2 2 0 0 787 4020 2276
2888 2 2 0 0 4020 1323 2276
2889 2 2 0 0 1323 4020 2951
2890 2 2 0 0 4020 787 2951
2891 2 2 0 0 2275 4021 2276
2892 2 2 0 0 4021 787 2276
2893 2 2 0 0 4021 2275 2277
2894 2 2 0 0 4022 656 2046
2895 2 2 0 0 4023 1324 2278
2896 2 2 0 0 1324 4023 4022
2897 2 2 0 0 4023 656 4022
2898 2 2 0 0 788 4024 2279
2899 2 2 0 0 4024 1761 2279
2900 2 2 0 0 1761 4024 3305
2901 2 2 0 0 4025 788 2280
2902 2 2 0 0 4025 1328 2284
2903 2 2 0 0 300 4026 2280
2904 2 2 0 0 4026 300 2285
2905 2 2 0 0 480 4027 1763
2906 2 2 0 0 4027 789 1763
2907 2 2 0 0 4028 790 2283
2908 2 2 0 0 1681 4029 2284
2909 2 2 0 0 4029 1681 3305
2910 2 2 0 0 1328 4030 2953
2911 2 2 0 0 4030 1327 2953
2912 2 2 0 0 4031 480 2286
2913 2 2 0 0 480 4031 4027
2914 2 2 0 0 4031 2281 4027
2915 2 2 0 0 790 4032 2286
2916 2 2 0 0 2281 4032 4028
2917 2 2 0 0 4032 790 4028
2918 2 2 0 0 1330 4033 2287
2919 2 2 0 0 4033 99 2287
2920 2 2 0 0 4033 1330 2957
2921 2 2 0 0 1719 4034 2288
2922 2 2 0 0 4034 1719 3276
2923 2 2 0 0 4035 1719 2288
2924 2 2 0 0 1719 4035 3279
2925 2 2 0 0 4035 700 3279
2926 2 2 0 0 1331 4036 2289
2927 2 2 0 0 302 4036 3783
2928 2 2 0 0 4036 1331 3783
2929 2 2 0 0 1332 4037 2290
2930 2 2 0 0 4037 484 2290
2931 2 2 0 0 304 4038 1216
2932 2 2 0 0 1216 4039 2290
2933 2 2 0 0 795 4039 4038
2934 2 2 0 0 4039 1216 4038
2935 2 2 0 0 4040 1053 2291
2936 2 2 0 0 4040 1332 2292
2937 2 2 0 0 1053 4041 2291
2938 2 2 0 0 4041 2135 2291
2939 2 2 0 0 2135 4041 3780
2940 2 2 0 0 4041 1053 3780
2941 2 2 0 0 4043 33 488
2942 2 2 0 0 303 4043 3790
2943 2 2 0 0 4043 33 3790
2944 2 2 0 0 4044 488 489
2945 2 2 0 0 488 4044 4043
2946 2 2 0 0 4044 303 4043
2947 2 2 0 0 303 4045 1217
2948 2 2 0 0 489 4045 4044
2949 2 2 0 0 4045 303 4044
2950 2 2 0 0 4046 489 1333
2951 2 2 0 0 489 4046 4045
2952 2 2 0 0 4046 1217 4045
2953 2 2 0 0 1217 4047 2293
2954 2 2 0 0 1333 4047 4046
2955 2 2 0 0 4047 1217 4046
2956 2 2 0 0 1041 4049 2294
2957 2 2 0 0 4049 1335 2294
2958 2 2 0 0 1335 4049 4048
2959 2 2 0 0 4049 1041 4048
2960 2 2 0 0 261 4050 2294
2961 2 2 0 0 4050 1936 2294
2962 2 2 0 0 1936 4050 3313
2963 2 2 0 0 1336 4051 2296
2964 2 2 0 0 4051 1054 2296
2965 2 2 0 0 1054 4051 2299
2966 2 2 0 0 4051 1336 2299
2967 2 2 0 0 4052 1336 2296
2968 2 2 0 0 4053 312 1666
2969 2 2 0 0 4054 1338 2298
2970 2 2 0 0 1694 4055 2298
2971 2 2 0 0 659 4055 3253
2972 2 2 0 0 4055 1694 3253
2973 2 2 0 0 312 4056 1767
2974 2 2 0 0 4057 1054 2299
2975 2 2 0 0 1336 4058 2299
2976 2 2 0 0 4058 491 2299
2977 2 2 0 0 4058 1336 2295
2978 2 2 0 0 491 4059 2300
2979 2 2 0 0 4059 1343 2300
2980 2 2 0 0 1343 4059 2965
2981 2 2 0 0 1341 4060 2303
2982 2 2 0 0 4060 800 2303
2983 2 2 0 0 4060 1341 2963
2984 2 2 0 0 1666 4061 2304
2985 2 2 0 0 4061 1666 2961
2986 2 2 0 0 4062 1044 2305
2987 2 2 0 0 1044 4062 3936
2988 2 2 0 0 4062 1341 3936
2989 2 2 0 0 493 4063 2305
2990 2 2 0 0 1341 4063 2963
2991 2 2 0 0 4064 769 2306
2992 2 2 0 0 769 4064 2687
2993 2 2 0 0 1292 4065 2928
2994 2 2 0 0 4066 496 2308
2995 2 2 0 0 2310 4067 2311
2996 2 2 0 0 4067 2310 3315
2997 2 2 0 0 1347 4068 2312
2998 2 2 0 0 4068 1347 2930
2999 2 2 0 0 805 4069 2316
3000 2 2 0 0 4069 1745 2316
3001 2 2 0 0 404 4070 2313
3002 2 2 0 0 1745 4070 3295
3003 2 2 0 0 1596 4071 2314
3004 2 2 0 0 4071 1596 2640
3005 2 2 0 0 4072 404 2315
3006 2 2 0 0 4072 2314 4071
3007 2 2 0 0 4074 1355 2317
3008 2 2 0 0 4074 806 4073
3009 2 2 0 0 1355 4075 2318
3010 2 2 0 0 4075 1352 2318
3011 2 2 0 0 1352 4075 2320
3012 2 2 0 0 4075 1355 2320
3013 2 2 0 0 2313 4076 2318
3014 2 2 0 0 805 4076 4069
3015 2 2 0 0 4077 1410 1777
3016 2 2 0 0 665 4078 2321
3017 2 2 0 0 4078 1777 2321
3018 2 2 0 0 1777 4078 4077
3019 2 2 0 0 4079 84 2323
3020 2 2 0 0 84 4079 3663
3021 2 2 0 0 4079 2322 3663
3022 2 2 0 0 4080 273 812
3023 2 2 0 0 273 4080 2978
3024 2 2 0 0 4080 274 2978
3025 2 2 0 0 812 4081 4080
3026 2 2 0 0 4081 274 4080
3027 2 2 0 0 274 4082 814
3028 2 2 0 0 813 4082 4081
3029 2 2 0 0 4082 274 4081
3030 2 2 0 0 813 4083 4082
3031 2 2 0 0 4083 814 4082
3032 2 2 0 0 4084 1359 2324
3033 2 2 0 0 1359 4084 4083
3034 2 2 0 0 4084 814 4083
3035 2 2 0 0 4085 1358 2975
3036 2 2 0 0 4086 812 2322
3037 2 2 0 0 812 4086 4081
3038 2 2 0 0 4086 813 4081
3039 2 2 0 0 2322 4087 4086
3040 2 2 0 0 4087 813 4086
3041 2 2 0 0 4088 813 4087
3042 2 2 0 0 1950 4089 2326
3043 2 2 0 0 4089 96 2326
3044 2 2 0 0 4089 1950 3513
3045 2 2 0 0 815 4090 1362
3046 2 2 0 0 4091 503 2327
3047 2 2 0 0 4091 1362 4090
3048 2 2 0 0 503 4092 2327
3049 2 2 0 0 4092 1948 2327
3050 2 2 0 0 1948 4092 3517
3051 2 2 0 0 4092 503 3517
3052 2 2 0 0 4093 1364 2328
3053 2 2 0 0 4094 1366 2329
3054 2 2 0 0 1366 4094 2987
3055 2 2 0 0 4095 2248 2329
3056 2 2 0 0 1056 4096 2330
3057 2 2 0 0 4096 1367 2330
3058 2 2 0 0 1944 4097 2330
3059 2 2 0 0 4097 1056 2330
3060 2 2 0 0 1056 4097 3510
3061 2 2 0 0 88 4099 2330
3062 2 2 0 0 4099 1944 2330
3063 2 2 0 0 4099 1944 4098
3064 2 2 0 0 819 4100 2331
3065 2 2 0 0 4100 819 2989
3066 2 2 0 0 1372 4101 2332
3067 2 2 0 0 4101 819 2332
3068 2 2 0 0 819 4101 2992
3069 2 2 0 0 4101 1372 2992
3070 2 2 0 0 4102 1372 2332
3071 2 2 0 0 772 4103 2337
3072 2 2 0 0 4103 1373 2337
3073 2 2 0 0 819 4104 2332
3074 2 2 0 0 4104 819 2331
3075 2 2 0 0 175 4105 2334
3076 2 2 0 0 4105 1371 2334
3077 2 2 0 0 4105 1371 2991
3078 2 2 0 0 4106 1221 3798
3079 2 2 0 0 2333 4107 2334
3080 2 2 0 0 4107 175 2334
3081 2 2 0 0 175 4107 4106
3082 2 2 0 0 4108 2333 2334
3083 2 2 0 0 4108 772 2336
3084 2 2 0 0 4109 2334 2335
3085 2 2 0 0 2334 4109 4108
3086 2 2 0 0 4109 772 4108
3087 2 2 0 0 4111 325 2339
3088 2 2 0 0 325 4111 4110
3089 2 2 0 0 4111 1668 4110
3090 2 2 0 0 505 4112 2339
3091 2 2 0 0 1668 4112 2757
3092 2 2 0 0 1374 4113 2340
3093 2 2 0 0 4113 1369 2340
3094 2 2 0 0 1369 4113 2996
3095 2 2 0 0 4113 1374 2996
3096 2 2 0 0 325 4114 2340
3097 2 2 0 0 4114 1374 2340
3098 2 2 0 0 1374 4114 2995
3099 2 2 0 0 4115 505 2339
3100 2 2 0 0 4115 1369 1370
3101 2 2 0 0 1369 4116 2340
3102 2 2 0 0 4116 2339 2340
3103 2 2 0 0 2339 4116 4115
3104 2 2 0 0 4116 1369 4115
3105 2 2 0 0 4117 635 2341
3106 2 2 0 0 4117 1187 2873
3107 2 2 0 0 821 4118 2341
3108 2 2 0 0 1187 4118 2088
3109 2 2 0 0 4118 821 2088
3110 2 2 0 0 4119 511 2343
3111 2 2 0 0 826 4121 2343
3112 2 2 0 0 4121 826 4120
3113 2 2 0 0 129 4122 2342
3114 2 2 0 0 4123 826 2343
3115 2 2 0 0 826 4123 4122
3116 2 2 0 0 4123 2342 4122
3117 2 2 0 0 511 4124 2343
3118 2 2 0 0 188 4125 2344
3119 2 2 0 0 4125 1378 2344
3120 2 2 0 0 1378 4125 3525
3121 2 2 0 0 4125 188 3525
3122 2 2 0 0 4126 188 3257
3123 2 2 0 0 1784 4127 2344
3124 2 2 0 0 4127 188 2344
3125 2 2 0 0 4127 188 4126
3126 2 2 0 0 1065 4128 1959
3127 2 2 0 0 4128 514 1959
3128 2 2 0 0 1065 4129 4128
3129 2 2 0 0 330 4130 2346
3130 2 2 0 0 1379 4130 4120
3131 2 2 0 0 4131 107 2348
3132 2 2 0 0 4133 1380 2349
3133 2 2 0 0 4133 671 4132
3134 2 2 0 0 4135 671 4134
3135 2 2 0 0 2348 4136 2349
3136 2 2 0 0 2348 4136 4135
3137 2 2 0 0 4136 671 4135
3138 2 2 0 0 4137 830 1381
3139 2 2 0 0 830 4137 2697
3140 2 2 0 0 4137 985 2697
3141 2 2 0 0 985 4138 2350
3142 2 2 0 0 4138 1381 2350
3143 2 2 0 0 1381 4138 4137
3144 2 2 0 0 4138 985 4137
3145 2 2 0 0 1067 4139 2351
3146 2 2 0 0 4139 1382 2351
3147 2 2 0 0 1382 4139 3011
3148 2 2 0 0 4139 1067 3011
3149 2 2 0 0 4140 1068 2351
3150 2 2 0 0 4140 192 3528
3151 2 2 0 0 4141 1383 2352
3152 2 2 0 0 1383 4141 3013
3153 2 2 0 0 834 4142 1386
3154 2 2 0 0 4143 519 2353
3155 2 2 0 0 519 4143 4142
3156 2 2 0 0 4143 1386 4142
3157 2 2 0 0 1386 4144 3015
3158 2 2 0 0 834 4147 1388
3159 2 2 0 0 336 4147 1386
3160 2 2 0 0 4147 834 1386
3161 2 2 0 0 336 4148 4147
3162 2 2 0 0 4148 1388 4147
3163 2 2 0 0 2355 4150 2356
3164 2 2 0 0 4150 1072 2356
3165 2 2 0 0 1389 4151 2357
3166 2 2 0 0 4151 835 2357
3167 2 2 0 0 835 4151 2358
3168 2 2 0 0 1164 4152 2058
3169 2 2 0 0 4152 193 2058
3170 2 2 0 0 1793 4153 2357
3171 2 2 0 0 1793 4153 4152
3172 2 2 0 0 4153 193 4152
3173 2 2 0 0 519 4154 2353
3174 2 2 0 0 4155 335 2760
3175 2 2 0 0 4156 835 2358
3176 2 2 0 0 835 4156 4155
3177 2 2 0 0 4157 1390 2359
3178 2 2 0 0 179 4157 3017
3179 2 2 0 0 4157 1390 3017
3180 2 2 0 0 1394 4158 2360
3181 2 2 0 0 378 4158 2364
3182 2 2 0 0 1452 4159 2361
3183 2 2 0 0 4159 873 2361
3184 2 2 0 0 873 4159 1453
3185 2 2 0 0 4160 838 2362
3186 2 2 0 0 4160 1393 2363
3187 2 2 0 0 4161 1794 4145
3188 2 2 0 0 1795 4162 2362
3189 2 2 0 0 4162 521 2362
3190 2 2 0 0 521 4162 4161
3191 2 2 0 0 838 4163 2362
3192 2 2 0 0 4163 1795 2362
3193 2 2 0 0 1795 4163 3334
3194 2 2 0 0 4163 838 3334
3195 2 2 0 0 1395 4164 2363
3196 2 2 0 0 838 4164 2365
3197 2 2 0 0 4165 1590 2364
3198 2 2 0 0 1590 4165 2603
3199 2 2 0 0 1394 4166 1395
3200 2 2 0 0 4166 1394 2360
3201 2 2 0 0 4167 836 2365
3202 2 2 0 0 836 4167 4166
3203 2 2 0 0 4167 1395 4166
3204 2 2 0 0 1796 4168 2365
3205 2 2 0 0 4168 838 2365
3206 2 2 0 0 838 4168 3334
3207 2 2 0 0 4168 1796 3334
3208 2 2 0 0 4169 522 844
3209 2 2 0 0 1966 4171 2366
3210 2 2 0 0 4171 1966 4170
3211 2 2 0 0 843 4174 3662
3212 2 2 0 0 4174 844 3662
3213 2 2 0 0 844 4175 2368
3214 2 2 0 0 1797 4175 4174
3215 2 2 0 0 4175 844 4174
3216 2 2 0 0 1398 4176 3019
3217 2 2 0 0 181 4178 2369
3218 2 2 0 0 4178 181 3318
3219 2 2 0 0 1400 4179 2371
3220 2 2 0 0 1074 4179 2373
3221 2 2 0 0 4179 1400 2373
3222 2 2 0 0 1074 4180 1971
3223 2 2 0 0 4180 674 1971
3224 2 2 0 0 1972 4181 2371
3225 2 2 0 0 1074 4181 4180
3226 2 2 0 0 845 4182 1798
3227 2 2 0 0 137 4182 3554
3228 2 2 0 0 4182 845 3554
3229 2 2 0 0 137 4183 4182
3230 2 2 0 0 4183 1798 4182
3231 2 2 0 0 1400 4184 2373
3232 2 2 0 0 525 4184 3021
3233 2 2 0 0 4184 1400 3021
3234 2 2 0 0 4185 2372 2373
3235 2 2 0 0 2372 4185 3560
3236 2 2 0 0 4185 525 3560
3237 2 2 0 0 1012 4186 2375
3238 2 2 0 0 4186 1012 2861
3239 2 2 0 0 1801 4188 2376
3240 2 2 0 0 4188 846 2376
3241 2 2 0 0 846 4188 3339
3242 2 2 0 0 4188 1801 3339
3243 2 2 0 0 675 4189 2377
3244 2 2 0 0 4189 1168 2377
3245 2 2 0 0 1168 4189 2059
3246 2 2 0 0 4189 675 2059
3247 2 2 0 0 338 4190 1403
3248 2 2 0 0 338 4190 2861
3249 2 2 0 0 1403 4191 2378
3250 2 2 0 0 4191 1403 4190
3251 2 2 0 0 4193 2377 2378
3252 2 2 0 0 2377 4193 4192
3253 2 2 0 0 1404 4194 2379
3254 2 2 0 0 4194 1404 2060
3255 2 2 0 0 339 4195 2380
3256 2 2 0 0 4195 1405 2380
3257 2 2 0 0 1405 4195 3698
3258 2 2 0 0 4195 339 3698
3259 2 2 0 0 4197 339 2380
3260 2 2 0 0 339 4197 4196
3261 2 2 0 0 1407 4198 2384
3262 2 2 0 0 4198 848 2384
3263 2 2 0 0 849 4199 2381
3264 2 2 0 0 4199 1803 2381
3265 2 2 0 0 4199 849 3341
3266 2 2 0 0 4201 1161 2382
3267 2 2 0 0 1161 4201 2055
3268 2 2 0 0 2383 4202 2384
3269 2 2 0 0 1406 4202 4187
3270 2 2 0 0 1042 4203 3025
3271 2 2 0 0 4203 1408 3025
3272 2 2 0 0 4204 1766 2385
3273 2 2 0 0 1766 4204 3313
3274 2 2 0 0 4204 1042 3313
3275 2 2 0 0 1409 4206 2387
3276 2 2 0 0 4206 851 2387
3277 2 2 0 0 4206 1409 4205
3278 2 2 0 0 526 4207 2387
3279 2 2 0 0 4207 1409 2387
3280 2 2 0 0 1404 4208 1405
3281 2 2 0 0 2388 4209 4208
3282 2 2 0 0 1412 4210 2391
3283 2 2 0 0 4210 851 2391
3284 2 2 0 0 851 4210 3027
3285 2 2 0 0 1412 4211 2392
3286 2 2 0 0 4211 1411 2392
3287 2 2 0 0 1411 4211 2394
3288 2 2 0 0 1410 4212 2393
3289 2 2 0 0 1411 4212 4077
3290 2 2 0 0 4212 1410 4077
3291 2 2 0 0 1802 4213 2393
3292 2 2 0 0 4213 1410 2393
3293 2 2 0 0 1410 4213 3340
3294 2 2 0 0 4214 319 2394
3295 2 2 0 0 319 4215 2394
3296 2 2 0 0 4215 2393 2394
3297 2 2 0 0 2393 4215 3342
3298 2 2 0 0 4216 1337 2396
3299 2 2 0 0 1337 4216 3028
3300 2 2 0 0 4217 111 2397
3301 2 2 0 0 4217 111 2763
3302 2 2 0 0 527 4219 2761
3303 2 2 0 0 4219 852 2761
3304 2 2 0 0 4220 2397 2398
3305 2 2 0 0 2397 4220 4217
3306 2 2 0 0 1414 4221 2399
3307 2 2 0 0 4221 1414 2401
3308 2 2 0 0 837 4222 2359
3309 2 2 0 0 4222 1392 2359
3310 2 2 0 0 1414 4223 2401
3311 2 2 0 0 4223 837 2401
3312 2 2 0 0 837 4223 4222
3313 2 2 0 0 320 4224 2400
3314 2 2 0 0 852 4224 2761
3315 2 2 0 0 852 4225 4224
3316 2 2 0 0 4225 2400 4224
3317 2 2 0 0 1416 4226 2402
3318 2 2 0 0 139 4226 2403
3319 2 2 0 0 1417 4227 2404
3320 2 2 0 0 4227 528 2404
3321 2 2 0 0 528 4227 3031
3322 2 2 0 0 4227 1417 3031
3323 2 2 0 0 2403 4228 2404
3324 2 2 0 0 4228 1416 2404
3325 2 2 0 0 1416 4228 4226
3326 2 2 0 0 4228 2403 4226
3327 2 2 0 0 1418 4229 3032
3328 2 2 0 0 4229 498 3032
3329 2 2 0 0 498 4230 2259
3330 2 2 0 0 4230 1416 2259
3331 2 2 0 0 1417 4231 2405
3332 2 2 0 0 498 4231 4230
3333 2 2 0 0 4232 195 2406
3334 2 2 0 0 195 4232 3229
3335 2 2 0 0 4232 1047 3229
3336 2 2 0 0 1047 4233 2813
3337 2 2 0 0 1013 4234 3445
3338 2 2 0 0 1420 4235 2410
3339 2 2 0 0 4235 1420 2411
3340 2 2 0 0 341 4236 2410
3341 2 2 0 0 4236 1420 2410
3342 2 2 0 0 1420 4236 2409
3343 2 2 0 0 4236 341 2409
3344 2 2 0 0 4237 2408 2410
3345 2 2 0 0 2408 4237 4234
3346 2 2 0 0 4237 1419 4234
3347 2 2 0 0 468 4238 1078
3348 2 2 0 0 4239 2406 2407
3349 2 2 0 0 2406 4239 4238
3350 2 2 0 0 529 4240 2411
3351 2 2 0 0 4240 2407 2411
3352 2 2 0 0 2407 4240 4239
3353 2 2 0 0 1423 4241 2412
3354 2 2 0 0 1171 4242 2865
3355 2 2 0 0 2063 4243 4242
3356 2 2 0 0 4244 1704 2865
3357 2 2 0 0 210 4245 652
3358 2 2 0 0 211 4245 3092
3359 2 2 0 0 4245 210 3092
3360 2 2 0 0 211 4246 4245
3361 2 2 0 0 4246 652 4245
3362 2 2 0 0 4247 211 1485
3363 2 2 0 0 211 4247 4246
3364 2 2 0 0 4247 678 4246
3365 2 2 0 0 1485 4248 4247
3366 2 2 0 0 4248 678 4247
3367 2 2 0 0 678 4249 2413
3368 2 2 0 0 4249 678 4248
3369 2 2 0 0 209 4250 210
3370 2 2 0 0 25 4250 2192
3371 2 2 0 0 4250 209 2192
3372 2 2 0 0 25 4251 4250
3373 2 2 0 0 4251 210 4250
3374 2 2 0 0 4252 210 652
3375 2 2 0 0 210 4252 4251
3376 2 2 0 0 4252 292 4251
3377 2 2 0 0 292 4253 653
3378 2 2 0 0 652 4253 4252
3379 2 2 0 0 4253 292 4252
3380 2 2 0 0 4254 652 1421
3381 2 2 0 0 652 4254 4253
3382 2 2 0 0 4254 653 4253
3383 2 2 0 0 1421 4255 4254
3384 2 2 0 0 4255 653 4254
3385 2 2 0 0 1421 4256 4255
3386 2 2 0 0 4257 91 2416
3387 2 2 0 0 91 4257 3035
3388 2 2 0 0 1425 4258 2417
3389 2 2 0 0 858 4258 2418
3390 2 2 0 0 4258 1425 2418
3391 2 2 0 0 4259 2421 2422
3392 2 2 0 0 94 4259 3036
3393 2 2 0 0 4259 2421 3036
3394 2 2 0 0 859 4260 2417
3395 2 2 0 0 1426 4261 2423
3396 2 2 0 0 94 4261 4260
3397 2 2 0 0 4261 1426 4260
3398 2 2 0 0 4262 1426 2423
3399 2 2 0 0 1426 4262 2420
3400 2 2 0 0 4262 1079 2420
3401 2 2 0 0 530 4263 1426
3402 2 2 0 0 859 4264 2424
3403 2 2 0 0 4264 1427 2424
3404 2 2 0 0 4264 859 4263
3405 2 2 0 0 4265 1428 2425
3406 2 2 0 0 868 4266 2425
3407 2 2 0 0 4267 532 1432
3408 2 2 0 0 1430 4268 2426
3409 2 2 0 0 4268 863 2426
3410 2 2 0 0 4268 1430 4267
3411 2 2 0 0 863 4269 2426
3412 2 2 0 0 1082 4269 1980
3413 2 2 0 0 4269 863 1980
3414 2 2 0 0 4270 861 2427
3415 2 2 0 0 861 4270 3362
3416 2 2 0 0 4270 1431 3362
3417 2 2 0 0 1431 4271 1980
3418 2 2 0 0 4271 531 1980
3419 2 2 0 0 4273 114 2428
3420 2 2 0 0 114 4273 4272
3421 2 2 0 0 532 4274 1432
3422 2 2 0 0 4274 532 1434
3423 2 2 0 0 1432 4275 2428
3424 2 2 0 0 4275 1432 4274
3425 2 2 0 0 1435 4276 2430
3426 2 2 0 0 180 4276 2431
3427 2 2 0 0 4277 1080 2431
3428 2 2 0 0 1080 4277 3572
3429 2 2 0 0 4277 1435 3572
3430 2 2 0 0 4278 1437 2432
3431 2 2 0 0 4278 344 2435
3432 2 2 0 0 1436 4279 2433
3433 2 2 0 0 4279 860 2433
3434 2 2 0 0 860 4279 3042
3435 2 2 0 0 4279 1436 3042
3436 2 2 0 0 4281 1429 4280
3437 2 2 0 0 1437 4282 2434
3438 2 2 0 0 4282 534 2434
3439 2 2 0 0 534 4282 2438
3440 2 2 0 0 4282 1437 2438
3441 2 2 0 0 4283 1437 2434
3442 2 2 0 0 1437 4283 2432
3443 2 2 0 0 4283 866 2432
3444 2 2 0 0 2429 4284 2434
3445 2 2 0 0 1439 4285 2435
3446 2 2 0 0 4285 1439 3044
3447 2 2 0 0 1438 4286 2437
3448 2 2 0 0 4286 1438 2438
3449 2 2 0 0 4287 2436 2437
3450 2 2 0 0 1437 4288 2438
3451 2 2 0 0 1081 4289 2439
3452 2 2 0 0 4290 2425 4266
3453 2 2 0 0 4292 1150 2445
3454 2 2 0 0 1150 4292 3048
3455 2 2 0 0 4292 1443 3048
3456 2 2 0 0 535 4296 2446
3457 2 2 0 0 1444 4296 4295
3458 2 2 0 0 4296 535 4295
3459 2 2 0 0 4297 1447 1448
3460 2 2 0 0 1447 4297 2453
3461 2 2 0 0 1448 4298 4297
3462 2 2 0 0 4298 426 4297
3463 2 2 0 0 872 4299 2448
3464 2 2 0 0 4299 1446 2448
3465 2 2 0 0 1446 4299 3050
3466 2 2 0 0 4299 872 3050
3467 2 2 0 0 113 4300 2448
3468 2 2 0 0 4300 1441 2448
3469 2 2 0 0 113 4300 2442
3470 2 2 0 0 1138 4301 2823
3471 2 2 0 0 1138 4302 4301
3472 2 2 0 0 1138 4303 1706
3473 2 2 0 0 4303 628 1706
3474 2 2 0 0 1809 4304 2449
3475 2 2 0 0 1138 4304 4303
3476 2 2 0 0 871 4305 2451
3477 2 2 0 0 4305 1447 2451
3478 2 2 0 0 1447 4305 1448
3479 2 2 0 0 4306 2452 2453
3480 2 2 0 0 2452 4306 2822
3481 2 2 0 0 4306 426 2822
3482 2 2 0 0 1451 4307 2454
3483 2 2 0 0 4307 1707 2454
3484 2 2 0 0 1707 4307 3708
3485 2 2 0 0 4307 1451 3708
3486 2 2 0 0 205 4308 2455
3487 2 2 0 0 4309 1451 2454
3488 2 2 0 0 4310 2454 2455
3489 2 2 0 0 2454 4310 4309
3490 2 2 0 0 4310 1452 4309
3491 2 2 0 0 4311 2456 2457
3492 2 2 0 0 4312 875 2458
3493 2 2 0 0 875 4312 2460
3494 2 2 0 0 875 4314 2458
3495 2 2 0 0 2457 4314 4313
3496 2 2 0 0 4314 875 4313
3497 2 2 0 0 4315 348 2459
3498 2 2 0 0 4316 538 2460
3499 2 2 0 0 4316 1454 2462
3500 2 2 0 0 1088 4317 2779
3501 2 2 0 0 4317 537 2779
3502 2 2 0 0 1088 4318 2462
3503 2 2 0 0 4318 2461 2462
3504 2 2 0 0 2461 4318 4317
3505 2 2 0 0 4318 1088 4317
3506 2 2 0 0 4319 876 2907
3507 2 2 0 0 4320 876 2464
3508 2 2 0 0 876 4320 3056
3509 2 2 0 0 539 4322 2464
3510 2 2 0 0 1455 4322 4321
3511 2 2 0 0 4322 539 4321
3512 2 2 0 0 876 4323 2464
3513 2 2 0 0 4323 2463 2464
3514 2 2 0 0 4323 876 4319
3515 2 2 0 0 1456 4324 2465
3516 2 2 0 0 877 4324 2466
3517 2 2 0 0 1090 4325 1814
3518 2 2 0 0 1814 4326 2465
3519 2 2 0 0 4326 540 2465
3520 2 2 0 0 4326 1814 4325
3521 2 2 0 0 348 4327 3059
3522 2 2 0 0 4328 1457 2466
3523 2 2 0 0 4328 348 4315
3524 2 2 0 0 879 4329 2467
3525 2 2 0 0 4329 350 2467
3526 2 2 0 0 350 4329 1815
3527 2 2 0 0 1459 4330 2468
3528 2 2 0 0 4330 879 2468
3529 2 2 0 0 4331 1459 2528
3530 2 2 0 0 4332 1816 2469
3531 2 2 0 0 1816 4332 3113
3532 2 2 0 0 4333 1460 3061
3533 2 2 0 0 4334 541 2473
3534 2 2 0 0 1815 4335 2470
3535 2 2 0 0 4335 1815 3356
3536 2 2 0 0 4336 472 2471
3537 2 2 0 0 4336 881 1312
3538 2 2 0 0 472 4337 2471
3539 2 2 0 0 4337 1086 2471
3540 2 2 0 0 1086 4337 1087
3541 2 2 0 0 881 4338 2473
3542 2 2 0 0 4339 630 2479
3543 2 2 0 0 4340 1091 2474
3544 2 2 0 0 4340 1461 4339
3545 2 2 0 0 350 4341 3581
3546 2 2 0 0 4341 1986 3581
3547 2 2 0 0 884 4342 2477
3548 2 2 0 0 4342 1463 2477
3549 2 2 0 0 1463 4342 1984
3550 2 2 0 0 4342 884 1984
3551 2 2 0 0 4344 1091 2480
3552 2 2 0 0 4345 1466 1467
3553 2 2 0 0 542 4346 2481
3554 2 2 0 0 1467 4346 4345
3555 2 2 0 0 1737 4348 2483
3556 2 2 0 0 547 4348 2826
3557 2 2 0 0 4349 1472 2485
3558 2 2 0 0 1472 4351 4350
3559 2 2 0 0 547 4352 4348
3560 2 2 0 0 4352 2483 4348
3561 2 2 0 0 2483 4353 4347
3562 2 2 0 0 1990 4354 2485
3563 2 2 0 0 353 4354 3075
3564 2 2 0 0 546 4355 1470
3565 2 2 0 0 4355 888 1470
3566 2 2 0 0 4356 888 4355
3567 2 2 0 0 4358 1474 2487
3568 2 2 0 0 4358 888 3072
3569 2 2 0 0 544 4359 2487
3570 2 2 0 0 1819 4359 3361
3571 2 2 0 0 4359 544 3361
3572 2 2 0 0 1491 4360 3100
3573 2 2 0 0 2488 4362 2489
3574 2 2 0 0 4362 890 2489
3575 2 2 0 0 545 4363 2490
3576 2 2 0 0 4364 1820 3100
3577 2 2 0 0 1821 4365 2490
3578 2 2 0 0 4365 545 2490
3579 2 2 0 0 545 4365 4364
3580 2 2 0 0 4365 1821 4364
3581 2 2 0 0 891 4366 2490
3582 2 2 0 0 4366 1821 2490
3583 2 2 0 0 4367 147 2491
3584 2 2 0 0 147 4367 3078
3585 2 2 0 0 4367 1476 3078
3586 2 2 0 0 359 4368 1493
3587 2 2 0 0 4368 901 1827
3588 2 2 0 0 1493 4369 2492
3589 2 2 0 0 901 4369 4368
3590 2 2 0 0 4369 1493 4368
3591 2 2 0 0 4371 728 2494
3592 2 2 0 0 4371 1095 2827
3593 2 2 0 0 4372 861 2495
3594 2 2 0 0 861 4372 2496
3595 2 2 0 0 4372 1479 2496
3596 2 2 0 0 1479 4373 2493
3597 2 2 0 0 861 4374 2495
3598 2 2 0 0 4374 861 3363
3599 2 2 0 0 357 4375 1675
3600 2 2 0 0 4377 1480 2498
3601 2 2 0 0 4378 1481 2499
3602 2 2 0 0 893 4379 2498
3603 2 2 0 0 4379 893 2502
3604 2 2 0 0 561 4380 2501
3605 2 2 0 0 4380 1483 2501
3606 2 2 0 0 1483 4380 3084
3607 2 2 0 0 4380 561 3084
3608 2 2 0 0 4381 893 1480
3609 2 2 0 0 893 4382 2501
3610 2 2 0 0 1484 4382 4381
3611 2 2 0 0 4382 893 4381
3612 2 2 0 0 4383 360 2502
3613 2 2 0 0 360 4383 3082
3614 2 2 0 0 893 4384 2502
3615 2 2 0 0 1483 4384 2501
3616 2 2 0 0 4384 893 2501
3617 2 2 0 0 7 4385 4
3618 2 2 0 0 4385 8 4
3619 2 2 0 0 8 4386 148
3620 2 2 0 0 8 4386 4385
3621 2 2 0 0 4386 12 4385
3622 2 2 0 0 4387 148 149
3623 2 2 0 0 12 4387 4386
3624 2 2 0 0 4387 148 4386
3625 2 2 0 0 4388 12 218
3626 2 2 0 0 149 4388 4387
3627 2 2 0 0 4388 12 4387
3628 2 2 0 0 149 4389 219
3629 2 2 0 0 218 4389 4388
3630 2 2 0 0 4389 149 4388
3631 2 2 0 0 4390 218 549
3632 2 2 0 0 218 4390 4389
3633 2 2 0 0 4390 219 4389
3634 2 2 0 0 219 4391 560
3635 2 2 0 0 549 4391 4390
3636 2 2 0 0 4391 219 4390
3637 2 2 0 0 549 4392 4391
3638 2 2 0 0 4392 560 4391
3639 2 2 0 0 4393 560 4392
3640 2 2 0 0 4394 904 2503
3641 2 2 0 0 904 4394 4393
3642 2 2 0 0 4395 7 200
3643 2 2 0 0 12 4395 4385
3644 2 2 0 0 4395 7 4385
3645 2 2 0 0 200 4396 201
3646 2 2 0 0 200 4396 4395
3647 2 2 0 0 4396 12 4395
3648 2 2 0 0 12 4397 218
3649 2 2 0 0 12 4397 4396
3650 2 2 0 0 4397 201 4396
3651 2 2 0 0 4398 201 354
3652 2 2 0 0 201 4398 4397
3653 2 2 0 0 4398 218 4397
3654 2 2 0 0 218 4399 549
3655 2 2 0 0 354 4399 4398
3656 2 2 0 0 4399 218 4398
3657 2 2 0 0 4400 354 550
3658 2 2 0 0 354 4400 4399
3659 2 2 0 0 4400 549 4399
3660 2 2 0 0 550 4401 4400
3661 2 2 0 0 4401 549 4400
3662 2 2 0 0 4402 550 1822
3663 2 2 0 0 550 4402 4401
3664 2 2 0 0 4402 904 4401
3665 2 2 0 0 904 4403 2503
3666 2 2 0 0 1822 4403 4402
3667 2 2 0 0 4403 904 4402
3668 2 2 0 0 1484 4404 2504
3669 2 2 0 0 905 4404 3105
3670 2 2 0 0 4404 1484 3105
3671 2 2 0 0 4405 1484 2504
3672 2 2 0 0 4405 1484 4381
3673 2 2 0 0 4406 1822 1823
3674 2 2 0 0 82 4407 4406
3675 2 2 0 0 4407 2503 4406
3676 2 2 0 0 4408 898 2505
3677 2 2 0 0 898 4408 3101
3678 2 2 0 0 4408 1492 3101
3679 2 2 0 0 1492 4409 2508
3680 2 2 0 0 4409 889 2508
3681 2 2 0 0 1493 4410 2505
3682 2 2 0 0 889 4410 2492
3683 2 2 0 0 4410 1493 2492
3684 2 2 0 0 4411 1492 2507
3685 2 2 0 0 1492 4411 3101
3686 2 2 0 0 4413 1505 4412
3687 2 2 0 0 2506 4414 2507
3688 2 2 0 0 217 4414 4413
3689 2 2 0 0 4414 2506 4413
3690 2 2 0 0 889 4415 2508
3691 2 2 0 0 4415 2488 2508
3692 2 2 0 0 4415 889 4361
3693 2 2 0 0 1097 4416 1495
3694 2 2 0 0 1490 4417 2509
3695 2 2 0 0 4417 359 2509
3696 2 2 0 0 359 4417 4416
3697 2 2 0 0 1098 4419 2510
3698 2 2 0 0 554 4419 4418
3699 2 2 0 0 4419 1098 4418
3700 2 2 0 0 4420 1098 2510
3701 2 2 0 0 1098 4420 2828
3702 2 2 0 0 4421 1494 2512
3703 2 2 0 0 4422 899 3103
3704 2 2 0 0 553 4423 897
3705 2 2 0 0 4424 554 4423
3706 2 2 0 0 899 4425 4424
3707 2 2 0 0 4425 554 4424
3708 2 2 0 0 899 4426 4425
3709 2 2 0 0 4426 2510 4425
3710 2 2 0 0 2510 4427 4420
3711 2 2 0 0 4428 909 2515
3712 2 2 0 0 4428 1507 2516
3713 2 2 0 0 908 4429 1835
3714 2 2 0 0 4429 216 1835
3715 2 2 0 0 216 4430 2515
3716 2 2 0 0 1507 4430 4429
3717 2 2 0 0 4430 216 4429
3718 2 2 0 0 909 4431 2515
3719 2 2 0 0 4431 1836 2515
3720 2 2 0 0 1836 4431 2521
3721 2 2 0 0 909 4432 3107
3722 2 2 0 0 4432 1509 3107
3723 2 2 0 0 563 4433 2516
3724 2 2 0 0 1509 4433 2520
3725 2 2 0 0 4433 563 2520
3726 2 2 0 0 1507 4434 2516
3727 2 2 0 0 4434 563 2516
3728 2 2 0 0 563 4434 3106
3729 2 2 0 0 4434 1507 3106
3730 2 2 0 0 1505 4435 2517
3731 2 2 0 0 562 4435 2522
3732 2 2 0 0 4436 1508 2518
3733 2 2 0 0 1508 4436 2520
3734 2 2 0 0 4436 1509 2520
3735 2 2 0 0 4437 151 1825
3736 2 2 0 0 4438 1096 2517
3737 2 2 0 0 1096 4438 4437
3738 2 2 0 0 1508 4439 2518
3739 2 2 0 0 4439 2517 2518
3740 2 2 0 0 2517 4439 4438
3741 2 2 0 0 4439 1508 4438
3742 2 2 0 0 4440 151 4437
3743 2 2 0 0 4441 1508 2520
3744 2 2 0 0 4441 2519 4440
3745 2 2 0 0 906 4442 2522
3746 2 2 0 0 4442 906 4272
3747 2 2 0 0 4443 906 2522
3748 2 2 0 0 1433 4444 2523
3749 2 2 0 0 4444 1510 2523
3750 2 2 0 0 1510 4444 3108
3751 2 2 0 0 500 4445 2525
3752 2 2 0 0 4445 1511 2525
3753 2 2 0 0 1511 4445 3712
3754 2 2 0 0 2524 4446 2525
3755 2 2 0 0 4446 500 2525
3756 2 2 0 0 4446 500 3715
3757 2 2 0 0 1513 4447 2526
3758 2 2 0 0 4449 1840 2526
3759 2 2 0 0 1840 4449 4448
3760 2 2 0 0 4449 501 4448
3761 2 2 0 0 4451 913 2527
3762 2 2 0 0 913 4451 4450
3763 2 2 0 0 4451 1513 4450
3764 2 2 0 0 1514 4452 2528
3765 2 2 0 0 115 4452 2529
3766 2 2 0 0 4452 1514 2529
3767 2 2 0 0 1459 4454 2528
3768 2 2 0 0 1108 4454 4453
3769 2 2 0 0 4454 1459 4453
3770 2 2 0 0 1515 4455 2529
3771 2 2 0 0 4455 115 2529
3772 2 2 0 0 4455 1515 3113
3773 2 2 0 0 912 4456 2529
3774 2 2 0 0 4456 1515 2529
3775 2 2 0 0 4456 912 3112
3776 2 2 0 0 1515 4458 2531
3777 2 2 0 0 4458 882 2531
3778 2 2 0 0 882 4458 3112
3779 2 2 0 0 882 4459 2531
3780 2 2 0 0 4459 2530 2531
3781 2 2 0 0 2530 4459 4457
3782 2 2 0 0 4459 882 4457
3783 2 2 0 0 1951 4460 2533
3784 2 2 0 0 501 4460 4448
3785 2 2 0 0 183 4461 2534
3786 2 2 0 0 4461 1517 2534
3787 2 2 0 0 4462 914 1518
3788 2 2 0 0 914 4462 2003
3789 2 2 0 0 4462 362 2003
3790 2 2 0 0 362 4463 2535
3791 2 2 0 0 4463 1518 2535
3792 2 2 0 0 1518 4463 4462
3793 2 2 0 0 4463 362 4462
3794 2 2 0 0 1677 4465 2536
3795 2 2 0 0 4465 1677 4464
3796 2 2 0 0 4466 1677 2536
3797 2 2 0 0 1677 4466 1678
3798 2 2 0 0 1519 4467 2537
3799 2 2 0 0 4467 31 2537
3800 2 2 0 0 1519 4467 3123
3801 2 2 0 0 4467 31 3123
3802 2 2 0 0 4468 1519 2537
3803 2 2 0 0 1519 4468 3115
3804 2 2 0 0 4470 2536 2537
3805 2 2 0 0 2536 4470 4469
3806 2 2 0 0 4470 1107 4469
3807 2 2 0 0 4471 1521 2539
3808 2 2 0 0 1521 4471 3116
3809 2 2 0 0 4472 2538 2539
3810 2 2 0 0 324 4473 2540
3811 2 2 0 0 4473 1521 2540
3812 2 2 0 0 1521 4473 2539
3813 2 2 0 0 1525 4474 2541
3814 2 2 0 0 4474 1058 2541
3815 2 2 0 0 1058 4474 2534
3816 2 2 0 0 4474 1525 2534
3817 2 2 0 0 917 4476 4475
3818 2 2 0 0 1524 4477 2543
3819 2 2 0 0 4477 1524 2545
3820 2 2 0 0 1526 4478 3120
3821 2 2 0 0 4478 918 3120
3822 2 2 0 0 363 4479 2544
3823 2 2 0 0 4479 1524 2544
3824 2 2 0 0 1524 4479 2545
3825 2 2 0 0 4480 363 2544
3826 2 2 0 0 363 4480 2551
3827 2 2 0 0 4480 1530 2551
3828 2 2 0 0 1527 4482 2545
3829 2 2 0 0 363 4482 4481
3830 2 2 0 0 4483 1527 2545
3831 2 2 0 0 1527 4483 2548
3832 2 2 0 0 4483 918 2548
3833 2 2 0 0 362 4484 2546
3834 2 2 0 0 4484 1520 2546
3835 2 2 0 0 1520 4484 2535
3836 2 2 0 0 4484 362 2535
3837 2 2 0 0 4485 362 2546
3838 2 2 0 0 362 4485 3610
3839 2 2 0 0 4485 2004 3610
3840 2 2 0 0 918 4486 2548
3841 2 2 0 0 1528 4486 3120
3842 2 2 0 0 4486 918 3120
3843 2 2 0 0 686 4487 2548
3844 2 2 0 0 4487 1527 2548
3845 2 2 0 0 4487 686 2547
3846 2 2 0 0 4488 571 2549
3847 2 2 0 0 4489 1678 2549
3848 2 2 0 0 4489 1678 4466
3849 2 2 0 0 1529 4490 3123
3850 2 2 0 0 4490 915 3123
3851 2 2 0 0 1530 4491 2551
3852 2 2 0 0 225 4492 2552
3853 2 2 0 0 4492 1768 2552
3854 2 2 0 0 4492 225 3972
3855 2 2 0 0 1109 4493 2553
3856 2 2 0 0 4493 1531 2553
3857 2 2 0 0 1531 4493 3124
3858 2 2 0 0 4493 1109 3124
3859 2 2 0 0 4494 921 2554
3860 2 2 0 0 921 4494 3126
3861 2 2 0 0 4494 1532 3126
3862 2 2 0 0 4495 323 2554
3863 2 2 0 0 323 4495 2559
3864 2 2 0 0 4495 1534 2559
3865 2 2 0 0 574 4496 1847
3866 2 2 0 0 921 4497 2554
3867 2 2 0 0 1534 4497 4496
3868 2 2 0 0 1183 4498 2555
3869 2 2 0 0 4498 1532 2555
3870 2 2 0 0 1532 4498 3714
3871 2 2 0 0 4499 323 2560
3872 2 2 0 0 4500 1534 2558
3873 2 2 0 0 1534 4500 2559
3874 2 2 0 0 4500 923 2559
3875 2 2 0 0 492 4501 2557
3876 2 2 0 0 923 4501 1536
3877 2 2 0 0 4501 492 1536
3878 2 2 0 0 2557 4502 2558
3879 2 2 0 0 923 4502 4501
3880 2 2 0 0 4502 2557 4501
3881 2 2 0 0 4503 1357 2560
3882 2 2 0 0 4503 1535 2562
3883 2 2 0 0 323 4504 2560
3884 2 2 0 0 1535 4504 2559
3885 2 2 0 0 4504 323 2559
3886 2 2 0 0 665 4505 2561
3887 2 2 0 0 4505 665 2321
3888 2 2 0 0 2561 4506 2562
3889 2 2 0 0 1357 4506 4505
3890 2 2 0 0 4506 2561 4505
3891 2 2 0 0 4507 1319 2564
3892 2 2 0 0 1319 4507 3130
3893 2 2 0 0 4508 1679 2576
3894 2 2 0 0 1539 4509 2565
3895 2 2 0 0 4509 1239 2565
3896 2 2 0 0 1239 4509 2568
3897 2 2 0 0 1240 4510 2565
3898 2 2 0 0 4510 1240 2900
3899 2 2 0 0 1239 4511 2158
3900 2 2 0 0 4511 1003 2158
3901 2 2 0 0 97 4512 2566
3902 2 2 0 0 4512 97 2246
3903 2 2 0 0 4513 2566 4512
3904 2 2 0 0 2566 4514 2569
3905 2 2 0 0 4515 2569 2570
3906 2 2 0 0 4515 690 3270
3907 2 2 0 0 1540 4516 2571
3908 2 2 0 0 4516 924 2571
3909 2 2 0 0 1680 4517 2572
3910 2 2 0 0 4517 432 2572
3911 2 2 0 0 4517 1680 3239
3912 2 2 0 0 228 4518 2573
3913 2 2 0 0 4518 1542 2573
3914 2 2 0 0 1542 4518 2574
3915 2 2 0 0 4518 228 2574
3916 2 2 0 0 1849 4519 2573
3917 2 2 0 0 4519 228 2573
3918 2 2 0 0 926 4520 1850
3919 2 2 0 0 928 4520 2775
3920 2 2 0 0 1850 4521 2575
3921 2 2 0 0 4521 928 2575
3922 2 2 0 0 928 4521 4520
3923 2 2 0 0 4521 1850 4520
3924 2 2 0 0 927 4522 2576
3925 2 2 0 0 4522 927 2773
3926 2 2 0 0 4523 1247 2578
3927 2 2 0 0 1548 4524 2579
3928 2 2 0 0 4524 929 2579
3929 2 2 0 0 4524 929 2582
3930 2 2 0 0 1546 4525 3140
3931 2 2 0 0 1247 4526 2578
3932 2 2 0 0 4526 1247 2581
3933 2 2 0 0 929 4527 2580
3934 2 2 0 0 4527 2578 2580
3935 2 2 0 0 929 4527 4526
3936 2 2 0 0 4527 2578 4526
3937 2 2 0 0 366 4528 2901
3938 2 2 0 0 4528 1246 2901
3939 2 2 0 0 366 4529 4528
3940 2 2 0 0 1547 4530 2582
3941 2 2 0 0 4530 1547 4529
3942 2 2 0 0 737 4531 2581
3943 2 2 0 0 4531 737 3142
3944 2 2 0 0 2581 4532 2582
3945 2 2 0 0 4532 1547 2582
3946 2 2 0 0 4532 2581 4531
3947 2 2 0 0 4533 368 2584
3948 2 2 0 0 368 4533 3719
3949 2 2 0 0 4533 1549 3719
3950 2 2 0 0 4534 932 2585
3951 2 2 0 0 932 4534 2588
3952 2 2 0 0 4535 369 2086
3953 2 2 0 0 1851 4536 4535
3954 2 2 0 0 4536 369 4535
3955 2 2 0 0 157 4537 1552
3956 2 2 0 0 1551 4538 4537
3957 2 2 0 0 734 4539 2160
3958 2 2 0 0 1243 4540 2587
3959 2 2 0 0 2007 4540 4539
3960 2 2 0 0 4540 1243 4539
3961 2 2 0 0 931 4542 4541
3962 2 2 0 0 1554 4544 2590
3963 2 2 0 0 1553 4544 2591
3964 2 2 0 0 4546 579 4545
3965 2 2 0 0 579 4547 4546
3966 2 2 0 0 2175 4548 3853
3967 2 2 0 0 1558 4549 2591
3968 2 2 0 0 4549 1553 2591
3969 2 2 0 0 1553 4549 3852
3970 2 2 0 0 4549 1558 3852
3971 2 2 0 0 4550 1558 2591
3972 2 2 0 0 1558 4550 2594
3973 2 2 0 0 4550 580 2594
3974 2 2 0 0 4551 580 2592
3975 2 2 0 0 580 4551 2594
3976 2 2 0 0 4551 1557 2594
3977 2 2 0 0 4554 935 1556
3978 2 2 0 0 935 4555 2593
3979 2 2 0 0 4555 1853 2593
3980 2 2 0 0 1853 4555 4554
3981 2 2 0 0 4555 935 4554
3982 2 2 0 0 1557 4556 2594
3983 2 2 0 0 4556 935 2594
3984 2 2 0 0 935 4556 3152
3985 2 2 0 0 4556 1557 3152
3986 2 2 0 0 4557 1561 2595
3987 2 2 0 0 1561 4557 2620
3988 2 2 0 0 4557 435 2620
3989 2 2 0 0 945 4558 2595
3990 2 2 0 0 435 4558 2777
3991 2 2 0 0 4559 938 2597
3992 2 2 0 0 4559 1562 3159
3993 2 2 0 0 4560 2597 2598
3994 2 2 0 0 2597 4560 4559
3995 2 2 0 0 4560 1562 4559
3996 2 2 0 0 4561 2596 2599
3997 2 2 0 0 4562 2599 2600
3998 2 2 0 0 2599 4562 4561
3999 2 2 0 0 1566 4563 2601
4000 2 2 0 0 4563 941 2601
4001 2 2 0 0 4563 1566 2602
4002 2 2 0 0 4564 231 2596
4003 2 2 0 0 1566 4565 2602
4004 2 2 0 0 4565 231 2602
4005 2 2 0 0 231 4565 4564
4006 2 2 0 0 4565 1566 4564
4007 2 2 0 0 941 4567 4566
4008 2 2 0 0 231 4568 2602
4009 2 2 0 0 1856 4568 3387
4010 2 2 0 0 4568 231 3387
4011 2 2 0 0 939 4569 2607
4012 2 2 0 0 4569 1567 2607
4013 2 2 0 0 1188 4570 2604
4014 2 2 0 0 4571 2603 2604
4015 2 2 0 0 939 4571 4165
4016 2 2 0 0 4571 2603 4165
4017 2 2 0 0 282 4572 1393
4018 2 2 0 0 282 4573 3162
4019 2 2 0 0 2605 4574 2606
4020 2 2 0 0 282 4574 4572
4021 2 2 0 0 4574 2605 4572
4022 2 2 0 0 583 4575 1855
4023 2 2 0 0 4576 2605 2606
4024 2 2 0 0 2605 4576 4575
4025 2 2 0 0 4577 939 2607
4026 2 2 0 0 1568 4577 3163
4027 2 2 0 0 4579 372 1855
4028 2 2 0 0 1567 4580 2607
4029 2 2 0 0 940 4580 4579
4030 2 2 0 0 1570 4581 2608
4031 2 2 0 0 942 4581 3167
4032 2 2 0 0 4581 1570 3167
4033 2 2 0 0 1571 4582 2608
4034 2 2 0 0 586 4582 3168
4035 2 2 0 0 4582 1571 3168
4036 2 2 0 0 4583 1571 2608
4037 2 2 0 0 1571 4583 2610
4038 2 2 0 0 944 4584 2609
4039 2 2 0 0 4584 1570 2609
4040 2 2 0 0 1570 4584 2614
4041 2 2 0 0 4584 944 2614
4042 2 2 0 0 4585 945 1857
4043 2 2 0 0 4585 586 2777
4044 2 2 0 0 586 4586 2609
4045 2 2 0 0 4586 1857 2609
4046 2 2 0 0 1857 4586 4585
4047 2 2 0 0 4586 586 4585
4048 2 2 0 0 4587 597 3166
4049 2 2 0 0 942 4588 4587
4050 2 2 0 0 4588 1863 4587
4051 2 2 0 0 98 4589 2610
4052 2 2 0 0 1863 4589 3205
4053 2 2 0 0 1574 4590 2612
4054 2 2 0 0 4590 943 2612
4055 2 2 0 0 943 4590 1575
4056 2 2 0 0 4590 1574 1575
4057 2 2 0 0 4591 161 2612
4058 2 2 0 0 161 4591 2840
4059 2 2 0 0 1032 4592 3170
4060 2 2 0 0 2180 4593 2613
4061 2 2 0 0 4593 161 2613
4062 2 2 0 0 4593 2180 3861
4063 2 2 0 0 232 4594 2615
4064 2 2 0 0 1576 4594 2617
4065 2 2 0 0 1577 4595 2621
4066 2 2 0 0 4595 1253 2621
4067 2 2 0 0 4595 1577 2622
4068 2 2 0 0 2174 4596 2622
4069 2 2 0 0 1253 4596 3851
4070 2 2 0 0 4596 2174 3851
4071 2 2 0 0 693 4599 2782
4072 2 2 0 0 4599 952 2782
4073 2 2 0 0 693 4600 4599
4074 2 2 0 0 4600 1582 4599
4075 2 2 0 0 379 4602 2094
4076 2 2 0 0 953 4603 3178
4077 2 2 0 0 4604 1586 2630
4078 2 2 0 0 1586 4604 2629
4079 2 2 0 0 4604 159 2629
4080 2 2 0 0 4605 1589 2631
4081 2 2 0 0 1589 4605 2632
4082 2 2 0 0 4605 591 2632
4083 2 2 0 0 4606 1862 3391
4084 2 2 0 0 589 4607 950
4085 2 2 0 0 4607 438 950
4086 2 2 0 0 4608 438 4607
4087 2 2 0 0 1581 4609 2632
4088 2 2 0 0 4609 951 2632
4089 2 2 0 0 951 4609 4608
4090 2 2 0 0 378 4610 2633
4091 2 2 0 0 1590 4610 2364
4092 2 2 0 0 4610 378 2364
4093 2 2 0 0 4612 1590 3183
4094 2 2 0 0 4613 2633 2634
4095 2 2 0 0 957 4614 2635
4096 2 2 0 0 4614 1592 2635
4097 2 2 0 0 4614 957 3182
4098 2 2 0 0 371 4615 2171
4099 2 2 0 0 4615 956 2171
4100 2 2 0 0 1112 4616 2636
4101 2 2 0 0 692 4616 2835
4102 2 2 0 0 4617 1112 2636
4103 2 2 0 0 1112 4617 2752
4104 2 2 0 0 4617 371 2752
4105 2 2 0 0 692 4618 4616
4106 2 2 0 0 4618 2636 4616
4107 2 2 0 0 959 4620 2639
4108 2 2 0 0 4620 2638 2639
4109 2 2 0 0 2638 4620 4619
4110 2 2 0 0 2640 4622 3295
4111 2 2 0 0 439 4623 2642
4112 2 2 0 0 4623 1595 2642
4113 2 2 0 0 4623 439 3188
4114 2 2 0 0 1597 4624 2643
4115 2 2 0 0 4624 121 2643
4116 2 2 0 0 121 4624 3191
4117 2 2 0 0 4624 1597 3191
4118 2 2 0 0 4625 958 2643
4119 2 2 0 0 958 4625 3242
4120 2 2 0 0 4625 1033 3242
4121 2 2 0 0 121 4626 2643
4122 2 2 0 0 121 4626 1922
4123 2 2 0 0 4626 1033 1922
4124 2 2 0 0 4627 390 2646
4125 2 2 0 0 390 4627 3219
4126 2 2 0 0 4628 1600 2647
4127 2 2 0 0 4628 593 2645
4128 2 2 0 0 4630 1192 4629
4129 2 2 0 0 4631 1192 4630
4130 2 2 0 0 960 4632 2648
4131 2 2 0 0 4632 1601 2648
4132 2 2 0 0 4632 960 2646
4133 2 2 0 0 1601 4633 2649
4134 2 2 0 0 984 4633 2650
4135 2 2 0 0 4633 1601 2650
4136 2 2 0 0 1632 4634 2649
4137 2 2 0 0 4634 611 2649
4138 2 2 0 0 611 4634 2696
4139 2 2 0 0 4635 1682 3242
4140 2 2 0 0 4636 238 2652
4141 2 2 0 0 4636 1683 4635
4142 2 2 0 0 4637 1603 2653
4143 2 2 0 0 4637 595 3195
4144 2 2 0 0 1606 4638 2655
4145 2 2 0 0 4638 967 2655
4146 2 2 0 0 967 4638 3199
4147 2 2 0 0 4638 1606 3199
4148 2 2 0 0 4639 1606 2655
4149 2 2 0 0 1606 4639 3198
4150 2 2 0 0 599 4640 2668
4151 2 2 0 0 4640 1866 2668
4152 2 2 0 0 964 4641 2656
4153 2 2 0 0 4641 436 2656
4154 2 2 0 0 4641 964 1608
4155 2 2 0 0 4642 638 1659
4156 2 2 0 0 638 4642 1144
4157 2 2 0 0 4642 184 1144
4158 2 2 0 0 4643 1659 2658
4159 2 2 0 0 1659 4643 4642
4160 2 2 0 0 4643 184 4642
4161 2 2 0 0 966 4644 2787
4162 2 2 0 0 383 4645 2660
4163 2 2 0 0 4645 1613 2660
4164 2 2 0 0 4647 965 2661
4165 2 2 0 0 965 4647 4646
4166 2 2 0 0 4647 1614 4646
4167 2 2 0 0 4648 965 3203
4168 2 2 0 0 965 4649 2661
4169 2 2 0 0 1613 4649 4648
4170 2 2 0 0 4649 965 4648
4171 2 2 0 0 4650 1064 1791
4172 2 2 0 0 1064 4650 1956
4173 2 2 0 0 1791 4651 4650
4174 2 2 0 0 4651 328 4650
4175 2 2 0 0 1616 4652 2665
4176 2 2 0 0 4652 187 2665
4177 2 2 0 0 187 4652 3208
4178 2 2 0 0 2663 4653 2664
4179 2 2 0 0 4653 2663 3652
4180 2 2 0 0 2664 4654 2665
4181 2 2 0 0 4654 187 2665
4182 2 2 0 0 4654 2664 4653
4183 2 2 0 0 1385 4655 2839
4184 2 2 0 0 4656 971 2667
4185 2 2 0 0 971 4656 2668
4186 2 2 0 0 4656 1618 2668
4187 2 2 0 0 974 4657 2669
4188 2 2 0 0 4657 974 3211
4189 2 2 0 0 131 4658 1872
4190 2 2 0 0 4658 974 1872
4191 2 2 0 0 1622 4659 2672
4192 2 2 0 0 131 4659 4658
4193 2 2 0 0 4659 1622 4658
4194 2 2 0 0 4660 305 306
4195 2 2 0 0 305 4660 3403
4196 2 2 0 0 4660 63 3403
4197 2 2 0 0 306 4661 4660
4198 2 2 0 0 4661 63 4660
4199 2 2 0 0 63 4662 602
4200 2 2 0 0 63 4662 4661
4201 2 2 0 0 4662 307 4661
4202 2 2 0 0 307 4663 4662
4203 2 2 0 0 4663 602 4662
4204 2 2 0 0 4664 307 1268
4205 2 2 0 0 307 4664 4663
4206 2 2 0 0 4664 603 4663
4207 2 2 0 0 1268 4665 4664
4208 2 2 0 0 4665 603 4664
4209 2 2 0 0 1268 4666 4665
4210 2 2 0 0 4666 1623 4665
4211 2 2 0 0 306 4667 753
4212 2 2 0 0 307 4667 4661
4213 2 2 0 0 4667 306 4661
4214 2 2 0 0 753 4668 754
4215 2 2 0 0 307 4668 4667
4216 2 2 0 0 4668 753 4667
4217 2 2 0 0 307 4669 1268
4218 2 2 0 0 307 4669 4668
4219 2 2 0 0 4669 754 4668
4220 2 2 0 0 4670 754 1269
4221 2 2 0 0 754 4670 4669
4222 2 2 0 0 4670 1268 4669
4223 2 2 0 0 1269 4671 4670
4224 2 2 0 0 4671 1268 4670
4225 2 2 0 0 1624 4672 2674
4226 2 2 0 0 1623 4672 2676
4227 2 2 0 0 4672 1624 2676
4228 2 2 0 0 2673 4673 4666
4229 2 2 0 0 4673 1623 4666
4230 2 2 0 0 4675 1228 1625
4231 2 2 0 0 4675 976 4674
4232 2 2 0 0 4676 1625 2677
4233 2 2 0 0 1625 4676 4675
4234 2 2 0 0 4676 976 4675
4235 2 2 0 0 4677 387 2678
4236 2 2 0 0 387 4678 2678
4237 2 2 0 0 4678 975 2678
4238 2 2 0 0 975 4678 1873
4239 2 2 0 0 4678 387 1873
4240 2 2 0 0 697 4679 2680
4241 2 2 0 0 1754 4679 2101
4242 2 2 0 0 824 4680 2681
4243 2 2 0 0 4680 607 2681
4244 2 2 0 0 127 4681 2681
4245 2 2 0 0 4681 824 2681
4246 2 2 0 0 127 4681 3518
4247 2 2 0 0 4681 824 3518
4248 2 2 0 0 1635 4682 2682
4249 2 2 0 0 4682 388 2682
4250 2 2 0 0 388 4682 2701
4251 2 2 0 0 1627 4683 2684
4252 2 2 0 0 1628 4684 2685
4253 2 2 0 0 4684 1628 3215
4254 2 2 0 0 697 4685 2686
4255 2 2 0 0 4685 1629 2686
4256 2 2 0 0 4686 2101 2686
4257 2 2 0 0 4686 1194 3737
4258 2 2 0 0 4687 269 2688
4259 2 2 0 0 269 4687 3216
4260 2 2 0 0 4687 1629 3216
4261 2 2 0 0 1629 4688 2686
4262 2 2 0 0 269 4690 2688
4263 2 2 0 0 4690 2687 4689
4264 2 2 0 0 4691 1634 3189
4265 2 2 0 0 4692 103 2690
4266 2 2 0 0 103 4692 4691
4267 2 2 0 0 4693 1126 2701
4268 2 2 0 0 2689 4694 4693
4269 2 2 0 0 4694 1126 4693
4270 2 2 0 0 4695 984 2695
4271 2 2 0 0 4695 1632 2649
4272 2 2 0 0 4696 986 2696
4273 2 2 0 0 986 4696 2699
4274 2 2 0 0 4696 1632 2699
4275 2 2 0 0 2020 4697 2700
4276 2 2 0 0 4697 614 2700
4277 2 2 0 0 614 4697 3423
4278 2 2 0 0 4697 2020 3423
4279 2 2 0 0 4698 1635 1882
4280 2 2 0 0 4700 987 2703
4281 2 2 0 0 4700 2689 4693
4282 2 2 0 0 4701 1634 4691
4283 2 2 0 0 4702 1637 2705
4284 2 2 0 0 1637 4702 2703
4285 2 2 0 0 4703 1639 3221
4286 2 2 0 0 1884 4705 2706
4287 2 2 0 0 989 4705 3417
4288 2 2 0 0 4705 1884 3417
4289 2 2 0 0 4707 1882 1884
4290 2 2 0 0 1882 4707 4706
4291 2 2 0 0 4708 1884 2706
4292 2 2 0 0 1884 4708 4707
4293 2 2 0 0 4708 988 4707
4294 2 2 0 0 622 4709 2711
4295 2 2 0 0 1643 4710 2712
4296 2 2 0 0 617 4710 2717
4297 2 2 0 0 4710 1643 2717
4298 2 2 0 0 255 4711 2792
4299 2 2 0 0 996 4712 2712
4300 2 2 0 0 4712 1643 2712
4301 2 2 0 0 1643 4712 4711
4302 2 2 0 0 4712 996 4711
4303 2 2 0 0 995 4713 2714
4304 2 2 0 0 4713 996 2714
4305 2 2 0 0 2713 4714 2714
4306 2 2 0 0 4714 995 2714
4307 2 2 0 0 995 4714 3754
4308 2 2 0 0 4714 2713 3754
4309 2 2 0 0 1641 4715 2715
4310 2 2 0 0 4715 1641 3739
4311 2 2 0 0 1643 4716 2717
4312 2 2 0 0 4716 1642 2717
4313 2 2 0 0 4716 1643 3223
4314 2 2 0 0 1642 4717 2717
4315 2 2 0 0 4717 2025 2717
4316 2 2 0 0 2025 4717 3646
4317 2 2 0 0 1644 4718 2718
4318 2 2 0 0 4718 998 2718
4319 2 2 0 0 483 4719 2720
4320 2 2 0 0 4719 1644 2720
4321 2 2 0 0 1933 4720 2719
4322 2 2 0 0 1200 4722 2721
4323 2 2 0 0 703 4722 1892
4324 2 2 0 0 4723 1785 2722
4325 2 2 0 0 4724 703 1646
4326 2 2 0 0 1645 4725 2723
4327 2 2 0 0 1646 4725 4724
4328 2 2 0 0 4725 1645 4724
4329 2 2 0 0 704 4726 3751
4330 2 2 0 0 1647 4727 2724
4331 2 2 0 0 2722 4728 2727
4332 2 2 0 0 1645 4728 4721
4333 2 2 0 0 999 4729 3440
4334 2 2 0 0 4730 1649 2728
4335 2 2 0 0 1649 4730 4729
4336 2 2 0 0 4731 1000 2729
4337 2 2 0 0 1001 4732 2730
4338 2 2 0 0 4732 2729 2730
4339 2 2 0 0 2729 4732 4731
4340 2 2 0 0 4732 1001 4731
4341 2 2 0 0 1652 4733 2731
4342 2 2 0 0 1001 4733 4731
4343 2 2 0 0 4734 801 1769
4344 2 2 0 0 1771 4735 2734
4345 2 2 0 0 4735 174 2734
4346 2 2 0 0 4735 1771 4734
4347 2 2 0 0 4736 768 2735
4348 2 2 0 0 768 4736 2227
4349 2 2 0 0 4737 2735 2736
4350 2 2 0 0 2735 4737 4736
4351 2 2 0 0 4737 452 4736
4352 2 2 0 0 2736 4739 2737
4353 2 2 0 0 4739 1653 2737
4354 2 2 0 0 1653 4739 4738
4355 2 2 0 0 4740 1656 3442
4356 2 2 0 0 2227 4741 2739
4357 2 2 0 0 4742 764 2740
4358 2 2 0 0 4742 2739 4741
4359 2 2 0 0 452 4743 1654
4360 2 2 0 0 4744 1002 4743
4361 2 2 0 0 4745 764 2738
4362 2 2 0 0 4746 1656 4745
4363 2 2 0 0 618 4747 619
4364 2 2 0 0 4747 41 1894
4365 2 2 0 0 619 4748 620
4366 2 2 0 0 4748 170 620
4367 2 2 0 0 619 4748 2746
4368 2 2 0 0 4748 170 2746
4369 2 2 0 0 668 4749 1265
4370 2 2 0 0 285 4750 723
4371 2 2 0 0 4750 285 1007
4372 2 2 0 0 723 4751 724
4373 2 2 0 0 286 4751 4750
4374 2 2 0 0 4751 723 4750
4375 2 2 0 0 413 4752 759
4376 2 2 0 0 717 4752 1224
4377 2 2 0 0 4752 413 1224
4378 2 2 0 0 4753 687 920
4379 2 2 0 0 687 4753 1180
4380 2 2 0 0 4753 364 1180
4381 2 2 0 0 105 4754 1022
4382 2 2 0 0 418 4754 1662
4383 2 2 0 0 4754 105 1662
4384 2 2 0 0 4755 408 1030
4385 2 2 0 0 408 4755 2795
4386 2 2 0 0 4755 1029 2795
4387 2 2 0 0 997 4756 1038
4388 2 2 0 0 4756 997 1200
4389 2 2 0 0 509 4757 2743
4390 2 2 0 0 4757 169 2743
4391 2 2 0 0 4758 517 1068
4392 2 2 0 0 4758 518 1070
4393 2 2 0 0 340 4759 1076
4394 2 2 0 0 4759 1047 1076
4395 2 2 0 0 1047 4759 3229
4396 2 2 0 0 4759 340 3229
4397 2 2 0 0 536 4760 1085
4398 2 2 0 0 4760 294 1085
4399 2 2 0 0 536 4760 1087
4400 2 2 0 0 4760 294 1087
4401 2 2 0 0 4761 1017 1236
4402 2 2 0 0 298 4762 1115
4403 2 2 0 0 1114 4762 1743
4404 2 2 0 0 4762 298 1743
4405 2 2 0 0 594 4763 1119
4406 2 2 0 0 4763 1118 1119
4407 2 2 0 0 1118 4763 2100
4408 2 2 0 0 4763 594 2100
4409 2 2 0 0 385 4764 1122
4410 2 2 0 0 4764 1121 1122
4411 2 2 0 0 1121 4764 2843
4412 2 2 0 0 4764 385 2843
4413 2 2 0 0 4765 329 1124
4414 2 2 0 0 329 4765 1787
4415 2 2 0 0 4765 828 1787
4416 2 2 0 0 4766 396 2748
4417 2 2 0 0 251 4767 1156
4418 2 2 0 0 4767 662 1156
4419 2 2 0 0 662 4767 1157
4420 2 2 0 0 673 4768 1165
4421 2 2 0 0 626 4768 1702
4422 2 2 0 0 4768 673 1702
4423 2 2 0 0 1161 4769 1168
4424 2 2 0 0 1161 4769 2382
4425 2 2 0 0 1012 4770 1166
4426 2 2 0 0 4771 141 198
4427 2 2 0 0 141 4771 2068
4428 2 2 0 0 4771 142 2068
4429 2 2 0 0 4772 198 199
4430 2 2 0 0 198 4772 4771
4431 2 2 0 0 4772 142 4771
4432 2 2 0 0 142 4773 680
4433 2 2 0 0 199 4773 4772
4434 2 2 0 0 4773 142 4772
4435 2 2 0 0 4774 199 1175
4436 2 2 0 0 199 4774 4773
4437 2 2 0 0 4774 680 4773
4438 2 2 0 0 680 4775 1176
4439 2 2 0 0 4775 1175 1176
4440 2 2 0 0 1175 4775 4774
4441 2 2 0 0 4775 680 4774
4442 2 2 0 0 689 4776 1182
4443 2 2 0 0 4777 160 1191
4444 2 2 0 0 160 4777 1859
4445 2 2 0 0 4777 736 1859
4446 2 2 0 0 4778 163 1212
4447 2 2 0 0 163 4778 1731
4448 2 2 0 0 4778 710 1731
4449 2 2 0 0 1223 4779 1224
4450 2 2 0 0 4779 130 1224
4451 2 2 0 0 130 4779 2890
4452 2 2 0 0 4779 1223 2890
4453 2 2 0 0 413 4780 1224
4454 2 2 0 0 4780 1223 1224
4455 2 2 0 0 1223 4780 2797
4456 2 2 0 0 4780 413 2797
4457 2 2 0 0 4781 146 1100
4458 2 2 0 0 4782 731 1740
4459 2 2 0 0 226 4783 1240
4460 2 2 0 0 4783 733 1240
4461 2 2 0 0 4783 226 1742
4462 2 2 0 0 1103 4784 1241
4463 2 2 0 0 4784 361 1241
4464 2 2 0 0 1103 4784 3599
4465 2 2 0 0 4784 361 3599
4466 2 2 0 0 4785 1103 1241
4467 2 2 0 0 785 4786 1318
4468 2 2 0 0 4786 297 1318
4469 2 2 0 0 740 4787 1249
4470 2 2 0 0 4787 371 1249
4471 2 2 0 0 371 4787 2752
4472 2 2 0 0 1033 4788 1257
4473 2 2 0 0 4788 238 1257
4474 2 2 0 0 1033 4788 3242
4475 2 2 0 0 755 4789 1267
4476 2 2 0 0 4789 445 1267
4477 2 2 0 0 445 4789 1746
4478 2 2 0 0 4789 755 1746
4479 2 2 0 0 412 4790 1226
4480 2 2 0 0 4790 717 1226
4481 2 2 0 0 717 4791 1280
4482 2 2 0 0 4791 1225 1280
4483 2 2 0 0 1225 4791 4790
4484 2 2 0 0 4791 717 4790
4485 2 2 0 0 4792 660 2811
4486 2 2 0 0 1284 4793 1285
4487 2 2 0 0 4793 763 1285
4488 2 2 0 0 763 4793 4792
4489 2 2 0 0 4793 1284 4792
4490 2 2 0 0 4794 326 1293
4491 2 2 0 0 4794 770 1671
4492 2 2 0 0 4795 536 1313
4493 2 2 0 0 4795 536 1674
4494 2 2 0 0 152 4797 1320
4495 2 2 0 0 4797 786 1320
4496 2 2 0 0 786 4797 1322
4497 2 2 0 0 786 4798 1321
4498 2 2 0 0 655 4798 1322
4499 2 2 0 0 4798 786 1322
4500 2 2 0 0 4799 790 1329
4501 2 2 0 0 790 4799 1762
4502 2 2 0 0 41 4800 1052
4503 2 2 0 0 4800 41 1894
4504 2 2 0 0 4801 482 1331
4505 2 2 0 0 482 4801 4800
4506 2 2 0 0 4801 1052 4800
4507 2 2 0 0 134 4802 3506
4508 2 2 0 0 4802 489 3506
4509 2 2 0 0 4803 134 1332
4510 2 2 0 0 134 4803 4802
4511 2 2 0 0 4803 795 4802
4512 2 2 0 0 489 4804 1333
4513 2 2 0 0 795 4804 4802
4514 2 2 0 0 4804 489 4802
4515 2 2 0 0 494 4805 1346
4516 2 2 0 0 4805 1055 1346
4517 2 2 0 0 1055 4805 1770
4518 2 2 0 0 4806 138 1348
4519 2 2 0 0 316 4807 1753
4520 2 2 0 0 317 4808 1350
4521 2 2 0 0 1349 4808 2234
4522 2 2 0 0 4808 317 2234
4523 2 2 0 0 4809 1353 1354
4524 2 2 0 0 1353 4809 2316
4525 2 2 0 0 4809 805 2316
4526 2 2 0 0 4810 275 1842
4527 2 2 0 0 817 4811 1365
4528 2 2 0 0 816 4811 4110
4529 2 2 0 0 4811 817 4110
4530 2 2 0 0 184 4812 1365
4531 2 2 0 0 4812 817 1365
4532 2 2 0 0 817 4812 2657
4533 2 2 0 0 4812 184 2657
4534 2 2 0 0 635 4813 1376
4535 2 2 0 0 4813 1143 1376
4536 2 2 0 0 1143 4813 1543
4537 2 2 0 0 4813 635 1543
4538 2 2 0 0 4814 515 1385
4539 2 2 0 0 515 4814 1791
4540 2 2 0 0 1118 4815 1385
4541 2 2 0 0 4815 515 1385
4542 2 2 0 0 4815 1118 2838
4543 2 2 0 0 135 4816 2759
4544 2 2 0 0 4816 834 2759
4545 2 2 0 0 1071 4817 3693
4546 2 2 0 0 4818 845 1399
4547 2 2 0 0 845 4818 1799
4548 2 2 0 0 4818 290 1799
4549 2 2 0 0 4819 849 1405
4550 2 2 0 0 854 4820 1415
4551 2 2 0 0 4821 854 1418
4552 2 2 0 0 854 4821 2974
4553 2 2 0 0 4821 1356 2974
4554 2 2 0 0 4822 868 1428
4555 2 2 0 0 868 4822 1808
4556 2 2 0 0 4822 196 1808
4557 2 2 0 0 4823 873 1453
4558 2 2 0 0 873 4823 1812
4559 2 2 0 0 683 4824 1457
4560 2 2 0 0 877 4824 2078
4561 2 2 0 0 4824 683 2078
4562 2 2 0 0 878 4825 1458
4563 2 2 0 0 4825 540 1458
4564 2 2 0 0 556 4826 1097
4565 2 2 0 0 4826 556 1676
4566 2 2 0 0 95 4827 4826
4567 2 2 0 0 4827 1097 4826
4568 2 2 0 0 1100 4828 4781
4569 2 2 0 0 4828 427 4781
4570 2 2 0 0 427 4829 1496
4571 2 2 0 0 4829 1101 1496
4572 2 2 0 0 1101 4829 4828
4573 2 2 0 0 4829 427 4828
4574 2 2 0 0 561 4830 1504
4575 2 2 0 0 4830 1503 1504
4576 2 2 0 0 1503 4830 3083
4577 2 2 0 0 907 4831 1506
4578 2 2 0 0 911 4832 1512
4579 2 2 0 0 4832 477 1512
4580 2 2 0 0 477 4832 4016
4581 2 2 0 0 4832 911 4016
4582 2 2 0 0 1522 4833 2031
4583 2 2 0 0 4833 117 2031
4584 2 2 0 0 922 4834 1536
4585 2 2 0 0 4834 923 1536
4586 2 2 0 0 923 4834 1535
4587 2 2 0 0 4834 922 1535
4588 2 2 0 0 635 4835 1543
4589 2 2 0 0 4835 926 1543
4590 2 2 0 0 1243 4836 1551
4591 2 2 0 0 578 4836 3239
4592 2 2 0 0 4836 1243 3239
4593 2 2 0 0 370 4837 1556
4594 2 2 0 0 4837 934 1556
4595 2 2 0 0 934 4837 3617
4596 2 2 0 0 4837 370 3617
4597 2 2 0 0 1559 4838 1560
4598 2 2 0 0 4838 158 1560
4599 2 2 0 0 158 4838 2904
4600 2 2 0 0 4838 1559 2904
4601 2 2 0 0 4839 937 1563
4602 2 2 0 0 4840 582 1565
4603 2 2 0 0 4841 120 1565
4604 2 2 0 0 120 4841 1744
4605 2 2 0 0 4841 740 1744
4606 2 2 0 0 943 4842 1576
4607 2 2 0 0 944 4842 1575
4608 2 2 0 0 4842 943 1575
4609 2 2 0 0 4843 946 1577
4610 2 2 0 0 4843 435 2777
4611 2 2 0 0 588 4844 1578
4612 2 2 0 0 4844 947 1578
4613 2 2 0 0 4844 588 1580
4614 2 2 0 0 1391 4845 1578
4615 2 2 0 0 4845 588 1578
4616 2 2 0 0 588 4845 2008
4617 2 2 0 0 4845 1391 2008
4618 2 2 0 0 235 4846 1579
4619 2 2 0 0 4846 235 1858
4620 2 2 0 0 1584 4847 1585
4621 2 2 0 0 590 4847 2627
4622 2 2 0 0 4847 1584 2627
4623 2 2 0 0 952 4848 1586
4624 2 2 0 0 4848 1582 1586
4625 2 2 0 0 1582 4848 4599
4626 2 2 0 0 4848 952 4599
4627 2 2 0 0 1192 4849 3630
4628 2 2 0 0 4849 177 3630
4629 2 2 0 0 746 4850 1604
4630 2 2 0 0 4850 1257 1604
4631 2 2 0 0 4850 746 2181
4632 2 2 0 0 240 4851 1605
4633 2 2 0 0 4851 962 1605
4634 2 2 0 0 4851 240 1606
4635 2 2 0 0 436 4852 3169
4636 2 2 0 0 4852 1572 3169
4637 2 2 0 0 598 4853 1616
4638 2 2 0 0 1122 4853 3202
4639 2 2 0 0 4853 598 3202
4640 2 2 0 0 4854 969 970
4641 2 2 0 0 969 4854 1615
4642 2 2 0 0 970 4855 1617
4643 2 2 0 0 4855 384 1617
4644 2 2 0 0 970 4855 4854
4645 2 2 0 0 4855 384 4854
4646 2 2 0 0 1602 4856 1618
4647 2 2 0 0 4856 599 1618
4648 2 2 0 0 4856 1602 3197
4649 2 2 0 0 4857 1602 1618
4650 2 2 0 0 50 4857 2651
4651 2 2 0 0 4857 1602 2651
4652 2 2 0 0 308 4858 1624
4653 2 2 0 0 761 4859 2749
4654 2 2 0 0 266 4860 1626
4655 2 2 0 0 4860 1125 1626
4656 2 2 0 0 1125 4860 4859
4657 2 2 0 0 4860 266 4859
4658 2 2 0 0 609 4861 1630
4659 2 2 0 0 1126 4861 1877
4660 2 2 0 0 4861 609 1877
4661 2 2 0 0 4862 612 1638
4662 2 2 0 0 612 4862 1883
4663 2 2 0 0 4862 989 1883
4664 2 2 0 0 593 4863 2645
4665 2 2 0 0 4863 1599 2645
4666 2 2 0 0 4864 1197 1641
4667 2 2 0 0 1197 4864 2877
4668 2 2 0 0 4864 617 2877
4669 2 2 0 0 623 4865 1651
4670 2 2 0 0 4865 1121 1651
4671 2 2 0 0 1121 4865 2012
4672 2 2 0 0 625 4866 1654
4673 2 2 0 0 1653 4866 2734
4674 2 2 0 0 4866 625 2734
4675 2 2 0 0 4867 199 1658
4676 2 2 0 0 199 4867 1175
4677 2 2 0 0 4867 346 1175
4678 2 2 0 0 346 4868 1674
4679 2 2 0 0 1658 4868 4867
4680 2 2 0 0 4868 346 4867
4681 2 2 0 0 865 4869 1675
4682 2 2 0 0 4869 357 1675
4683 2 2 0 0 357 4869 1807
4684 2 2 0 0 4869 865 1807
4685 2 2 0 0 279 4870 2709
4686 2 2 0 0 4870 622 2709
4687 2 2 0 0 570 4871 1689
4688 2 2 0 0 4871 154 2123
4689 2 2 0 0 662 4872 1695
4690 2 2 0 0 4872 662 1157
4691 2 2 0 0 669 4873 1696
4692 2 2 0 0 4873 668 1696
4693 2 2 0 0 668 4873 4749
4694 2 2 0 0 4873 669 4749
4695 2 2 0 0 250 4874 1697
4696 2 2 0 0 4874 669 1697
4697 2 2 0 0 669 4874 4749
4698 2 2 0 0 4874 250 4749
4699 2 2 0 0 673 4875 1701
4700 2 2 0 0 673 4875 1702
4701 2 2 0 0 4876 682 1705
4702 2 2 0 0 682 4876 2074
4703 2 2 0 0 4876 143 2074
4704 2 2 0 0 685 4877 1709
4705 2 2 0 0 4877 215 1709
4706 2 2 0 0 4877 685 1807
4707 2 2 0 0 215 4878 1709
4708 2 2 0 0 4878 1708 1709
4709 2 2 0 0 1708 4878 3346
4710 2 2 0 0 4878 215 3346
4711 2 2 0 0 708 4879 1725
4712 2 2 0 0 4879 662 1725
4713 2 2 0 0 662 4879 2967
4714 2 2 0 0 4880 711 3438
4715 2 2 0 0 711 4881 1728
4716 2 2 0 0 4881 163 1728
4717 2 2 0 0 163 4881 1212
4718 2 2 0 0 4881 711 1212
4719 2 2 0 0 4882 711 1728
4720 2 2 0 0 711 4882 3438
4721 2 2 0 0 4882 482 3438
4722 2 2 0 0 1020 4883 1732
4723 2 2 0 0 411 4883 1906
4724 2 2 0 0 4883 1020 1906
4725 2 2 0 0 724 4885 1735
4726 2 2 0 0 4885 101 1735
4727 2 2 0 0 101 4885 4884
4728 2 2 0 0 4885 724 4884
4729 2 2 0 0 101 4886 1735
4730 2 2 0 0 4886 1734 1735
4731 2 2 0 0 4886 1734 3460
4732 2 2 0 0 732 4887 1741
4733 2 2 0 0 4887 405 1741
4734 2 2 0 0 405 4887 3248
4735 2 2 0 0 4887 732 3248
4736 2 2 0 0 740 4888 1744
4737 2 2 0 0 4888 740 1249
4738 2 2 0 0 1749 4889 1750
4739 2 2 0 0 4889 644 1750
4740 2 2 0 0 644 4889 2207
4741 2 2 0 0 4889 1749 2207
4742 2 2 0 0 1751 4890 1752
4743 2 2 0 0 4890 267 1752
4744 2 2 0 0 267 4890 2042
4745 2 2 0 0 4890 1751 2042
4746 2 2 0 0 4891 770 1754
4747 2 2 0 0 770 4891 1671
4748 2 2 0 0 1024 4892 1755
4749 2 2 0 0 458 4893 1757
4750 2 2 0 0 4893 774 1757
4751 2 2 0 0 774 4893 1296
4752 2 2 0 0 4893 458 1296
4753 2 2 0 0 1760 4894 1761
4754 2 2 0 0 4894 1760 2275
4755 2 2 0 0 86 4895 1761
4756 2 2 0 0 4895 1760 1761
4757 2 2 0 0 86 4895 2049
4758 2 2 0 0 4895 1760 2049
4759 2 2 0 0 792 4896 1763
4760 2 2 0 0 4896 480 1763
4761 2 2 0 0 480 4896 1764
4762 2 2 0 0 4896 792 1764
4763 2 2 0 0 162 4897 1763
4764 2 2 0 0 4897 792 1763
4765 2 2 0 0 792 4897 2047
4766 2 2 0 0 4897 162 2047
4767 2 2 0 0 799 4898 1767
4768 2 2 0 0 4898 312 1767
4769 2 2 0 0 4898 799 1338
4770 2 2 0 0 801 4899 1770
4771 2 2 0 0 4899 315 1770
4772 2 2 0 0 315 4899 1344
4773 2 2 0 0 4899 801 1344
4774 2 2 0 0 4900 808 1773
4775 2 2 0 0 4901 1367 1773
4776 2 2 0 0 1367 4901 1368
4777 2 2 0 0 4901 807 1368
4778 2 2 0 0 809 4902 1774
4779 2 2 0 0 4902 626 1774
4780 2 2 0 0 626 4902 1702
4781 2 2 0 0 666 4904 1776
4782 2 2 0 0 4904 810 1776
4783 2 2 0 0 1161 4905 1776
4784 2 2 0 0 4905 666 1776
4785 2 2 0 0 4905 1161 1168
4786 2 2 0 0 182 4906 1777
4787 2 2 0 0 4906 811 1777
4788 2 2 0 0 4906 182 2524
4789 2 2 0 0 1063 4907 1782
4790 2 2 0 0 4907 510 1782
4791 2 2 0 0 510 4907 1953
4792 2 2 0 0 4907 1063 1953
4793 2 2 0 0 671 4908 4134
4794 2 2 0 0 4908 1699 4134
4795 2 2 0 0 185 4909 1040
4796 2 2 0 0 4910 185 1786
4797 2 2 0 0 185 4910 4909
4798 2 2 0 0 4910 1693 4909
4799 2 2 0 0 828 4911 1787
4800 2 2 0 0 4911 827 1787
4801 2 2 0 0 4911 828 1788
4802 2 2 0 0 835 4912 1793
4803 2 2 0 0 4912 672 1793
4804 2 2 0 0 672 4912 2760
4805 2 2 0 0 651 4913 1799
4806 2 2 0 0 4913 845 1799
4807 2 2 0 0 845 4913 3554
4808 2 2 0 0 4913 651 3554
4809 2 2 0 0 100 4914 1046
4810 2 2 0 0 100 4914 1899
4811 2 2 0 0 4914 651 1899
4812 2 2 0 0 1046 4915 1799
4813 2 2 0 0 4915 651 1799
4814 2 2 0 0 651 4915 4914
4815 2 2 0 0 4915 1046 4914
4816 2 2 0 0 290 4916 1799
4817 2 2 0 0 4916 1046 1799
4818 2 2 0 0 1046 4916 1941
4819 2 2 0 0 4916 290 1941
4820 2 2 0 0 320 4917 1804
4821 2 2 0 0 4917 853 1804
4822 2 2 0 0 853 4917 2761
4823 2 2 0 0 530 4918 1805
4824 2 2 0 0 4918 1673 1805
4825 2 2 0 0 1673 4918 2419
4826 2 2 0 0 4918 530 2419
4827 2 2 0 0 4919 144 1814
4828 2 2 0 0 4919 877 2078
4829 2 2 0 0 144 4920 1814
4830 2 2 0 0 4920 1090 1814
4831 2 2 0 0 1090 4920 3706
4832 2 2 0 0 4920 144 3706
4833 2 2 0 0 1092 4921 1818
4834 2 2 0 0 4921 543 1818
4835 2 2 0 0 4921 1092 1986
4836 2 2 0 0 4922 677 1824
4837 2 2 0 0 4922 894 1993
4838 2 2 0 0 677 4923 1824
4839 2 2 0 0 4923 1171 1824
4840 2 2 0 0 1171 4923 2062
4841 2 2 0 0 4923 677 2062
4842 2 2 0 0 897 4924 1833
4843 2 2 0 0 4924 903 1833
4844 2 2 0 0 903 4924 3373
4845 2 2 0 0 4924 897 3373
4846 2 2 0 0 1675 4925 1835
4847 2 2 0 0 4925 1675 4375
4848 2 2 0 0 785 4926 1838
4849 2 2 0 0 911 4926 4016
4850 2 2 0 0 4926 785 4016
4851 2 2 0 0 4927 1139 1843
4852 2 2 0 0 117 4927 2034
4853 2 2 0 0 4927 1139 2034
4854 2 2 0 0 1139 4928 1844
4855 2 2 0 0 1139 4928 3659
4856 2 2 0 0 4928 222 3659
4857 2 2 0 0 1844 4929 1845
4858 2 2 0 0 4929 222 1845
4859 2 2 0 0 222 4929 4928
4860 2 2 0 0 4929 1844 4928
4861 2 2 0 0 573 4930 1845
4862 2 2 0 0 4930 1844 1845
4863 2 2 0 0 1844 4930 3119
4864 2 2 0 0 4930 573 3119
4865 2 2 0 0 1710 4931 1846
4866 2 2 0 0 4931 225 1846
4867 2 2 0 0 225 4931 3972
4868 2 2 0 0 4931 1710 3972
4869 2 2 0 0 687 4932 1846
4870 2 2 0 0 4932 1710 1846
4871 2 2 0 0 1710 4932 2870
4872 2 2 0 0 4932 687 2870
4873 2 2 0 0 4933 364 1847
4874 2 2 0 0 364 4933 3125
4875 2 2 0 0 4933 921 3125
4876 2 2 0 0 364 4934 1847
4877 2 2 0 0 920 4934 4753
4878 2 2 0 0 4934 364 4753
4879 2 2 0 0 736 4935 1859
4880 2 2 0 0 4935 434 1859
4881 2 2 0 0 587 4936 1861
4882 2 2 0 0 4936 954 1861
4883 2 2 0 0 954 4936 1588
4884 2 2 0 0 4936 587 1588
4885 2 2 0 0 375 4937 1251
4886 2 2 0 0 4937 375 1153
4887 2 2 0 0 1251 4938 1867
4888 2 2 0 0 4938 374 1867
4889 2 2 0 0 374 4938 4937
4890 2 2 0 0 4938 1251 4937
4891 2 2 0 0 4939 512 1869
4892 2 2 0 0 512 4939 3327
4893 2 2 0 0 4939 1868 3327
4894 2 2 0 0 4940 251 1870
4895 2 2 0 0 251 4940 1159
4896 2 2 0 0 601 4941 1871
4897 2 2 0 0 4941 974 1871
4898 2 2 0 0 974 4941 1872
4899 2 2 0 0 4941 601 1872
4900 2 2 0 0 4942 975 1873
4901 2 2 0 0 975 4942 1872
4902 2 2 0 0 4942 601 1872
4903 2 2 0 0 606 4943 1874
4904 2 2 0 0 975 4943 2678
4905 2 2 0 0 1684 4944 1874
4906 2 2 0 0 4944 606 1874
4907 2 2 0 0 606 4944 2788
4908 2 2 0 0 4944 1684 2788
4909 2 2 0 0 4945 1684 1874
4910 2 2 0 0 1684 4945 2671
4911 2 2 0 0 980 4946 1876
4912 2 2 0 0 4946 609 1876
4913 2 2 0 0 609 4946 1877
4914 2 2 0 0 983 4947 1876
4915 2 2 0 0 4947 609 1876
4916 2 2 0 0 609 4947 2789
4917 2 2 0 0 981 4948 1878
4918 2 2 0 0 4948 608 1878
4919 2 2 0 0 608 4948 2789
4920 2 2 0 0 4948 981 2789
4921 2 2 0 0 745 4949 1878
4922 2 2 0 0 4949 981 1878
4923 2 2 0 0 981 4949 1631
4924 2 2 0 0 986 4950 1881
4925 2 2 0 0 4950 420 1881
4926 2 2 0 0 420 4950 2790
4927 2 2 0 0 4950 986 2790
4928 2 2 0 0 997 4951 1893
4929 2 2 0 0 4951 997 1038
4930 2 2 0 0 4952 997 1893
4931 2 2 0 0 997 4952 2746
4932 2 2 0 0 4952 618 2746
4933 2 2 0 0 397 4953 1896
4934 2 2 0 0 1202 4953 2881
4935 2 2 0 0 4953 397 2881
4936 2 2 0 0 462 4954 1006
4937 2 2 0 0 462 4954 463
4938 2 2 0 0 1006 4955 1007
4939 2 2 0 0 100 4955 4954
4940 2 2 0 0 4955 1006 4954
4941 2 2 0 0 1007 4956 1899
4942 2 2 0 0 4956 100 1899
4943 2 2 0 0 100 4956 4955
4944 2 2 0 0 4956 1007 4955
4945 2 2 0 0 314 4957 1900
4946 2 2 0 0 4957 1010 1900
4947 2 2 0 0 1010 4957 1902
4948 2 2 0 0 4957 314 1902
4949 2 2 0 0 661 4958 1901
4950 2 2 0 0 4958 314 1901
4951 2 2 0 0 314 4958 2890
4952 2 2 0 0 4958 661 2890
4953 2 2 0 0 1022 4959 1908
4954 2 2 0 0 796 4959 2800
4955 2 2 0 0 4959 1022 2800
4956 2 2 0 0 1025 4960 4884
4957 2 2 0 0 4960 101 4884
4958 2 2 0 0 1028 4961 1912
4959 2 2 0 0 154 4961 3249
4960 2 2 0 0 4961 1028 3249
4961 2 2 0 0 4962 1914 1915
4962 2 2 0 0 1914 4962 3470
4963 2 2 0 0 116 4963 1916
4964 2 2 0 0 4963 1915 1916
4965 2 2 0 0 1915 4963 4962
4966 2 2 0 0 4963 116 4962
4967 2 2 0 0 408 4964 1917
4968 2 2 0 0 4964 1209 1917
4969 2 2 0 0 1209 4964 2125
4970 2 2 0 0 1667 4965 1918
4971 2 2 0 0 4965 667 1918
4972 2 2 0 0 667 4965 2056
4973 2 2 0 0 4965 1667 2056
4974 2 2 0 0 1034 4966 1924
4975 2 2 0 0 4966 245 1924
4976 2 2 0 0 4966 245 2807
4977 2 2 0 0 640 4967 1925
4978 2 2 0 0 4967 1692 1925
4979 2 2 0 0 1692 4967 3875
4980 2 2 0 0 4967 640 3875
4981 2 2 0 0 1691 4968 1692
4982 2 2 0 0 1926 4969 1928
4983 2 2 0 0 4969 124 1928
4984 2 2 0 0 1926 4969 4968
4985 2 2 0 0 4969 124 4968
4986 2 2 0 0 1164 4970 1929
4987 2 2 0 0 4970 1035 1929
4988 2 2 0 0 4970 1164 2058
4989 2 2 0 0 122 4971 1931
4990 2 2 0 0 4971 1038 1931
4991 2 2 0 0 1038 4971 4951
4992 2 2 0 0 4971 122 4951
4993 2 2 0 0 1038 4972 1932
4994 2 2 0 0 4972 256 1932
4995 2 2 0 0 256 4972 4756
4996 2 2 0 0 4972 1038 4756
4997 2 2 0 0 256 4973 1932
4998 2 2 0 0 4973 1785 1932
4999 2 2 0 0 1785 4973 2722
5000 2 2 0 0 4974 313 1939
5001 2 2 0 0 4974 313 2304
5002 2 2 0 0 463 4975 464
5003 2 2 0 0 100 4975 4954
5004 2 2 0 0 4975 463 4954
5005 2 2 0 0 4976 100 1046
5006 2 2 0 0 100 4976 4975
5007 2 2 0 0 4976 464 4975
5008 2 2 0 0 464 4977 1941
5009 2 2 0 0 4977 1046 1941
5010 2 2 0 0 1046 4977 4976
5011 2 2 0 0 4977 464 4976
5012 2 2 0 0 4978 1059 1947
5013 2 2 0 0 96 4979 1948
5014 2 2 0 0 4979 1361 1948
5015 2 2 0 0 1361 4979 2326
5016 2 2 0 0 4979 96 2326
5017 2 2 0 0 1061 4980 1951
5018 2 2 0 0 4980 1060 1951
5019 2 2 0 0 1060 4980 3513
5020 2 2 0 0 4980 1061 3513
5021 2 2 0 0 1062 4981 1952
5022 2 2 0 0 4981 509 1952
5023 2 2 0 0 509 4981 4757
5024 2 2 0 0 4981 1062 4757
5025 2 2 0 0 169 4982 1953
5026 2 2 0 0 4982 1062 1953
5027 2 2 0 0 1062 4982 4757
5028 2 2 0 0 4982 169 4757
5029 2 2 0 0 1062 4983 1954
5030 2 2 0 0 4983 326 1954
5031 2 2 0 0 326 4983 1952
5032 2 2 0 0 4983 1062 1952
5033 2 2 0 0 4984 518 1958
5034 2 2 0 0 518 4984 2747
5035 2 2 0 0 4984 332 2747
5036 2 2 0 0 514 4985 1959
5037 2 2 0 0 4985 1958 1959
5038 2 2 0 0 1958 4985 3531
5039 2 2 0 0 4985 514 3531
5040 2 2 0 0 4986 1204 1962
5041 2 2 0 0 1204 4986 2882
5042 2 2 0 0 4986 332 2882
5043 2 2 0 0 4987 1026 1970
5044 2 2 0 0 1026 4987 2750
5045 2 2 0 0 4987 421 2750
5046 2 2 0 0 338 4988 1972
5047 2 2 0 0 1166 4988 2861
5048 2 2 0 0 4988 338 2861
5049 2 2 0 0 1077 4989 1976
5050 2 2 0 0 4989 1078 1976
5051 2 2 0 0 1078 4989 2820
5052 2 2 0 0 4989 1077 2820
5053 2 2 0 0 4990 342 1977
5054 2 2 0 0 342 4990 3450
5055 2 2 0 0 4990 1904 3450
5056 2 2 0 0 728 4991 1979
5057 2 2 0 0 4991 1232 1979
5058 2 2 0 0 1232 4991 2827
5059 2 2 0 0 206 4992 1981
5060 2 2 0 0 4992 1738 1981
5061 2 2 0 0 4992 206 2150
5062 2 2 0 0 1088 4993 1983
5063 2 2 0 0 694 4993 2779
5064 2 2 0 0 4993 1088 2779
5065 2 2 0 0 1089 4994 1984
5066 2 2 0 0 4994 406 1984
5067 2 2 0 0 406 4994 1985
5068 2 2 0 0 4994 1089 1985
5069 2 2 0 0 884 4995 1984
5070 2 2 0 0 4995 1089 1984
5071 2 2 0 0 1089 4995 2825
5072 2 2 0 0 4995 884 2825
5073 2 2 0 0 1988 4996 1989
5074 2 2 0 0 1093 4996 3582
5075 2 2 0 0 4996 1988 3582
5076 2 2 0 0 146 4997 1994
5077 2 2 0 0 4997 1172 1994
5078 2 2 0 0 4997 1172 3812
5079 2 2 0 0 1182 4998 1997
5080 2 2 0 0 4998 85 1997
5081 2 2 0 0 85 4998 4776
5082 2 2 0 0 4998 1182 4776
5083 2 2 0 0 1105 4999 1999
5084 2 2 0 0 4999 477 1999
5085 2 2 0 0 477 4999 1512
5086 2 2 0 0 4999 1105 1512
5087 2 2 0 0 5000 914 2003
5088 2 2 0 0 914 5000 1841
5089 2 2 0 0 5000 569 1841
5090 2 2 0 0 5001 1111 2007
5091 2 2 0 0 378 5002 2008
5092 2 2 0 0 5002 1113 2008
5093 2 2 0 0 5002 378 2633
5094 2 2 0 0 1391 5003 2008
5095 2 2 0 0 5003 378 2008
5096 2 2 0 0 5003 1391 2360
5097 2 2 0 0 379 5004 2009
5098 2 2 0 0 5004 695 2009
5099 2 2 0 0 5004 379 2094
5100 2 2 0 0 119 5005 2013
5101 2 2 0 0 1123 5005 2841
5102 2 2 0 0 5005 119 2841
5103 2 2 0 0 1124 5006 2014
5104 2 2 0 0 5006 600 2014
5105 2 2 0 0 600 5006 2844
5106 2 2 0 0 5006 1124 2844
5107 2 2 0 0 420 5007 2018
5108 2 2 0 0 5007 1699 2018
5109 2 2 0 0 1699 5007 4134
5110 2 2 0 0 5007 420 4134
5111 2 2 0 0 391 5008 2022
5112 2 2 0 0 5008 1129 2022
5113 2 2 0 0 1129 5008 2021
5114 2 2 0 0 5008 391 2021
5115 2 2 0 0 5009 102 2023
5116 2 2 0 0 102 5009 1718
5117 2 2 0 0 5009 1195 1718
5118 2 2 0 0 166 5010 167
5119 2 2 0 0 58 5010 3005
5120 2 2 0 0 5010 166 3005
5121 2 2 0 0 58 5011 309
5122 2 2 0 0 58 5011 5010
5123 2 2 0 0 5011 167 5010
5124 2 2 0 0 5012 167 310
5125 2 2 0 0 167 5012 5011
5126 2 2 0 0 5012 309 5011
5127 2 2 0 0 309 5013 610
5128 2 2 0 0 310 5013 5012
5129 2 2 0 0 5013 309 5012
5130 2 2 0 0 5014 310 990
5131 2 2 0 0 310 5014 5013
5132 2 2 0 0 5014 610 5013
5133 2 2 0 0 610 5015 991
5134 2 2 0 0 990 5015 5014
5135 2 2 0 0 5015 610 5014
5136 2 2 0 0 5016 990 2023
5137 2 2 0 0 990 5016 5015
5138 2 2 0 0 5016 991 5015
5139 2 2 0 0 991 5017 2024
5140 2 2 0 0 5017 2023 2024
5141 2 2 0 0 2023 5017 5016
5142 2 2 0 0 5017 991 5016
5143 2 2 0 0 1196 5018 2026
5144 2 2 0 0 5018 701 2026
5145 2 2 0 0 701 5018 2103
5146 2 2 0 0 5018 1196 2103
5147 2 2 0 0 1134 5019 2027
5148 2 2 0 0 5019 254 2027
5149 2 2 0 0 254 5019 2028
5150 2 2 0 0 5019 1134 2028
5151 2 2 0 0 5020 2012 2029
5152 2 2 0 0 623 5020 4865
5153 2 2 0 0 5020 2012 4865
5154 2 2 0 0 1137 5021 2030
5155 2 2 0 0 5021 1137 2850
5156 2 2 0 0 1140 5022 2031
5157 2 2 0 0 5022 633 2031
5158 2 2 0 0 1140 5023 2034
5159 2 2 0 0 5023 117 2034
5160 2 2 0 0 117 5023 2031
5161 2 2 0 0 5023 1140 2031
5162 2 2 0 0 843 5024 2037
5163 2 2 0 0 5024 2036 2037
5164 2 2 0 0 2036 5024 3662
5165 2 2 0 0 5024 843 3662
5166 2 2 0 0 1009 5025 2041
5167 2 2 0 0 5025 1900 2041
5168 2 2 0 0 1900 5025 3444
5169 2 2 0 0 5025 1009 3444
5170 2 2 0 0 90 5026 2043
5171 2 2 0 0 5026 1010 2043
5172 2 2 0 0 1010 5026 1900
5173 2 2 0 0 656 5027 2046
5174 2 2 0 0 5027 1933 2046
5175 2 2 0 0 1933 5027 1934
5176 2 2 0 0 5027 656 1934
5177 2 2 0 0 1153 5028 2049
5178 2 2 0 0 5028 86 2049
5179 2 2 0 0 5028 1153 3240
5180 2 2 0 0 657 5029 2049
5181 2 2 0 0 5029 1153 2049
5182 2 2 0 0 1153 5029 3252
5183 2 2 0 0 5029 657 3252
5184 2 2 0 0 1760 5030 2049
5185 2 2 0 0 5030 657 2049
5186 2 2 0 0 657 5030 1935
5187 2 2 0 0 5030 1760 1935
5188 2 2 0 0 1154 5031 2889
5189 2 2 0 0 5031 1155 2889
5190 2 2 0 0 5032 313 2050
5191 2 2 0 0 313 5032 1939
5192 2 2 0 0 5032 1665 1939
5193 2 2 0 0 419 5033 2051
5194 2 2 0 0 5033 1011 2051
5195 2 2 0 0 1158 5034 2052
5196 2 2 0 0 5034 419 2052
5197 2 2 0 0 419 5034 2053
5198 2 2 0 0 5034 1158 2053
5199 2 2 0 0 1159 5035 2053
5200 2 2 0 0 5035 419 2053
5201 2 2 0 0 419 5035 2892
5202 2 2 0 0 5035 1159 2892
5203 2 2 0 0 663 5036 2053
5204 2 2 0 0 5036 1159 2053
5205 2 2 0 0 1159 5036 2857
5206 2 2 0 0 5036 663 2857
5207 2 2 0 0 1158 5037 2053
5208 2 2 0 0 5037 663 2053
5209 2 2 0 0 663 5037 2859
5210 2 2 0 0 5037 1158 2859
5211 2 2 0 0 1160 5038 2054
5212 2 2 0 0 5038 411 2054
5213 2 2 0 0 411 5038 2226
5214 2 2 0 0 5038 1160 2226
5215 2 2 0 0 5039 1160 2054
5216 2 2 0 0 1160 5039 3798
5217 2 2 0 0 322 5040 2055
5218 2 2 0 0 5040 1161 2055
5219 2 2 0 0 322 5040 1776
5220 2 2 0 0 5040 1161 1776
5221 2 2 0 0 1667 5041 2056
5222 2 2 0 0 1667 5041 2755
5223 2 2 0 0 182 5042 2057
5224 2 2 0 0 1162 5042 2816
5225 2 2 0 0 5042 182 2816
5226 2 2 0 0 675 5043 2059
5227 2 2 0 0 5043 1800 2059
5228 2 2 0 0 681 5044 2064
5229 2 2 0 0 5044 1176 2064
5230 2 2 0 0 1176 5044 2073
5231 2 2 0 0 5044 681 2073
5232 2 2 0 0 1174 5045 2065
5233 2 2 0 0 5045 1173 2065
5234 2 2 0 0 1173 5045 2866
5235 2 2 0 0 5046 204 2072
5236 2 2 0 0 204 5046 1904
5237 2 2 0 0 681 5047 2073
5238 2 2 0 0 5047 2072 2073
5239 2 2 0 0 2072 5047 5046
5240 2 2 0 0 5047 681 5046
5241 2 2 0 0 631 5048 2077
5242 2 2 0 0 5048 1178 2077
5243 2 2 0 0 5048 631 2868
5244 2 2 0 0 683 5049 2078
5245 2 2 0 0 5049 1178 2078
5246 2 2 0 0 1178 5049 2077
5247 2 2 0 0 5049 683 2077
5248 2 2 0 0 2076 5050 2079
5249 2 2 0 0 5050 144 2079
5250 2 2 0 0 144 5050 3706
5251 2 2 0 0 5050 2076 3706
5252 2 2 0 0 1177 5051 2079
5253 2 2 0 0 5051 2076 2079
5254 2 2 0 0 2076 5051 3705
5255 2 2 0 0 5051 1177 3705
5256 2 2 0 0 5052 500 2081
5257 2 2 0 0 500 5052 3715
5258 2 2 0 0 5052 1183 3715
5259 2 2 0 0 2080 5053 2081
5260 2 2 0 0 689 5053 4776
5261 2 2 0 0 5053 2080 4776
5262 2 2 0 0 500 5054 2081
5263 2 2 0 0 5054 2080 2081
5264 2 2 0 0 5054 2080 3712
5265 2 2 0 0 1186 5055 2085
5266 2 2 0 0 369 5055 2086
5267 2 2 0 0 5055 1186 2086
5268 2 2 0 0 821 5056 2088
5269 2 2 0 0 5056 2087 2088
5270 2 2 0 0 2087 5056 2998
5271 2 2 0 0 5056 821 2998
5272 2 2 0 0 1190 5057 2090
5273 2 2 0 0 5057 234 2090
5274 2 2 0 0 234 5057 2092
5275 2 2 0 0 5057 1190 2092
5276 2 2 0 0 1713 5058 2090
5277 2 2 0 0 5058 693 2090
5278 2 2 0 0 5058 1713 2624
5279 2 2 0 0 2091 5059 2092
5280 2 2 0 0 5059 234 2092
5281 2 2 0 0 234 5059 3728
5282 2 2 0 0 5059 2091 3728
5283 2 2 0 0 783 5060 2093
5284 2 2 0 0 5060 1190 2093
5285 2 2 0 0 1190 5060 2092
5286 2 2 0 0 5060 783 2092
5287 2 2 0 0 695 5061 2095
5288 2 2 0 0 5061 2094 2095
5289 2 2 0 0 2094 5061 5004
5290 2 2 0 0 5061 695 5004
5291 2 2 0 0 695 5062 2097
5292 2 2 0 0 5062 1191 2097
5293 2 2 0 0 1191 5062 2095
5294 2 2 0 0 5062 695 2095
5295 2 2 0 0 5063 1754 2101
5296 2 2 0 0 453 5063 3301
5297 2 2 0 0 5063 1754 3301
5298 2 2 0 0 1195 5064 2102
5299 2 2 0 0 5064 311 2102
5300 2 2 0 0 311 5064 3644
5301 2 2 0 0 5064 1195 3644
5302 2 2 0 0 5065 168 1715
5303 2 2 0 0 168 5065 3642
5304 2 2 0 0 5065 311 3642
5305 2 2 0 0 5066 1715 1716
5306 2 2 0 0 1715 5066 5065
5307 2 2 0 0 5066 311 5065
5308 2 2 0 0 311 5067 2102
5309 2 2 0 0 5067 1716 2102
5310 2 2 0 0 1716 5067 5066
5311 2 2 0 0 5067 311 5066
5312 2 2 0 0 1199 5068 2108
5313 2 2 0 0 5068 702 2108
5314 2 2 0 0 702 5068 2109
5315 2 2 0 0 5068 1199 2109
5316 2 2 0 0 616 5069 2108
5317 2 2 0 0 5069 1199 2108
5318 2 2 0 0 1199 5069 2112
5319 2 2 0 0 5069 616 2112
5320 2 2 0 0 702 5070 2108
5321 2 2 0 0 5070 2107 2108
5322 2 2 0 0 2107 5070 3744
5323 2 2 0 0 5070 702 3744
5324 2 2 0 0 620 5071 3748
5325 2 2 0 0 5072 2104 2109
5326 2 2 0 0 2104 5072 5071
5327 2 2 0 0 5072 392 5071
5328 2 2 0 0 5073 701 2110
5329 2 2 0 0 701 5073 2878
5330 2 2 0 0 5073 1198 2878
5331 2 2 0 0 5074 2110 2111
5332 2 2 0 0 2110 5074 5073
5333 2 2 0 0 5074 1198 5073
5334 2 2 0 0 2106 5075 2112
5335 2 2 0 0 5075 1198 2112
5336 2 2 0 0 1198 5075 3743
5337 2 2 0 0 5075 2106 3743
5338 2 2 0 0 255 5076 2113
5339 2 2 0 0 5076 255 2792
5340 2 2 0 0 1202 5077 2114
5341 2 2 0 0 5077 1201 2114
5342 2 2 0 0 1201 5077 2881
5343 2 2 0 0 5077 1202 2881
5344 2 2 0 0 703 5078 2115
5345 2 2 0 0 5078 703 3225
5346 2 2 0 0 5079 129 2116
5347 2 2 0 0 5079 129 2342
5348 2 2 0 0 705 5080 2117
5349 2 2 0 0 1206 5080 2883
5350 2 2 0 0 5080 705 2883
5351 2 2 0 0 2118 5081 2119
5352 2 2 0 0 5081 1205 2119
5353 2 2 0 0 1205 5081 3760
5354 2 2 0 0 5081 2118 3760
5355 2 2 0 0 132 5082 2120
5356 2 2 0 0 5082 708 2120
5357 2 2 0 0 5082 708 1725
5358 2 2 0 0 2120 5083 2121
5359 2 2 0 0 5083 403 2121
5360 2 2 0 0 403 5083 2969
5361 2 2 0 0 5083 2120 2969
5362 2 2 0 0 707 5084 1724
5363 2 2 0 0 5084 451 1724
5364 2 2 0 0 451 5085 2122
5365 2 2 0 0 5085 1208 2122
5366 2 2 0 0 1208 5085 5084
5367 2 2 0 0 5085 451 5084
5368 2 2 0 0 1209 5086 2124
5369 2 2 0 0 5086 709 2124
5370 2 2 0 0 709 5086 2125
5371 2 2 0 0 5086 1209 2125
5372 2 2 0 0 709 5087 2124
5373 2 2 0 0 5087 2123 2124
5374 2 2 0 0 2123 5087 3768
5375 2 2 0 0 153 5088 2126
5376 2 2 0 0 5088 1210 2126
5377 2 2 0 0 1210 5088 2129
5378 2 2 0 0 5088 153 2129
5379 2 2 0 0 1726 5089 2126
5380 2 2 0 0 5089 153 2126
5381 2 2 0 0 153 5089 3284
5382 2 2 0 0 5089 1726 3284
5383 2 2 0 0 1210 5090 2127
5384 2 2 0 0 5090 780 2127
5385 2 2 0 0 780 5090 2129
5386 2 2 0 0 5090 1210 2129
5387 2 2 0 0 2128 5091 2129
5388 2 2 0 0 5091 780 2129
5389 2 2 0 0 780 5091 3679
5390 2 2 0 0 5091 2128 3679
5391 2 2 0 0 712 5092 2131
5392 2 2 0 0 5092 1211 2131
5393 2 2 0 0 1211 5092 2886
5394 2 2 0 0 5092 712 2886
5395 2 2 0 0 164 5093 2131
5396 2 2 0 0 5093 1730 2131
5397 2 2 0 0 1730 5093 3287
5398 2 2 0 0 5093 164 3287
5399 2 2 0 0 409 5094 2132
5400 2 2 0 0 5094 1212 2132
5401 2 2 0 0 1212 5094 3773
5402 2 2 0 0 5094 409 3773
5403 2 2 0 0 711 5095 2132
5404 2 2 0 0 5095 1727 2132
5405 2 2 0 0 1727 5095 4880
5406 2 2 0 0 5095 711 4880
5407 2 2 0 0 304 5096 2293
5408 2 2 0 0 5096 1218 2293
5409 2 2 0 0 1225 5097 2143
5410 2 2 0 0 5097 412 2143
5411 2 2 0 0 412 5097 4790
5412 2 2 0 0 5097 1225 4790
5413 2 2 0 0 1011 5098 2145
5414 2 2 0 0 5098 1227 2145
5415 2 2 0 0 1227 5098 5033
5416 2 2 0 0 5098 1011 5033
5417 2 2 0 0 721 5099 2146
5418 2 2 0 0 5099 1228 2146
5419 2 2 0 0 1228 5099 2893
5420 2 2 0 0 5099 721 2893
5421 2 2 0 0 1229 5100 2148
5422 2 2 0 0 5100 725 2148
5423 2 2 0 0 725 5100 3464
5424 2 2 0 0 5100 1229 3464
5425 2 2 0 0 1737 5101 2149
5426 2 2 0 0 5101 424 2826
5427 2 2 0 0 1232 5102 2896
5428 2 2 0 0 5102 727 2896
5429 2 2 0 0 1235 5103 2152
5430 2 2 0 0 729 5103 2897
5431 2 2 0 0 5103 1235 2897
5432 2 2 0 0 1235 5104 2154
5433 2 2 0 0 5104 271 2154
5434 2 2 0 0 271 5104 2152
5435 2 2 0 0 5104 1235 2152
5436 2 2 0 0 141 5105 198
5437 2 2 0 0 197 5105 3823
5438 2 2 0 0 5105 141 3823
5439 2 2 0 0 197 5106 5105
5440 2 2 0 0 5106 198 5105
5441 2 2 0 0 197 5107 1234
5442 2 2 0 0 197 5107 5106
5443 2 2 0 0 5107 648 5106
5444 2 2 0 0 5108 648 1235
5445 2 2 0 0 648 5108 5107
5446 2 2 0 0 5108 1234 5107
5447 2 2 0 0 5109 1235 2154
5448 2 2 0 0 1235 5109 5108
5449 2 2 0 0 5109 1234 5108
5450 2 2 0 0 1237 5110 2156
5451 2 2 0 0 5110 630 2156
5452 2 2 0 0 630 5110 2479
5453 2 2 0 0 5110 1237 2479
5454 2 2 0 0 1003 5111 2158
5455 2 2 0 0 5111 1181 2158
5456 2 2 0 0 1181 5111 3967
5457 2 2 0 0 5111 1003 3967
5458 2 2 0 0 5112 1104 1998
5459 2 2 0 0 361 5112 3378
5460 2 2 0 0 5112 1104 3378
5461 2 2 0 0 361 5113 2159
5462 2 2 0 0 5113 1998 2159
5463 2 2 0 0 1998 5113 5112
5464 2 2 0 0 5113 361 5112
5465 2 2 0 0 5114 432 2160
5466 2 2 0 0 1243 5114 3239
5467 2 2 0 0 1242 5115 2161
5468 2 2 0 0 5115 229 2161
5469 2 2 0 0 229 5115 2162
5470 2 2 0 0 5115 1242 2162
5471 2 2 0 0 734 5116 2161
5472 2 2 0 0 5116 1242 2161
5473 2 2 0 0 1242 5116 2160
5474 2 2 0 0 5116 734 2160
5475 2 2 0 0 1242 5117 2162
5476 2 2 0 0 5117 735 2162
5477 2 2 0 0 735 5117 2163
5478 2 2 0 0 5118 925 1541
5479 2 2 0 0 1541 5119 2165
5480 2 2 0 0 1541 5119 5118
5481 2 2 0 0 5119 40 5118
5482 2 2 0 0 738 5120 2902
5483 2 2 0 0 5120 1247 2902
5484 2 2 0 0 736 5121 2169
5485 2 2 0 0 1245 5121 2098
5486 2 2 0 0 5121 736 2098
5487 2 2 0 0 2168 5122 2169
5488 2 2 0 0 5122 736 2169
5489 2 2 0 0 736 5122 4935
5490 2 2 0 0 5122 2168 4935
5491 2 2 0 0 739 5123 2170
5492 2 2 0 0 5123 2168 2170
5493 2 2 0 0 2168 5123 3845
5494 2 2 0 0 5123 739 3845
5495 2 2 0 0 438 5124 2171
5496 2 2 0 0 949 5124 950
5497 2 2 0 0 5124 438 950
5498 2 2 0 0 2171 5125 2172
5499 2 2 0 0 5125 949 2172
5500 2 2 0 0 949 5125 5124
5501 2 2 0 0 5125 2171 5124
5502 2 2 0 0 741 5126 2173
5503 2 2 0 0 5126 1561 2173
5504 2 2 0 0 1561 5126 2595
5505 2 2 0 0 5126 741 2595
5506 2 2 0 0 1256 5127 2908
5507 2 2 0 0 5127 743 2908
5508 2 2 0 0 1256 5128 2179
5509 2 2 0 0 5128 474 2179
5510 2 2 0 0 474 5128 2908
5511 2 2 0 0 5128 1256 2908
5512 2 2 0 0 474 5129 2179
5513 2 2 0 0 5129 1316 2179
5514 2 2 0 0 1316 5129 2271
5515 2 2 0 0 5129 474 2271
5516 2 2 0 0 5130 1258 2265
5517 2 2 0 0 1258 5131 2183
5518 2 2 0 0 5131 2182 2183
5519 2 2 0 0 2182 5131 5130
5520 2 2 0 0 5131 1258 5130
5521 2 2 0 0 245 5132 2186
5522 2 2 0 0 5132 1213 2186
5523 2 2 0 0 245 5132 3480
5524 2 2 0 0 5132 1213 3480
5525 2 2 0 0 749 5133 2187
5526 2 2 0 0 5133 1261 2187
5527 2 2 0 0 1261 5133 2910
5528 2 2 0 0 5133 749 2910
5529 2 2 0 0 1262 5134 2187
5530 2 2 0 0 5134 749 2187
5531 2 2 0 0 749 5134 2199
5532 2 2 0 0 5134 1262 2199
5533 2 2 0 0 2190 5135 2191
5534 2 2 0 0 5135 751 2191
5535 2 2 0 0 751 5135 3889
5536 2 2 0 0 5135 2190 3889
5537 2 2 0 0 444 5136 2191
5538 2 2 0 0 5136 2190 2191
5539 2 2 0 0 2190 5136 3872
5540 2 2 0 0 5136 444 3872
5541 2 2 0 0 2200 5137 2201
5542 2 2 0 0 5137 93 2201
5543 2 2 0 0 93 5137 3887
5544 2 2 0 0 5137 2200 3887
5545 2 2 0 0 1265 5138 1266
5546 2 2 0 0 250 5138 4749
5547 2 2 0 0 5138 1265 4749
5548 2 2 0 0 1266 5139 2202
5549 2 2 0 0 5139 250 2202
5550 2 2 0 0 250 5139 5138
5551 2 2 0 0 5139 1266 5138
5552 2 2 0 0 1747 5140 2205
5553 2 2 0 0 5140 447 2205
5554 2 2 0 0 1747 5140 4048
5555 2 2 0 0 5140 447 4048
5556 2 2 0 0 5141 281 1021
5557 2 2 0 0 281 5141 2793
5558 2 2 0 0 5141 461 2793
5559 2 2 0 0 461 5142 2212
5560 2 2 0 0 1021 5142 5141
5561 2 2 0 0 5142 461 5141
5562 2 2 0 0 5143 259 1273
5563 2 2 0 0 259 5143 3919
5564 2 2 0 0 5143 402 3919
5565 2 2 0 0 5144 1273 1274
5566 2 2 0 0 1273 5144 5143
5567 2 2 0 0 5144 402 5143
5568 2 2 0 0 1274 5145 5144
5569 2 2 0 0 5145 402 5144
5570 2 2 0 0 2212 5146 2214
5571 2 2 0 0 5146 108 2214
5572 2 2 0 0 5146 2212 3923
5573 2 2 0 0 5147 1749 2218
5574 2 2 0 0 1749 5147 3298
5575 2 2 0 0 5147 757 3298
5576 2 2 0 0 757 5148 2219
5577 2 2 0 0 2218 5148 5147
5578 2 2 0 0 5148 757 5147
5579 2 2 0 0 757 5149 2220
5580 2 2 0 0 1279 5149 2219
5581 2 2 0 0 5149 757 2219
5582 2 2 0 0 760 5150 2222
5583 2 2 0 0 5150 2221 2222
5584 2 2 0 0 2221 5150 3935
5585 2 2 0 0 5150 760 3935
5586 2 2 0 0 5151 1749 1750
5587 2 2 0 0 1749 5151 2218
5588 2 2 0 0 5151 262 2218
5589 2 2 0 0 262 5152 2223
5590 2 2 0 0 5152 1750 2223
5591 2 2 0 0 1750 5152 5151
5592 2 2 0 0 5152 262 5151
5593 2 2 0 0 644 5153 2224
5594 2 2 0 0 5153 1270 2224
5595 2 2 0 0 1270 5153 2207
5596 2 2 0 0 5153 644 2207
5597 2 2 0 0 1283 5154 2226
5598 2 2 0 0 5154 411 2226
5599 2 2 0 0 5154 411 1906
5600 2 2 0 0 5155 109 2228
5601 2 2 0 0 2227 5155 2233
5602 2 2 0 0 5155 109 2233
5603 2 2 0 0 766 5156 2230
5604 2 2 0 0 5156 1288 2230
5605 2 2 0 0 1288 5156 2931
5606 2 2 0 0 5156 766 2931
5607 2 2 0 0 1288 5157 2231
5608 2 2 0 0 5157 317 2231
5609 2 2 0 0 317 5157 2931
5610 2 2 0 0 5157 1288 2931
5611 2 2 0 0 804 5158 2231
5612 2 2 0 0 5158 1288 2231
5613 2 2 0 0 1288 5158 2971
5614 2 2 0 0 5158 804 2971
5615 2 2 0 0 5159 1753 2232
5616 2 2 0 0 1753 5159 3299
5617 2 2 0 0 5159 664 3299
5618 2 2 0 0 317 5160 2234
5619 2 2 0 0 768 5160 2735
5620 2 2 0 0 5160 317 2735
5621 2 2 0 0 5161 1349 2234
5622 2 2 0 0 1349 5161 4807
5623 2 2 0 0 5161 767 4807
5624 2 2 0 0 2234 5162 2235
5625 2 2 0 0 5162 768 2235
5626 2 2 0 0 768 5162 5160
5627 2 2 0 0 5162 2234 5160
5628 2 2 0 0 767 5163 2235
5629 2 2 0 0 5163 2234 2235
5630 2 2 0 0 2234 5163 5161
5631 2 2 0 0 5163 767 5161
5632 2 2 0 0 1753 5164 2232
5633 2 2 0 0 767 5164 4807
5634 2 2 0 0 5164 1753 4807
5635 2 2 0 0 5165 767 2236
5636 2 2 0 0 767 5165 5164
5637 2 2 0 0 5165 2232 5164
5638 2 2 0 0 5166 2237 2238
5639 2 2 0 0 109 5166 3955
5640 2 2 0 0 5166 2237 3955
5641 2 2 0 0 5167 453 2240
5642 2 2 0 0 1291 5167 4892
5643 2 2 0 0 5167 453 4892
5644 2 2 0 0 186 5168 2242
5645 2 2 0 0 1293 5168 3300
5646 2 2 0 0 5168 186 3300
5647 2 2 0 0 326 5169 2243
5648 2 2 0 0 5169 823 2243
5649 2 2 0 0 823 5169 1952
5650 2 2 0 0 5169 326 1952
5651 2 2 0 0 458 5170 1296
5652 2 2 0 0 771 5170 1295
5653 2 2 0 0 5170 458 1295
5654 2 2 0 0 1296 5171 2245
5655 2 2 0 0 5171 771 2245
5656 2 2 0 0 771 5171 5170
5657 2 2 0 0 5171 1296 5170
5658 2 2 0 0 1756 5172 2245
5659 2 2 0 0 5172 97 2245
5660 2 2 0 0 97 5172 3302
5661 2 2 0 0 5172 1756 3302
5662 2 2 0 0 771 5173 2245
5663 2 2 0 0 5173 1756 2245
5664 2 2 0 0 1756 5173 2933
5665 2 2 0 0 5173 771 2933
5666 2 2 0 0 774 5174 2247
5667 2 2 0 0 5174 2246 2247
5668 2 2 0 0 2246 5174 2936
5669 2 2 0 0 5174 774 2936
5670 2 2 0 0 1016 5175 2251
5671 2 2 0 0 5175 1298 2251
5672 2 2 0 0 775 5176 2252
5673 2 2 0 0 5176 1300 2252
5674 2 2 0 0 1300 5176 2938
5675 2 2 0 0 5176 775 2938
5676 2 2 0 0 1969 5177 2253
5677 2 2 0 0 5177 136 2253
5678 2 2 0 0 136 5177 3551
5679 2 2 0 0 5177 1969 3551
5680 2 2 0 0 136 5178 2254
5681 2 2 0 0 5178 1302 2254
5682 2 2 0 0 5178 136 2253
5683 2 2 0 0 1305 5179 2257
5684 2 2 0 0 5179 1304 2257
5685 2 2 0 0 1304 5179 2258
5686 2 2 0 0 5179 1305 2258
5687 2 2 0 0 2256 5180 2257
5688 2 2 0 0 5180 1304 2257
5689 2 2 0 0 1304 5180 4005
5690 2 2 0 0 5180 2256 4005
5691 2 2 0 0 291 5181 2257
5692 2 2 0 0 5181 2256 2257
5693 2 2 0 0 2256 5181 4903
5694 2 2 0 0 5181 291 4903
5695 2 2 0 0 1416 5182 2259
5696 2 2 0 0 5182 776 2259
5697 2 2 0 0 776 5182 2402
5698 2 2 0 0 5182 1416 2402
5699 2 2 0 0 5183 25 470
5700 2 2 0 0 292 5183 4251
5701 2 2 0 0 5183 25 4251
5702 2 2 0 0 292 5184 471
5703 2 2 0 0 470 5184 5183
5704 2 2 0 0 5184 292 5183
5705 2 2 0 0 5185 470 1308
5706 2 2 0 0 470 5185 5184
5707 2 2 0 0 5185 471 5184
5708 2 2 0 0 471 5186 1309
5709 2 2 0 0 1308 5186 5185
5710 2 2 0 0 5186 471 5185
5711 2 2 0 0 1309 5187 2261
5712 2 2 0 0 5187 1308 2261
5713 2 2 0 0 1308 5187 5186
5714 2 2 0 0 5187 1309 5186
5715 2 2 0 0 2184 5188 2261
5716 2 2 0 0 5188 1308 2261
5717 2 2 0 0 1308 5188 3870
5718 2 2 0 0 5188 2184 3870
5719 2 2 0 0 777 5189 2264
5720 2 2 0 0 5189 1311 2264
5721 2 2 0 0 1311 5189 3991
5722 2 2 0 0 5189 777 3991
5723 2 2 0 0 881 5190 2267
5724 2 2 0 0 5190 1817 2267
5725 2 2 0 0 1817 5190 2473
5726 2 2 0 0 5190 881 2473
5727 2 2 0 0 5191 1739 2268
5728 2 2 0 0 1739 5191 2897
5729 2 2 0 0 5191 729 2897
5730 2 2 0 0 5192 2268 2269
5731 2 2 0 0 2268 5192 5191
5732 2 2 0 0 5192 729 5191
5733 2 2 0 0 1316 5193 2270
5734 2 2 0 0 5193 1151 2270
5735 2 2 0 0 1151 5193 2271
5736 2 2 0 0 5193 1316 2271
5737 2 2 0 0 295 5194 2270
5738 2 2 0 0 5194 2044 2270
5739 2 2 0 0 2044 5194 3770
5740 2 2 0 0 5194 295 3770
5741 2 2 0 0 2045 5195 2271
5742 2 2 0 0 5195 1151 2271
5743 2 2 0 0 1151 5195 2949
5744 2 2 0 0 5195 2045 2949
5745 2 2 0 0 1317 5196 2272
5746 2 2 0 0 5196 152 2272
5747 2 2 0 0 152 5196 2944
5748 2 2 0 0 5196 1317 2944
5749 2 2 0 0 152 5197 2272
5750 2 2 0 0 5197 2045 2272
5751 2 2 0 0 2045 5197 2949
5752 2 2 0 0 5197 152 2949
5753 2 2 0 0 479 5198 2276
5754 2 2 0 0 5198 2275 2276
5755 2 2 0 0 2275 5198 4894
5756 2 2 0 0 5198 479 4894
5757 2 2 0 0 5199 1039 1325
5758 2 2 0 0 299 5199 3492
5759 2 2 0 0 5199 1039 3492
5760 2 2 0 0 299 5200 2277
5761 2 2 0 0 5200 1325 2277
5762 2 2 0 0 1325 5200 5199
5763 2 2 0 0 5200 299 5199
5764 2 2 0 0 2275 5201 2277
5765 2 2 0 0 5201 299 2277
5766 2 2 0 0 299 5201 4018
5767 2 2 0 0 5201 2275 4018
5768 2 2 0 0 787 5202 2278
5769 2 2 0 0 5202 1325 2278
5770 2 2 0 0 1325 5202 2277
5771 2 2 0 0 1324 5203 2278
5772 2 2 0 0 5203 787 2278
5773 2 2 0 0 787 5203 2951
5774 2 2 0 0 5203 1324 2951
5775 2 2 0 0 479 5204 2279
5776 2 2 0 0 5204 1326 2279
5777 2 2 0 0 1326 5204 2950
5778 2 2 0 0 5204 479 2950
5779 2 2 0 0 1761 5205 2279
5780 2 2 0 0 5205 479 2279
5781 2 2 0 0 479 5205 4894
5782 2 2 0 0 5205 1761 4894
5783 2 2 0 0 789 5206 2282
5784 2 2 0 0 5206 2281 2282
5785 2 2 0 0 2281 5206 4027
5786 2 2 0 0 5206 789 4027
5787 2 2 0 0 1328 5207 2284
5788 2 2 0 0 5207 584 2284
5789 2 2 0 0 584 5207 2953
5790 2 2 0 0 5207 1328 2953
5791 2 2 0 0 300 5208 2285
5792 2 2 0 0 5208 2283 2285
5793 2 2 0 0 2283 5208 4028
5794 2 2 0 0 5208 300 4028
5795 2 2 0 0 1700 5209 2287
5796 2 2 0 0 791 5209 3259
5797 2 2 0 0 5209 1700 3259
5798 2 2 0 0 1052 5210 2289
5799 2 2 0 0 5210 1331 2289
5800 2 2 0 0 1331 5210 4801
5801 2 2 0 0 5210 1052 4801
5802 2 2 0 0 2288 5211 2289
5803 2 2 0 0 302 5211 4034
5804 2 2 0 0 5211 2288 4034
5805 2 2 0 0 5212 304 2293
5806 2 2 0 0 304 5212 4038
5807 2 2 0 0 5212 1333 4038
5808 2 2 0 0 1218 5213 2293
5809 2 2 0 0 5213 1217 2293
5810 2 2 0 0 1217 5213 3794
5811 2 2 0 0 5213 1218 3794
5812 2 2 0 0 798 5214 2295
5813 2 2 0 0 1342 5214 2964
5814 2 2 0 0 5214 798 2964
5815 2 2 0 0 5215 1337 2297
5816 2 2 0 0 1337 5215 2395
5817 2 2 0 0 5215 133 2395
5818 2 2 0 0 798 5216 2297
5819 2 2 0 0 1336 5216 2295
5820 2 2 0 0 5216 798 2295
5821 2 2 0 0 1340 5217 2301
5822 2 2 0 0 5217 1339 2301
5823 2 2 0 0 1339 5217 2962
5824 2 2 0 0 5217 1340 2962
5825 2 2 0 0 800 5218 2302
5826 2 2 0 0 5218 797 2302
5827 2 2 0 0 797 5218 1343
5828 2 2 0 0 5218 800 1343
5829 2 2 0 0 797 5219 2302
5830 2 2 0 0 5219 1145 2302
5831 2 2 0 0 5219 797 2959
5832 2 2 0 0 2304 5220 2305
5833 2 2 0 0 5220 493 2305
5834 2 2 0 0 493 5220 4061
5835 2 2 0 0 5220 2304 4061
5836 2 2 0 0 1044 5221 2305
5837 2 2 0 0 5221 2304 2305
5838 2 2 0 0 2304 5221 4974
5839 2 2 0 0 5221 1044 4974
5840 2 2 0 0 270 5222 2307
5841 2 2 0 0 5222 2306 2307
5842 2 2 0 0 2306 5222 4065
5843 2 2 0 0 5222 270 4065
5844 2 2 0 0 1351 5223 2309
5845 2 2 0 0 5223 804 2309
5846 2 2 0 0 804 5223 2971
5847 2 2 0 0 5223 1351 2971
5848 2 2 0 0 138 5224 2309
5849 2 2 0 0 5224 1351 2309
5850 2 2 0 0 1351 5224 2972
5851 2 2 0 0 5224 138 2972
5852 2 2 0 0 5225 316 2310
5853 2 2 0 0 316 5225 4807
5854 2 2 0 0 5225 1349 4807
5855 2 2 0 0 5226 1349 2311
5856 2 2 0 0 1349 5226 4808
5857 2 2 0 0 5226 1350 4808
5858 2 2 0 0 1349 5227 2311
5859 2 2 0 0 5227 2310 2311
5860 2 2 0 0 2310 5227 5225
5861 2 2 0 0 5227 1349 5225
5862 2 2 0 0 637 5228 2314
5863 2 2 0 0 5228 1596 2314
5864 2 2 0 0 1596 5228 1690
5865 2 2 0 0 5228 637 1690
5866 2 2 0 0 1352 5229 2315
5867 2 2 0 0 5229 1056 2315
5868 2 2 0 0 5229 1352 2319
5869 2 2 0 0 1745 5230 2316
5870 2 2 0 0 5230 608 2316
5871 2 2 0 0 608 5230 1878
5872 2 2 0 0 5230 1745 1878
5873 2 2 0 0 805 5231 2317
5874 2 2 0 0 5231 1354 2317
5875 2 2 0 0 1354 5231 4809
5876 2 2 0 0 5231 805 4809
5877 2 2 0 0 5232 404 2313
5878 2 2 0 0 404 5232 2315
5879 2 2 0 0 5232 1352 2315
5880 2 2 0 0 1352 5233 2318
5881 2 2 0 0 5233 2313 2318
5882 2 2 0 0 2313 5233 5232
5883 2 2 0 0 5233 1352 5232
5884 2 2 0 0 495 5234 2320
5885 2 2 0 0 5234 2319 2320
5886 2 2 0 0 2319 5234 3317
5887 2 2 0 0 5234 495 3317
5888 2 2 0 0 1359 5235 2324
5889 2 2 0 0 275 5235 2975
5890 2 2 0 0 813 5236 4083
5891 2 2 0 0 5236 1359 4083
5892 2 2 0 0 1947 5237 2328
5893 2 2 0 0 503 5237 3517
5894 2 2 0 0 5237 1947 3517
5895 2 2 0 0 2248 5238 2329
5896 2 2 0 0 5238 457 2329
5897 2 2 0 0 457 5238 3969
5898 2 2 0 0 5238 2248 3969
5899 2 2 0 0 1369 5239 1370
5900 2 2 0 0 276 5239 2244
5901 2 2 0 0 5239 1369 2244
5902 2 2 0 0 5240 276 2331
5903 2 2 0 0 276 5240 5239
5904 2 2 0 0 5240 1370 5239
5905 2 2 0 0 1374 5241 2338
5906 2 2 0 0 5241 820 2338
5907 2 2 0 0 820 5241 2995
5908 2 2 0 0 5241 1374 2995
5909 2 2 0 0 506 5242 2338
5910 2 2 0 0 5242 1374 2338
5911 2 2 0 0 1374 5242 2996
5912 2 2 0 0 5242 506 2996
5913 2 2 0 0 2087 5243 2338
5914 2 2 0 0 5243 506 2338
5915 2 2 0 0 506 5243 2998
5916 2 2 0 0 5243 2087 2998
5917 2 2 0 0 1376 5244 2341
5918 2 2 0 0 5244 821 2341
5919 2 2 0 0 821 5244 2997
5920 2 2 0 0 5244 1376 2997
5921 2 2 0 0 825 5245 2345
5922 2 2 0 0 5245 1378 2345
5923 2 2 0 0 1378 5245 2344
5924 2 2 0 0 5245 825 2344
5925 2 2 0 0 5246 1789 2346
5926 2 2 0 0 1789 5246 3329
5927 2 2 0 0 5246 1065 3329
5928 2 2 0 0 5247 333 831
5929 2 2 0 0 333 5247 3009
5930 2 2 0 0 5247 334 3009
5931 2 2 0 0 5248 831 832
5932 2 2 0 0 831 5248 5247
5933 2 2 0 0 5248 334 5247
5934 2 2 0 0 832 5249 5248
5935 2 2 0 0 5249 334 5248
5936 2 2 0 0 1383 5250 2352
5937 2 2 0 0 5250 832 2352
5938 2 2 0 0 832 5250 5249
5939 2 2 0 0 5250 1383 5249
5940 2 2 0 0 832 5251 2352
5941 2 2 0 0 5251 1384 2352
5942 2 2 0 0 1384 5251 3014
5943 2 2 0 0 5251 832 3014
5944 2 2 0 0 519 5252 2354
5945 2 2 0 0 5252 1387 2354
5946 2 2 0 0 1387 5252 4142
5947 2 2 0 0 5252 519 4142
5948 2 2 0 0 1050 5253 2354
5949 2 2 0 0 5253 1792 2354
5950 2 2 0 0 1792 5253 3330
5951 2 2 0 0 5253 1050 3330
5952 2 2 0 0 1392 5254 2359
5953 2 2 0 0 179 5254 3018
5954 2 2 0 0 5254 1392 3018
5955 2 2 0 0 873 5255 2361
5956 2 2 0 0 5255 1392 2361
5957 2 2 0 0 1392 5255 3018
5958 2 2 0 0 5255 873 3018
5959 2 2 0 0 423 5256 2361
5960 2 2 0 0 5256 1452 2361
5961 2 2 0 0 5256 423 4218
5962 2 2 0 0 282 5257 2363
5963 2 2 0 0 5257 1395 2363
5964 2 2 0 0 1395 5257 3162
5965 2 2 0 0 5257 282 3162
5966 2 2 0 0 1390 5258 3017
5967 2 2 0 0 5258 836 3017
5968 2 2 0 0 836 5259 2365
5969 2 2 0 0 5259 1796 2365
5970 2 2 0 0 1796 5259 5258
5971 2 2 0 0 5259 836 5258
5972 2 2 0 0 181 5260 2368
5973 2 2 0 0 5260 1398 2368
5974 2 2 0 0 5260 181 2369
5975 2 2 0 0 1401 5261 2374
5976 2 2 0 0 5261 337 2374
5977 2 2 0 0 337 5261 3339
5978 2 2 0 0 5261 1401 3339
5979 2 2 0 0 841 5262 1974
5980 2 2 0 0 1974 5263 2374
5981 2 2 0 0 5263 1075 2374
5982 2 2 0 0 1075 5263 5262
5983 2 2 0 0 5263 1974 5262
5984 2 2 0 0 1403 5264 2376
5985 2 2 0 0 5264 675 2376
5986 2 2 0 0 675 5264 2378
5987 2 2 0 0 5264 1403 2378
5988 2 2 0 0 675 5265 2376
5989 2 2 0 0 5265 1801 2376
5990 2 2 0 0 675 5265 5043
5991 2 2 0 0 5265 1801 5043
5992 2 2 0 0 849 5266 2380
5993 2 2 0 0 5266 849 2381
5994 2 2 0 0 1802 5267 4200
5995 2 2 0 0 5267 848 4200
5996 2 2 0 0 1803 5268 2381
5997 2 2 0 0 1803 5268 5267
5998 2 2 0 0 5268 848 5267
5999 2 2 0 0 2382 5269 2383
6000 2 2 0 0 848 5269 4200
6001 2 2 0 0 5269 2382 4200
6002 2 2 0 0 848 5270 2384
6003 2 2 0 0 5270 2383 2384
6004 2 2 0 0 848 5270 5269
6005 2 2 0 0 5270 2383 5269
6006 2 2 0 0 2386 5271 2387
6007 2 2 0 0 5271 526 2387
6008 2 2 0 0 526 5271 4819
6009 2 2 0 0 5271 2386 4819
6010 2 2 0 0 176 5272 2388
6011 2 2 0 0 1408 5272 3025
6012 2 2 0 0 5272 176 3025
6013 2 2 0 0 1411 5273 2390
6014 2 2 0 0 5273 665 2390
6015 2 2 0 0 5273 1411 4077
6016 2 2 0 0 1848 5274 2390
6017 2 2 0 0 5274 850 2390
6018 2 2 0 0 850 5274 2395
6019 2 2 0 0 5274 1848 2395
6020 2 2 0 0 665 5275 2390
6021 2 2 0 0 5275 1848 2390
6022 2 2 0 0 1848 5275 2561
6023 2 2 0 0 5275 665 2561
6024 2 2 0 0 1413 5276 2391
6025 2 2 0 0 5276 850 2391
6026 2 2 0 0 850 5276 2396
6027 2 2 0 0 851 5277 2391
6028 2 2 0 0 5277 1413 2391
6029 2 2 0 0 1413 5277 4205
6030 2 2 0 0 2393 5278 2394
6031 2 2 0 0 5278 1411 2394
6032 2 2 0 0 1411 5278 4212
6033 2 2 0 0 5278 2393 4212
6034 2 2 0 0 1848 5279 2395
6035 2 2 0 0 5279 133 2395
6036 2 2 0 0 133 5279 2556
6037 2 2 0 0 5279 1848 2556
6038 2 2 0 0 111 5280 2397
6039 2 2 0 0 1451 5280 2803
6040 2 2 0 0 5280 111 2803
6041 2 2 0 0 2397 5281 2398
6042 2 2 0 0 423 5281 4218
6043 2 2 0 0 5281 2397 4218
6044 2 2 0 0 2398 5282 2399
6045 2 2 0 0 5282 423 2399
6046 2 2 0 0 423 5282 5281
6047 2 2 0 0 5282 2398 5281
6048 2 2 0 0 1415 5283 2400
6049 2 2 0 0 5283 320 2400
6050 2 2 0 0 320 5283 4820
6051 2 2 0 0 5283 1415 4820
6052 2 2 0 0 5284 1415 2400
6053 2 2 0 0 1415 5284 3030
6054 2 2 0 0 5284 837 3030
6055 2 2 0 0 5285 1048 1306
6056 2 2 0 0 5285 139 2813
6057 2 2 0 0 5286 1306 2402
6058 2 2 0 0 1306 5286 5285
6059 2 2 0 0 5286 139 5285
6060 2 2 0 0 195 5287 2407
6061 2 2 0 0 5287 195 3445
6062 2 2 0 0 856 5288 2409
6063 2 2 0 0 5288 1420 2409
6064 2 2 0 0 1420 5288 3034
6065 2 2 0 0 5288 856 3034
6066 2 2 0 0 856 5289 2409
6067 2 2 0 0 5289 2063 2409
6068 2 2 0 0 5289 856 2412
6069 2 2 0 0 2408 5290 2410
6070 2 2 0 0 5290 341 2410
6071 2 2 0 0 341 5290 3699
6072 2 2 0 0 5290 2408 3699
6073 2 2 0 0 2413 5291 2414
6074 2 2 0 0 679 5291 4244
6075 2 2 0 0 5291 2413 4244
6076 2 2 0 0 652 5292 1421
6077 2 2 0 0 678 5292 4246
6078 2 2 0 0 5292 652 4246
6079 2 2 0 0 5293 678 1422
6080 2 2 0 0 678 5293 5292
6081 2 2 0 0 5293 1421 5292
6082 2 2 0 0 1422 5294 5293
6083 2 2 0 0 5294 1421 5293
6084 2 2 0 0 1422 5295 2416
6085 2 2 0 0 5295 1422 2414
6086 2 2 0 0 2415 5296 2416
6087 2 2 0 0 5296 1422 2416
6088 2 2 0 0 1422 5296 5294
6089 2 2 0 0 5296 2415 5294
6090 2 2 0 0 91 5297 2416
6091 2 2 0 0 5297 2415 2416
6092 2 2 0 0 2415 5297 3568
6093 2 2 0 0 5297 91 3568
6094 2 2 0 0 5298 1425 2417
6095 2 2 0 0 1425 5298 3036
6096 2 2 0 0 5298 94 3036
6097 2 2 0 0 1806 5299 2418
6098 2 2 0 0 5299 858 2418
6099 2 2 0 0 5299 1806 2436
6100 2 2 0 0 17 5300 203
6101 2 2 0 0 17 5300 3264
6102 2 2 0 0 5300 202 3264
6103 2 2 0 0 5301 202 356
6104 2 2 0 0 202 5301 5300
6105 2 2 0 0 5301 203 5300
6106 2 2 0 0 203 5302 1014
6107 2 2 0 0 356 5302 5301
6108 2 2 0 0 5302 203 5301
6109 2 2 0 0 5303 356 1424
6110 2 2 0 0 356 5303 5302
6111 2 2 0 0 5303 1014 5302
6112 2 2 0 0 1014 5304 2421
6113 2 2 0 0 5304 1424 2421
6114 2 2 0 0 1424 5304 5303
6115 2 2 0 0 5304 1014 5303
6116 2 2 0 0 1014 5305 2421
6117 2 2 0 0 1015 5305 3448
6118 2 2 0 0 5305 1014 3448
6119 2 2 0 0 2421 5306 2422
6120 2 2 0 0 1015 5306 5305
6121 2 2 0 0 5306 2421 5305
6122 2 2 0 0 5307 858 1439
6123 2 2 0 0 5307 859 2417
6124 2 2 0 0 859 5308 2424
6125 2 2 0 0 5308 1439 2424
6126 2 2 0 0 1439 5308 5307
6127 2 2 0 0 5308 859 5307
6128 2 2 0 0 531 5309 3079
6129 2 2 0 0 5309 1478 3079
6130 2 2 0 0 114 5310 2428
6131 2 2 0 0 5310 1432 2428
6132 2 2 0 0 1432 5310 3039
6133 2 2 0 0 5310 114 3039
6134 2 2 0 0 5311 1435 2430
6135 2 2 0 0 1435 5311 3041
6136 2 2 0 0 5311 866 3041
6137 2 2 0 0 534 5312 2434
6138 2 2 0 0 5312 2429 2434
6139 2 2 0 0 2429 5312 4289
6140 2 2 0 0 5312 534 4289
6141 2 2 0 0 1806 5313 2436
6142 2 2 0 0 343 5313 3038
6143 2 2 0 0 5313 1806 3038
6144 2 2 0 0 2436 5314 2437
6145 2 2 0 0 5314 343 2437
6146 2 2 0 0 343 5314 5313
6147 2 2 0 0 5314 2436 5313
6148 2 2 0 0 1438 5315 2438
6149 2 2 0 0 5315 534 2438
6150 2 2 0 0 534 5315 2440
6151 2 2 0 0 5315 1438 2440
6152 2 2 0 0 531 5316 2439
6153 2 2 0 0 5316 1081 2439
6154 2 2 0 0 1081 5316 3079
6155 2 2 0 0 5316 531 3079
6156 2 2 0 0 2439 5317 2440
6157 2 2 0 0 5317 534 2440
6158 2 2 0 0 534 5317 4289
6159 2 2 0 0 5317 2439 4289
6160 2 2 0 0 1440 5318 2441
6161 2 2 0 0 5318 345 2441
6162 2 2 0 0 345 5318 2443
6163 2 2 0 0 5318 1440 2443
6164 2 2 0 0 345 5319 2441
6165 2 2 0 0 2425 5319 4265
6166 2 2 0 0 5319 345 4265
6167 2 2 0 0 1440 5320 2443
6168 2 2 0 0 5320 870 2443
6169 2 2 0 0 870 5320 3045
6170 2 2 0 0 5320 1440 3045
6171 2 2 0 0 1086 5321 1982
6172 2 2 0 0 5321 1086 2823
6173 2 2 0 0 1982 5322 2445
6174 2 2 0 0 654 5322 5321
6175 2 2 0 0 5322 1982 5321
6176 2 2 0 0 1150 5323 2445
6177 2 2 0 0 5323 1982 2445
6178 2 2 0 0 1982 5323 3064
6179 2 2 0 0 5323 1150 3064
6180 2 2 0 0 1441 5325 2446
6181 2 2 0 0 5325 535 2446
6182 2 2 0 0 1441 5325 5324
6183 2 2 0 0 5325 535 5324
6184 2 2 0 0 872 5326 3050
6185 2 2 0 0 5326 1448 3050
6186 2 2 0 0 1445 5327 2450
6187 2 2 0 0 5327 2449 2450
6188 2 2 0 0 2449 5327 4302
6189 2 2 0 0 5327 1445 4302
6190 2 2 0 0 1443 5328 2451
6191 2 2 0 0 5328 871 2451
6192 2 2 0 0 871 5328 2444
6193 2 2 0 0 208 5329 2451
6194 2 2 0 0 5329 1443 2451
6195 2 2 0 0 1443 5329 3048
6196 2 2 0 0 5329 208 3048
6197 2 2 0 0 145 5330 2452
6198 2 2 0 0 731 5330 1740
6199 2 2 0 0 5330 145 1740
6200 2 2 0 0 2452 5331 2453
6201 2 2 0 0 5331 731 2453
6202 2 2 0 0 731 5331 5330
6203 2 2 0 0 5331 2452 5330
6204 2 2 0 0 437 5332 3857
6205 2 2 0 0 5332 2456 3857
6206 2 2 0 0 2463 5333 2464
6207 2 2 0 0 5333 539 2464
6208 2 2 0 0 539 5333 4311
6209 2 2 0 0 5333 2463 4311
6210 2 2 0 0 540 5334 2465
6211 2 2 0 0 5334 1456 2465
6212 2 2 0 0 1456 5334 4825
6213 2 2 0 0 5334 540 4825
6214 2 2 0 0 1457 5335 2466
6215 2 2 0 0 5335 877 2466
6216 2 2 0 0 877 5335 4824
6217 2 2 0 0 5335 1457 4824
6218 2 2 0 0 1092 5336 2467
6219 2 2 0 0 569 5336 1841
6220 2 2 0 0 5336 1092 1841
6221 2 2 0 0 2467 5337 2468
6222 2 2 0 0 5337 569 2468
6223 2 2 0 0 569 5337 5336
6224 2 2 0 0 5337 2467 5336
6225 2 2 0 0 5338 1815 2470
6226 2 2 0 0 1815 5338 3062
6227 2 2 0 0 5338 880 3062
6228 2 2 0 0 1086 5339 2471
6229 2 2 0 0 5339 207 2471
6230 2 2 0 0 207 5339 1982
6231 2 2 0 0 5339 1086 1982
6232 2 2 0 0 110 5340 2478
6233 2 2 0 0 5340 1465 2478
6234 2 2 0 0 110 5340 2480
6235 2 2 0 0 2479 5341 2480
6236 2 2 0 0 5341 110 2480
6237 2 2 0 0 110 5341 3833
6238 2 2 0 0 5341 2479 3833
6239 2 2 0 0 885 5342 2477
6240 2 2 0 0 5342 884 2477
6241 2 2 0 0 5343 885 2481
6242 2 2 0 0 885 5343 5342
6243 2 2 0 0 5343 1467 5342
6244 2 2 0 0 1464 5344 2481
6245 2 2 0 0 5344 542 2481
6246 2 2 0 0 542 5344 3065
6247 2 2 0 0 5344 1464 3065
6248 2 2 0 0 885 5345 2481
6249 2 2 0 0 5345 1464 2481
6250 2 2 0 0 1464 5345 2476
6251 2 2 0 0 5345 885 2476
6252 2 2 0 0 1472 5346 2482
6253 2 2 0 0 5346 887 2482
6254 2 2 0 0 887 5346 4350
6255 2 2 0 0 5346 1472 4350
6256 2 2 0 0 1472 5347 2485
6257 2 2 0 0 353 5347 2482
6258 2 2 0 0 5347 1472 2482
6259 2 2 0 0 5348 1990 2485
6260 2 2 0 0 1990 5348 3588
6261 2 2 0 0 5348 1471 3588
6262 2 2 0 0 5349 147 2486
6263 2 2 0 0 147 5349 2491
6264 2 2 0 0 5349 1473 2491
6265 2 2 0 0 902 5350 1819
6266 2 2 0 0 5350 902 1828
6267 2 2 0 0 5351 147 2486
6268 2 2 0 0 147 5351 5350
6269 2 2 0 0 5351 1819 5350
6270 2 2 0 0 1474 5352 2487
6271 2 2 0 0 5352 544 2487
6272 2 2 0 0 544 5352 3074
6273 2 2 0 0 5352 1474 3074
6274 2 2 0 0 1476 5353 2492
6275 2 2 0 0 5353 889 2492
6276 2 2 0 0 889 5353 4361
6277 2 2 0 0 5353 1476 4361
6278 2 2 0 0 5354 321 2493
6279 2 2 0 0 321 5354 3590
6280 2 2 0 0 5354 1477 3590
6281 2 2 0 0 1478 5355 2494
6282 2 2 0 0 5355 321 2494
6283 2 2 0 0 321 5356 2493
6284 2 2 0 0 5356 1479 2493
6285 2 2 0 0 1479 5356 5355
6286 2 2 0 0 5356 321 5355
6287 2 2 0 0 728 5357 2494
6288 2 2 0 0 5357 1478 2494
6289 2 2 0 0 1478 5357 3079
6290 2 2 0 0 5357 728 3079
6291 2 2 0 0 1479 5358 2496
6292 2 2 0 0 5358 1478 2496
6293 2 2 0 0 1478 5358 5355
6294 2 2 0 0 5358 1479 5355
6295 2 2 0 0 1478 5359 2496
6296 2 2 0 0 5359 2427 2496
6297 2 2 0 0 2427 5359 5309
6298 2 2 0 0 5359 1478 5309
6299 2 2 0 0 82 5360 2497
6300 2 2 0 0 5360 1480 2497
6301 2 2 0 0 1480 5360 4381
6302 2 2 0 0 1835 5361 2499
6303 2 2 0 0 548 5361 4925
6304 2 2 0 0 5361 1835 4925
6305 2 2 0 0 908 5362 2500
6306 2 2 0 0 5362 1481 2500
6307 2 2 0 0 1481 5362 2499
6308 2 2 0 0 5362 908 2499
6309 2 2 0 0 1506 5363 2500
6310 2 2 0 0 5363 908 2500
6311 2 2 0 0 908 5363 3106
6312 2 2 0 0 5363 1506 3106
6313 2 2 0 0 906 5364 3100
6314 2 2 0 0 5364 1491 3100
6315 2 2 0 0 1491 5365 2507
6316 2 2 0 0 5365 2506 2507
6317 2 2 0 0 2506 5365 5364
6318 2 2 0 0 5365 1491 5364
6319 2 2 0 0 2488 5366 2508
6320 2 2 0 0 5366 1491 2508
6321 2 2 0 0 1491 5366 4360
6322 2 2 0 0 5366 2488 4360
6323 2 2 0 0 1494 5367 2512
6324 2 2 0 0 5367 1097 2512
6325 2 2 0 0 1097 5367 4827
6326 2 2 0 0 5367 1494 4827
6327 2 2 0 0 1097 5368 2512
6328 2 2 0 0 5368 1490 2512
6329 2 2 0 0 5368 1097 4416
6330 2 2 0 0 1099 5369 2513
6331 2 2 0 0 556 5369 2829
6332 2 2 0 0 2513 5370 2514
6333 2 2 0 0 5370 556 2514
6334 2 2 0 0 556 5370 5369
6335 2 2 0 0 5370 2513 5369
6336 2 2 0 0 1096 5371 2517
6337 2 2 0 0 5371 1505 2517
6338 2 2 0 0 1505 5371 4412
6339 2 2 0 0 5371 1096 4412
6340 2 2 0 0 2517 5372 2518
6341 2 2 0 0 5372 562 2518
6342 2 2 0 0 562 5372 4435
6343 2 2 0 0 5372 2517 4435
6344 2 2 0 0 5373 1434 1836
6345 2 2 0 0 1434 5373 4274
6346 2 2 0 0 864 5374 2521
6347 2 2 0 0 5374 1836 2521
6348 2 2 0 0 1836 5374 5373
6349 2 2 0 0 5374 864 5373
6350 2 2 0 0 1510 5375 2523
6351 2 2 0 0 5375 562 2523
6352 2 2 0 0 562 5375 3107
6353 2 2 0 0 5375 1510 3107
6354 2 2 0 0 912 5376 2526
6355 2 2 0 0 5376 1513 2526
6356 2 2 0 0 1513 5376 3111
6357 2 2 0 0 5376 912 3111
6358 2 2 0 0 1840 5377 2526
6359 2 2 0 0 5377 912 2526
6360 2 2 0 0 912 5377 3112
6361 2 2 0 0 5377 1840 3112
6362 2 2 0 0 1516 5378 2527
6363 2 2 0 0 5378 1516 2533
6364 2 2 0 0 913 5379 2527
6365 2 2 0 0 5379 1516 2527
6366 2 2 0 0 1516 5379 2532
6367 2 2 0 0 5379 913 2532
6368 2 2 0 0 5380 1514 2528
6369 2 2 0 0 1514 5380 3611
6370 2 2 0 0 5380 1108 3611
6371 2 2 0 0 1514 5381 2529
6372 2 2 0 0 5381 912 2529
6373 2 2 0 0 912 5381 3111
6374 2 2 0 0 5381 1514 3111
6375 2 2 0 0 883 5382 2531
6376 2 2 0 0 5382 1515 2531
6377 2 2 0 0 1515 5382 3113
6378 2 2 0 0 5382 883 3113
6379 2 2 0 0 913 5383 2532
6380 2 2 0 0 5383 1517 2532
6381 2 2 0 0 5383 913 3121
6382 2 2 0 0 1517 5384 2534
6383 2 2 0 0 5384 1058 2534
6384 2 2 0 0 1058 5384 3515
6385 2 2 0 0 5384 1517 3515
6386 2 2 0 0 1525 5385 2534
6387 2 2 0 0 5385 183 2534
6388 2 2 0 0 5385 1525 1526
6389 2 2 0 0 915 5386 2535
6390 2 2 0 0 5386 1520 2535
6391 2 2 0 0 2536 5387 2537
6392 2 2 0 0 5387 31 2537
6393 2 2 0 0 2536 5387 4466
6394 2 2 0 0 5388 916 2538
6395 2 2 0 0 916 5388 4810
6396 2 2 0 0 5388 1363 4810
6397 2 2 0 0 1946 5389 2540
6398 2 2 0 0 5389 324 2540
6399 2 2 0 0 324 5389 4978
6400 2 2 0 0 5389 1946 4978
6401 2 2 0 0 1058 5390 2541
6402 2 2 0 0 5390 1521 2541
6403 2 2 0 0 1521 5390 2540
6404 2 2 0 0 5390 1058 2540
6405 2 2 0 0 916 5391 2542
6406 2 2 0 0 1523 5391 3118
6407 2 2 0 0 5391 916 3118
6408 2 2 0 0 1524 5392 2544
6409 2 2 0 0 5392 919 2544
6410 2 2 0 0 919 5392 3382
6411 2 2 0 0 5392 1524 3382
6412 2 2 0 0 5393 567 2004
6413 2 2 0 0 2004 5394 5393
6414 2 2 0 0 5394 686 5393
6415 2 2 0 0 686 5395 2547
6416 2 2 0 0 5395 2546 2547
6417 2 2 0 0 2546 5395 5394
6418 2 2 0 0 5395 686 5394
6419 2 2 0 0 1179 5396 1528
6420 2 2 0 0 686 5396 5393
6421 2 2 0 0 5396 1179 5393
6422 2 2 0 0 5397 686 2548
6423 2 2 0 0 686 5397 5396
6424 2 2 0 0 5397 1528 5396
6425 2 2 0 0 31 5398 3123
6426 2 2 0 0 5398 1529 3123
6427 2 2 0 0 363 5399 2551
6428 2 2 0 0 5399 2550 2551
6429 2 2 0 0 2550 5399 4481
6430 2 2 0 0 5399 363 4481
6431 2 2 0 0 799 5400 2552
6432 2 2 0 0 5400 1109 2552
6433 2 2 0 0 1109 5400 2833
6434 2 2 0 0 5400 799 2833
6435 2 2 0 0 658 5401 1768
6436 2 2 0 0 799 5401 1338
6437 2 2 0 0 5401 658 1338
6438 2 2 0 0 1768 5402 2552
6439 2 2 0 0 5402 799 2552
6440 2 2 0 0 799 5402 5401
6441 2 2 0 0 5402 1768 5401
6442 2 2 0 0 5403 1183 2555
6443 2 2 0 0 1183 5403 3716
6444 2 2 0 0 5403 2082 3716
6445 2 2 0 0 5404 133 2556
6446 2 2 0 0 5404 1533 2296
6447 2 2 0 0 1848 5405 2556
6448 2 2 0 0 5405 1848 2561
6449 2 2 0 0 1534 5406 2558
6450 2 2 0 0 5406 574 2558
6451 2 2 0 0 574 5406 4496
6452 2 2 0 0 5406 1534 4496
6453 2 2 0 0 922 5407 2562
6454 2 2 0 0 5407 2561 2562
6455 2 2 0 0 2561 5407 5405
6456 2 2 0 0 5407 922 5405
6457 2 2 0 0 2556 5408 2563
6458 2 2 0 0 5408 922 2563
6459 2 2 0 0 922 5408 5405
6460 2 2 0 0 5408 2556 5405
6461 2 2 0 0 1533 5409 2563
6462 2 2 0 0 5409 2556 2563
6463 2 2 0 0 2556 5409 5404
6464 2 2 0 0 5409 1533 5404
6465 2 2 0 0 2569 5410 2570
6466 2 2 0 0 5410 227 2570
6467 2 2 0 0 227 5410 4514
6468 2 2 0 0 5410 2569 4514
6469 2 2 0 0 926 5411 2573
6470 2 2 0 0 5411 1849 2573
6471 2 2 0 0 1849 5411 4835
6472 2 2 0 0 5411 926 4835
6473 2 2 0 0 1680 5412 2574
6474 2 2 0 0 5412 925 2574
6475 2 2 0 0 925 5412 2572
6476 2 2 0 0 5412 1680 2572
6477 2 2 0 0 1544 5413 2575
6478 2 2 0 0 5413 928 2575
6479 2 2 0 0 928 5413 3138
6480 2 2 0 0 5413 1544 3138
6481 2 2 0 0 1679 5414 2576
6482 2 2 0 0 577 5414 3143
6483 2 2 0 0 5414 1679 3143
6484 2 2 0 0 2576 5415 2577
6485 2 2 0 0 5415 577 2577
6486 2 2 0 0 577 5415 5414
6487 2 2 0 0 5415 2576 5414
6488 2 2 0 0 930 5416 2579
6489 2 2 0 0 5416 1548 2579
6490 2 2 0 0 1548 5416 3144
6491 2 2 0 0 5416 930 3144
6492 2 2 0 0 5417 929 2580
6493 2 2 0 0 929 5417 2579
6494 2 2 0 0 5417 1546 2579
6495 2 2 0 0 40 5418 5118
6496 2 2 0 0 5418 1545 5118
6497 2 2 0 0 2578 5419 2580
6498 2 2 0 0 1545 5419 5418
6499 2 2 0 0 5419 2578 5418
6500 2 2 0 0 929 5420 2582
6501 2 2 0 0 5420 2581 2582
6502 2 2 0 0 2581 5420 4526
6503 2 2 0 0 5420 929 4526
6504 2 2 0 0 1550 5421 2585
6505 2 2 0 0 369 5421 3145
6506 2 2 0 0 5421 1550 3145
6507 2 2 0 0 1550 5422 2586
6508 2 2 0 0 932 5422 2585
6509 2 2 0 0 5422 1550 2585
6510 2 2 0 0 578 5423 2586
6511 2 2 0 0 5423 1550 2586
6512 2 2 0 0 1550 5423 3146
6513 2 2 0 0 5423 578 3146
6514 2 2 0 0 1551 5424 2587
6515 2 2 0 0 5424 157 2587
6516 2 2 0 0 157 5424 4537
6517 2 2 0 0 5424 1551 4537
6518 2 2 0 0 5425 157 2587
6519 2 2 0 0 157 5425 3150
6520 2 2 0 0 5425 2007 3150
6521 2 2 0 0 5426 933 2589
6522 2 2 0 0 933 5426 3149
6523 2 2 0 0 5426 1554 3149
6524 2 2 0 0 5427 1554 2590
6525 2 2 0 0 1554 5427 3149
6526 2 2 0 0 5427 579 3149
6527 2 2 0 0 580 5428 2592
6528 2 2 0 0 5428 1555 2592
6529 2 2 0 0 1555 5428 2589
6530 2 2 0 0 296 5429 2593
6531 2 2 0 0 5429 1558 2593
6532 2 2 0 0 1558 5429 3852
6533 2 2 0 0 5429 296 3852
6534 2 2 0 0 231 5430 2596
6535 2 2 0 0 5430 1559 2596
6536 2 2 0 0 1559 5430 3153
6537 2 2 0 0 1563 5431 2598
6538 2 2 0 0 1562 5431 3155
6539 2 2 0 0 5431 1563 3155
6540 2 2 0 0 373 5432 2598
6541 2 2 0 0 5432 1563 2598
6542 2 2 0 0 1563 5432 4839
6543 2 2 0 0 5432 373 4839
6544 2 2 0 0 2597 5433 2598
6545 2 2 0 0 5433 373 2598
6546 2 2 0 0 5433 2597 4561
6547 2 2 0 0 1564 5434 2600
6548 2 2 0 0 373 5434 4839
6549 2 2 0 0 5434 1564 4839
6550 2 2 0 0 582 5435 2601
6551 2 2 0 0 5435 1566 2601
6552 2 2 0 0 1566 5435 4840
6553 2 2 0 0 5435 582 4840
6554 2 2 0 0 1857 5436 2609
6555 2 2 0 0 5436 944 2609
6556 2 2 0 0 944 5436 2615
6557 2 2 0 0 5436 1857 2615
6558 2 2 0 0 1573 5437 2611
6559 2 2 0 0 5437 1031 2611
6560 2 2 0 0 1031 5437 2616
6561 2 2 0 0 5437 1573 2616
6562 2 2 0 0 436 5438 2611
6563 2 2 0 0 5438 1573 2611
6564 2 2 0 0 1573 5438 3169
6565 2 2 0 0 5438 436 3169
6566 2 2 0 0 1607 5439 2611
6567 2 2 0 0 5439 436 2611
6568 2 2 0 0 436 5439 2656
6569 2 2 0 0 161 5440 2613
6570 2 2 0 0 161 5440 2612
6571 2 2 0 0 5440 1574 2612
6572 2 2 0 0 1575 5441 2614
6573 2 2 0 0 5441 376 2614
6574 2 2 0 0 376 5441 3171
6575 2 2 0 0 5441 1575 3171
6576 2 2 0 0 376 5442 2614
6577 2 2 0 0 5442 1570 2614
6578 2 2 0 0 1570 5442 3167
6579 2 2 0 0 5442 376 3167
6580 2 2 0 0 742 5443 2619
6581 2 2 0 0 5443 1577 2619
6582 2 2 0 0 1577 5443 2622
6583 2 2 0 0 5443 742 2622
6584 2 2 0 0 435 5444 2621
6585 2 2 0 0 5444 1577 2621
6586 2 2 0 0 1577 5444 4843
6587 2 2 0 0 5444 435 4843
6588 2 2 0 0 159 5445 2628
6589 2 2 0 0 5445 2089 2628
6590 2 2 0 0 377 5446 2624
6591 2 2 0 0 5446 377 3180
6592 2 2 0 0 2624 5447 2625
6593 2 2 0 0 1189 5447 5446
6594 2 2 0 0 5447 2624 5446
6595 2 2 0 0 5448 2624 2625
6596 2 2 0 0 2624 5448 5058
6597 2 2 0 0 5448 693 5058
6598 2 2 0 0 1583 5449 2626
6599 2 2 0 0 5449 236 2626
6600 2 2 0 0 236 5449 1861
6601 2 2 0 0 5449 1583 1861
6602 2 2 0 0 1583 5450 2628
6603 2 2 0 0 5450 1584 2628
6604 2 2 0 0 1584 5450 3177
6605 2 2 0 0 5450 1583 3177
6606 2 2 0 0 2089 5451 2628
6607 2 2 0 0 5451 1583 2628
6608 2 2 0 0 1583 5451 3390
6609 2 2 0 0 5451 2089 3390
6610 2 2 0 0 478 5452 953
6611 2 2 0 0 952 5452 2814
6612 2 2 0 0 5452 478 2814
6613 2 2 0 0 5453 952 1586
6614 2 2 0 0 952 5453 5452
6615 2 2 0 0 5453 953 5452
6616 2 2 0 0 5454 1586 2629
6617 2 2 0 0 1586 5454 5453
6618 2 2 0 0 5454 953 5453
6619 2 2 0 0 1582 5455 2630
6620 2 2 0 0 5455 2623 2630
6621 2 2 0 0 2623 5455 4601
6622 2 2 0 0 5455 1582 4601
6623 2 2 0 0 236 5456 1589
6624 2 2 0 0 955 5456 3389
6625 2 2 0 0 5456 236 3389
6626 2 2 0 0 1589 5457 2631
6627 2 2 0 0 5457 955 2631
6628 2 2 0 0 955 5457 5456
6629 2 2 0 0 5457 1589 5456
6630 2 2 0 0 5458 236 1589
6631 2 2 0 0 236 5458 2781
6632 2 2 0 0 5458 951 2781
6633 2 2 0 0 951 5459 2632
6634 2 2 0 0 5459 1589 2632
6635 2 2 0 0 1589 5459 5458
6636 2 2 0 0 5459 951 5458
6637 2 2 0 0 1593 5460 1594
6638 2 2 0 0 112 5460 3185
6639 2 2 0 0 5460 1593 3185
6640 2 2 0 0 1594 5461 2635
6641 2 2 0 0 5461 112 2635
6642 2 2 0 0 112 5461 5460
6643 2 2 0 0 5461 1594 5460
6644 2 2 0 0 1593 5462 2637
6645 2 2 0 0 5462 956 2637
6646 2 2 0 0 5462 1593 1594
6647 2 2 0 0 1595 5463 2639
6648 2 2 0 0 5463 959 2639
6649 2 2 0 0 959 5463 3188
6650 2 2 0 0 5464 439 2641
6651 2 2 0 0 5464 2640 3192
6652 2 2 0 0 1595 5465 2642
6653 2 2 0 0 5465 1117 2642
6654 2 2 0 0 1117 5465 3190
6655 2 2 0 0 5465 1595 3190
6656 2 2 0 0 1598 5466 2644
6657 2 2 0 0 5466 1597 2644
6658 2 2 0 0 1597 5466 3193
6659 2 2 0 0 5466 1598 3193
6660 2 2 0 0 5467 958 3243
6661 2 2 0 0 958 5468 2644
6662 2 2 0 0 5468 1598 2644
6663 2 2 0 0 1598 5468 5467
6664 2 2 0 0 5468 958 5467
6665 2 2 0 0 611 5469 2648
6666 2 2 0 0 5469 2015 2648
6667 2 2 0 0 2015 5469 3415
6668 2 2 0 0 5469 611 3415
6669 2 2 0 0 611 5470 2649
6670 2 2 0 0 5470 1601 2649
6671 2 2 0 0 1601 5470 2648
6672 2 2 0 0 5470 611 2648
6673 2 2 0 0 1601 5471 2650
6674 2 2 0 0 5471 390 2650
6675 2 2 0 0 390 5471 2646
6676 2 2 0 0 1633 5472 2650
6677 2 2 0 0 5472 984 2650
6678 2 2 0 0 984 5472 3217
6679 2 2 0 0 5472 1633 3217
6680 2 2 0 0 50 5473 2651
6681 2 2 0 0 5473 1119 2651
6682 2 2 0 0 5473 1119 2839
6683 2 2 0 0 961 5474 2653
6684 2 2 0 0 5474 2652 2653
6685 2 2 0 0 2652 5474 3196
6686 2 2 0 0 5474 961 3196
6687 2 2 0 0 184 5475 2657
6688 2 2 0 0 1611 5476 2659
6689 2 2 0 0 5476 2658 2659
6690 2 2 0 0 2658 5476 5475
6691 2 2 0 0 5476 1611 5475
6692 2 2 0 0 966 5477 2661
6693 2 2 0 0 1614 5477 3205
6694 2 2 0 0 5477 966 3205
6695 2 2 0 0 5478 966 2661
6696 2 2 0 0 966 5478 4644
6697 2 2 0 0 969 5479 2663
6698 2 2 0 0 5479 968 2663
6699 2 2 0 0 5479 969 1865
6700 2 2 0 0 50 5480 2667
6701 2 2 0 0 5480 2666 2667
6702 2 2 0 0 50 5480 4655
6703 2 2 0 0 5480 2666 4655
6704 2 2 0 0 1619 5481 2670
6705 2 2 0 0 5481 604 2670
6706 2 2 0 0 604 5481 3211
6707 2 2 0 0 977 5482 2670
6708 2 2 0 0 5482 1619 2670
6709 2 2 0 0 1619 5482 3212
6710 2 2 0 0 5482 977 3212
6711 2 2 0 0 1624 5483 2670
6712 2 2 0 0 5483 977 2670
6713 2 2 0 0 977 5483 4858
6714 2 2 0 0 5483 1624 4858
6715 2 2 0 0 604 5484 2670
6716 2 2 0 0 5484 1624 2670
6717 2 2 0 0 1624 5484 2676
6718 2 2 0 0 5484 604 2676
6719 2 2 0 0 602 5485 1620
6720 2 2 0 0 603 5485 4663
6721 2 2 0 0 5485 602 4663
6722 2 2 0 0 5486 603 1621
6723 2 2 0 0 603 5486 5485
6724 2 2 0 0 5486 1620 5485
6725 2 2 0 0 1620 5487 2671
6726 2 2 0 0 5487 1621 2671
6727 2 2 0 0 1621 5487 5486
6728 2 2 0 0 5487 1620 5486
6729 2 2 0 0 602 5488 1620
6730 2 2 0 0 605 5488 3407
6731 2 2 0 0 5488 602 3407
6732 2 2 0 0 5489 605 1684
6733 2 2 0 0 605 5489 5488
6734 2 2 0 0 5489 1620 5488
6735 2 2 0 0 1620 5490 2671
6736 2 2 0 0 5490 1684 2671
6737 2 2 0 0 1684 5490 5489
6738 2 2 0 0 5490 1620 5489
6739 2 2 0 0 5491 2671 2672
6740 2 2 0 0 131 5491 4945
6741 2 2 0 0 5491 2671 4945
6742 2 2 0 0 603 5492 2675
6743 2 2 0 0 1623 5492 4665
6744 2 2 0 0 5492 603 4665
6745 2 2 0 0 2675 5493 2676
6746 2 2 0 0 5493 1623 2676
6747 2 2 0 0 1623 5493 5492
6748 2 2 0 0 5493 2675 5492
6749 2 2 0 0 1625 5494 2677
6750 2 2 0 0 5494 977 2677
6751 2 2 0 0 977 5494 3212
6752 2 2 0 0 5494 1625 3212
6753 2 2 0 0 977 5495 2677
6754 2 2 0 0 5495 2203 2677
6755 2 2 0 0 2203 5495 4858
6756 2 2 0 0 5495 977 4858
6757 2 2 0 0 606 5496 2679
6758 2 2 0 0 5496 1626 2679
6759 2 2 0 0 1626 5496 3214
6760 2 2 0 0 5496 606 3214
6761 2 2 0 0 2678 5497 2679
6762 2 2 0 0 5497 606 2679
6763 2 2 0 0 606 5497 4943
6764 2 2 0 0 5497 2678 4943
6765 2 2 0 0 1125 5498 2679
6766 2 2 0 0 5498 2678 2679
6767 2 2 0 0 2678 5498 4677
6768 2 2 0 0 5498 1125 4677
6769 2 2 0 0 1627 5499 2681
6770 2 2 0 0 5499 127 2681
6771 2 2 0 0 127 5499 2680
6772 2 2 0 0 5500 607 2682
6773 2 2 0 0 607 5500 2681
6774 2 2 0 0 5500 1627 2681
6775 2 2 0 0 5501 697 2684
6776 2 2 0 0 5501 1628 2685
6777 2 2 0 0 2680 5502 2684
6778 2 2 0 0 5502 1627 2684
6779 2 2 0 0 1627 5502 5499
6780 2 2 0 0 5502 2680 5499
6781 2 2 0 0 1629 5503 3216
6782 2 2 0 0 5503 980 3216
6783 2 2 0 0 2101 5504 2686
6784 2 2 0 0 5504 697 2686
6785 2 2 0 0 697 5504 4679
6786 2 2 0 0 5504 2101 4679
6787 2 2 0 0 5505 1117 3189
6788 2 2 0 0 1631 5506 2691
6789 2 2 0 0 5506 103 2691
6790 2 2 0 0 103 5506 5505
6791 2 2 0 0 5506 1631 5505
6792 2 2 0 0 103 5507 2691
6793 2 2 0 0 5507 1630 2691
6794 2 2 0 0 103 5507 2690
6795 2 2 0 0 5507 1630 2690
6796 2 2 0 0 1881 5508 2696
6797 2 2 0 0 5508 611 2696
6798 2 2 0 0 611 5508 3415
6799 2 2 0 0 5508 1881 3415
6800 2 2 0 0 985 5509 2698
6801 2 2 0 0 986 5509 2790
6802 2 2 0 0 5509 985 2790
6803 2 2 0 0 2698 5510 2699
6804 2 2 0 0 5510 986 2699
6805 2 2 0 0 986 5510 5509
6806 2 2 0 0 5510 2698 5509
6807 2 2 0 0 614 5511 2700
6808 2 2 0 0 5511 1633 2700
6809 2 2 0 0 1633 5511 3425
6810 2 2 0 0 5511 614 3425
6811 2 2 0 0 390 5512 2700
6812 2 2 0 0 5512 2020 2700
6813 2 2 0 0 5512 390 3219
6814 2 2 0 0 987 5513 2703
6815 2 2 0 0 5513 1637 2703
6816 2 2 0 0 1637 5513 4706
6817 2 2 0 0 5513 987 4706
6818 2 2 0 0 1116 5514 2704
6819 2 2 0 0 5514 592 2704
6820 2 2 0 0 592 5514 2638
6821 2 2 0 0 5514 1116 2638
6822 2 2 0 0 381 5515 2704
6823 2 2 0 0 5515 1116 2704
6824 2 2 0 0 1116 5515 4629
6825 2 2 0 0 615 5516 2707
6826 2 2 0 0 994 5516 1891
6827 2 2 0 0 615 5517 2791
6828 2 2 0 0 5517 993 2791
6829 2 2 0 0 1687 5518 2707
6830 2 2 0 0 5518 615 2707
6831 2 2 0 0 615 5518 5517
6832 2 2 0 0 5518 1687 5517
6833 2 2 0 0 994 5519 2708
6834 2 2 0 0 1640 5519 3745
6835 2 2 0 0 5519 994 3745
6836 2 2 0 0 2707 5520 2708
6837 2 2 0 0 5520 994 2708
6838 2 2 0 0 994 5520 5516
6839 2 2 0 0 5520 2707 5516
6840 2 2 0 0 5521 1687 2707
6841 2 2 0 0 1687 5521 4870
6842 2 2 0 0 5521 622 4870
6843 2 2 0 0 5522 2707 2708
6844 2 2 0 0 2707 5522 5521
6845 2 2 0 0 5522 622 5521
6846 2 2 0 0 1131 5523 2710
6847 2 2 0 0 5523 394 2710
6848 2 2 0 0 394 5523 2846
6849 2 2 0 0 5523 1131 2846
6850 2 2 0 0 5524 1641 2712
6851 2 2 0 0 1641 5524 4864
6852 2 2 0 0 5524 617 4864
6853 2 2 0 0 5525 2713 2714
6854 2 2 0 0 2713 5525 3740
6855 2 2 0 0 5525 393 3740
6856 2 2 0 0 5526 2714 2715
6857 2 2 0 0 2714 5526 5525
6858 2 2 0 0 5526 393 5525
6859 2 2 0 0 5527 1201 2716
6860 2 2 0 0 1201 5527 2114
6861 2 2 0 0 2028 5528 2716
6862 2 2 0 0 5528 395 2716
6863 2 2 0 0 395 5528 3648
6864 2 2 0 0 5528 2028 3648
6865 2 2 0 0 5529 254 2028
6866 2 2 0 0 254 5529 2880
6867 2 2 0 0 5529 1201 2880
6868 2 2 0 0 1201 5530 2716
6869 2 2 0 0 5530 2028 2716
6870 2 2 0 0 2028 5530 5529
6871 2 2 0 0 5530 1201 5529
6872 2 2 0 0 301 5531 2718
6873 2 2 0 0 5531 1644 2718
6874 2 2 0 0 1644 5531 3224
6875 2 2 0 0 5531 301 3224
6876 2 2 0 0 5532 1933 2719
6877 2 2 0 0 1933 5532 2046
6878 2 2 0 0 5532 483 2046
6879 2 2 0 0 1644 5533 2720
6880 2 2 0 0 5533 1019 2720
6881 2 2 0 0 1019 5533 3224
6882 2 2 0 0 5533 1644 3224
6883 2 2 0 0 5534 104 2723
6884 2 2 0 0 1646 5534 1647
6885 2 2 0 0 5535 1647 2724
6886 2 2 0 0 1647 5535 3226
6887 2 2 0 0 5535 704 3226
6888 2 2 0 0 104 5536 2725
6889 2 2 0 0 5536 1649 2725
6890 2 2 0 0 1649 5536 2730
6891 2 2 0 0 5536 104 2730
6892 2 2 0 0 827 5537 2726
6893 2 2 0 0 5537 1648 2726
6894 2 2 0 0 1648 5537 2727
6895 2 2 0 0 5537 827 2727
6896 2 2 0 0 1000 5538 2726
6897 2 2 0 0 5538 1787 2726
6898 2 2 0 0 1787 5538 2732
6899 2 2 0 0 5538 1000 2732
6900 2 2 0 0 1136 5539 1650
6901 2 2 0 0 624 5539 4766
6902 2 2 0 0 5539 1136 4766
6903 2 2 0 0 1650 5540 2728
6904 2 2 0 0 624 5540 5539
6905 2 2 0 0 5540 1650 5539
6906 2 2 0 0 1001 5541 2728
6907 2 2 0 0 5541 1650 2728
6908 2 2 0 0 1650 5541 2731
6909 2 2 0 0 1000 5542 2729
6910 2 2 0 0 5542 1648 2729
6911 2 2 0 0 1648 5542 2726
6912 2 2 0 0 5542 1000 2726
6913 2 2 0 0 1000 5543 2733
6914 2 2 0 0 5543 1652 2733
6915 2 2 0 0 5543 1000 4731
6916 2 2 0 0 174 5544 2734
6917 2 2 0 0 5544 1653 2734
6918 2 2 0 0 174 5544 2929
6919 2 2 0 0 2735 5545 2736
6920 2 2 0 0 766 5545 2931
6921 2 2 0 0 5545 2735 2931
6922 2 2 0 0 1654 5546 2737
6923 2 2 0 0 5546 1653 2737
6924 2 2 0 0 1653 5546 4866
6925 2 2 0 0 5546 1654 4866
6926 2 2 0 0 452 5547 2737
6927 2 2 0 0 5547 2736 2737
6928 2 2 0 0 2736 5547 4737
6929 2 2 0 0 5547 452 4737
6930 2 2 0 0 5548 2227 2739
6931 2 2 0 0 452 5548 4736
6932 2 2 0 0 5548 2227 4736
6933 2 2 0 0 1208 5549 2741
6934 2 2 0 0 5549 268 2741
6935 2 2 0 0 268 5549 2884
6936 2 2 0 0 5549 1208 2884
6937 2 2 0 0 169 5550 2743
6938 2 2 0 0 5550 1715 2743
6939 2 2 0 0 1715 5550 1716
6940 2 2 0 0 5550 169 1716
6941 2 2 0 0 5551 564 2745
6942 2 2 0 0 564 5551 2796
6943 2 2 0 0 5551 1102 2796
6944 2 2 0 0 5552 621 2747
6945 2 2 0 0 5552 89 1686
6946 2 2 0 0 706 5553 2748
6947 2 2 0 0 5553 397 2748
6948 2 2 0 0 397 5553 2880
6949 2 2 0 0 5553 706 2880
6950 2 2 0 0 724 5554 2750
6951 2 2 0 0 5554 286 2750
6952 2 2 0 0 286 5554 4751
6953 2 2 0 0 5554 724 4751
6954 2 2 0 0 421 5555 2750
6955 2 2 0 0 5555 724 2750
6956 2 2 0 0 724 5555 4884
6957 2 2 0 0 5555 421 4884
6958 2 2 0 0 732 5556 2751
6959 2 2 0 0 5556 732 1987
6960 2 2 0 0 5557 732 2751
6961 2 2 0 0 732 5557 3248
6962 2 2 0 0 5557 629 3248
6963 2 2 0 0 499 5558 2755
6964 2 2 0 0 5558 1667 2755
6965 2 2 0 0 1667 5558 3470
6966 2 2 0 0 5558 499 3470
6967 2 2 0 0 1397 5559 2756
6968 2 2 0 0 5559 499 2756
6969 2 2 0 0 499 5559 3020
6970 2 2 0 0 5559 1397 3020
6971 2 2 0 0 88 5560 2757
6972 2 2 0 0 5560 1668 2757
6973 2 2 0 0 1668 5560 4098
6974 2 2 0 0 823 5561 2758
6975 2 2 0 0 5561 126 2758
6976 2 2 0 0 126 5561 1781
6977 2 2 0 0 822 5562 2758
6978 2 2 0 0 5562 823 2758
6979 2 2 0 0 823 5562 2243
6980 2 2 0 0 5562 822 2243
6981 2 2 0 0 1780 5563 2758
6982 2 2 0 0 5563 126 2758
6983 2 2 0 0 126 5563 3322
6984 2 2 0 0 5563 1780 3322
6985 2 2 0 0 822 5564 2758
6986 2 2 0 0 5564 1780 2758
6987 2 2 0 0 1780 5564 3962
6988 2 2 0 0 834 5565 2759
6989 2 2 0 0 5565 583 2759
6990 2 2 0 0 583 5565 1388
6991 2 2 0 0 5565 834 1388
6992 2 2 0 0 335 5566 2760
6993 2 2 0 0 5566 1700 2760
6994 2 2 0 0 1700 5566 3259
6995 2 2 0 0 853 5567 2764
6996 2 2 0 0 5567 527 2764
6997 2 2 0 0 527 5567 2761
6998 2 2 0 0 5567 853 2761
6999 2 2 0 0 527 5568 2764
7000 2 2 0 0 5568 2763 2764
7001 2 2 0 0 2763 5568 4217
7002 2 2 0 0 5569 355 2766
7003 2 2 0 0 355 5569 3268
7004 2 2 0 0 5569 685 3268
7005 2 2 0 0 354 5570 550
7006 2 2 0 0 355 5570 3266
7007 2 2 0 0 5570 354 3266
7008 2 2 0 0 550 5571 551
7009 2 2 0 0 355 5571 5570
7010 2 2 0 0 5571 550 5570
7011 2 2 0 0 355 5572 2766
7012 2 2 0 0 355 5572 5571
7013 2 2 0 0 5572 551 5571
7014 2 2 0 0 2766 5573 2767
7015 2 2 0 0 5573 551 2767
7016 2 2 0 0 551 5573 5572
7017 2 2 0 0 5573 2766 5572
7018 2 2 0 0 1689 5574 2771
7019 2 2 0 0 222 5574 3659
7020 2 2 0 0 5574 1689 3659
7021 2 2 0 0 2771 5575 2772
7022 2 2 0 0 5575 222 2772
7023 2 2 0 0 222 5575 5574
7024 2 2 0 0 5575 2771 5574
7025 2 2 0 0 576 5576 2775
7026 2 2 0 0 5576 928 2775
7027 2 2 0 0 5576 928 3137
7028 2 2 0 0 1250 5577 2778
7029 2 2 0 0 5577 232 2778
7030 2 2 0 0 5577 1250 2616
7031 2 2 0 0 2094 5578 2780
7032 2 2 0 0 5578 589 2780
7033 2 2 0 0 589 5578 4602
7034 2 2 0 0 5578 2094 4602
7035 2 2 0 0 160 5579 2780
7036 2 2 0 0 5579 2094 2780
7037 2 2 0 0 2094 5579 2095
7038 2 2 0 0 5579 160 2095
7039 2 2 0 0 589 5580 2781
7040 2 2 0 0 5580 2626 2781
7041 2 2 0 0 2626 5580 4602
7042 2 2 0 0 5580 589 4602
7043 2 2 0 0 952 5581 2782
7044 2 2 0 0 5581 476 2782
7045 2 2 0 0 476 5581 2814
7046 2 2 0 0 5581 952 2814
7047 2 2 0 0 1115 5582 2783
7048 2 2 0 0 5582 478 2783
7049 2 2 0 0 478 5582 2837
7050 2 2 0 0 5582 1115 2837
7051 2 2 0 0 382 5583 2784
7052 2 2 0 0 5583 1120 2784
7053 2 2 0 0 382 5583 2785
7054 2 2 0 0 5583 1120 2785
7055 2 2 0 0 239 5584 2786
7056 2 2 0 0 597 5584 1920
7057 2 2 0 0 5584 239 1920
7058 2 2 0 0 5585 1659 2786
7059 2 2 0 0 1659 5585 2658
7060 2 2 0 0 5585 383 2658
7061 2 2 0 0 605 5586 2788
7062 2 2 0 0 5586 605 3409
7063 2 2 0 0 981 5587 2789
7064 2 2 0 0 5587 609 2789
7065 2 2 0 0 609 5587 1630
7066 2 2 0 0 5587 981 1630
7067 2 2 0 0 993 5588 2791
7068 2 2 0 0 5588 106 2791
7069 2 2 0 0 106 5588 3430
7070 2 2 0 0 5588 993 3430
7071 2 2 0 0 413 5589 2797
7072 2 2 0 0 5589 1021 2797
7073 2 2 0 0 5589 413 2215
7074 2 2 0 0 5590 1007 1899
7075 2 2 0 0 1007 5590 4750
7076 2 2 0 0 5590 286 4750
7077 2 2 0 0 286 5591 2801
7078 2 2 0 0 5591 1899 2801
7079 2 2 0 0 1899 5591 5590
7080 2 2 0 0 5591 286 5590
7081 2 2 0 0 111 5592 2802
7082 2 2 0 0 111 5592 2803
7083 2 2 0 0 5592 1027 2803
7084 2 2 0 0 407 5593 2804
7085 2 2 0 0 5593 1029 2804
7086 2 2 0 0 1029 5593 2795
7087 2 2 0 0 5593 407 2795
7088 2 2 0 0 636 5594 2805
7089 2 2 0 0 5594 972 2805
7090 2 2 0 0 5594 636 1867
7091 2 2 0 0 245 5595 2807
7092 2 2 0 0 5595 1260 2807
7093 2 2 0 0 1260 5595 2186
7094 2 2 0 0 5595 245 2186
7095 2 2 0 0 1785 5596 2808
7096 2 2 0 0 5596 185 2808
7097 2 2 0 0 185 5596 1788
7098 2 2 0 0 446 5597 2808
7099 2 2 0 0 5597 1785 2808
7100 2 2 0 0 1785 5597 1932
7101 2 2 0 0 5597 446 1932
7102 2 2 0 0 1043 5598 2810
7103 2 2 0 0 5598 414 2810
7104 2 2 0 0 414 5598 2850
7105 2 2 0 0 718 5599 2810
7106 2 2 0 0 5599 1043 2810
7107 2 2 0 0 1043 5599 1938
7108 2 2 0 0 414 5600 2810
7109 2 2 0 0 5600 2809 2810
7110 2 2 0 0 2809 5600 3459
7111 2 2 0 0 5600 414 3459
7112 2 2 0 0 1057 5601 2816
7113 2 2 0 0 5601 667 2816
7114 2 2 0 0 667 5601 2804
7115 2 2 0 0 2747 5602 2818
7116 2 2 0 0 5602 89 2818
7117 2 2 0 0 2747 5602 5552
7118 2 2 0 0 5602 89 5552
7119 2 2 0 0 145 5603 2821
7120 2 2 0 0 5603 145 2452
7121 2 2 0 0 1083 5604 2822
7122 2 2 0 0 5604 2452 2822
7123 2 2 0 0 2452 5604 5603
7124 2 2 0 0 5604 1083 5603
7125 2 2 0 0 1087 5605 2824
7126 2 2 0 0 5605 472 2824
7127 2 2 0 0 472 5605 4337
7128 2 2 0 0 5605 1087 4337
7129 2 2 0 0 778 5606 1312
7130 2 2 0 0 472 5607 2824
7131 2 2 0 0 5607 1313 2824
7132 2 2 0 0 1313 5607 5606
7133 2 2 0 0 5607 472 5606
7134 2 2 0 0 1466 5608 2825
7135 2 2 0 0 5608 347 2825
7136 2 2 0 0 347 5608 1813
7137 2 2 0 0 5608 1466 1813
7138 2 2 0 0 424 5609 2826
7139 2 2 0 0 5609 1095 2826
7140 2 2 0 0 1095 5609 2827
7141 2 2 0 0 5609 424 2827
7142 2 2 0 0 5610 1676 2829
7143 2 2 0 0 1676 5610 3235
7144 2 2 0 0 5610 552 3235
7145 2 2 0 0 1993 5611 2830
7146 2 2 0 0 5611 358 2830
7147 2 2 0 0 358 5611 3591
7148 2 2 0 0 5611 1993 3591
7149 2 2 0 0 566 5612 2831
7150 2 2 0 0 5612 1105 2831
7151 2 2 0 0 1105 5612 1512
7152 2 2 0 0 2744 5613 2831
7153 2 2 0 0 5613 566 2831
7154 2 2 0 0 566 5613 3378
7155 2 2 0 0 5613 2744 3378
7156 2 2 0 0 5614 221 2745
7157 2 2 0 0 221 5615 2831
7158 2 2 0 0 5615 2744 2831
7159 2 2 0 0 2744 5615 5614
7160 2 2 0 0 5615 221 5614
7161 2 2 0 0 782 5616 2832
7162 2 2 0 0 1106 5616 2002
7163 2 2 0 0 492 5617 2833
7164 2 2 0 0 5617 1109 2833
7165 2 2 0 0 1109 5617 2557
7166 2 2 0 0 5617 492 2557
7167 2 2 0 0 155 5618 2834
7168 2 2 0 0 5618 1110 2834
7169 2 2 0 0 5618 155 3129
7170 2 2 0 0 155 5619 2834
7171 2 2 0 0 5619 1837 2834
7172 2 2 0 0 1837 5619 3377
7173 2 2 0 0 5619 155 3377
7174 2 2 0 0 5620 478 2836
7175 2 2 0 0 478 5620 2814
7176 2 2 0 0 5620 1049 2814
7177 2 2 0 0 1115 5621 2837
7178 2 2 0 0 5621 1114 2837
7179 2 2 0 0 1114 5621 4762
7180 2 2 0 0 5621 1115 4762
7181 2 2 0 0 973 5622 2841
7182 2 2 0 0 5622 600 2841
7183 2 2 0 0 600 5622 2014
7184 2 2 0 0 5622 973 2014
7185 2 2 0 0 972 5623 2805
7186 2 2 0 0 119 5624 2841
7187 2 2 0 0 5624 973 2841
7188 2 2 0 0 973 5624 5623
7189 2 2 0 0 5624 119 5623
7190 2 2 0 0 1609 5625 2842
7191 2 2 0 0 5625 963 2842
7192 2 2 0 0 963 5625 1610
7193 2 2 0 0 385 5626 2842
7194 2 2 0 0 5626 1609 2842
7195 2 2 0 0 1609 5626 3202
7196 2 2 0 0 5626 385 3202
7197 2 2 0 0 828 5627 2845
7198 2 2 0 0 5627 1124 2845
7199 2 2 0 0 1124 5627 4765
7200 2 2 0 0 5627 828 4765
7201 2 2 0 0 5628 1786 2845
7202 2 2 0 0 1786 5628 3327
7203 2 2 0 0 5628 512 3327
7204 2 2 0 0 1132 5629 2847
7205 2 2 0 0 5629 395 2847
7206 2 2 0 0 395 5629 2025
7207 2 2 0 0 5629 1132 2025
7208 2 2 0 0 5630 128 1132
7209 2 2 0 0 128 5630 1640
7210 2 2 0 0 1131 5631 2847
7211 2 2 0 0 5631 1132 2847
7212 2 2 0 0 1132 5631 5630
7213 2 2 0 0 5631 1131 5630
7214 2 2 0 0 621 5632 2848
7215 2 2 0 0 5632 1686 2848
7216 2 2 0 0 1686 5632 5552
7217 2 2 0 0 5632 621 5552
7218 2 2 0 0 414 5633 2849
7219 2 2 0 0 5633 1137 2849
7220 2 2 0 0 1137 5633 2850
7221 2 2 0 0 5633 414 2850
7222 2 2 0 0 1149 5634 2855
7223 2 2 0 0 5634 647 2855
7224 2 2 0 0 647 5634 2856
7225 2 2 0 0 5634 1149 2856
7226 2 2 0 0 2749 5635 2855
7227 2 2 0 0 5635 266 2855
7228 2 2 0 0 266 5635 4859
7229 2 2 0 0 5635 2749 4859
7230 2 2 0 0 647 5636 2855
7231 2 2 0 0 5636 2749 2855
7232 2 2 0 0 2749 5636 2853
7233 2 2 0 0 5637 264 645
7234 2 2 0 0 264 5637 3405
7235 2 2 0 0 5637 265 3405
7236 2 2 0 0 5638 645 646
7237 2 2 0 0 645 5638 5637
7238 2 2 0 0 5638 265 5637
7239 2 2 0 0 265 5639 978
7240 2 2 0 0 646 5639 5638
7241 2 2 0 0 5639 265 5638
7242 2 2 0 0 646 5640 5639
7243 2 2 0 0 5640 978 5639
7244 2 2 0 0 1149 5641 2856
7245 2 2 0 0 5641 646 2856
7246 2 2 0 0 646 5641 5640
7247 2 2 0 0 5641 1149 5640
7248 2 2 0 0 663 5642 2858
7249 2 2 0 0 5642 1156 2858
7250 2 2 0 0 1156 5642 2857
7251 2 2 0 0 5642 663 2857
7252 2 2 0 0 1055 5643 2858
7253 2 2 0 0 5643 663 2858
7254 2 2 0 0 663 5643 2859
7255 2 2 0 0 5643 1055 2859
7256 2 2 0 0 315 5644 2858
7257 2 2 0 0 5644 1055 2858
7258 2 2 0 0 315 5644 1770
7259 2 2 0 0 5644 1055 1770
7260 2 2 0 0 1055 5645 2859
7261 2 2 0 0 5645 57 2859
7262 2 2 0 0 1055 5645 1346
7263 2 2 0 0 1025 5646 1167
7264 2 2 0 0 421 5646 4884
7265 2 2 0 0 5646 1025 4884
7266 2 2 0 0 1167 5647 2862
7267 2 2 0 0 5647 421 2862
7268 2 2 0 0 421 5647 5646
7269 2 2 0 0 5647 1167 5646
7270 2 2 0 0 421 5648 2862
7271 2 2 0 0 5648 1970 2862
7272 2 2 0 0 1970 5648 4987
7273 2 2 0 0 5648 421 4987
7274 2 2 0 0 1910 5649 2864
7275 2 2 0 0 5649 627 2864
7276 2 2 0 0 627 5649 3461
7277 2 2 0 0 5649 1910 3461
7278 2 2 0 0 1025 5650 2864
7279 2 2 0 0 5650 1910 2864
7280 2 2 0 0 1910 5650 4960
7281 2 2 0 0 5650 1025 4960
7282 2 2 0 0 1027 5651 2867
7283 2 2 0 0 5651 213 2867
7284 2 2 0 0 1027 5651 1911
7285 2 2 0 0 5651 213 1911
7286 2 2 0 0 5652 1027 2867
7287 2 2 0 0 1027 5652 2803
7288 2 2 0 0 5652 631 2803
7289 2 2 0 0 631 5653 2868
7290 2 2 0 0 5653 2867 2868
7291 2 2 0 0 2867 5653 5652
7292 2 2 0 0 5653 631 5652
7293 2 2 0 0 226 5654 2869
7294 2 2 0 0 5654 1181 2869
7295 2 2 0 0 1181 5654 2158
7296 2 2 0 0 5654 226 2158
7297 2 2 0 0 688 5655 2871
7298 2 2 0 0 5655 1180 2871
7299 2 2 0 0 5655 688 1742
7300 2 2 0 0 1849 5656 2873
7301 2 2 0 0 635 5656 4835
7302 2 2 0 0 5656 1849 4835
7303 2 2 0 0 1186 5657 2874
7304 2 2 0 0 5657 691 2874
7305 2 2 0 0 5657 1186 2085
7306 2 2 0 0 5658 1185 1186
7307 2 2 0 0 1185 5658 1779
7308 2 2 0 0 5658 118 1779
7309 2 2 0 0 5659 1186 2874
7310 2 2 0 0 1186 5659 5658
7311 2 2 0 0 5659 118 5658
7312 2 2 0 0 1116 5660 2876
7313 2 2 0 0 5660 696 2876
7314 2 2 0 0 696 5660 4629
7315 2 2 0 0 5660 1116 4629
7316 2 2 0 0 5661 1116 2876
7317 2 2 0 0 1116 5661 2638
7318 2 2 0 0 617 5662 2877
7319 2 2 0 0 5662 1132 2877
7320 2 2 0 0 1132 5662 2025
7321 2 2 0 0 5662 617 2025
7322 2 2 0 0 170 5663 2879
7323 2 2 0 0 5663 1200 2879
7324 2 2 0 0 5663 170 1892
7325 2 2 0 0 706 5664 2880
7326 2 2 0 0 5664 254 2880
7327 2 2 0 0 254 5664 1723
7328 2 2 0 0 5664 706 1723
7329 2 2 0 0 621 5665 2882
7330 2 2 0 0 5665 1204 2882
7331 2 2 0 0 1204 5665 2027
7332 2 2 0 0 5665 621 2027
7333 2 2 0 0 1207 5666 2884
7334 2 2 0 0 5666 268 2884
7335 2 2 0 0 268 5666 1897
7336 2 2 0 0 5666 1207 1897
7337 2 2 0 0 707 5667 2884
7338 2 2 0 0 5667 1207 2884
7339 2 2 0 0 1207 5667 2121
7340 2 2 0 0 5667 707 2121
7341 2 2 0 0 1208 5668 2884
7342 2 2 0 0 5668 707 2884
7343 2 2 0 0 707 5668 5084
7344 2 2 0 0 5668 1208 5084
7345 2 2 0 0 1771 5669 2885
7346 2 2 0 0 5669 625 2885
7347 2 2 0 0 625 5669 2734
7348 2 2 0 0 5669 1771 2734
7349 2 2 0 0 5670 713 1731
7350 2 2 0 0 1214 5671 2887
7351 2 2 0 0 5671 410 2887
7352 2 2 0 0 410 5671 5670
7353 2 2 0 0 5671 1214 5670
7354 2 2 0 0 5672 1214 2887
7355 2 2 0 0 1214 5672 2137
7356 2 2 0 0 5672 714 2137
7357 2 2 0 0 1222 5673 2888
7358 2 2 0 0 5673 412 2888
7359 2 2 0 0 412 5673 2143
7360 2 2 0 0 5673 1222 2143
7361 2 2 0 0 1732 5674 2888
7362 2 2 0 0 5674 716 2888
7363 2 2 0 0 716 5674 3289
7364 2 2 0 0 5674 1732 3289
7365 2 2 0 0 1222 5675 2889
7366 2 2 0 0 5675 49 2889
7367 2 2 0 0 49 5675 2141
7368 2 2 0 0 5675 1222 2141
7369 2 2 0 0 1227 5676 2892
7370 2 2 0 0 5676 419 2892
7371 2 2 0 0 419 5676 5033
7372 2 2 0 0 5676 1227 5033
7373 2 2 0 0 1159 5677 2892
7374 2 2 0 0 5677 721 2892
7375 2 2 0 0 721 5677 4940
7376 2 2 0 0 5677 1159 4940
7377 2 2 0 0 1870 5678 2893
7378 2 2 0 0 5678 386 2893
7379 2 2 0 0 386 5678 1871
7380 2 2 0 0 5678 1870 1871
7381 2 2 0 0 721 5679 2893
7382 2 2 0 0 5679 1870 2893
7383 2 2 0 0 1870 5679 4940
7384 2 2 0 0 5679 721 4940
7385 2 2 0 0 1903 5680 2894
7386 2 2 0 0 5680 422 2894
7387 2 2 0 0 422 5680 3446
7388 2 2 0 0 5680 1903 3446
7389 2 2 0 0 727 5681 2896
7390 2 2 0 0 1231 5681 3046
7391 2 2 0 0 5681 727 3046
7392 2 2 0 0 198 5682 1657
7393 2 2 0 0 648 5682 5106
7394 2 2 0 0 5682 198 5106
7395 2 2 0 0 1657 5683 1739
7396 2 2 0 0 648 5683 5682
7397 2 2 0 0 5683 1657 5682
7398 2 2 0 0 648 5684 2897
7399 2 2 0 0 5684 1739 2897
7400 2 2 0 0 648 5684 5683
7401 2 2 0 0 5684 1739 5683
7402 2 2 0 0 731 5685 2899
7403 2 2 0 0 5685 1238 2899
7404 2 2 0 0 1238 5685 4782
7405 2 2 0 0 5685 731 4782
7406 2 2 0 0 5686 1998 3613
7407 2 2 0 0 1246 5687 2901
7408 2 2 0 0 785 5687 4786
7409 2 2 0 0 5687 1246 4786
7410 2 2 0 0 1247 5688 2902
7411 2 2 0 0 5688 737 2902
7412 2 2 0 0 1247 5688 2581
7413 2 2 0 0 5688 737 2581
7414 2 2 0 0 1743 5689 2902
7415 2 2 0 0 5689 738 2902
7416 2 2 0 0 738 5689 3294
7417 2 2 0 0 5689 1743 3294
7418 2 2 0 0 636 5690 1867
7419 2 2 0 0 5690 1251 1867
7420 2 2 0 0 1252 5691 2903
7421 2 2 0 0 5691 636 2903
7422 2 2 0 0 636 5691 5690
7423 2 2 0 0 5691 1252 5690
7424 2 2 0 0 741 5692 2903
7425 2 2 0 0 5692 1252 2903
7426 2 2 0 0 1252 5692 2173
7427 2 2 0 0 5692 741 2173
7428 2 2 0 0 1250 5693 2903
7429 2 2 0 0 5693 741 2903
7430 2 2 0 0 741 5693 2778
7431 2 2 0 0 5693 1250 2778
7432 2 2 0 0 1559 5694 2904
7433 2 2 0 0 5694 375 2904
7434 2 2 0 0 375 5694 3153
7435 2 2 0 0 5694 1559 3153
7436 2 2 0 0 1251 5695 2905
7437 2 2 0 0 5695 1252 2905
7438 2 2 0 0 1252 5695 5690
7439 2 2 0 0 5695 1251 5690
7440 2 2 0 0 744 5696 2907
7441 2 2 0 0 5696 1255 2907
7442 2 2 0 0 1255 5696 2906
7443 2 2 0 0 5696 744 2906
7444 2 2 0 0 1259 5697 2909
7445 2 2 0 0 5697 244 2909
7446 2 2 0 0 244 5697 2183
7447 2 2 0 0 5697 1259 2183
7448 2 2 0 0 244 5698 2910
7449 2 2 0 0 5698 1261 2910
7450 2 2 0 0 1261 5698 2189
7451 2 2 0 0 5698 244 2189
7452 2 2 0 0 1263 5699 2913
7453 2 2 0 0 5699 750 2913
7454 2 2 0 0 750 5699 3893
7455 2 2 0 0 5699 1263 3893
7456 2 2 0 0 1264 5700 2915
7457 2 2 0 0 5700 250 2915
7458 2 2 0 0 250 5700 2202
7459 2 2 0 0 5700 1264 2202
7460 2 2 0 0 1697 5701 2915
7461 2 2 0 0 5701 670 2915
7462 2 2 0 0 670 5701 3806
7463 2 2 0 0 5701 1697 3806
7464 2 2 0 0 752 5702 2918
7465 2 2 0 0 5702 125 2918
7466 2 2 0 0 125 5702 1746
7467 2 2 0 0 5702 752 1746
7468 2 2 0 0 1266 5703 2919
7469 2 2 0 0 5703 752 2919
7470 2 2 0 0 752 5703 2202
7471 2 2 0 0 5703 1266 2202
7472 2 2 0 0 247 5704 248
7473 2 2 0 0 64 5704 3638
7474 2 2 0 0 5704 247 3638
7475 2 2 0 0 64 5705 249
7476 2 2 0 0 64 5705 5704
7477 2 2 0 0 5705 248 5704
7478 2 2 0 0 5706 248 642
7479 2 2 0 0 248 5706 5705
7480 2 2 0 0 5706 249 5705
7481 2 2 0 0 249 5707 643
7482 2 2 0 0 642 5707 5706
7483 2 2 0 0 5707 249 5706
7484 2 2 0 0 5708 642 2917
7485 2 2 0 0 642 5708 5707
7486 2 2 0 0 5708 643 5707
7487 2 2 0 0 5709 2917 2918
7488 2 2 0 0 2917 5709 5708
7489 2 2 0 0 5709 643 5708
7490 2 2 0 0 2918 5710 2919
7491 2 2 0 0 5710 643 2919
7492 2 2 0 0 2918 5710 5709
7493 2 2 0 0 5710 643 5709
7494 2 2 0 0 976 5711 2920
7495 2 2 0 0 5711 1267 2920
7496 2 2 0 0 1267 5711 2203
7497 2 2 0 0 5712 670 1698
7498 2 2 0 0 670 5712 1264
7499 2 2 0 0 5712 445 1264
7500 2 2 0 0 445 5713 2920
7501 2 2 0 0 5713 1698 2920
7502 2 2 0 0 1698 5713 5712
7503 2 2 0 0 5713 445 5712
7504 2 2 0 0 5714 2916 2921
7505 2 2 0 0 2916 5714 2917
7506 2 2 0 0 5714 125 2917
7507 2 2 0 0 125 5715 2922
7508 2 2 0 0 5715 2921 2922
7509 2 2 0 0 2921 5715 5714
7510 2 2 0 0 5715 125 5714
7511 2 2 0 0 125 5716 2922
7512 2 2 0 0 755 5716 1746
7513 2 2 0 0 5716 125 1746
7514 2 2 0 0 2922 5717 2923
7515 2 2 0 0 5717 755 2923
7516 2 2 0 0 755 5717 5716
7517 2 2 0 0 5717 2922 5716
7518 2 2 0 0 756 5718 2924
7519 2 2 0 0 5718 1272 2924
7520 2 2 0 0 1272 5718 3297
7521 2 2 0 0 87 5719 2924
7522 2 2 0 0 5719 1747 2924
7523 2 2 0 0 87 5719 3296
7524 2 2 0 0 5719 1747 3296
7525 2 2 0 0 1280 5720 2926
7526 2 2 0 0 5720 172 2926
7527 2 2 0 0 172 5720 3804
7528 2 2 0 0 5720 1280 3804
7529 2 2 0 0 5721 717 1280
7530 2 2 0 0 717 5721 4752
7531 2 2 0 0 5721 759 4752
7532 2 2 0 0 759 5722 2926
7533 2 2 0 0 5722 1280 2926
7534 2 2 0 0 1280 5722 5721
7535 2 2 0 0 5722 759 5721
7536 2 2 0 0 172 5723 2926
7537 2 2 0 0 5723 2210 2926
7538 2 2 0 0 172 5723 3913
7539 2 2 0 0 5723 2210 3913
7540 2 2 0 0 5724 1024 2932
7541 2 2 0 0 1024 5724 4892
7542 2 2 0 0 5724 1291 4892
7543 2 2 0 0 57 5725 2932
7544 2 2 0 0 5725 1158 2932
7545 2 2 0 0 1158 5725 2859
7546 2 2 0 0 5725 57 2859
7547 2 2 0 0 1297 5726 2934
7548 2 2 0 0 5726 316 2934
7549 2 2 0 0 316 5726 2935
7550 2 2 0 0 5726 1297 2935
7551 2 2 0 0 5727 316 2935
7552 2 2 0 0 316 5727 2310
7553 2 2 0 0 5727 808 2310
7554 2 2 0 0 5728 289 1299
7555 2 2 0 0 289 5728 3983
7556 2 2 0 0 5728 467 3983
7557 2 2 0 0 467 5729 1300
7558 2 2 0 0 1299 5729 5728
7559 2 2 0 0 5729 467 5728
7560 2 2 0 0 1300 5730 2937
7561 2 2 0 0 5730 1299 2937
7562 2 2 0 0 1299 5730 5729
7563 2 2 0 0 5730 1300 5729
7564 2 2 0 0 5731 288 463
7565 2 2 0 0 288 5731 3981
7566 2 2 0 0 5731 289 3981
7567 2 2 0 0 5732 463 464
7568 2 2 0 0 463 5732 5731
7569 2 2 0 0 5732 289 5731
7570 2 2 0 0 289 5733 1299
7571 2 2 0 0 464 5733 5732
7572 2 2 0 0 5733 289 5732
7573 2 2 0 0 5734 464 1941
7574 2 2 0 0 464 5734 5733
7575 2 2 0 0 5734 1299 5733
7576 2 2 0 0 1299 5735 2937
7577 2 2 0 0 5735 1941 2937
7578 2 2 0 0 1941 5735 5734
7579 2 2 0 0 5735 1299 5734
7580 2 2 0 0 775 5736 2938
7581 2 2 0 0 5736 1302 2938
7582 2 2 0 0 1302 5736 2254
7583 2 2 0 0 5736 775 2254
7584 2 2 0 0 776 5737 2939
7585 2 2 0 0 5737 1306 2939
7586 2 2 0 0 1306 5737 2402
7587 2 2 0 0 5737 776 2402
7588 2 2 0 0 291 5738 1305
7589 2 2 0 0 776 5738 1307
7590 2 2 0 0 5738 291 1307
7591 2 2 0 0 1305 5739 2939
7592 2 2 0 0 5739 776 2939
7593 2 2 0 0 776 5739 5738
7594 2 2 0 0 5739 1305 5738
7595 2 2 0 0 469 5740 2939
7596 2 2 0 0 5740 1305 2939
7597 2 2 0 0 1305 5740 2258
7598 2 2 0 0 5740 469 2258
7599 2 2 0 0 1774 5741 2940
7600 2 2 0 0 5741 291 2940
7601 2 2 0 0 291 5741 4903
7602 2 2 0 0 5741 1774 4903
7603 2 2 0 0 1314 5742 2941
7604 2 2 0 0 5742 778 2941
7605 2 2 0 0 778 5742 2269
7606 2 2 0 0 5742 1314 2269
7607 2 2 0 0 1313 5743 2942
7608 2 2 0 0 5743 778 2942
7609 2 2 0 0 778 5743 5606
7610 2 2 0 0 5743 1313 5606
7611 2 2 0 0 83 5744 2942
7612 2 2 0 0 5744 1313 2942
7613 2 2 0 0 1313 5744 4795
7614 2 2 0 0 5744 83 4795
7615 2 2 0 0 1314 5745 2943
7616 2 2 0 0 5745 425 2943
7617 2 2 0 0 425 5745 2941
7618 2 2 0 0 5745 1314 2941
7619 2 2 0 0 1321 5746 2945
7620 2 2 0 0 5746 221 2945
7621 2 2 0 0 221 5746 2946
7622 2 2 0 0 5746 1321 2946
7623 2 2 0 0 1105 5747 2945
7624 2 2 0 0 5747 786 2945
7625 2 2 0 0 786 5747 1999
7626 2 2 0 0 5747 1105 1999
7627 2 2 0 0 1321 5748 2946
7628 2 2 0 0 5748 1102 2946
7629 2 2 0 0 1102 5748 2947
7630 2 2 0 0 5748 1321 2947
7631 2 2 0 0 1102 5749 2946
7632 2 2 0 0 5749 2745 2946
7633 2 2 0 0 2745 5749 5551
7634 2 2 0 0 5749 1102 5551
7635 2 2 0 0 1321 5750 2947
7636 2 2 0 0 5750 655 2947
7637 2 2 0 0 655 5750 4798
7638 2 2 0 0 5750 1321 4798
7639 2 2 0 0 655 5751 2947
7640 2 2 0 0 5751 2128 2947
7641 2 2 0 0 2128 5751 3679
7642 2 2 0 0 5751 655 3679
7643 2 2 0 0 1322 5752 2949
7644 2 2 0 0 5752 152 2949
7645 2 2 0 0 152 5752 4797
7646 2 2 0 0 5752 1322 4797
7647 2 2 0 0 5753 789 1323
7648 2 2 0 0 789 5753 1763
7649 2 2 0 0 5753 162 1763
7650 2 2 0 0 162 5754 2951
7651 2 2 0 0 5754 1323 2951
7652 2 2 0 0 1323 5754 5753
7653 2 2 0 0 5754 162 5753
7654 2 2 0 0 1327 5755 2952
7655 2 2 0 0 5755 230 2952
7656 2 2 0 0 230 5755 2754
7657 2 2 0 0 5755 1327 2754
7658 2 2 0 0 2952 5756 2953
7659 2 2 0 0 5756 584 2953
7660 2 2 0 0 584 5756 4566
7661 2 2 0 0 5756 2952 4566
7662 2 2 0 0 135 5757 2954
7663 2 2 0 0 5757 1329 2954
7664 2 2 0 0 1329 5757 4799
7665 2 2 0 0 5757 135 4799
7666 2 2 0 0 1387 5758 2954
7667 2 2 0 0 5758 135 2954
7668 2 2 0 0 135 5758 4816
7669 2 2 0 0 5758 1387 4816
7670 2 2 0 0 1050 5759 2954
7671 2 2 0 0 5759 1387 2954
7672 2 2 0 0 1387 5759 2354
7673 2 2 0 0 5759 1050 2354
7674 2 2 0 0 5760 409 2956
7675 2 2 0 0 5760 1004 1898
7676 2 2 0 0 1335 5761 2958
7677 2 2 0 0 5761 797 2958
7678 2 2 0 0 797 5761 2959
7679 2 2 0 0 5761 1335 2959
7680 2 2 0 0 261 5762 2958
7681 2 2 0 0 5762 1335 2958
7682 2 2 0 0 1335 5762 2294
7683 2 2 0 0 5762 261 2294
7684 2 2 0 0 1335 5763 2959
7685 2 2 0 0 447 5763 4048
7686 2 2 0 0 5763 1335 4048
7687 2 2 0 0 497 5764 2960
7688 2 2 0 0 5764 1766 2960
7689 2 2 0 0 1766 5764 2385
7690 2 2 0 0 312 5765 2961
7691 2 2 0 0 5765 1339 2961
7692 2 2 0 0 5765 312 4056
7693 2 2 0 0 5766 1340 2963
7694 2 2 0 0 1340 5766 2962
7695 2 2 0 0 5766 493 2962
7696 2 2 0 0 798 5767 2964
7697 2 2 0 0 5767 1766 2964
7698 2 2 0 0 1766 5767 2960
7699 2 2 0 0 5767 798 2960
7700 2 2 0 0 5768 797 1343
7701 2 2 0 0 797 5768 2958
7702 2 2 0 0 5768 1342 2958
7703 2 2 0 0 1342 5769 2965
7704 2 2 0 0 5769 1343 2965
7705 2 2 0 0 1343 5769 5768
7706 2 2 0 0 5769 1342 5768
7707 2 2 0 0 2295 5770 2965
7708 2 2 0 0 5770 1342 2965
7709 2 2 0 0 1342 5770 5214
7710 2 2 0 0 5770 2295 5214
7711 2 2 0 0 403 5771 2966
7712 2 2 0 0 5771 1344 2966
7713 2 2 0 0 1344 5771 2969
7714 2 2 0 0 5771 403 2969
7715 2 2 0 0 801 5772 2966
7716 2 2 0 0 5772 1771 2966
7717 2 2 0 0 1771 5772 4734
7718 2 2 0 0 5772 801 4734
7719 2 2 0 0 2967 5773 2968
7720 2 2 0 0 5773 708 2968
7721 2 2 0 0 708 5773 4879
7722 2 2 0 0 5773 2967 4879
7723 2 2 0 0 708 5774 2969
7724 2 2 0 0 5774 1344 2969
7725 2 2 0 0 1344 5774 2968
7726 2 2 0 0 5774 708 2968
7727 2 2 0 0 806 5775 2970
7728 2 2 0 0 5775 1348 2970
7729 2 2 0 0 1348 5775 4806
7730 2 2 0 0 5775 806 4806
7731 2 2 0 0 1772 5776 2970
7732 2 2 0 0 5776 806 2970
7733 2 2 0 0 806 5776 4073
7734 2 2 0 0 5776 1772 4073
7735 2 2 0 0 496 5777 2970
7736 2 2 0 0 5777 1772 2970
7737 2 2 0 0 1772 5777 3315
7738 2 2 0 0 1286 5778 2972
7739 2 2 0 0 5778 1351 2972
7740 2 2 0 0 1351 5778 2312
7741 2 2 0 0 5778 1286 2312
7742 2 2 0 0 1702 5779 2973
7743 2 2 0 0 5779 809 2973
7744 2 2 0 0 809 5779 4902
7745 2 2 0 0 5779 1702 4902
7746 2 2 0 0 32 5780 2973
7747 2 2 0 0 5780 1702 2973
7748 2 2 0 0 32 5780 4875
7749 2 2 0 0 5780 1702 4875
7750 2 2 0 0 454 5781 1360
7751 2 2 0 0 455 5781 2980
7752 2 2 0 0 5781 454 2980
7753 2 2 0 0 1360 5782 1361
7754 2 2 0 0 455 5782 5781
7755 2 2 0 0 5782 1360 5781
7756 2 2 0 0 455 5783 5782
7757 2 2 0 0 5783 1361 5782
7758 2 2 0 0 1362 5784 2983
7759 2 2 0 0 5784 455 2983
7760 2 2 0 0 455 5784 5783
7761 2 2 0 0 5784 1362 5783
7762 2 2 0 0 5785 1363 1364
7763 2 2 0 0 1363 5785 4810
7764 2 2 0 0 5785 275 4810
7765 2 2 0 0 275 5786 2984
7766 2 2 0 0 5786 1364 2984
7767 2 2 0 0 1364 5786 5785
7768 2 2 0 0 5786 275 5785
7769 2 2 0 0 2324 5787 2984
7770 2 2 0 0 5787 275 2984
7771 2 2 0 0 275 5787 5235
7772 2 2 0 0 5787 2324 5235
7773 2 2 0 0 1944 5788 2985
7774 2 2 0 0 5788 637 2985
7775 2 2 0 0 5788 637 3510
7776 2 2 0 0 5789 1944 2985
7777 2 2 0 0 1944 5789 4098
7778 2 2 0 0 5789 816 4098
7779 2 2 0 0 1365 5790 2986
7780 2 2 0 0 5790 816 2986
7781 2 2 0 0 816 5790 4811
7782 2 2 0 0 5790 1365 4811
7783 2 2 0 0 816 5791 2986
7784 2 2 0 0 5791 2985 2986
7785 2 2 0 0 2985 5791 5789
7786 2 2 0 0 5791 816 5789
7787 2 2 0 0 1366 5792 2989
7788 2 2 0 0 5792 505 2989
7789 2 2 0 0 505 5792 2987
7790 2 2 0 0 5792 1366 2987
7791 2 2 0 0 819 5793 2989
7792 2 2 0 0 5793 1366 2989
7793 2 2 0 0 1366 5793 2992
7794 2 2 0 0 5793 819 2992
7795 2 2 0 0 5794 1160 3798
7796 2 2 0 0 2990 5795 2991
7797 2 2 0 0 175 5795 5794
7798 2 2 0 0 5795 2990 5794
7799 2 2 0 0 1371 5796 3968
7800 2 2 0 0 5796 457 3968
7801 2 2 0 0 1372 5797 2992
7802 2 2 0 0 5797 457 2992
7803 2 2 0 0 457 5797 5796
7804 2 2 0 0 5797 1372 5796
7805 2 2 0 0 457 5798 2992
7806 2 2 0 0 5798 1366 2992
7807 2 2 0 0 1366 5798 2329
7808 2 2 0 0 5798 457 2329
7809 2 2 0 0 456 5799 2997
7810 2 2 0 0 5799 1375 2997
7811 2 2 0 0 1375 5799 2999
7812 2 2 0 0 5799 456 2999
7813 2 2 0 0 1376 5800 2997
7814 2 2 0 0 5800 456 2997
7815 2 2 0 0 456 5800 3001
7816 2 2 0 0 5800 1376 3001
7817 2 2 0 0 771 5801 2933
7818 2 2 0 0 1294 5801 2993
7819 2 2 0 0 5801 771 2993
7820 2 2 0 0 2933 5802 2999
7821 2 2 0 0 5802 1294 2999
7822 2 2 0 0 1294 5802 5801
7823 2 2 0 0 5802 2933 5801
7824 2 2 0 0 1756 5803 3000
7825 2 2 0 0 5803 456 3000
7826 2 2 0 0 456 5803 2933
7827 2 2 0 0 5803 1756 2933
7828 2 2 0 0 825 5804 3002
7829 2 2 0 0 5804 1377 3002
7830 2 2 0 0 5804 825 2345
7831 2 2 0 0 1380 5805 3002
7832 2 2 0 0 5805 825 3002
7833 2 2 0 0 825 5805 4132
7834 2 2 0 0 1379 5806 3003
7835 2 2 0 0 5806 826 3003
7836 2 2 0 0 826 5806 4120
7837 2 2 0 0 5806 1379 4120
7838 2 2 0 0 514 5807 3003
7839 2 2 0 0 5807 1379 3003
7840 2 2 0 0 5807 514 4128
7841 2 2 0 0 1789 5808 3004
7842 2 2 0 0 5808 829 3004
7843 2 2 0 0 829 5808 3328
7844 2 2 0 0 5808 1789 3328
7845 2 2 0 0 330 5809 3004
7846 2 2 0 0 5809 1789 3004
7847 2 2 0 0 1789 5809 2346
7848 2 2 0 0 5809 330 2346
7849 2 2 0 0 1383 5810 3012
7850 2 2 0 0 5810 1382 3012
7851 2 2 0 0 1382 5810 3013
7852 2 2 0 0 5810 1383 3013
7853 2 2 0 0 334 5811 3012
7854 2 2 0 0 5811 1383 3012
7855 2 2 0 0 1383 5811 5249
7856 2 2 0 0 5811 334 5249
7857 2 2 0 0 192 5812 2817
7858 2 2 0 0 1382 5812 2351
7859 2 2 0 0 2817 5813 3013
7860 2 2 0 0 5813 1382 3013
7861 2 2 0 0 1382 5813 5812
7862 2 2 0 0 5813 2817 5812
7863 2 2 0 0 829 5814 2348
7864 2 2 0 0 5814 107 2348
7865 2 2 0 0 107 5815 3014
7866 2 2 0 0 5815 1384 3014
7867 2 2 0 0 1384 5815 5814
7868 2 2 0 0 5815 107 5814
7869 2 2 0 0 5816 673 1965
7870 2 2 0 0 673 5816 3693
7871 2 2 0 0 5816 1071 3693
7872 2 2 0 0 5817 1965 3015
7873 2 2 0 0 1965 5817 5816
7874 2 2 0 0 5817 1071 5816
7875 2 2 0 0 1388 5818 3016
7876 2 2 0 0 5818 1072 3016
7877 2 2 0 0 1072 5818 2356
7878 2 2 0 0 2605 5819 3016
7879 2 2 0 0 5819 583 3016
7880 2 2 0 0 583 5819 4575
7881 2 2 0 0 5819 2605 4575
7882 2 2 0 0 1072 5820 3016
7883 2 2 0 0 5820 2605 3016
7884 2 2 0 0 2605 5820 4572
7885 2 2 0 0 5820 1072 4572
7886 2 2 0 0 1391 5821 3017
7887 2 2 0 0 5821 179 3017
7888 2 2 0 0 179 5821 1578
7889 2 2 0 0 5821 1391 1578
7890 2 2 0 0 5822 1396 3019
7891 2 2 0 0 1396 5822 2367
7892 2 2 0 0 1397 5823 3020
7893 2 2 0 0 223 5823 2851
7894 2 2 0 0 5824 499 3020
7895 2 2 0 0 499 5824 3470
7896 2 2 0 0 5824 1914 3470
7897 2 2 0 0 846 5825 3021
7898 2 2 0 0 5825 1401 3021
7899 2 2 0 0 1401 5825 3339
7900 2 2 0 0 5825 846 3339
7901 2 2 0 0 1403 5826 3022
7902 2 2 0 0 5826 846 3022
7903 2 2 0 0 846 5826 2376
7904 2 2 0 0 5826 1403 2376
7905 2 2 0 0 1401 5827 3023
7906 2 2 0 0 5827 1075 3023
7907 2 2 0 0 1075 5827 2374
7908 2 2 0 0 5827 1401 2374
7909 2 2 0 0 497 5828 3026
7910 2 2 0 0 5828 1409 3026
7911 2 2 0 0 1409 5828 4205
7912 2 2 0 0 5828 497 4205
7913 2 2 0 0 2385 5829 3026
7914 2 2 0 0 5829 497 3026
7915 2 2 0 0 497 5829 5764
7916 2 2 0 0 5829 2385 5764
7917 2 2 0 0 5830 2386 3027
7918 2 2 0 0 2386 5830 3341
7919 2 2 0 0 5830 319 3341
7920 2 2 0 0 798 5831 2960
7921 2 2 0 0 1337 5831 2297
7922 2 2 0 0 5831 798 2297
7923 2 2 0 0 2960 5832 3028
7924 2 2 0 0 5832 1337 3028
7925 2 2 0 0 1337 5832 5831
7926 2 2 0 0 5832 2960 5831
7927 2 2 0 0 837 5833 3030
7928 2 2 0 0 5833 1390 3030
7929 2 2 0 0 1390 5833 2359
7930 2 2 0 0 5833 837 2359
7931 2 2 0 0 5834 320 1804
7932 2 2 0 0 320 5834 4820
7933 2 2 0 0 5834 855 4820
7934 2 2 0 0 855 5835 3031
7935 2 2 0 0 5835 1804 3031
7936 2 2 0 0 1804 5835 5834
7937 2 2 0 0 5835 855 5834
7938 2 2 0 0 1356 5836 3032
7939 2 2 0 0 5836 1418 3032
7940 2 2 0 0 1418 5836 4821
7941 2 2 0 0 5836 1356 4821
7942 2 2 0 0 1078 5837 3033
7943 2 2 0 0 5837 529 3033
7944 2 2 0 0 5837 1078 4238
7945 2 2 0 0 529 5838 3034
7946 2 2 0 0 5838 1420 3034
7947 2 2 0 0 1420 5838 2411
7948 2 2 0 0 5838 529 2411
7949 2 2 0 0 5839 856 3035
7950 2 2 0 0 856 5839 2412
7951 2 2 0 0 5839 1423 2412
7952 2 2 0 0 91 5840 3035
7953 2 2 0 0 5840 3033 3035
7954 2 2 0 0 3033 5840 3567
7955 2 2 0 0 5840 91 3567
7956 2 2 0 0 356 5841 1424
7957 2 2 0 0 5841 356 1708
7958 2 2 0 0 5842 857 1425
7959 2 2 0 0 857 5842 5841
7960 2 2 0 0 5842 1424 5841
7961 2 2 0 0 1424 5843 3036
7962 2 2 0 0 5843 1425 3036
7963 2 2 0 0 1425 5843 5842
7964 2 2 0 0 5843 1424 5842
7965 2 2 0 0 1427 5844 3037
7966 2 2 0 0 5844 530 3037
7967 2 2 0 0 530 5844 4263
7968 2 2 0 0 1805 5845 3037
7969 2 2 0 0 5845 860 3037
7970 2 2 0 0 860 5845 3343
7971 2 2 0 0 5845 1805 3343
7972 2 2 0 0 1430 5846 3038
7973 2 2 0 0 5846 343 3038
7974 2 2 0 0 343 5846 2426
7975 2 2 0 0 5846 1430 2426
7976 2 2 0 0 866 5847 3041
7977 2 2 0 0 5847 1436 3041
7978 2 2 0 0 1436 5847 2432
7979 2 2 0 0 5847 866 2432
7980 2 2 0 0 1436 5848 3042
7981 2 2 0 0 5848 344 3042
7982 2 2 0 0 5848 1436 2432
7983 2 2 0 0 1427 5849 3042
7984 2 2 0 0 5849 860 3042
7985 2 2 0 0 860 5849 3037
7986 2 2 0 0 5849 1427 3037
7987 2 2 0 0 1082 5850 3043
7988 2 2 0 0 5850 1438 3043
7989 2 2 0 0 1438 5850 2440
7990 2 2 0 0 5850 1082 2440
7991 2 2 0 0 858 5851 3044
7992 2 2 0 0 2436 5851 5299
7993 2 2 0 0 5851 858 5299
7994 2 2 0 0 1440 5852 3045
7995 2 2 0 0 5852 535 3045
7996 2 2 0 0 535 5852 5324
7997 2 2 0 0 5852 1440 5324
7998 2 2 0 0 535 5853 3045
7999 2 2 0 0 5853 1811 3045
8000 2 2 0 0 535 5853 4295
8001 2 2 0 0 5853 1811 4295
8002 2 2 0 0 727 5854 3047
8003 2 2 0 0 5854 1442 3047
8004 2 2 0 0 1442 5854 3819
8005 2 2 0 0 5854 727 3819
8006 2 2 0 0 870 5855 3047
8007 2 2 0 0 5855 3046 3047
8008 2 2 0 0 3046 5855 3353
8009 2 2 0 0 5855 870 3353
8010 2 2 0 0 208 5856 3048
8011 2 2 0 0 5856 2156 3048
8012 2 2 0 0 2156 5856 3831
8013 2 2 0 0 5856 208 3831
8014 2 2 0 0 1444 5857 3049
8015 2 2 0 0 5857 1084 3049
8016 2 2 0 0 1084 5857 4295
8017 2 2 0 0 5857 1444 4295
8018 2 2 0 0 1084 5858 3049
8019 2 2 0 0 5858 2822 3049
8020 2 2 0 0 2822 5858 3575
8021 2 2 0 0 5858 1084 3575
8022 2 2 0 0 1448 5859 3050
8023 2 2 0 0 5859 871 3050
8024 2 2 0 0 871 5859 4305
8025 2 2 0 0 5859 1448 4305
8026 2 2 0 0 2461 5860 3052
8027 2 2 0 0 5860 874 3052
8028 2 2 0 0 874 5860 3354
8029 2 2 0 0 5860 2461 3354
8030 2 2 0 0 1450 5861 3053
8031 2 2 0 0 5861 1449 3053
8032 2 2 0 0 1449 5861 3054
8033 2 2 0 0 5861 1450 3054
8034 2 2 0 0 1449 5862 3053
8035 2 2 0 0 5862 2459 3053
8036 2 2 0 0 2459 5862 4315
8037 2 2 0 0 5862 1449 4315
8038 2 2 0 0 1450 5863 3055
8039 2 2 0 0 5863 874 3055
8040 2 2 0 0 874 5863 3052
8041 2 2 0 0 5863 1450 3052
8042 2 2 0 0 876 5864 2907
8043 2 2 0 0 5864 744 2907
8044 2 2 0 0 1813 5865 3056
8045 2 2 0 0 5865 876 3056
8046 2 2 0 0 876 5865 5864
8047 2 2 0 0 5865 1813 5864
8048 2 2 0 0 347 5866 3057
8049 2 2 0 0 5866 1455 3057
8050 2 2 0 0 5866 347 3056
8051 2 2 0 0 1089 5867 1458
8052 2 2 0 0 347 5867 2825
8053 2 2 0 0 5867 1089 2825
8054 2 2 0 0 1458 5868 3057
8055 2 2 0 0 5868 347 3057
8056 2 2 0 0 347 5868 5867
8057 2 2 0 0 5868 1458 5867
8058 2 2 0 0 5869 878 3059
8059 2 2 0 0 878 5869 4825
8060 2 2 0 0 5869 1456 4825
8061 2 2 0 0 878 5870 3059
8062 2 2 0 0 5870 3058 3059
8063 2 2 0 0 3058 5870 4321
8064 2 2 0 0 5870 878 4321
8065 2 2 0 0 1707 5871 3051
8066 2 2 0 0 683 5871 2077
8067 2 2 0 0 3051 5872 3060
8068 2 2 0 0 5872 683 3060
8069 2 2 0 0 683 5872 5871
8070 2 2 0 0 5872 3051 5871
8071 2 2 0 0 1462 5873 3061
8072 2 2 0 0 880 5873 3063
8073 2 2 0 0 5873 1462 3063
8074 2 2 0 0 207 5874 3061
8075 2 2 0 0 5874 1462 3061
8076 2 2 0 0 1462 5874 3064
8077 2 2 0 0 5874 207 3064
8078 2 2 0 0 880 5875 3062
8079 2 2 0 0 5875 1461 3062
8080 2 2 0 0 1461 5875 3063
8081 2 2 0 0 5875 880 3063
8082 2 2 0 0 1150 5876 1462
8083 2 2 0 0 630 5876 2156
8084 2 2 0 0 5876 1150 2156
8085 2 2 0 0 1462 5877 3063
8086 2 2 0 0 5877 630 3063
8087 2 2 0 0 630 5877 5876
8088 2 2 0 0 5877 1462 5876
8089 2 2 0 0 630 5878 3063
8090 2 2 0 0 5878 1461 3063
8091 2 2 0 0 1461 5878 4339
8092 2 2 0 0 5878 630 4339
8093 2 2 0 0 886 5879 3065
8094 2 2 0 0 5879 1469 3065
8095 2 2 0 0 1469 5879 3609
8096 2 2 0 0 5879 886 3609
8097 2 2 0 0 884 5880 3066
8098 2 2 0 0 5880 1467 3066
8099 2 2 0 0 1467 5880 5342
8100 2 2 0 0 5880 884 5342
8101 2 2 0 0 233 5881 3067
8102 2 2 0 0 5881 1468 3067
8103 2 2 0 0 1468 5881 2906
8104 2 2 0 0 5881 233 2906
8105 2 2 0 0 782 5882 3067
8106 2 2 0 0 5882 1759 3067
8107 2 2 0 0 1759 5882 2832
8108 2 2 0 0 5882 782 2832
8109 2 2 0 0 1468 5883 3068
8110 2 2 0 0 744 5883 2906
8111 2 2 0 0 5883 1468 2906
8112 2 2 0 0 1469 5884 3069
8113 2 2 0 0 5884 1468 3069
8114 2 2 0 0 1468 5884 3070
8115 2 2 0 0 5884 1469 3070
8116 2 2 0 0 887 5885 3071
8117 2 2 0 0 5885 1477 3071
8118 2 2 0 0 1477 5885 3590
8119 2 2 0 0 5885 887 3590
8120 2 2 0 0 2895 5886 3073
8121 2 2 0 0 5886 544 3073
8122 2 2 0 0 544 5886 3360
8123 2 2 0 0 5886 2895 3360
8124 2 2 0 0 5887 2895 3073
8125 2 2 0 0 2895 5887 3810
8126 2 2 0 0 5887 214 3810
8127 2 2 0 0 5888 1094 3075
8128 2 2 0 0 1094 5888 3586
8129 2 2 0 0 5888 1990 3586
8130 2 2 0 0 1475 5889 3076
8131 2 2 0 0 5889 890 3076
8132 2 2 0 0 890 5889 2489
8133 2 2 0 0 1473 5890 3076
8134 2 2 0 0 5890 546 3076
8135 2 2 0 0 546 5890 4355
8136 2 2 0 0 5891 1475 3077
8137 2 2 0 0 5891 891 2490
8138 2 2 0 0 1476 5892 3078
8139 2 2 0 0 5892 901 3078
8140 2 2 0 0 5892 1476 2492
8141 2 2 0 0 147 5893 3078
8142 2 2 0 0 5893 1828 3078
8143 2 2 0 0 1828 5893 5350
8144 2 2 0 0 5893 147 5350
8145 2 2 0 0 728 5894 3079
8146 2 2 0 0 5894 1081 3079
8147 2 2 0 0 1081 5894 1979
8148 2 2 0 0 5894 728 1979
8149 2 2 0 0 1482 5895 3080
8150 2 2 0 0 5895 559 3080
8151 2 2 0 0 559 5895 3081
8152 2 2 0 0 5895 1482 3081
8153 2 2 0 0 1482 5896 3081
8154 2 2 0 0 5896 220 3081
8155 2 2 0 0 220 5896 3083
8156 2 2 0 0 5896 1482 3083
8157 2 2 0 0 5897 1482 3082
8158 2 2 0 0 1482 5897 3084
8159 2 2 0 0 5897 1483 3084
8160 2 2 0 0 907 5898 3080
8161 2 2 0 0 360 5898 1506
8162 2 2 0 0 5898 907 1506
8163 2 2 0 0 3080 5899 3082
8164 2 2 0 0 5899 360 3082
8165 2 2 0 0 360 5899 5898
8166 2 2 0 0 5899 3080 5898
8167 2 2 0 0 561 5900 3084
8168 2 2 0 0 5900 3083 3084
8169 2 2 0 0 561 5900 4830
8170 2 2 0 0 5900 3083 4830
8171 2 2 0 0 1704 5901 3085
8172 2 2 0 0 5901 1485 3085
8173 2 2 0 0 1485 5901 4248
8174 2 2 0 0 1489 5902 3090
8175 2 2 0 0 5902 896 3090
8176 2 2 0 0 896 5902 3102
8177 2 2 0 0 5902 1489 3102
8178 2 2 0 0 895 5903 3090
8179 2 2 0 0 5903 1489 3090
8180 2 2 0 0 895 5903 3097
8181 2 2 0 0 5903 1489 3097
8182 2 2 0 0 95 5904 3098
8183 2 2 0 0 5904 1676 3098
8184 2 2 0 0 1676 5904 4826
8185 2 2 0 0 5904 95 4826
8186 2 2 0 0 2828 5905 3099
8187 2 2 0 0 5905 555 3099
8188 2 2 0 0 5905 2828 4420
8189 2 2 0 0 1820 5906 3100
8190 2 2 0 0 5906 906 3100
8191 2 2 0 0 906 5906 4272
8192 2 2 0 0 5906 1820 4272
8193 2 2 0 0 5907 1098 2828
8194 2 2 0 0 1098 5907 4412
8195 2 2 0 0 5908 2828 3101
8196 2 2 0 0 2828 5908 5907
8197 2 2 0 0 5908 217 5907
8198 2 2 0 0 1489 5909 3102
8199 2 2 0 0 1489 5909 3098
8200 2 2 0 0 5909 95 3098
8201 2 2 0 0 3102 5910 3103
8202 2 2 0 0 5910 95 3103
8203 2 2 0 0 95 5910 5909
8204 2 2 0 0 5910 3102 5909
8205 2 2 0 0 1101 5911 1496
8206 2 2 0 0 1496 5912 3104
8207 2 2 0 0 5912 557 3104
8208 2 2 0 0 557 5912 5911
8209 2 2 0 0 5912 1496 5911
8210 2 2 0 0 557 5913 3104
8211 2 2 0 0 5913 1828 3104
8212 2 2 0 0 1828 5913 3369
8213 2 2 0 0 5913 557 3369
8214 2 2 0 0 1506 5914 3106
8215 2 2 0 0 5914 563 3106
8216 2 2 0 0 563 5914 4831
8217 2 2 0 0 5914 1506 4831
8218 2 2 0 0 1507 5915 3106
8219 2 2 0 0 5915 908 3106
8220 2 2 0 0 908 5915 4429
8221 2 2 0 0 5915 1507 4429
8222 2 2 0 0 2804 5916 3109
8223 2 2 0 0 5916 1057 3109
8224 2 2 0 0 1057 5916 5601
8225 2 2 0 0 5916 2804 5601
8226 2 2 0 0 1512 5917 3110
8227 2 2 0 0 5917 566 3110
8228 2 2 0 0 566 5917 5612
8229 2 2 0 0 5917 1512 5612
8230 2 2 0 0 567 5918 3111
8231 2 2 0 0 5918 1513 3111
8232 2 2 0 0 1513 5918 4450
8233 2 2 0 0 5918 567 4450
8234 2 2 0 0 1514 5919 3111
8235 2 2 0 0 5919 567 3111
8236 2 2 0 0 567 5919 3611
8237 2 2 0 0 5919 1514 3611
8238 2 2 0 0 883 5920 3113
8239 2 2 0 0 5920 1816 3113
8240 2 2 0 0 1816 5920 3358
8241 2 2 0 0 5920 883 3358
8242 2 2 0 0 914 5921 1518
8243 2 2 0 0 568 5921 2001
8244 2 2 0 0 5921 914 2001
8245 2 2 0 0 1518 5922 3114
8246 2 2 0 0 5922 568 3114
8247 2 2 0 0 568 5922 5921
8248 2 2 0 0 5922 1518 5921
8249 2 2 0 0 568 5923 3114
8250 2 2 0 0 5923 1519 3114
8251 2 2 0 0 568 5923 3115
8252 2 2 0 0 5923 1519 3115
8253 2 2 0 0 1843 5924 3116
8254 2 2 0 0 5924 572 3116
8255 2 2 0 0 572 5924 3381
8256 2 2 0 0 5924 1843 3381
8257 2 2 0 0 1358 5925 1842
8258 2 2 0 0 429 5925 2035
8259 2 2 0 0 1842 5926 3117
8260 2 2 0 0 429 5926 5925
8261 2 2 0 0 5926 1842 5925
8262 2 2 0 0 1522 5927 3118
8263 2 2 0 0 5927 1523 3118
8264 2 2 0 0 1523 5927 4833
8265 2 2 0 0 5927 1522 4833
8266 2 2 0 0 3117 5928 3118
8267 2 2 0 0 5928 1522 3118
8268 2 2 0 0 1522 5928 3671
8269 2 2 0 0 5928 3117 3671
8270 2 2 0 0 5929 1842 3117
8271 2 2 0 0 1842 5929 4810
8272 2 2 0 0 5929 916 4810
8273 2 2 0 0 916 5930 3118
8274 2 2 0 0 5930 3117 3118
8275 2 2 0 0 3117 5930 5929
8276 2 2 0 0 5930 916 5929
8277 2 2 0 0 573 5931 3119
8278 2 2 0 0 5931 1525 3119
8279 2 2 0 0 1525 5931 1526
8280 2 2 0 0 183 5932 3120
8281 2 2 0 0 5932 1526 3120
8282 2 2 0 0 1526 5932 5385
8283 2 2 0 0 5932 183 5385
8284 2 2 0 0 913 5933 3121
8285 2 2 0 0 1179 5933 4450
8286 2 2 0 0 5933 913 4450
8287 2 2 0 0 1528 5934 3122
8288 2 2 0 0 5934 183 3122
8289 2 2 0 0 183 5934 3120
8290 2 2 0 0 5934 1528 3120
8291 2 2 0 0 3121 5935 3122
8292 2 2 0 0 5935 1179 3122
8293 2 2 0 0 1179 5935 5933
8294 2 2 0 0 5935 3121 5933
8295 2 2 0 0 183 5936 3122
8296 2 2 0 0 5936 3121 3122
8297 2 2 0 0 3121 5936 4461
8298 2 2 0 0 5936 183 4461
8299 2 2 0 0 1054 5937 3127
8300 2 2 0 0 5937 1533 3127
8301 2 2 0 0 1533 5937 2296
8302 2 2 0 0 5937 1054 2296
8303 2 2 0 0 492 5938 3127
8304 2 2 0 0 5938 1767 3127
8305 2 2 0 0 1767 5938 2833
8306 2 2 0 0 5938 492 2833
8307 2 2 0 0 1533 5939 3128
8308 2 2 0 0 5939 1536 3128
8309 2 2 0 0 1536 5939 2563
8310 2 2 0 0 5939 1533 2563
8311 2 2 0 0 575 5940 3131
8312 2 2 0 0 5940 1538 3131
8313 2 2 0 0 1538 5940 3134
8314 2 2 0 0 5940 575 3134
8315 2 2 0 0 690 5941 2773
8316 2 2 0 0 924 5941 2570
8317 2 2 0 0 2773 5942 3132
8318 2 2 0 0 5942 924 3132
8319 2 2 0 0 924 5942 5941
8320 2 2 0 0 5942 2773 5941
8321 2 2 0 0 1537 5943 3133
8322 2 2 0 0 5943 2564 3133
8323 2 2 0 0 2564 5943 4507
8324 2 2 0 0 5943 1537 4507
8325 2 2 0 0 1540 5944 3135
8326 2 2 0 0 5944 227 3135
8327 2 2 0 0 227 5944 2571
8328 2 2 0 0 5944 1540 2571
8329 2 2 0 0 2568 5945 3135
8330 2 2 0 0 5945 1539 3135
8331 2 2 0 0 1539 5945 4509
8332 2 2 0 0 5945 2568 4509
8333 2 2 0 0 576 5946 3136
8334 2 2 0 0 5946 1542 3136
8335 2 2 0 0 1542 5946 2775
8336 2 2 0 0 5946 576 2775
8337 2 2 0 0 1544 5947 3138
8338 2 2 0 0 5947 577 3138
8339 2 2 0 0 577 5947 2577
8340 2 2 0 0 5947 1544 2577
8341 2 2 0 0 576 5948 3139
8342 2 2 0 0 5948 3137 3139
8343 2 2 0 0 3137 5948 5576
8344 2 2 0 0 5948 576 5576
8345 2 2 0 0 576 5949 3140
8346 2 2 0 0 5949 1546 3140
8347 2 2 0 0 1546 5949 3139
8348 2 2 0 0 5949 576 3139
8349 2 2 0 0 1114 5950 3141
8350 2 2 0 0 5950 737 3141
8351 2 2 0 0 737 5950 1743
8352 2 2 0 0 5950 1114 1743
8353 2 2 0 0 297 5951 3141
8354 2 2 0 0 5951 1114 3141
8355 2 2 0 0 1114 5951 2836
8356 2 2 0 0 5951 297 2836
8357 2 2 0 0 297 5952 3141
8358 2 2 0 0 1246 5952 4786
8359 2 2 0 0 5952 297 4786
8360 2 2 0 0 3141 5953 3142
8361 2 2 0 0 5953 1246 3142
8362 2 2 0 0 1246 5953 5952
8363 2 2 0 0 5953 3141 5952
8364 2 2 0 0 1679 5954 3143
8365 2 2 0 0 366 5954 3238
8366 2 2 0 0 5954 1679 3238
8367 2 2 0 0 3143 5955 3144
8368 2 2 0 0 5955 366 3144
8369 2 2 0 0 366 5955 5954
8370 2 2 0 0 5955 3143 5954
8371 2 2 0 0 2085 5956 3145
8372 2 2 0 0 5956 369 3145
8373 2 2 0 0 369 5956 5055
8374 2 2 0 0 5956 2085 5055
8375 2 2 0 0 1184 5957 3145
8376 2 2 0 0 5957 2085 3145
8377 2 2 0 0 2085 5957 3721
8378 2 2 0 0 5957 1184 3721
8379 2 2 0 0 2583 5958 3147
8380 2 2 0 0 5958 579 3147
8381 2 2 0 0 579 5958 4545
8382 2 2 0 0 5958 2583 4545
8383 2 2 0 0 1552 5959 3148
8384 2 2 0 0 5959 931 3148
8385 2 2 0 0 5959 1552 2588
8386 2 2 0 0 5960 157 1552
8387 2 2 0 0 933 5960 1555
8388 2 2 0 0 5960 157 1555
8389 2 2 0 0 933 5961 3148
8390 2 2 0 0 5961 1552 3148
8391 2 2 0 0 1552 5961 5960
8392 2 2 0 0 5961 933 5960
8393 2 2 0 0 3147 5962 3148
8394 2 2 0 0 5962 933 3148
8395 2 2 0 0 933 5962 3149
8396 2 2 0 0 5962 3147 3149
8397 2 2 0 0 1111 5963 3150
8398 2 2 0 0 5963 1555 3150
8399 2 2 0 0 1555 5963 2592
8400 2 2 0 0 1557 5964 3152
8401 2 2 0 0 5964 370 3152
8402 2 2 0 0 370 5964 4552
8403 2 2 0 0 581 5965 3154
8404 2 2 0 0 5965 1563 3154
8405 2 2 0 0 1563 5965 3155
8406 2 2 0 0 5965 581 3155
8407 2 2 0 0 581 5966 3155
8408 2 2 0 0 5966 1852 3155
8409 2 2 0 0 1852 5966 3151
8410 2 2 0 0 5966 581 3151
8411 2 2 0 0 937 5967 3156
8412 2 2 0 0 5967 1564 3156
8413 2 2 0 0 1564 5967 4839
8414 2 2 0 0 5967 937 4839
8415 2 2 0 0 936 5968 3158
8416 2 2 0 0 5968 1564 3158
8417 2 2 0 0 1564 5968 3156
8418 2 2 0 0 5968 936 3156
8419 2 2 0 0 740 5969 3160
8420 2 2 0 0 5969 1565 3160
8421 2 2 0 0 1565 5969 4841
8422 2 2 0 0 5969 740 4841
8423 2 2 0 0 2752 5970 3160
8424 2 2 0 0 5970 740 3160
8425 2 2 0 0 740 5970 4787
8426 2 2 0 0 5970 2752 4787
8427 2 2 0 0 230 5971 3164
8428 2 2 0 0 5971 1569 3164
8429 2 2 0 0 1569 5971 3165
8430 2 2 0 0 5971 230 3165
8431 2 2 0 0 941 5972 3164
8432 2 2 0 0 5972 2952 3164
8433 2 2 0 0 2952 5972 4566
8434 2 2 0 0 5972 941 4566
8435 2 2 0 0 5973 582 1569
8436 2 2 0 0 582 5973 2752
8437 2 2 0 0 5973 1112 2752
8438 2 2 0 0 1112 5974 3165
8439 2 2 0 0 5974 1569 3165
8440 2 2 0 0 1569 5974 5973
8441 2 2 0 0 5974 1112 5973
8442 2 2 0 0 1920 5975 3166
8443 2 2 0 0 376 5975 3170
8444 2 2 0 0 5975 1920 3170
8445 2 2 0 0 3166 5976 3167
8446 2 2 0 0 5976 376 3167
8447 2 2 0 0 376 5976 5975
8448 2 2 0 0 5976 3166 5975
8449 2 2 0 0 942 5977 3167
8450 2 2 0 0 5977 3166 3167
8451 2 2 0 0 3166 5977 4587
8452 2 2 0 0 5977 942 4587
8453 2 2 0 0 946 5978 3168
8454 2 2 0 0 5978 2777 3168
8455 2 2 0 0 2777 5978 4843
8456 2 2 0 0 5978 946 4843
8457 2 2 0 0 3170 5979 3171
8458 2 2 0 0 5979 1574 3171
8459 2 2 0 0 1574 5979 4592
8460 2 2 0 0 5979 3170 4592
8461 2 2 0 0 5980 537 1580
8462 2 2 0 0 537 5980 2779
8463 2 2 0 0 5980 948 2779
8464 2 2 0 0 948 5981 3175
8465 2 2 0 0 5981 1580 3175
8466 2 2 0 0 1580 5981 5980
8467 2 2 0 0 5981 948 5980
8468 2 2 0 0 1579 5982 3175
8469 2 2 0 0 5982 948 3175
8470 2 2 0 0 948 5982 4846
8471 2 2 0 0 5982 1579 4846
8472 2 2 0 0 947 5983 3176
8473 2 2 0 0 5983 1580 3176
8474 2 2 0 0 1580 5983 4844
8475 2 2 0 0 5983 947 4844
8476 2 2 0 0 5984 590 3178
8477 2 2 0 0 590 5984 4847
8478 2 2 0 0 5984 1585 4847
8479 2 2 0 0 5985 694 1858
8480 2 2 0 0 694 5985 3271
8481 2 2 0 0 5985 1587 3271
8482 2 2 0 0 1587 5986 3179
8483 2 2 0 0 5986 1858 3179
8484 2 2 0 0 1858 5986 5985
8485 2 2 0 0 5986 1587 5985
8486 2 2 0 0 377 5987 3180
8487 2 2 0 0 1587 5987 3271
8488 2 2 0 0 5987 377 3271
8489 2 2 0 0 3180 5988 3181
8490 2 2 0 0 5988 1587 3181
8491 2 2 0 0 1587 5988 5987
8492 2 2 0 0 5988 3180 5987
8493 2 2 0 0 587 5989 3181
8494 2 2 0 0 5989 3180 3181
8495 2 2 0 0 3180 5989 4597
8496 2 2 0 0 5989 587 4597
8497 2 2 0 0 1581 5990 3182
8498 2 2 0 0 5990 591 3182
8499 2 2 0 0 591 5990 2632
8500 2 2 0 0 5990 1581 2632
8501 2 2 0 0 957 5991 3186
8502 2 2 0 0 5991 438 3186
8503 2 2 0 0 957 5992 3182
8504 2 2 0 0 5992 1581 3182
8505 2 2 0 0 1581 5992 5991
8506 2 2 0 0 5992 957 5991
8507 2 2 0 0 2603 5993 3183
8508 2 2 0 0 2603 5993 3185
8509 2 2 0 0 5993 112 3185
8510 2 2 0 0 3183 5994 3184
8511 2 2 0 0 5994 112 3184
8512 2 2 0 0 112 5994 5993
8513 2 2 0 0 5994 3183 5993
8514 2 2 0 0 1591 5995 3184
8515 2 2 0 0 5995 3183 3184
8516 2 2 0 0 3183 5995 4612
8517 2 2 0 0 5995 1591 4612
8518 2 2 0 0 1594 5996 3187
8519 2 2 0 0 5996 957 3187
8520 2 2 0 0 957 5996 2635
8521 2 2 0 0 5996 1594 2635
8522 2 2 0 0 956 5997 3187
8523 2 2 0 0 5997 1594 3187
8524 2 2 0 0 1594 5997 5462
8525 2 2 0 0 5997 956 5462
8526 2 2 0 0 1598 5998 3188
8527 2 2 0 0 5998 959 3188
8528 2 2 0 0 959 5998 5467
8529 2 2 0 0 5998 1598 5467
8530 2 2 0 0 439 5999 3188
8531 2 2 0 0 5999 1598 3188
8532 2 2 0 0 1598 5999 3193
8533 2 2 0 0 5999 439 3193
8534 2 2 0 0 1690 6000 3191
8535 2 2 0 0 6000 121 3191
8536 2 2 0 0 1690 6000 3250
8537 2 2 0 0 6000 121 3250
8538 2 2 0 0 439 6001 3193
8539 2 2 0 0 6001 3192 3193
8540 2 2 0 0 3192 6001 5464
8541 2 2 0 0 6001 439 5464
8542 2 2 0 0 177 6002 3194
8543 2 2 0 0 6002 1600 3194
8544 2 2 0 0 1600 6002 4849
8545 2 2 0 0 6002 177 4849
8546 2 2 0 0 6003 382 1603
8547 2 2 0 0 1602 6003 3197
8548 2 2 0 0 6003 382 3197
8549 2 2 0 0 1602 6004 3195
8550 2 2 0 0 1603 6004 6003
8551 2 2 0 0 6004 1602 6003
8552 2 2 0 0 962 6005 3198
8553 2 2 0 0 6005 1606 3198
8554 2 2 0 0 1606 6005 4851
8555 2 2 0 0 6005 962 4851
8556 2 2 0 0 382 6006 3197
8557 2 2 0 0 962 6006 2785
8558 2 2 0 0 6006 382 2785
8559 2 2 0 0 3197 6007 3198
8560 2 2 0 0 6007 962 3198
8561 2 2 0 0 962 6007 6006
8562 2 2 0 0 6007 3197 6006
8563 2 2 0 0 1607 6008 3200
8564 2 2 0 0 6008 1031 3200
8565 2 2 0 0 1031 6008 2611
8566 2 2 0 0 6008 1607 2611
8567 2 2 0 0 2805 6009 3200
8568 2 2 0 0 6009 119 3200
8569 2 2 0 0 119 6009 5623
8570 2 2 0 0 6009 2805 5623
8571 2 2 0 0 6010 636 2805
8572 2 2 0 0 636 6010 1250
8573 2 2 0 0 6010 1031 1250
8574 2 2 0 0 1031 6011 3200
8575 2 2 0 0 6011 2805 3200
8576 2 2 0 0 2805 6011 6010
8577 2 2 0 0 6011 1031 6010
8578 2 2 0 0 1608 6012 3201
8579 2 2 0 0 6012 596 3201
8580 2 2 0 0 596 6012 2654
8581 2 2 0 0 6012 1608 2654
8582 2 2 0 0 1572 6013 3201
8583 2 2 0 0 6013 1608 3201
8584 2 2 0 0 1608 6013 4852
8585 2 2 0 0 6013 1572 4852
8586 2 2 0 0 1612 6014 3204
8587 2 2 0 0 6014 368 3204
8588 2 2 0 0 368 6014 3203
8589 2 2 0 0 368 6015 3204
8590 2 2 0 0 6015 2084 3204
8591 2 2 0 0 2084 6015 3719
8592 2 2 0 0 6015 368 3719
8593 2 2 0 0 2012 6016 3207
8594 2 2 0 0 6016 187 3207
8595 2 2 0 0 1609 6017 1864
8596 2 2 0 0 598 6017 3202
8597 2 2 0 0 6017 1609 3202
8598 2 2 0 0 1864 6018 3209
8599 2 2 0 0 6018 598 3209
8600 2 2 0 0 598 6018 6017
8601 2 2 0 0 6018 1864 6017
8602 2 2 0 0 967 6019 3209
8603 2 2 0 0 6019 1864 3209
8604 2 2 0 0 1864 6019 3199
8605 2 2 0 0 6019 967 3199
8606 2 2 0 0 1622 6020 3211
8607 2 2 0 0 6020 604 3211
8608 2 2 0 0 604 6020 3213
8609 2 2 0 0 6020 1622 3213
8610 2 2 0 0 386 6021 3212
8611 2 2 0 0 6021 1619 3212
8612 2 2 0 0 6021 386 2669
8613 2 2 0 0 1228 6022 1625
8614 2 2 0 0 386 6022 2893
8615 2 2 0 0 6022 1228 2893
8616 2 2 0 0 1625 6023 3212
8617 2 2 0 0 6023 386 3212
8618 2 2 0 0 386 6023 6022
8619 2 2 0 0 6023 1625 6022
8620 2 2 0 0 2788 6024 3214
8621 2 2 0 0 6024 979 3214
8622 2 2 0 0 979 6024 5586
8623 2 2 0 0 6024 2788 5586
8624 2 2 0 0 1628 6025 3215
8625 2 2 0 0 6025 388 3215
8626 2 2 0 0 388 6025 2683
8627 2 2 0 0 2694 6026 3217
8628 2 2 0 0 6026 984 3217
8629 2 2 0 0 984 6026 2695
8630 2 2 0 0 6026 2694 2695
8631 2 2 0 0 6027 610 2693
8632 2 2 0 0 610 6027 991
8633 2 2 0 0 6028 2693 2694
8634 2 2 0 0 2693 6028 6027
8635 2 2 0 0 6028 613 6027
8636 2 2 0 0 613 6029 3217
8637 2 2 0 0 6029 2694 3217
8638 2 2 0 0 2694 6029 6028
8639 2 2 0 0 6029 613 6028
8640 2 2 0 0 1638 6030 3218
8641 2 2 0 0 6030 593 3218
8642 2 2 0 0 593 6030 4863
8643 2 2 0 0 6030 1638 4863
8644 2 2 0 0 6031 1638 3218
8645 2 2 0 0 1638 6031 4862
8646 2 2 0 0 6031 989 4862
8647 2 2 0 0 1599 6032 3220
8648 2 2 0 0 6032 1638 3220
8649 2 2 0 0 1638 6032 4863
8650 2 2 0 0 6032 1599 4863
8651 2 2 0 0 612 6033 3220
8652 2 2 0 0 6033 3219 3220
8653 2 2 0 0 3219 6033 3635
8654 2 2 0 0 6033 612 3635
8655 2 2 0 0 1636 6034 3221
8656 2 2 0 0 6034 2702 3221
8657 2 2 0 0 2702 6034 4699
8658 2 2 0 0 6034 1636 4699
8659 2 2 0 0 1639 6035 3222
8660 2 2 0 0 6035 593 3222
8661 2 2 0 0 593 6035 3218
8662 2 2 0 0 1643 6036 3223
8663 2 2 0 0 6036 255 3223
8664 2 2 0 0 255 6036 4711
8665 2 2 0 0 6036 1643 4711
8666 2 2 0 0 2114 6037 3223
8667 2 2 0 0 1642 6037 5527
8668 2 2 0 0 6037 2114 5527
8669 2 2 0 0 1727 6038 3224
8670 2 2 0 0 6038 301 3224
8671 2 2 0 0 301 6038 4880
8672 2 2 0 0 6038 1727 4880
8673 2 2 0 0 704 6039 3226
8674 2 2 0 0 6039 3225 3226
8675 2 2 0 0 3225 6039 3752
8676 2 2 0 0 6039 704 3752
8677 2 2 0 0 329 6040 3227
8678 2 2 0 0 6040 1651 3227
8679 2 2 0 0 1651 6040 2732
8680 2 2 0 0 6040 329 2732
8681 2 2 0 0 6041 2811 2812
8682 2 2 0 0 2811 6041 4792
8683 2 2 0 0 6041 763 4792
8684 2 2 0 0 763 6042 3228
8685 2 2 0 0 6042 2812 3228
8686 2 2 0 0 2812 6042 6041
8687 2 2 0 0 6042 763 6041
8688 2 2 0 0 1663 6043 3229
8689 2 2 0 0 6043 195 3229
8690 2 2 0 0 340 6044 3229
8691 2 2 0 0 6044 1663 3229
8692 2 2 0 0 1663 6044 2763
8693 2 2 0 0 6044 340 2763
8694 2 2 0 0 1666 6045 3230
8695 2 2 0 0 313 6045 2304
8696 2 2 0 0 6045 1666 2304
8697 2 2 0 0 1674 6046 3233
8698 2 2 0 0 6046 1658 3233
8699 2 2 0 0 1658 6046 4868
8700 2 2 0 0 6046 1674 4868
8701 2 2 0 0 83 6047 3233
8702 2 2 0 0 6047 1674 3233
8703 2 2 0 0 1674 6047 4795
8704 2 2 0 0 6047 83 4795
8705 2 2 0 0 2123 6048 3236
8706 2 2 0 0 6048 473 3236
8707 2 2 0 0 473 6048 3768
8708 2 2 0 0 6048 2123 3768
8709 2 2 0 0 570 6049 3236
8710 2 2 0 0 6049 2123 3236
8711 2 2 0 0 2123 6049 4871
8712 2 2 0 0 6049 570 4871
8713 2 2 0 0 1679 6050 3238
8714 2 2 0 0 6050 1319 3238
8715 2 2 0 0 1319 6050 2564
8716 2 2 0 0 1680 6051 3239
8717 2 2 0 0 6051 578 3239
8718 2 2 0 0 578 6051 2872
8719 2 2 0 0 6051 1680 2872
8720 2 2 0 0 1681 6052 3241
8721 2 2 0 0 6052 585 3241
8722 2 2 0 0 585 6052 3386
8723 2 2 0 0 6052 1681 3386
8724 2 2 0 0 86 6053 3241
8725 2 2 0 0 6053 1681 3241
8726 2 2 0 0 1681 6053 3305
8727 2 2 0 0 6053 86 3305
8728 2 2 0 0 86 6054 3241
8729 2 2 0 0 6054 3240 3241
8730 2 2 0 0 3240 6054 5028
8731 2 2 0 0 6054 86 5028
8732 2 2 0 0 958 6055 3243
8733 2 2 0 0 6055 1682 3243
8734 2 2 0 0 1682 6055 3242
8735 2 2 0 0 6055 958 3242
8736 2 2 0 0 1682 6056 3244
8737 2 2 0 0 1683 6056 4635
8738 2 2 0 0 6056 1682 4635
8739 2 2 0 0 6057 2099 3244
8740 2 2 0 0 594 6057 3736
8741 2 2 0 0 6057 2099 3736
8742 2 2 0 0 1685 6058 3245
8743 2 2 0 0 6058 650 3245
8744 2 2 0 0 650 6058 1963
8745 2 2 0 0 6058 1685 1963
8746 2 2 0 0 279 6059 3245
8747 2 2 0 0 6059 1685 3245
8748 2 2 0 0 6059 279 2709
8749 2 2 0 0 1685 6060 3246
8750 2 2 0 0 6060 2709 3246
8751 2 2 0 0 2709 6060 6059
8752 2 2 0 0 6060 1685 6059
8753 2 2 0 0 1687 6061 3247
8754 2 2 0 0 6061 279 3247
8755 2 2 0 0 279 6061 4870
8756 2 2 0 0 6061 1687 4870
8757 2 2 0 0 993 6062 3247
8758 2 2 0 0 6062 1687 3247
8759 2 2 0 0 1687 6062 5517
8760 2 2 0 0 6062 993 5517
8761 2 2 0 0 279 6063 3247
8762 2 2 0 0 6063 1888 3247
8763 2 2 0 0 1888 6063 3432
8764 2 2 0 0 6063 279 3432
8765 2 2 0 0 1688 6064 3248
8766 2 2 0 0 6064 405 3248
8767 2 2 0 0 405 6064 3707
8768 2 2 0 0 6064 1688 3707
8769 2 2 0 0 1689 6065 3249
8770 2 2 0 0 6065 154 3249
8771 2 2 0 0 154 6065 4871
8772 2 2 0 0 6065 1689 4871
8773 2 2 0 0 1921 6066 3250
8774 2 2 0 0 6066 638 3250
8775 2 2 0 0 638 6066 3475
8776 2 2 0 0 6066 1921 3475
8777 2 2 0 0 2256 6067 3251
8778 2 2 0 0 6067 1691 3251
8779 2 2 0 0 1691 6067 4903
8780 2 2 0 0 6067 2256 4903
8781 2 2 0 0 657 6068 3252
8782 2 2 0 0 6068 1693 3252
8783 2 2 0 0 1693 6068 4909
8784 2 2 0 0 6068 657 4909
8785 2 2 0 0 374 6069 3252
8786 2 2 0 0 6069 1153 3252
8787 2 2 0 0 1153 6069 4937
8788 2 2 0 0 6069 374 4937
8789 2 2 0 0 1694 6070 3253
8790 2 2 0 0 6070 49 3253
8791 2 2 0 0 6070 1694 3254
8792 2 2 0 0 761 6071 3255
8793 2 2 0 0 6071 1695 3255
8794 2 2 0 0 6071 761 2753
8795 2 2 0 0 6072 761 3255
8796 2 2 0 0 761 6072 4859
8797 2 2 0 0 6072 1125 4859
8798 2 2 0 0 165 6073 3256
8799 2 2 0 0 6073 1698 3256
8800 2 2 0 0 1698 6073 4674
8801 2 2 0 0 6073 165 4674
8802 2 2 0 0 722 6074 3257
8803 2 2 0 0 1699 6074 2018
8804 2 2 0 0 6074 722 2018
8805 2 2 0 0 1163 6075 3258
8806 2 2 0 0 6075 99 3258
8807 2 2 0 0 99 6075 3490
8808 2 2 0 0 672 6076 3258
8809 2 2 0 0 6076 1163 3258
8810 2 2 0 0 6076 672 3331
8811 2 2 0 0 792 6077 3259
8812 2 2 0 0 6077 791 3259
8813 2 2 0 0 791 6077 2047
8814 2 2 0 0 6077 792 2047
8815 2 2 0 0 6078 176 1703
8816 2 2 0 0 176 6078 2030
8817 2 2 0 0 6078 1137 2030
8818 2 2 0 0 1137 6079 3260
8819 2 2 0 0 6079 1703 3260
8820 2 2 0 0 1703 6079 6078
8821 2 2 0 0 6079 1137 6078
8822 2 2 0 0 1706 6080 3261
8823 2 2 0 0 6080 682 3261
8824 2 2 0 0 682 6080 3262
8825 2 2 0 0 6080 1706 3262
8826 2 2 0 0 6081 1143 1711
8827 2 2 0 0 1143 6081 3000
8828 2 2 0 0 6081 634 3000
8829 2 2 0 0 1711 6082 3270
8830 2 2 0 0 6082 634 3270
8831 2 2 0 0 1711 6082 6081
8832 2 2 0 0 6082 634 6081
8833 2 2 0 0 1712 6083 3272
8834 2 2 0 0 6083 2456 3272
8835 2 2 0 0 2456 6083 3857
8836 2 2 0 0 6083 1712 3857
8837 2 2 0 0 1717 6084 3273
8838 2 2 0 0 699 6084 3275
8839 2 2 0 0 6084 1717 3275
8840 2 2 0 0 6085 391 3273
8841 2 2 0 0 391 6085 3423
8842 2 2 0 0 6086 253 3274
8843 2 2 0 0 253 6086 1782
8844 2 2 0 0 6086 1063 1782
8845 2 2 0 0 1717 6087 3275
8846 2 2 0 0 6087 253 3275
8847 2 2 0 0 253 6087 3326
8848 2 2 0 0 106 6088 1023
8849 2 2 0 0 6088 418 1023
8850 2 2 0 0 418 6089 3277
8851 2 2 0 0 1720 6089 6088
8852 2 2 0 0 6089 418 6088
8853 2 2 0 0 1721 6090 3278
8854 2 2 0 0 6090 178 3278
8855 2 2 0 0 178 6090 3279
8856 2 2 0 0 6090 1721 3279
8857 2 2 0 0 1720 6091 3278
8858 2 2 0 0 6091 1721 3278
8859 2 2 0 0 1721 6091 3433
8860 2 2 0 0 6091 1720 3433
8861 2 2 0 0 3277 6092 3278
8862 2 2 0 0 6092 1720 3278
8863 2 2 0 0 1720 6092 6089
8864 2 2 0 0 6092 3277 6089
8865 2 2 0 0 178 6093 3279
8866 2 2 0 0 6093 1719 3279
8867 2 2 0 0 1719 6093 3458
8868 2 2 0 0 6093 178 3458
8869 2 2 0 0 277 6094 3433
8870 2 2 0 0 6094 1721 3433
8871 2 2 0 0 1721 6095 3280
8872 2 2 0 0 6095 1722 3280
8873 2 2 0 0 1722 6095 6094
8874 2 2 0 0 6095 1721 6094
8875 2 2 0 0 1723 6096 3281
8876 2 2 0 0 6096 1204 3281
8877 2 2 0 0 1204 6096 3282
8878 2 2 0 0 6096 1723 3282
8879 2 2 0 0 132 6097 3283
8880 2 2 0 0 6097 1725 3283
8881 2 2 0 0 1725 6097 5082
8882 2 2 0 0 6097 132 5082
8883 2 2 0 0 762 6098 2753
8884 2 2 0 0 762 6098 1724
8885 2 2 0 0 6098 132 1724
8886 2 2 0 0 2753 6099 3283
8887 2 2 0 0 6099 132 3283
8888 2 2 0 0 132 6099 6098
8889 2 2 0 0 6099 2753 6098
8890 2 2 0 0 1695 6100 3283
8891 2 2 0 0 6100 2753 3283
8892 2 2 0 0 2753 6100 6071
8893 2 2 0 0 6100 1695 6071
8894 2 2 0 0 1018 6101 3284
8895 2 2 0 0 6101 2796 3284
8896 2 2 0 0 2796 6101 3452
8897 2 2 0 0 6101 1018 3452
8898 2 2 0 0 482 6102 3285
8899 2 2 0 0 6102 1728 3285
8900 2 2 0 0 1728 6102 4882
8901 2 2 0 0 6102 482 4882
8902 2 2 0 0 441 6103 3287
8903 2 2 0 0 6103 1730 3287
8904 2 2 0 0 6103 441 1924
8905 2 2 0 0 410 6104 3288
8906 2 2 0 0 6104 1731 3288
8907 2 2 0 0 1731 6104 5670
8908 2 2 0 0 6104 410 5670
8909 2 2 0 0 1732 6105 3289
8910 2 2 0 0 6105 411 3289
8911 2 2 0 0 411 6105 4883
8912 2 2 0 0 6105 1732 4883
8913 2 2 0 0 24 6106 3290
8914 2 2 0 0 6106 2751 3290
8915 2 2 0 0 24 6106 5556
8916 2 2 0 0 6106 2751 5556
8917 2 2 0 0 1740 6107 3291
8918 2 2 0 0 6107 730 3291
8919 2 2 0 0 1740 6107 4782
8920 2 2 0 0 6107 730 4782
8921 2 2 0 0 6108 145 1740
8922 2 2 0 0 145 6108 2898
8923 2 2 0 0 6108 1236 2898
8924 2 2 0 0 1236 6109 3291
8925 2 2 0 0 6109 1740 3291
8926 2 2 0 0 1740 6109 6108
8927 2 2 0 0 6109 1236 6108
8928 2 2 0 0 406 6110 2475
8929 2 2 0 0 1236 6110 4761
8930 2 2 0 0 6110 406 4761
8931 2 2 0 0 2475 6111 3291
8932 2 2 0 0 6111 1236 3291
8933 2 2 0 0 1236 6111 6110
8934 2 2 0 0 6111 2475 6110
8935 2 2 0 0 6112 1463 2475
8936 2 2 0 0 1463 6112 2155
8937 2 2 0 0 6112 730 2155
8938 2 2 0 0 730 6113 3291
8939 2 2 0 0 6113 2475 3291
8940 2 2 0 0 2475 6113 6112
8941 2 2 0 0 6113 730 6112
8942 2 2 0 0 1664 6114 1741
8943 2 2 0 0 428 6114 3584
8944 2 2 0 0 6114 1664 3584
8945 2 2 0 0 1741 6115 3292
8946 2 2 0 0 6115 428 3292
8947 2 2 0 0 428 6115 6114
8948 2 2 0 0 6115 1741 6114
8949 2 2 0 0 428 6116 3292
8950 2 2 0 0 6116 1987 3292
8951 2 2 0 0 428 6116 3582
8952 2 2 0 0 6116 1987 3582
8953 2 2 0 0 1180 6117 3293
8954 2 2 0 0 6117 1742 3293
8955 2 2 0 0 1742 6117 5655
8956 2 2 0 0 6117 1180 5655
8957 2 2 0 0 2096 6118 3294
8958 2 2 0 0 6118 738 3294
8959 2 2 0 0 6119 1745 3295
8960 2 2 0 0 1745 6119 1878
8961 2 2 0 0 6119 745 1878
8962 2 2 0 0 260 6120 3298
8963 2 2 0 0 6120 1749 3298
8964 2 2 0 0 1749 6120 2207
8965 2 2 0 0 6120 260 2207
8966 2 2 0 0 6121 260 3298
8967 2 2 0 0 260 6121 2925
8968 2 2 0 0 6121 1274 2925
8969 2 2 0 0 2990 6122 3299
8970 2 2 0 0 6122 773 3299
8971 2 2 0 0 773 6122 2991
8972 2 2 0 0 6122 2990 2991
8973 2 2 0 0 1755 6123 3300
8974 2 2 0 0 6123 770 3300
8975 2 2 0 0 770 6123 3301
8976 2 2 0 0 6123 1755 3301
8977 2 2 0 0 770 6124 3300
8978 2 2 0 0 6124 1293 3300
8979 2 2 0 0 1293 6124 4794
8980 2 2 0 0 6124 770 4794
8981 2 2 0 0 1755 6125 3301
8982 2 2 0 0 6125 453 3301
8983 2 2 0 0 453 6125 4892
8984 2 2 0 0 6125 1755 4892
8985 2 2 0 0 1221 6126 3303
8986 2 2 0 0 6126 2333 3303
8987 2 2 0 0 6126 1221 4106
8988 2 2 0 0 1759 6127 3304
8989 2 2 0 0 6127 781 3304
8990 2 2 0 0 781 6127 3855
8991 2 2 0 0 6127 1759 3855
8992 2 2 0 0 475 6128 3304
8993 2 2 0 0 6128 1759 3304
8994 2 2 0 0 475 6128 2832
8995 2 2 0 0 6128 1759 2832
8996 2 2 0 0 1051 6129 3307
8997 2 2 0 0 6129 372 3307
8998 2 2 0 0 372 6129 1855
8999 2 2 0 0 6129 1051 1855
9000 2 2 0 0 793 6130 3307
9001 2 2 0 0 6130 481 3307
9002 2 2 0 0 481 6130 2754
9003 2 2 0 0 6130 793 2754
9004 2 2 0 0 481 6131 3308
9005 2 2 0 0 6131 1762 3308
9006 2 2 0 0 1762 6131 3306
9007 2 2 0 0 6131 481 3306
9008 2 2 0 0 1762 6132 3309
9009 2 2 0 0 6132 135 3309
9010 2 2 0 0 135 6132 4799
9011 2 2 0 0 6132 1762 4799
9012 2 2 0 0 583 6133 2759
9013 2 2 0 0 1051 6133 1855
9014 2 2 0 0 6133 583 1855
9015 2 2 0 0 2759 6134 3309
9016 2 2 0 0 6134 1051 3309
9017 2 2 0 0 1051 6134 6133
9018 2 2 0 0 6134 2759 6133
9019 2 2 0 0 3259 6135 3310
9020 2 2 0 0 6135 335 3310
9021 2 2 0 0 335 6135 5566
9022 2 2 0 0 6135 3259 5566
9023 2 2 0 0 1042 6136 3313
9024 2 2 0 0 6136 1936 3313
9025 2 2 0 0 1936 6136 3654
9026 2 2 0 0 6136 1042 3654
9027 2 2 0 0 803 6137 1769
9028 2 2 0 0 494 6137 1345
9029 2 2 0 0 6137 803 1345
9030 2 2 0 0 494 6138 3314
9031 2 2 0 0 6138 1769 3314
9032 2 2 0 0 494 6138 6137
9033 2 2 0 0 6138 1769 6137
9034 2 2 0 0 1770 6139 3314
9035 2 2 0 0 6139 494 3314
9036 2 2 0 0 494 6139 4805
9037 2 2 0 0 6139 1770 4805
9038 2 2 0 0 808 6140 3315
9039 2 2 0 0 6140 1772 3315
9040 2 2 0 0 1772 6140 4900
9041 2 2 0 0 6140 808 4900
9042 2 2 0 0 807 6141 3316
9043 2 2 0 0 6141 1773 3316
9044 2 2 0 0 1773 6141 4901
9045 2 2 0 0 6141 807 4901
9046 2 2 0 0 808 6142 3316
9047 2 2 0 0 6142 2935 3316
9048 2 2 0 0 2935 6142 5727
9049 2 2 0 0 6142 808 5727
9050 2 2 0 0 495 6143 3317
9051 2 2 0 0 6143 1773 3317
9052 2 2 0 0 1773 6143 4900
9053 2 2 0 0 6143 495 4900
9054 2 2 0 0 2755 6144 3319
9055 2 2 0 0 6144 322 3319
9056 2 2 0 0 322 6144 5041
9057 2 2 0 0 6144 2755 5041
9058 2 2 0 0 504 6145 3320
9059 2 2 0 0 6145 1779 3320
9060 2 2 0 0 1779 6145 3321
9061 2 2 0 0 6145 504 3321
9062 2 2 0 0 820 6146 3320
9063 2 2 0 0 6146 1778 3320
9064 2 2 0 0 1778 6146 2995
9065 2 2 0 0 6146 820 2995
9066 2 2 0 0 504 6147 3321
9067 2 2 0 0 6147 2084 3321
9068 2 2 0 0 2084 6147 3720
9069 2 2 0 0 6147 504 3720
9070 2 2 0 0 1780 6148 3322
9071 2 2 0 0 6148 669 3322
9072 2 2 0 0 669 6148 3323
9073 2 2 0 0 6148 1780 3323
9074 2 2 0 0 1781 6149 3324
9075 2 2 0 0 6149 823 3324
9076 2 2 0 0 823 6149 5561
9077 2 2 0 0 6149 1781 5561
9078 2 2 0 0 1783 6150 3325
9079 2 2 0 0 6150 824 3325
9080 2 2 0 0 824 6150 4680
9081 2 2 0 0 6150 1783 4680
9082 2 2 0 0 1693 6151 3327
9083 2 2 0 0 6151 1786 3327
9084 2 2 0 0 1786 6151 4910
9085 2 2 0 0 6151 1693 4910
9086 2 2 0 0 1789 6152 3328
9087 2 2 0 0 6152 513 3328
9088 2 2 0 0 513 6152 3329
9089 2 2 0 0 6152 1789 3329
9090 2 2 0 0 1384 6153 3328
9091 2 2 0 0 6153 829 3328
9092 2 2 0 0 829 6153 5814
9093 2 2 0 0 6153 1384 5814
9094 2 2 0 0 2817 6154 3329
9095 2 2 0 0 6154 513 3329
9096 2 2 0 0 6154 2817 3013
9097 2 2 0 0 1793 6155 3332
9098 2 2 0 0 6155 1164 3332
9099 2 2 0 0 1164 6155 4152
9100 2 2 0 0 6155 1793 4152
9101 2 2 0 0 1794 6156 3333
9102 2 2 0 0 6156 854 3333
9103 2 2 0 0 854 6156 2974
9104 2 2 0 0 6156 1794 2974
9105 2 2 0 0 1796 6157 3335
9106 2 2 0 0 6157 1390 3335
9107 2 2 0 0 1390 6157 5258
9108 2 2 0 0 6157 1796 5258
9109 2 2 0 0 2756 6158 3336
9110 2 2 0 0 6158 181 3336
9111 2 2 0 0 181 6158 3318
9112 2 2 0 0 6158 2756 3318
9113 2 2 0 0 1797 6159 3337
9114 2 2 0 0 6159 843 3337
9115 2 2 0 0 843 6159 4174
9116 2 2 0 0 6159 1797 4174
9117 2 2 0 0 2851 6160 3337
9118 2 2 0 0 6160 1397 3337
9119 2 2 0 0 1397 6160 5823
9120 2 2 0 0 6160 2851 5823
9121 2 2 0 0 1801 6161 3339
9122 2 2 0 0 6161 337 3339
9123 2 2 0 0 1801 6161 4172
9124 2 2 0 0 6161 337 4172
9125 2 2 0 0 6162 847 3340
9126 2 2 0 0 847 6162 4200
9127 2 2 0 0 6162 1802 4200
9128 2 2 0 0 319 6163 3341
9129 2 2 0 0 6163 1803 3342
9130 2 2 0 0 849 6164 3341
9131 2 2 0 0 6164 2386 3341
9132 2 2 0 0 2386 6164 4819
9133 2 2 0 0 6164 849 4819
9134 2 2 0 0 1803 6165 3342
9135 2 2 0 0 6165 1802 3342
9136 2 2 0 0 1802 6165 5267
9137 2 2 0 0 6165 1803 5267
9138 2 2 0 0 196 6166 3345
9139 2 2 0 0 6166 1805 3345
9140 2 2 0 0 1805 6166 3343
9141 2 2 0 0 6166 196 3343
9142 2 2 0 0 6167 1173 3344
9143 2 2 0 0 1173 6167 2065
9144 2 2 0 0 6167 1673 2065
9145 2 2 0 0 1673 6168 3345
9146 2 2 0 0 6168 3344 3345
9147 2 2 0 0 3344 6168 6167
9148 2 2 0 0 6168 1673 6167
9149 2 2 0 0 857 6169 3346
9150 2 2 0 0 6169 1708 3346
9151 2 2 0 0 1708 6169 5841
9152 2 2 0 0 6169 857 5841
9153 2 2 0 0 1806 6170 3347
9154 2 2 0 0 6170 857 3347
9155 2 2 0 0 857 6170 2418
9156 2 2 0 0 6170 1806 2418
9157 2 2 0 0 215 6171 3348
9158 2 2 0 0 6171 1807 3348
9159 2 2 0 0 1807 6171 4877
9160 2 2 0 0 6171 215 4877
9161 2 2 0 0 862 6172 2765
9162 2 2 0 0 215 6172 3346
9163 2 2 0 0 6172 862 3346
9164 2 2 0 0 2765 6173 3348
9165 2 2 0 0 6173 215 3348
9166 2 2 0 0 215 6173 6172
9167 2 2 0 0 6173 2765 6172
9168 2 2 0 0 2766 6174 3349
9169 2 2 0 0 6174 357 3349
9170 2 2 0 0 357 6174 2767
9171 2 2 0 0 6174 2766 2767
9172 2 2 0 0 685 6175 3349
9173 2 2 0 0 6175 2766 3349
9174 2 2 0 0 2766 6175 5569
9175 2 2 0 0 6175 685 5569
9176 2 2 0 0 628 6176 3350
9177 2 2 0 0 6176 1809 3350
9178 2 2 0 0 6176 628 4303
9179 2 2 0 0 870 6177 3353
9180 2 2 0 0 6177 1811 3353
9181 2 2 0 0 1811 6177 3045
9182 2 2 0 0 6177 870 3045
9183 2 2 0 0 6178 1231 3046
9184 2 2 0 0 1231 6178 2150
9185 2 2 0 0 6178 206 2150
9186 2 2 0 0 206 6179 3353
9187 2 2 0 0 6179 3046 3353
9188 2 2 0 0 3046 6179 6178
9189 2 2 0 0 6179 206 6178
9190 2 2 0 0 1812 6180 3354
9191 2 2 0 0 6180 874 3354
9192 2 2 0 0 874 6180 4823
9193 2 2 0 0 6180 1812 4823
9194 2 2 0 0 2461 6181 3354
9195 2 2 0 0 6181 537 3354
9196 2 2 0 0 537 6181 4317
9197 2 2 0 0 6181 2461 4317
9198 2 2 0 0 744 6182 3355
9199 2 2 0 0 6182 1813 3355
9200 2 2 0 0 1813 6182 5864
9201 2 2 0 0 6182 744 5864
9202 2 2 0 0 3068 6183 3355
9203 2 2 0 0 6183 744 3355
9204 2 2 0 0 744 6183 5883
9205 2 2 0 0 6183 3068 5883
9206 2 2 0 0 1466 6184 3355
9207 2 2 0 0 6184 3068 3355
9208 2 2 0 0 3068 6184 4345
9209 2 2 0 0 6184 1466 4345
9210 2 2 0 0 1816 6185 3356
9211 2 2 0 0 541 6185 3358
9212 2 2 0 0 6185 1816 3358
9213 2 2 0 0 879 6186 3356
9214 2 2 0 0 6186 1816 3356
9215 2 2 0 0 1816 6186 2469
9216 2 2 0 0 1815 6187 3356
9217 2 2 0 0 6187 879 3356
9218 2 2 0 0 879 6187 4329
9219 2 2 0 0 6187 1815 4329
9220 2 2 0 0 1817 6188 3357
9221 2 2 0 0 6188 883 3357
9222 2 2 0 0 883 6188 3358
9223 2 2 0 0 6188 1817 3358
9224 2 2 0 0 2530 6189 3357
9225 2 2 0 0 6189 425 3357
9226 2 2 0 0 425 6189 2943
9227 2 2 0 0 6189 2530 2943
9228 2 2 0 0 883 6190 3357
9229 2 2 0 0 6190 2530 3357
9230 2 2 0 0 2530 6190 2531
9231 2 2 0 0 6190 883 2531
9232 2 2 0 0 1817 6191 3358
9233 2 2 0 0 6191 541 3358
9234 2 2 0 0 541 6191 2473
9235 2 2 0 0 6191 1817 2473
9236 2 2 0 0 2002 6192 3359
9237 2 2 0 0 6192 886 3359
9238 2 2 0 0 886 6192 3609
9239 2 2 0 0 6192 2002 3609
9240 2 2 0 0 349 6193 3359
9241 2 2 0 0 6193 2002 3359
9242 2 2 0 0 2002 6193 3608
9243 2 2 0 0 6193 349 3608
9244 2 2 0 0 212 6194 3364
9245 2 2 0 0 6194 1824 3364
9246 2 2 0 0 1824 6194 3086
9247 2 2 0 0 6194 212 3086
9248 2 2 0 0 1704 6195 2865
9249 2 2 0 0 212 6195 3085
9250 2 2 0 0 6195 1704 3085
9251 2 2 0 0 2865 6196 3364
9252 2 2 0 0 6196 212 3364
9253 2 2 0 0 212 6196 6195
9254 2 2 0 0 6196 2865 6195
9255 2 2 0 0 2513 6197 3365
9256 2 2 0 0 6197 900 3365
9257 2 2 0 0 900 6197 2514
9258 2 2 0 0 6197 2513 2514
9259 2 2 0 0 1826 6198 3366
9260 2 2 0 0 6198 1101 3366
9261 2 2 0 0 1101 6198 5911
9262 2 2 0 0 6198 1826 5911
9263 2 2 0 0 6199 1100 2830
9264 2 2 0 0 1100 6199 4828
9265 2 2 0 0 6199 1101 4828
9266 2 2 0 0 1101 6200 3366
9267 2 2 0 0 6200 2830 3366
9268 2 2 0 0 2830 6200 6199
9269 2 2 0 0 6200 1101 6199
9270 2 2 0 0 359 6201 3367
9271 2 2 0 0 6201 1827 3367
9272 2 2 0 0 1827 6201 4368
9273 2 2 0 0 6201 359 4368
9274 2 2 0 0 1495 6202 3367
9275 2 2 0 0 6202 359 3367
9276 2 2 0 0 359 6202 4416
9277 2 2 0 0 6202 1495 4416
9278 2 2 0 0 1827 6203 3368
9279 2 2 0 0 6203 557 3368
9280 2 2 0 0 557 6203 3369
9281 2 2 0 0 6203 1827 3369
9282 2 2 0 0 557 6204 3368
9283 2 2 0 0 6204 1826 3368
9284 2 2 0 0 1826 6204 5911
9285 2 2 0 0 6204 557 5911
9286 2 2 0 0 6205 559 2770
9287 2 2 0 0 903 6206 3370
9288 2 2 0 0 6206 2770 3370
9289 2 2 0 0 2770 6206 6205
9290 2 2 0 0 6206 903 6205
9291 2 2 0 0 559 6207 3371
9292 2 2 0 0 6207 1834 3371
9293 2 2 0 0 1834 6207 6205
9294 2 2 0 0 6207 559 6205
9295 2 2 0 0 1834 6208 3372
9296 2 2 0 0 6208 151 3372
9297 2 2 0 0 151 6208 3374
9298 2 2 0 0 6208 1834 3374
9299 2 2 0 0 2519 6209 3372
9300 2 2 0 0 6209 907 3372
9301 2 2 0 0 907 6209 4831
9302 2 2 0 0 6209 2519 4831
9303 2 2 0 0 151 6210 3372
9304 2 2 0 0 6210 2519 3372
9305 2 2 0 0 2519 6210 4440
9306 2 2 0 0 6210 151 4440
9307 2 2 0 0 1834 6211 3374
9308 2 2 0 0 6211 903 3374
9309 2 2 0 0 903 6211 6205
9310 2 2 0 0 6211 1834 6205
9311 2 2 0 0 1434 6212 3375
9312 2 2 0 0 6212 865 3375
9313 2 2 0 0 865 6212 3040
9314 2 2 0 0 6212 1434 3040
9315 2 2 0 0 216 6213 3376
9316 2 2 0 0 6213 1836 3376
9317 2 2 0 0 1836 6213 2515
9318 2 2 0 0 6213 216 2515
9319 2 2 0 0 1838 6214 3377
9320 2 2 0 0 6214 911 3377
9321 2 2 0 0 911 6214 4926
9322 2 2 0 0 6214 1838 4926
9323 2 2 0 0 1104 6215 3379
9324 2 2 0 0 6215 1837 3379
9325 2 2 0 0 1837 6215 2834
9326 2 2 0 0 6215 1104 2834
9327 2 2 0 0 1838 6216 3380
9328 2 2 0 0 6216 1319 3380
9329 2 2 0 0 1319 6216 3130
9330 2 2 0 0 6216 1838 3130
9331 2 2 0 0 2901 6217 3380
9332 2 2 0 0 6217 785 3380
9333 2 2 0 0 785 6217 5687
9334 2 2 0 0 6217 2901 5687
9335 2 2 0 0 1524 6218 3382
9336 2 2 0 0 6218 573 3382
9337 2 2 0 0 573 6218 2543
9338 2 2 0 0 6218 1524 2543
9339 2 2 0 0 1531 6219 3383
9340 2 2 0 0 6219 920 3383
9341 2 2 0 0 920 6219 3384
9342 2 2 0 0 6219 1531 3384
9343 2 2 0 0 225 6220 3383
9344 2 2 0 0 6220 1531 3383
9345 2 2 0 0 1531 6220 2553
9346 2 2 0 0 6220 225 2553
9347 2 2 0 0 1847 6221 3384
9348 2 2 0 0 6221 920 3384
9349 2 2 0 0 920 6221 4934
9350 2 2 0 0 6221 1847 4934
9351 2 2 0 0 296 6222 3385
9352 2 2 0 0 6222 1853 3385
9353 2 2 0 0 1853 6222 2593
9354 2 2 0 0 6222 296 2593
9355 2 2 0 0 585 6223 3387
9356 2 2 0 0 6223 1856 3387
9357 2 2 0 0 1856 6223 3386
9358 2 2 0 0 6223 585 3386
9359 2 2 0 0 3153 6224 3387
9360 2 2 0 0 6224 231 3387
9361 2 2 0 0 231 6224 5430
9362 2 2 0 0 6224 3153 5430
9363 2 2 0 0 948 6225 3388
9364 2 2 0 0 6225 1858 3388
9365 2 2 0 0 1858 6225 4846
9366 2 2 0 0 6225 948 4846
9367 2 2 0 0 1862 6226 3391
9368 2 2 0 0 6226 1591 3391
9369 2 2 0 0 1591 6226 3392
9370 2 2 0 0 6226 1862 3392
9371 2 2 0 0 1592 6227 3391
9372 2 2 0 0 591 6227 3182
9373 2 2 0 0 380 6228 3392
9374 2 2 0 0 6228 2634 3392
9375 2 2 0 0 2634 6228 4613
9376 2 2 0 0 6228 380 4613
9377 2 2 0 0 2786 6229 2787
9378 2 2 0 0 597 6229 5584
9379 2 2 0 0 6229 2786 5584
9380 2 2 0 0 2787 6230 3393
9381 2 2 0 0 6230 597 3393
9382 2 2 0 0 597 6230 6229
9383 2 2 0 0 6230 2787 6229
9384 2 2 0 0 1610 6231 3394
9385 2 2 0 0 6231 1609 3394
9386 2 2 0 0 1609 6231 5625
9387 2 2 0 0 6231 1610 5625
9388 2 2 0 0 833 6232 3395
9389 2 2 0 0 6232 1615 3395
9390 2 2 0 0 1615 6232 2662
9391 2 2 0 0 6232 833 2662
9392 2 2 0 0 1866 6233 3396
9393 2 2 0 0 6233 384 3396
9394 2 2 0 0 384 6233 3210
9395 2 2 0 0 6233 1866 3210
9396 2 2 0 0 1615 6234 3395
9397 2 2 0 0 384 6234 4854
9398 2 2 0 0 6234 1615 4854
9399 2 2 0 0 3395 6235 3396
9400 2 2 0 0 6235 384 3396
9401 2 2 0 0 384 6235 6234
9402 2 2 0 0 6235 3395 6234
9403 2 2 0 0 6236 833 3395
9404 2 2 0 0 833 6236 2666
9405 2 2 0 0 6236 971 2666
9406 2 2 0 0 971 6237 3396
9407 2 2 0 0 6237 3395 3396
9408 2 2 0 0 3395 6237 6236
9409 2 2 0 0 6237 971 6236
9410 2 2 0 0 6238 1867 3397
9411 2 2 0 0 1867 6238 5594
9412 2 2 0 0 6238 972 5594
9413 2 2 0 0 973 6239 1869
9414 2 2 0 0 972 6239 5623
9415 2 2 0 0 6239 973 5623
9416 2 2 0 0 1869 6240 3399
9417 2 2 0 0 6240 972 3399
9418 2 2 0 0 972 6240 6239
9419 2 2 0 0 6240 1869 6239
9420 2 2 0 0 1868 6241 3399
9421 2 2 0 0 6241 1869 3399
9422 2 2 0 0 1869 6241 4939
9423 2 2 0 0 6241 1868 4939
9424 2 2 0 0 972 6242 3399
9425 2 2 0 0 6242 3397 3399
9426 2 2 0 0 3397 6242 6238
9427 2 2 0 0 6242 972 6238
9428 2 2 0 0 1874 6243 3400
9429 2 2 0 0 6243 975 3400
9430 2 2 0 0 975 6243 4943
9431 2 2 0 0 6243 1874 4943
9432 2 2 0 0 131 6244 3400
9433 2 2 0 0 6244 1874 3400
9434 2 2 0 0 1874 6244 4945
9435 2 2 0 0 6244 131 4945
9436 2 2 0 0 601 6245 3401
9437 2 2 0 0 6245 1870 3401
9438 2 2 0 0 1870 6245 1871
9439 2 2 0 0 6245 601 1871
9440 2 2 0 0 387 6246 1873
9441 2 2 0 0 1157 6246 4872
9442 2 2 0 0 6246 387 4872
9443 2 2 0 0 1873 6247 3402
9444 2 2 0 0 6247 1157 3402
9445 2 2 0 0 1157 6247 6246
9446 2 2 0 0 6247 1873 6246
9447 2 2 0 0 601 6248 3402
9448 2 2 0 0 6248 1873 3402
9449 2 2 0 0 1873 6248 4942
9450 2 2 0 0 6248 601 4942
9451 2 2 0 0 6249 251 3401
9452 2 2 0 0 251 6249 4767
9453 2 2 0 0 6249 1157 4767
9454 2 2 0 0 1157 6250 3402
9455 2 2 0 0 6250 3401 3402
9456 2 2 0 0 3401 6250 6249
9457 2 2 0 0 6250 1157 6249
9458 2 2 0 0 979 6251 1626
9459 2 2 0 0 6251 266 1626
9460 2 2 0 0 1875 6252 3410
9461 2 2 0 0 6252 979 3410
9462 2 2 0 0 979 6252 6251
9463 2 2 0 0 6252 1875 6251
9464 2 2 0 0 6253 1149 1875
9465 2 2 0 0 1149 6253 5640
9466 2 2 0 0 6253 978 5640
9467 2 2 0 0 978 6254 3410
9468 2 2 0 0 6254 1875 3410
9469 2 2 0 0 1875 6254 6253
9470 2 2 0 0 6254 978 6253
9471 2 2 0 0 979 6255 3410
9472 2 2 0 0 6255 3409 3410
9473 2 2 0 0 3409 6255 5586
9474 2 2 0 0 6255 979 5586
9475 2 2 0 0 266 6256 3411
9476 2 2 0 0 6256 1875 3411
9477 2 2 0 0 1875 6256 6251
9478 2 2 0 0 6256 266 6251
9479 2 2 0 0 1353 6257 1879
9480 2 2 0 0 608 6257 2316
9481 2 2 0 0 6257 1353 2316
9482 2 2 0 0 1879 6258 3413
9483 2 2 0 0 6258 608 3413
9484 2 2 0 0 608 6258 6257
9485 2 2 0 0 6258 1879 6257
9486 2 2 0 0 2789 6259 3413
9487 2 2 0 0 6259 983 3413
9488 2 2 0 0 983 6259 4947
9489 2 2 0 0 6259 2789 4947
9490 2 2 0 0 2229 6260 3414
9491 2 2 0 0 6260 1353 3414
9492 2 2 0 0 1353 6260 3947
9493 2 2 0 0 6260 2229 3947
9494 2 2 0 0 982 6261 3414
9495 2 2 0 0 6261 2229 3414
9496 2 2 0 0 2229 6261 3946
9497 2 2 0 0 6261 982 3946
9498 2 2 0 0 1881 6262 3415
9499 2 2 0 0 6262 1127 3415
9500 2 2 0 0 1127 6262 3416
9501 2 2 0 0 6262 1881 3416
9502 2 2 0 0 1883 6263 3418
9503 2 2 0 0 6263 1129 3418
9504 2 2 0 0 1129 6263 3420
9505 2 2 0 0 6263 1883 3420
9506 2 2 0 0 2019 6264 3419
9507 2 2 0 0 6264 1128 3419
9508 2 2 0 0 1128 6264 3634
9509 2 2 0 0 6264 2019 3634
9510 2 2 0 0 2019 6265 3421
9511 2 2 0 0 6265 252 3421
9512 2 2 0 0 252 6265 3419
9513 2 2 0 0 6265 2019 3419
9514 2 2 0 0 3423 6266 3424
9515 2 2 0 0 6266 992 3424
9516 2 2 0 0 992 6266 6085
9517 2 2 0 0 6266 3423 6085
9518 2 2 0 0 991 6267 1130
9519 2 2 0 0 613 6267 6027
9520 2 2 0 0 6267 991 6027
9521 2 2 0 0 1130 6268 3425
9522 2 2 0 0 6268 613 3425
9523 2 2 0 0 613 6268 6267
9524 2 2 0 0 6268 1130 6267
9525 2 2 0 0 613 6269 3425
9526 2 2 0 0 6269 1633 3425
9527 2 2 0 0 1633 6269 3217
9528 2 2 0 0 6269 613 3217
9529 2 2 0 0 992 6270 1885
9530 2 2 0 0 102 6270 1886
9531 2 2 0 0 6270 992 1886
9532 2 2 0 0 1885 6271 3427
9533 2 2 0 0 6271 102 3427
9534 2 2 0 0 102 6271 6270
9535 2 2 0 0 6271 1885 6270
9536 2 2 0 0 1130 6272 3427
9537 2 2 0 0 6272 1885 3427
9538 2 2 0 0 1885 6272 3426
9539 2 2 0 0 6272 1130 3426
9540 2 2 0 0 3273 6273 3428
9541 2 2 0 0 6273 699 3428
9542 2 2 0 0 699 6273 6084
9543 2 2 0 0 6273 3273 6084
9544 2 2 0 0 992 6274 3428
9545 2 2 0 0 6274 3273 3428
9546 2 2 0 0 3273 6274 6085
9547 2 2 0 0 6274 992 6085
9548 2 2 0 0 993 6275 3431
9549 2 2 0 0 6275 1888 3431
9550 2 2 0 0 1888 6275 3247
9551 2 2 0 0 6275 993 3247
9552 2 2 0 0 1889 6276 3433
9553 2 2 0 0 6276 277 3433
9554 2 2 0 0 1889 6276 1890
9555 2 2 0 0 6276 277 1890
9556 2 2 0 0 106 6277 6088
9557 2 2 0 0 6277 1720 6088
9558 2 2 0 0 1720 6278 3433
9559 2 2 0 0 6278 1889 3433
9560 2 2 0 0 1889 6278 6277
9561 2 2 0 0 6278 1720 6277
9562 2 2 0 0 616 6279 2106
9563 2 2 0 0 6279 1890 2106
9564 2 2 0 0 1891 6280 3434
9565 2 2 0 0 6280 616 3434
9566 2 2 0 0 616 6280 6279
9567 2 2 0 0 6280 1891 6279
9568 2 2 0 0 2107 6281 3434
9569 2 2 0 0 6281 994 3434
9570 2 2 0 0 994 6281 3745
9571 2 2 0 0 6281 2107 3745
9572 2 2 0 0 106 6282 2791
9573 2 2 0 0 106 6282 6277
9574 2 2 0 0 6282 1889 6277
9575 2 2 0 0 2791 6283 3435
9576 2 2 0 0 6283 1889 3435
9577 2 2 0 0 1889 6283 6282
9578 2 2 0 0 6283 2791 6282
9579 2 2 0 0 1891 6284 3436
9580 2 2 0 0 6284 615 3436
9581 2 2 0 0 615 6284 5516
9582 2 2 0 0 6284 1891 5516
9583 2 2 0 0 1890 6285 3436
9584 2 2 0 0 6285 1891 3436
9585 2 2 0 0 1891 6285 6279
9586 2 2 0 0 6285 1890 6279
9587 2 2 0 0 1893 6286 3437
9588 2 2 0 0 6286 618 3437
9589 2 2 0 0 1893 6286 4952
9590 2 2 0 0 6286 618 4952
9591 2 2 0 0 482 6287 3438
9592 2 2 0 0 6287 1894 3438
9593 2 2 0 0 1894 6287 4800
9594 2 2 0 0 6287 482 4800
9595 2 2 0 0 618 6288 1895
9596 2 2 0 0 1894 6288 4747
9597 2 2 0 0 6288 618 4747
9598 2 2 0 0 1895 6289 3439
9599 2 2 0 0 6289 1894 3439
9600 2 2 0 0 1894 6289 6288
9601 2 2 0 0 6289 1895 6288
9602 2 2 0 0 301 6290 3439
9603 2 2 0 0 6290 3438 3439
9604 2 2 0 0 3438 6290 4880
9605 2 2 0 0 6290 301 4880
9606 2 2 0 0 1896 6291 3441
9607 2 2 0 0 6291 999 3441
9608 2 2 0 0 1037 6292 3443
9609 2 2 0 0 164 6292 3287
9610 2 2 0 0 6292 1037 3287
9611 2 2 0 0 1004 6293 3443
9612 2 2 0 0 6293 1037 3443
9613 2 2 0 0 6293 1004 1930
9614 2 2 0 0 1009 6294 3444
9615 2 2 0 0 6294 1901 3444
9616 2 2 0 0 1901 6294 3677
9617 2 2 0 0 6294 1009 3677
9618 2 2 0 0 1903 6295 3445
9619 2 2 0 0 6295 1013 3445
9620 2 2 0 0 1013 6295 2894
9621 2 2 0 0 6295 1903 2894
9622 2 2 0 0 195 6296 3445
9623 2 2 0 0 6296 1903 3445
9624 2 2 0 0 1903 6296 6043
9625 2 2 0 0 6296 195 6043
9626 2 2 0 0 1903 6297 3446
9627 2 2 0 0 6297 1663 3446
9628 2 2 0 0 1663 6297 6043
9629 2 2 0 0 6297 1903 6043
9630 2 2 0 0 1904 6298 3450
9631 2 2 0 0 6298 681 3450
9632 2 2 0 0 681 6298 5046
9633 2 2 0 0 6298 1904 5046
9634 2 2 0 0 681 6299 3450
9635 2 2 0 0 6299 1174 3450
9636 2 2 0 0 1174 6299 2064
9637 2 2 0 0 6299 681 2064
9638 2 2 0 0 1995 6300 3453
9639 2 2 0 0 6300 564 3453
9640 2 2 0 0 564 6300 3598
9641 2 2 0 0 6300 1995 3598
9642 2 2 0 0 1907 6301 3454
9643 2 2 0 0 6301 660 3454
9644 2 2 0 0 660 6301 3455
9645 2 2 0 0 6301 1907 3455
9646 2 2 0 0 660 6302 3454
9647 2 2 0 0 6302 1906 3454
9648 2 2 0 0 1906 6302 3956
9649 2 2 0 0 6302 660 3956
9650 2 2 0 0 1907 6303 3455
9651 2 2 0 0 6303 661 3455
9652 2 2 0 0 661 6303 3456
9653 2 2 0 0 6303 1907 3456
9654 2 2 0 0 6304 418 3277
9655 2 2 0 0 418 6304 4754
9656 2 2 0 0 6304 1022 4754
9657 2 2 0 0 1022 6305 3457
9658 2 2 0 0 6305 3277 3457
9659 2 2 0 0 3277 6305 6304
9660 2 2 0 0 6305 1022 6304
9661 2 2 0 0 1008 6306 3458
9662 2 2 0 0 6306 1719 3458
9663 2 2 0 0 1719 6306 3276
9664 2 2 0 0 6306 1008 3276
9665 2 2 0 0 414 6307 3459
9666 2 2 0 0 6307 1909 3459
9667 2 2 0 0 1909 6307 2849
9668 2 2 0 0 6307 414 2849
9669 2 2 0 0 1910 6308 3462
9670 2 2 0 0 6308 101 3462
9671 2 2 0 0 101 6308 4960
9672 2 2 0 0 6308 1910 4960
9673 2 2 0 0 720 6309 3460
9674 2 2 0 0 1909 6309 3459
9675 2 2 0 0 6309 720 3459
9676 2 2 0 0 3460 6310 3462
9677 2 2 0 0 6310 1909 3462
9678 2 2 0 0 1909 6310 6309
9679 2 2 0 0 6310 3460 6309
9680 2 2 0 0 101 6311 3462
9681 2 2 0 0 6311 3460 3462
9682 2 2 0 0 3460 6311 4886
9683 2 2 0 0 6311 101 4886
9684 2 2 0 0 1911 6312 3463
9685 2 2 0 0 6312 422 3463
9686 2 2 0 0 422 6312 3464
9687 2 2 0 0 6312 1911 3464
9688 2 2 0 0 2802 6313 3463
9689 2 2 0 0 6313 1027 3463
9690 2 2 0 0 1027 6313 5592
9691 2 2 0 0 6313 2802 5592
9692 2 2 0 0 422 6314 3463
9693 2 2 0 0 6314 2802 3463
9694 2 2 0 0 2802 6314 3446
9695 2 2 0 0 6314 422 3446
9696 2 2 0 0 1915 6315 3465
9697 2 2 0 0 6315 224 3465
9698 2 2 0 0 224 6315 3656
9699 2 2 0 0 6315 1915 3656
9700 2 2 0 0 6316 1915 3465
9701 2 2 0 0 1915 6316 1916
9702 2 2 0 0 6316 430 1916
9703 2 2 0 0 224 6317 3465
9704 2 2 0 0 1028 6317 1913
9705 2 2 0 0 6317 224 1913
9706 2 2 0 0 3465 6318 3466
9707 2 2 0 0 6318 1028 3466
9708 2 2 0 0 1028 6318 6317
9709 2 2 0 0 6318 3465 6317
9710 2 2 0 0 430 6319 3466
9711 2 2 0 0 6319 3465 3466
9712 2 2 0 0 3465 6319 6316
9713 2 2 0 0 6319 430 6316
9714 2 2 0 0 154 6320 3467
9715 2 2 0 0 6320 1912 3467
9716 2 2 0 0 154 6320 4961
9717 2 2 0 0 6320 1912 4961
9718 2 2 0 0 1916 6321 3471
9719 2 2 0 0 6321 1030 3471
9720 2 2 0 0 1030 6321 3473
9721 2 2 0 0 6321 1916 3473
9722 2 2 0 0 3470 6322 3472
9723 2 2 0 0 116 6322 4962
9724 2 2 0 0 6322 3470 4962
9725 2 2 0 0 1029 6323 1919
9726 2 2 0 0 1030 6323 4755
9727 2 2 0 0 6323 1029 4755
9728 2 2 0 0 1919 6324 3473
9729 2 2 0 0 6324 1030 3473
9730 2 2 0 0 1030 6324 6323
9731 2 2 0 0 6324 1919 6323
9732 2 2 0 0 1919 6325 3474
9733 2 2 0 0 6325 116 3474
9734 2 2 0 0 116 6325 3473
9735 2 2 0 0 6325 1919 3473
9736 2 2 0 0 116 6326 3474
9737 2 2 0 0 6326 3472 3474
9738 2 2 0 0 116 6326 6322
9739 2 2 0 0 6326 3472 6322
9740 2 2 0 0 1921 6327 3475
9741 2 2 0 0 6327 239 3475
9742 2 2 0 0 239 6327 2806
9743 2 2 0 0 6327 1921 2806
9744 2 2 0 0 1923 6328 3477
9745 2 2 0 0 6328 124 3477
9746 2 2 0 0 124 6328 3478
9747 2 2 0 0 6328 1923 3478
9748 2 2 0 0 1034 6329 3477
9749 2 2 0 0 6329 1923 3477
9750 2 2 0 0 1923 6329 3476
9751 2 2 0 0 6329 1034 3476
9752 2 2 0 0 1692 6330 1925
9753 2 2 0 0 124 6330 4968
9754 2 2 0 0 6330 1692 4968
9755 2 2 0 0 1925 6331 3477
9756 2 2 0 0 6331 124 3477
9757 2 2 0 0 124 6331 6330
9758 2 2 0 0 6331 1925 6330
9759 2 2 0 0 1927 6332 3479
9760 2 2 0 0 6332 1036 3479
9761 2 2 0 0 1036 6332 3484
9762 2 2 0 0 6332 1927 3484
9763 2 2 0 0 441 6333 3479
9764 2 2 0 0 6333 1927 3479
9765 2 2 0 0 1927 6333 3486
9766 2 2 0 0 6333 441 3486
9767 2 2 0 0 1730 6334 3481
9768 2 2 0 0 6334 1924 3481
9769 2 2 0 0 1924 6334 6103
9770 2 2 0 0 6334 1730 6103
9771 2 2 0 0 1925 6335 3482
9772 2 2 0 0 6335 1034 3482
9773 2 2 0 0 1034 6335 3477
9774 2 2 0 0 6335 1925 3477
9775 2 2 0 0 1034 6336 3482
9776 2 2 0 0 6336 2807 3482
9777 2 2 0 0 2807 6336 4966
9778 2 2 0 0 6336 1034 4966
9779 2 2 0 0 1926 6337 3483
9780 2 2 0 0 6337 1691 3483
9781 2 2 0 0 1691 6337 4968
9782 2 2 0 0 6337 1926 4968
9783 2 2 0 0 1691 6338 3483
9784 2 2 0 0 6338 1774 3483
9785 2 2 0 0 1774 6338 4903
9786 2 2 0 0 6338 1691 4903
9787 2 2 0 0 1929 6339 3484
9788 2 2 0 0 6339 1036 3484
9789 2 2 0 0 1036 6339 3487
9790 2 2 0 0 6339 1929 3487
9791 2 2 0 0 246 6340 3485
9792 2 2 0 0 6340 1927 3485
9793 2 2 0 0 1927 6340 3484
9794 2 2 0 0 6340 246 3484
9795 2 2 0 0 1930 6341 3485
9796 2 2 0 0 6341 246 3485
9797 2 2 0 0 246 6341 3489
9798 2 2 0 0 6341 1930 3489
9799 2 2 0 0 1037 6342 3485
9800 2 2 0 0 6342 1930 3485
9801 2 2 0 0 1930 6342 6293
9802 2 2 0 0 6342 1037 6293
9803 2 2 0 0 3331 6343 3489
9804 2 2 0 0 6343 246 3489
9805 2 2 0 0 246 6343 3488
9806 2 2 0 0 6343 3331 3488
9807 2 2 0 0 1163 6344 3489
9808 2 2 0 0 6344 3331 3489
9809 2 2 0 0 3331 6344 6076
9810 2 2 0 0 6344 1163 6076
9811 2 2 0 0 1004 6345 3490
9812 2 2 0 0 6345 2956 3490
9813 2 2 0 0 2956 6345 5760
9814 2 2 0 0 6345 1004 5760
9815 2 2 0 0 3490 6346 3491
9816 2 2 0 0 6346 1163 3491
9817 2 2 0 0 1163 6346 6075
9818 2 2 0 0 6346 3490 6075
9819 2 2 0 0 1931 6347 3493
9820 2 2 0 0 6347 446 3493
9821 2 2 0 0 446 6347 3494
9822 2 2 0 0 6347 1931 3494
9823 2 2 0 0 6348 1040 3492
9824 2 2 0 0 1040 6348 2808
9825 2 2 0 0 6348 446 2808
9826 2 2 0 0 446 6349 3493
9827 2 2 0 0 6349 3492 3493
9828 2 2 0 0 3492 6349 6348
9829 2 2 0 0 6349 446 6348
9830 2 2 0 0 6350 1893 3495
9831 2 2 0 0 122 6350 4951
9832 2 2 0 0 6350 1893 4951
9833 2 2 0 0 122 6351 3496
9834 2 2 0 0 6351 3495 3496
9835 2 2 0 0 3495 6351 6350
9836 2 2 0 0 6351 122 6350
9837 2 2 0 0 1935 6352 3497
9838 2 2 0 0 6352 299 3497
9839 2 2 0 0 299 6352 4018
9840 2 2 0 0 6352 1935 4018
9841 2 2 0 0 6353 657 1935
9842 2 2 0 0 657 6353 4909
9843 2 2 0 0 6353 1040 4909
9844 2 2 0 0 1040 6354 3497
9845 2 2 0 0 6354 1935 3497
9846 2 2 0 0 1935 6354 6353
9847 2 2 0 0 6354 1040 6353
9848 2 2 0 0 1041 6355 3498
9849 2 2 0 0 6355 1936 3498
9850 2 2 0 0 1936 6355 2294
9851 2 2 0 0 6355 1041 2294
9852 2 2 0 0 1937 6356 3498
9853 2 2 0 0 6356 1041 3498
9854 2 2 0 0 1041 6356 3296
9855 2 2 0 0 6356 1937 3296
9856 2 2 0 0 2850 6357 3499
9857 2 2 0 0 6357 1043 3499
9858 2 2 0 0 1043 6357 5598
9859 2 2 0 0 6357 2850 5598
9860 2 2 0 0 448 6358 3499
9861 2 2 0 0 6358 2850 3499
9862 2 2 0 0 2850 6358 5021
9863 2 2 0 0 6358 448 5021
9864 2 2 0 0 1939 6359 3501
9865 2 2 0 0 6359 450 3501
9866 2 2 0 0 450 6359 3502
9867 2 2 0 0 6359 1939 3502
9868 2 2 0 0 1044 6360 3501
9869 2 2 0 0 6360 1939 3501
9870 2 2 0 0 1939 6360 4974
9871 2 2 0 0 6360 1044 4974
9872 2 2 0 0 450 6361 3501
9873 2 2 0 0 6361 2221 3501
9874 2 2 0 0 2221 6361 2222
9875 2 2 0 0 6361 450 2222
9876 2 2 0 0 2209 6362 3502
9877 2 2 0 0 6362 450 3502
9878 2 2 0 0 450 6362 3938
9879 2 2 0 0 6362 2209 3938
9880 2 2 0 0 6363 172 2209
9881 2 2 0 0 172 6363 2142
9882 2 2 0 0 1665 6364 3502
9883 2 2 0 0 6364 2209 3502
9884 2 2 0 0 2209 6364 6363
9885 2 2 0 0 6364 1665 6363
9886 2 2 0 0 451 6365 3503
9887 2 2 0 0 6365 1940 3503
9888 2 2 0 0 6365 451 2122
9889 2 2 0 0 762 6366 1752
9890 2 2 0 0 451 6366 1724
9891 2 2 0 0 6366 762 1724
9892 2 2 0 0 1752 6367 3503
9893 2 2 0 0 6367 451 3503
9894 2 2 0 0 451 6367 6366
9895 2 2 0 0 6367 1752 6366
9896 2 2 0 0 6368 487 1334
9897 2 2 0 0 487 6368 2799
9898 2 2 0 0 6368 796 2799
9899 2 2 0 0 6369 1334 1942
9900 2 2 0 0 1334 6369 6368
9901 2 2 0 0 6369 796 6368
9902 2 2 0 0 796 6370 3504
9903 2 2 0 0 6370 1942 3504
9904 2 2 0 0 1942 6370 6369
9905 2 2 0 0 6370 796 6369
9906 2 2 0 0 1908 6371 3504
9907 2 2 0 0 6371 796 3504
9908 2 2 0 0 796 6371 4959
9909 2 2 0 0 6371 1908 4959
9910 2 2 0 0 1008 6372 3504
9911 2 2 0 0 6372 1908 3504
9912 2 2 0 0 1908 6372 3458
9913 2 2 0 0 6372 1008 3458
9914 2 2 0 0 1943 6373 3508
9915 2 2 0 0 6373 1942 3508
9916 2 2 0 0 1942 6373 3509
9917 2 2 0 0 6373 1943 3509
9918 2 2 0 0 1943 6374 3509
9919 2 2 0 0 6374 1008 3509
9920 2 2 0 0 1008 6374 3505
9921 2 2 0 0 96 6375 1945
9922 2 2 0 0 1059 6375 1948
9923 2 2 0 0 6375 96 1948
9924 2 2 0 0 1945 6376 3511
9925 2 2 0 0 6376 1059 3511
9926 2 2 0 0 1059 6376 6375
9927 2 2 0 0 6376 1945 6375
9928 2 2 0 0 1059 6377 3511
9929 2 2 0 0 6377 1946 3511
9930 2 2 0 0 1946 6377 4978
9931 2 2 0 0 6377 1059 4978
9932 2 2 0 0 649 6378 1950
9933 2 2 0 0 6378 649 1949
9934 2 2 0 0 1950 6379 3513
9935 2 2 0 0 6379 1060 3513
9936 2 2 0 0 1060 6379 6378
9937 2 2 0 0 6379 1950 6378
9938 2 2 0 0 96 6380 3514
9939 2 2 0 0 6380 3513 3514
9940 2 2 0 0 3513 6380 4089
9941 2 2 0 0 6380 96 4089
9942 2 2 0 0 1946 6381 3515
9943 2 2 0 0 6381 1058 3515
9944 2 2 0 0 1058 6381 2540
9945 2 2 0 0 6381 1946 2540
9946 2 2 0 0 1671 6382 3518
9947 2 2 0 0 6382 127 3518
9948 2 2 0 0 127 6382 4891
9949 2 2 0 0 6382 1671 4891
9950 2 2 0 0 326 6383 1954
9951 2 2 0 0 1671 6383 4794
9952 2 2 0 0 6383 326 4794
9953 2 2 0 0 1954 6384 3519
9954 2 2 0 0 6384 1671 3519
9955 2 2 0 0 1671 6384 6383
9956 2 2 0 0 6384 1954 6383
9957 2 2 0 0 824 6385 3518
9958 2 2 0 0 510 6385 1782
9959 2 2 0 0 6385 824 1782
9960 2 2 0 0 3518 6386 3519
9961 2 2 0 0 6386 510 3519
9962 2 2 0 0 510 6386 6385
9963 2 2 0 0 6386 3518 6385
9964 2 2 0 0 1955 6387 3520
9965 2 2 0 0 6387 1063 3520
9966 2 2 0 0 1063 6387 3521
9967 2 2 0 0 6387 1955 3521
9968 2 2 0 0 1063 6388 3520
9969 2 2 0 0 6388 3274 3520
9970 2 2 0 0 3274 6388 6086
9971 2 2 0 0 6388 1063 6086
9972 2 2 0 0 969 6389 1865
9973 2 2 0 0 6389 969 1615
9974 2 2 0 0 1865 6390 3524
9975 2 2 0 0 6390 328 3524
9976 2 2 0 0 328 6390 6389
9977 2 2 0 0 6390 1865 6389
9978 2 2 0 0 1064 6391 3526
9979 2 2 0 0 6391 1957 3526
9980 2 2 0 0 1957 6391 3525
9981 2 2 0 0 6391 1064 3525
9982 2 2 0 0 6392 188 1957
9983 2 2 0 0 188 6392 3257
9984 2 2 0 0 6392 1733 3257
9985 2 2 0 0 1733 6393 3527
9986 2 2 0 0 6393 1957 3527
9987 2 2 0 0 1957 6393 6392
9988 2 2 0 0 6393 1733 6392
9989 2 2 0 0 515 6394 3527
9990 2 2 0 0 6394 2838 3527
9991 2 2 0 0 2838 6394 4815
9992 2 2 0 0 6394 515 4815
9993 2 2 0 0 1959 6395 3529
9994 2 2 0 0 6395 192 3529
9995 2 2 0 0 192 6395 3530
9996 2 2 0 0 6395 1959 3530
9997 2 2 0 0 332 6396 3531
9998 2 2 0 0 6396 1958 3531
9999 2 2 0 0 1958 6396 4984
10000 2 2 0 0 6396 332 4984
10001 2 2 0 0 1960 6398 3532
10002 2 2 0 0 6398 1066 3532
10003 2 2 0 0 1066 6398 6397
10004 2 2 0 0 6398 1960 6397
10005 2 2 0 0 514 6399 3532
10006 2 2 0 0 6399 1960 3532
10007 2 2 0 0 1960 6399 3003
10008 2 2 0 0 6399 514 3003
10009 2 2 0 0 1066 6400 3532
10010 2 2 0 0 6400 3531 3532
10011 2 2 0 0 3531 6400 3533
10012 2 2 0 0 6400 1066 3533
10013 2 2 0 0 332 6401 3533
10014 2 2 0 0 6401 1962 3533
10015 2 2 0 0 1962 6401 4986
10016 2 2 0 0 6401 332 4986
10017 2 2 0 0 1962 6402 3534
10018 2 2 0 0 6402 705 3534
10019 2 2 0 0 705 6402 3282
10020 2 2 0 0 6402 1962 3282
10021 2 2 0 0 1685 6403 3535
10022 2 2 0 0 6403 1686 3535
10023 2 2 0 0 1686 6403 3246
10024 2 2 0 0 6403 1685 3246
10025 2 2 0 0 6404 1963 1964
10026 2 2 0 0 89 6404 3535
10027 2 2 0 0 6404 1963 3535
10028 2 2 0 0 89 6405 3536
10029 2 2 0 0 6405 1964 3536
10030 2 2 0 0 1964 6405 6404
10031 2 2 0 0 6405 89 6404
10032 2 2 0 0 517 6406 3540
10033 2 2 0 0 1070 6406 4758
10034 2 2 0 0 6406 517 4758
10035 2 2 0 0 3540 6407 3541
10036 2 2 0 0 6407 1070 3541
10037 2 2 0 0 1070 6407 6406
10038 2 2 0 0 6407 3540 6406
10039 2 2 0 0 2355 6408 3550
10040 2 2 0 0 6408 336 3550
10041 2 2 0 0 6408 2355 2356
10042 2 2 0 0 1701 6409 3550
10043 2 2 0 0 6409 2355 3550
10044 2 2 0 0 2355 6409 4146
10045 2 2 0 0 6409 1701 4146
10046 2 2 0 0 522 6410 3552
10047 2 2 0 0 6410 1967 3552
10048 2 2 0 0 1967 6410 1968
10049 2 2 0 0 6410 522 1968
10050 2 2 0 0 522 6411 1968
10051 2 2 0 0 6411 522 4169
10052 2 2 0 0 1968 6412 3553
10053 2 2 0 0 6412 1073 3553
10054 2 2 0 0 1073 6412 6411
10055 2 2 0 0 6412 1968 6411
10056 2 2 0 0 6413 272 273
10057 2 2 0 0 272 6413 3979
10058 2 2 0 0 6413 30 3979
10059 2 2 0 0 273 6414 465
10060 2 2 0 0 273 6414 6413
10061 2 2 0 0 6414 30 6413
10062 2 2 0 0 30 6415 466
10063 2 2 0 0 30 6415 6414
10064 2 2 0 0 6415 465 6414
10065 2 2 0 0 465 6416 6415
10066 2 2 0 0 6416 466 6415
10067 2 2 0 0 6417 465 1967
10068 2 2 0 0 465 6417 6416
10069 2 2 0 0 6417 840 6416
10070 2 2 0 0 6418 1967 1968
10071 2 2 0 0 1967 6418 6417
10072 2 2 0 0 6418 840 6417
10073 2 2 0 0 840 6419 3553
10074 2 2 0 0 6419 1968 3553
10075 2 2 0 0 1968 6419 6418
10076 2 2 0 0 6419 840 6418
10077 2 2 0 0 466 6420 1301
10078 2 2 0 0 840 6420 6416
10079 2 2 0 0 6420 466 6416
10080 2 2 0 0 840 6421 6420
10081 2 2 0 0 6421 1301 6420
10082 2 2 0 0 1969 6422 3553
10083 2 2 0 0 6422 840 3553
10084 2 2 0 0 840 6422 6421
10085 2 2 0 0 6422 1969 6421
10086 2 2 0 0 1073 6423 3553
10087 2 2 0 0 6423 1969 3553
10088 2 2 0 0 1969 6423 3551
10089 2 2 0 0 6423 1073 3551
10090 2 2 0 0 2372 6424 3556
10091 2 2 0 0 6424 137 3556
10092 2 2 0 0 137 6424 4183
10093 2 2 0 0 6424 2372 4183
10094 2 2 0 0 1074 6425 3556
10095 2 2 0 0 6425 2372 3556
10096 2 2 0 0 2372 6425 2373
10097 2 2 0 0 6425 1074 2373
10098 2 2 0 0 1166 6426 3557
10099 2 2 0 0 6426 194 3557
10100 2 2 0 0 194 6426 4770
10101 2 2 0 0 6426 1166 4770
10102 2 2 0 0 1972 6427 3558
10103 2 2 0 0 6427 1166 3558
10104 2 2 0 0 1166 6427 4988
10105 2 2 0 0 6427 1972 4988
10106 2 2 0 0 524 6428 3559
10107 2 2 0 0 6428 1973 3559
10108 2 2 0 0 1973 6428 3562
10109 2 2 0 0 6428 524 3562
10110 2 2 0 0 1075 6429 3559
10111 2 2 0 0 6429 2255 3559
10112 2 2 0 0 2255 6429 5262
10113 2 2 0 0 6429 1075 5262
10114 2 2 0 0 525 6430 3560
10115 2 2 0 0 6430 1973 3560
10116 2 2 0 0 1973 6430 3023
10117 2 2 0 0 6430 525 3023
10118 2 2 0 0 1798 6431 3560
10119 2 2 0 0 6431 2372 3560
10120 2 2 0 0 2372 6431 4183
10121 2 2 0 0 6431 1798 4183
10122 2 2 0 0 1798 6432 3562
10123 2 2 0 0 6432 1973 3562
10124 2 2 0 0 1973 6432 3560
10125 2 2 0 0 6432 1798 3560
10126 2 2 0 0 6433 1399 3561
10127 2 2 0 0 1399 6433 2370
10128 2 2 0 0 524 6434 3562
10129 2 2 0 0 6434 3561 3562
10130 2 2 0 0 3561 6434 6433
10131 2 2 0 0 6434 524 6433
10132 2 2 0 0 841 6435 1974
10133 2 2 0 0 1396 6435 2366
10134 2 2 0 0 6435 841 2366
10135 2 2 0 0 1974 6436 3563
10136 2 2 0 0 6436 1396 3563
10137 2 2 0 0 1396 6436 6435
10138 2 2 0 0 6436 1974 6435
10139 2 2 0 0 1975 6437 3568
10140 2 2 0 0 6437 2415 3568
10141 2 2 0 0 2415 6437 4256
10142 2 2 0 0 6437 1975 4256
10143 2 2 0 0 2422 6438 3569
10144 2 2 0 0 6438 1015 3569
10145 2 2 0 0 1015 6438 5306
10146 2 2 0 0 6438 2422 5306
10147 2 2 0 0 1079 6439 3569
10148 2 2 0 0 6439 2422 3569
10149 2 2 0 0 2422 6439 2423
10150 2 2 0 0 1079 6440 3570
10151 2 2 0 0 6440 1977 3570
10152 2 2 0 0 1977 6440 3569
10153 2 2 0 0 6440 1079 3569
10154 2 2 0 0 342 6441 3570
10155 2 2 0 0 6441 2419 3570
10156 2 2 0 0 2419 6441 3703
10157 2 2 0 0 6441 342 3703
10158 2 2 0 0 1977 6442 3571
10159 2 2 0 0 6442 1015 3571
10160 2 2 0 0 1015 6442 3569
10161 2 2 0 0 6442 1977 3569
10162 2 2 0 0 1904 6443 3571
10163 2 2 0 0 6443 1977 3571
10164 2 2 0 0 1977 6443 4990
10165 2 2 0 0 6443 1904 4990
10166 2 2 0 0 1978 6444 3573
10167 2 2 0 0 6444 345 3573
10168 2 2 0 0 345 6444 4265
10169 2 2 0 0 6444 1978 4265
10170 2 2 0 0 1080 6445 3573
10171 2 2 0 0 6445 1978 3573
10172 2 2 0 0 1978 6445 3572
10173 2 2 0 0 6445 1080 3572
10174 2 2 0 0 345 6446 3573
10175 2 2 0 0 6446 1442 3573
10176 2 2 0 0 1442 6446 2443
10177 2 2 0 0 6446 345 2443
10178 2 2 0 0 2821 6447 3576
10179 2 2 0 0 1083 6447 5603
10180 2 2 0 0 6447 2821 5603
10181 2 2 0 0 3576 6448 3577
10182 2 2 0 0 6448 1083 3577
10183 2 2 0 0 1083 6448 6447
10184 2 2 0 0 6448 3576 6447
10185 2 2 0 0 1454 6449 3578
10186 2 2 0 0 6449 92 3578
10187 2 2 0 0 92 6449 2458
10188 2 2 0 0 2456 6450 3272
10189 2 2 0 0 2456 6450 2457
10190 2 2 0 0 3272 6451 3579
10191 2 2 0 0 6451 92 3579
10192 2 2 0 0 92 6451 6450
10193 2 2 0 0 6451 3272 6450
10194 2 2 0 0 377 6452 1714
10195 2 2 0 0 1712 6452 1713
10196 2 2 0 0 6452 377 1713
10197 2 2 0 0 6453 1712 3272
10198 2 2 0 0 1712 6453 6452
10199 2 2 0 0 6453 1714 6452
10200 2 2 0 0 1714 6454 3579
10201 2 2 0 0 6454 3272 3579
10202 2 2 0 0 3272 6454 6453
10203 2 2 0 0 6454 1714 6453
10204 2 2 0 0 1983 6455 3580
10205 2 2 0 0 6455 694 3580
10206 2 2 0 0 694 6455 4993
10207 2 2 0 0 6455 1983 4993
10208 2 2 0 0 1714 6456 3580
10209 2 2 0 0 6456 1983 3580
10210 2 2 0 0 1983 6456 3579
10211 2 2 0 0 6456 1714 3579
10212 2 2 0 0 1987 6457 3582
10213 2 2 0 0 6457 1093 3582
10214 2 2 0 0 1093 6457 3583
10215 2 2 0 0 6457 1987 3583
10216 2 2 0 0 428 6458 3585
10217 2 2 0 0 6458 1988 3585
10218 2 2 0 0 1988 6458 3582
10219 2 2 0 0 6458 428 3582
10220 2 2 0 0 1093 6459 3586
10221 2 2 0 0 6459 1989 3586
10222 2 2 0 0 1093 6459 4996
10223 2 2 0 0 6459 1989 4996
10224 2 2 0 0 6460 1988 1989
10225 2 2 0 0 1988 6460 3811
10226 2 2 0 0 6460 214 3811
10227 2 2 0 0 1989 6461 3587
10228 2 2 0 0 6461 214 3587
10229 2 2 0 0 1989 6461 6460
10230 2 2 0 0 6461 214 6460
10231 2 2 0 0 214 6462 3587
10232 2 2 0 0 6462 3073 3587
10233 2 2 0 0 3073 6462 5887
10234 2 2 0 0 6462 214 5887
10235 2 2 0 0 1095 6463 3589
10236 2 2 0 0 6463 2494 3589
10237 2 2 0 0 2494 6463 4371
10238 2 2 0 0 6463 1095 4371
10239 2 2 0 0 1099 6464 3591
10240 2 2 0 0 6464 358 3591
10241 2 2 0 0 358 6464 2513
10242 2 2 0 0 6464 1099 2513
10243 2 2 0 0 1992 6465 3592
10244 2 2 0 0 6465 1099 3592
10245 2 2 0 0 1099 6465 3593
10246 2 2 0 0 6465 1992 3593
10247 2 2 0 0 2829 6466 3593
10248 2 2 0 0 6466 1099 3593
10249 2 2 0 0 1099 6466 5369
10250 2 2 0 0 6466 2829 5369
10251 2 2 0 0 552 6467 3593
10252 2 2 0 0 6467 2829 3593
10253 2 2 0 0 2829 6467 5610
10254 2 2 0 0 6467 552 5610
10255 2 2 0 0 6468 1486 3594
10256 2 2 0 0 1486 6468 3087
10257 2 2 0 0 6468 1487 3087
10258 2 2 0 0 3234 6469 3594
10259 2 2 0 0 552 6469 3235
10260 2 2 0 0 6469 3234 3235
10261 2 2 0 0 1992 6470 3595
10262 2 2 0 0 6470 1487 3595
10263 2 2 0 0 1487 6470 3596
10264 2 2 0 0 6470 1992 3596
10265 2 2 0 0 3594 6471 3595
10266 2 2 0 0 6471 552 3595
10267 2 2 0 0 552 6471 6469
10268 2 2 0 0 6471 3594 6469
10269 2 2 0 0 1487 6472 3595
10270 2 2 0 0 6472 3594 3595
10271 2 2 0 0 3594 6472 6468
10272 2 2 0 0 6472 1487 6468
10273 2 2 0 0 6473 1824 3086
10274 2 2 0 0 1824 6473 4922
10275 2 2 0 0 6473 894 4922
10276 2 2 0 0 894 6474 3596
10277 2 2 0 0 6474 3086 3596
10278 2 2 0 0 3086 6474 6473
10279 2 2 0 0 6474 894 6473
10280 2 2 0 0 677 6475 3597
10281 2 2 0 0 6475 1993 3597
10282 2 2 0 0 1993 6475 4922
10283 2 2 0 0 6475 677 4922
10284 2 2 0 0 2744 6476 3599
10285 2 2 0 0 565 6476 5614
10286 2 2 0 0 6476 2744 5614
10287 2 2 0 0 565 6477 3600
10288 2 2 0 0 6477 1996 3600
10289 2 2 0 0 1996 6477 3602
10290 2 2 0 0 6477 565 3602
10291 2 2 0 0 3599 6478 3600
10292 2 2 0 0 6478 565 3600
10293 2 2 0 0 565 6478 6476
10294 2 2 0 0 6478 3599 6476
10295 2 2 0 0 1995 6479 1996
10296 2 2 0 0 85 6479 3713
10297 2 2 0 0 6479 1995 3713
10298 2 2 0 0 1996 6480 3601
10299 2 2 0 0 6480 85 3601
10300 2 2 0 0 85 6480 6479
10301 2 2 0 0 6480 1996 6479
10302 2 2 0 0 1103 6481 3601
10303 2 2 0 0 6481 1997 3601
10304 2 2 0 0 1997 6481 4785
10305 2 2 0 0 6481 1103 4785
10306 2 2 0 0 6482 2745 3598
10307 2 2 0 0 2745 6482 5614
10308 2 2 0 0 6482 565 5614
10309 2 2 0 0 565 6483 3602
10310 2 2 0 0 6483 3598 3602
10311 2 2 0 0 3598 6483 6482
10312 2 2 0 0 6483 565 6482
10313 2 2 0 0 1997 6484 3603
10314 2 2 0 0 6484 688 3603
10315 2 2 0 0 688 6484 4785
10316 2 2 0 0 6484 1997 4785
10317 2 2 0 0 2000 6485 3604
10318 2 2 0 0 6485 1106 3604
10319 2 2 0 0 1106 6485 3605
10320 2 2 0 0 6485 2000 3605
10321 2 2 0 0 1106 6486 3604
10322 2 2 0 0 6486 2001 3604
10323 2 2 0 0 2001 6486 3608
10324 2 2 0 0 6486 1106 3608
10325 2 2 0 0 2832 6487 3605
10326 2 2 0 0 6487 1106 3605
10327 2 2 0 0 1106 6487 5616
10328 2 2 0 0 6487 2832 5616
10329 2 2 0 0 2000 6488 3607
10330 2 2 0 0 6488 1107 3607
10331 2 2 0 0 6488 2000 3115
10332 2 2 0 0 914 6489 2001
10333 2 2 0 0 349 6489 1841
10334 2 2 0 0 6489 914 1841
10335 2 2 0 0 349 6490 3608
10336 2 2 0 0 6490 2001 3608
10337 2 2 0 0 349 6490 6489
10338 2 2 0 0 6490 2001 6489
10339 2 2 0 0 2002 6491 3609
10340 2 2 0 0 6491 782 3609
10341 2 2 0 0 782 6491 5616
10342 2 2 0 0 6491 2002 5616
10343 2 2 0 0 1108 6492 3610
10344 2 2 0 0 6492 2003 3610
10345 2 2 0 0 2003 6492 4453
10346 2 2 0 0 6492 1108 4453
10347 2 2 0 0 575 6493 3612
10348 2 2 0 0 6493 2005 3612
10349 2 2 0 0 2005 6493 3616
10350 2 2 0 0 6493 575 3616
10351 2 2 0 0 1110 6494 3612
10352 2 2 0 0 6494 3129 3612
10353 2 2 0 0 3129 6494 5618
10354 2 2 0 0 6494 1110 5618
10355 2 2 0 0 1104 6495 3613
10356 2 2 0 0 1110 6495 2834
10357 2 2 0 0 6495 1104 2834
10358 2 2 0 0 2005 6496 3614
10359 2 2 0 0 6496 431 3614
10360 2 2 0 0 431 6496 3615
10361 2 2 0 0 6496 2005 3615
10362 2 2 0 0 1110 6497 3614
10363 2 2 0 0 6497 2005 3614
10364 2 2 0 0 2005 6497 3612
10365 2 2 0 0 6497 1110 3612
10366 2 2 0 0 3613 6498 3614
10367 2 2 0 0 6498 1110 3614
10368 2 2 0 0 1110 6498 6495
10369 2 2 0 0 6498 3613 6495
10370 2 2 0 0 431 6499 3614
10371 2 2 0 0 6499 3613 3614
10372 2 2 0 0 3613 6499 5686
10373 2 2 0 0 6499 431 5686
10374 2 2 0 0 2565 6500 3615
10375 2 2 0 0 6500 431 3615
10376 2 2 0 0 431 6500 4510
10377 2 2 0 0 6500 2565 4510
10378 2 2 0 0 1248 6501 3617
10379 2 2 0 0 6501 739 3617
10380 2 2 0 0 739 6501 2170
10381 2 2 0 0 370 6502 3618
10382 2 2 0 0 6502 2006 3618
10383 2 2 0 0 2006 6502 4552
10384 2 2 0 0 6502 370 4552
10385 2 2 0 0 590 6503 3620
10386 2 2 0 0 6503 2010 3620
10387 2 2 0 0 2010 6503 3622
10388 2 2 0 0 6503 590 3622
10389 2 2 0 0 2783 6504 3620
10390 2 2 0 0 6504 590 3620
10391 2 2 0 0 590 6504 3178
10392 2 2 0 0 6504 2783 3178
10393 2 2 0 0 2010 6505 3621
10394 2 2 0 0 6505 2009 3621
10395 2 2 0 0 2009 6505 3622
10396 2 2 0 0 6505 2010 3622
10397 2 2 0 0 6506 1119 2011
10398 2 2 0 0 1119 6506 2651
10399 2 2 0 0 6506 595 2651
10400 2 2 0 0 595 6507 3623
10401 2 2 0 0 6507 2011 3623
10402 2 2 0 0 2011 6507 6506
10403 2 2 0 0 6507 595 6506
10404 2 2 0 0 1683 6508 3623
10405 2 2 0 0 6508 2652 3623
10406 2 2 0 0 2652 6508 4636
10407 2 2 0 0 6508 1683 4636
10408 2 2 0 0 1683 6509 3624
10409 2 2 0 0 6509 2011 3624
10410 2 2 0 0 2011 6509 3623
10411 2 2 0 0 6509 1683 3623
10412 2 2 0 0 3244 6510 3624
10413 2 2 0 0 6510 1683 3624
10414 2 2 0 0 1683 6510 6056
10415 2 2 0 0 6510 3244 6056
10416 2 2 0 0 594 6511 3624
10417 2 2 0 0 6511 3244 3624
10418 2 2 0 0 3244 6511 6057
10419 2 2 0 0 6511 594 6057
10420 2 2 0 0 2013 6512 3625
10421 2 2 0 0 6512 1123 3625
10422 2 2 0 0 1123 6512 5005
10423 2 2 0 0 6512 2013 5005
10424 2 2 0 0 600 6513 1123
10425 2 2 0 0 385 6513 2843
10426 2 2 0 0 6513 600 2843
10427 2 2 0 0 6514 385 2842
10428 2 2 0 0 385 6514 6513
10429 2 2 0 0 6514 1123 6513
10430 2 2 0 0 1123 6515 3625
10431 2 2 0 0 6515 2842 3625
10432 2 2 0 0 2842 6515 6514
10433 2 2 0 0 6515 1123 6514
10434 2 2 0 0 2013 6516 3626
10435 2 2 0 0 6516 963 3626
10436 2 2 0 0 963 6516 3625
10437 2 2 0 0 6516 2013 3625
10438 2 2 0 0 2656 6517 3626
10439 2 2 0 0 6517 1607 3626
10440 2 2 0 0 1607 6517 5439
10441 2 2 0 0 6517 2656 5439
10442 2 2 0 0 973 6518 2014
10443 2 2 0 0 512 6518 1869
10444 2 2 0 0 6518 973 1869
10445 2 2 0 0 2014 6519 3627
10446 2 2 0 0 6519 512 3627
10447 2 2 0 0 512 6519 6518
10448 2 2 0 0 6519 2014 6518
10449 2 2 0 0 512 6520 3627
10450 2 2 0 0 6520 2845 3627
10451 2 2 0 0 2845 6520 5628
10452 2 2 0 0 6520 512 5628
10453 2 2 0 0 1127 6521 3629
10454 2 2 0 0 6521 2018 3629
10455 2 2 0 0 2018 6521 3416
10456 2 2 0 0 6521 1127 3416
10457 2 2 0 0 696 6522 3630
10458 2 2 0 0 6522 1192 3630
10459 2 2 0 0 1192 6522 4629
10460 2 2 0 0 6522 696 4629
10461 2 2 0 0 2017 6523 3631
10462 2 2 0 0 6523 2016 3631
10463 2 2 0 0 2016 6523 3633
10464 2 2 0 0 6523 2017 3633
10465 2 2 0 0 177 6524 3631
10466 2 2 0 0 6524 2017 3631
10467 2 2 0 0 2017 6524 3628
10468 2 2 0 0 6524 177 3628
10469 2 2 0 0 6525 696 3630
10470 2 2 0 0 696 6525 2875
10471 2 2 0 0 6525 2016 2875
10472 2 2 0 0 2016 6526 3631
10473 2 2 0 0 6526 3630 3631
10474 2 2 0 0 3630 6526 6525
10475 2 2 0 0 6526 2016 6525
10476 2 2 0 0 331 6527 3632
10477 2 2 0 0 2016 6527 2875
10478 2 2 0 0 6527 331 2875
10479 2 2 0 0 1733 6528 3632
10480 2 2 0 0 6528 331 3632
10481 2 2 0 0 331 6528 2838
10482 2 2 0 0 6528 1733 2838
10483 2 2 0 0 2017 6529 3633
10484 2 2 0 0 6529 722 3633
10485 2 2 0 0 722 6529 3629
10486 2 2 0 0 6529 2017 3629
10487 2 2 0 0 3632 6530 3633
10488 2 2 0 0 6530 2016 3633
10489 2 2 0 0 2016 6530 6527
10490 2 2 0 0 6530 3632 6527
10491 2 2 0 0 1635 6531 2019
10492 2 2 0 0 607 6531 2682
10493 2 2 0 0 6531 1635 2682
10494 2 2 0 0 2019 6532 3634
10495 2 2 0 0 6532 607 3634
10496 2 2 0 0 607 6532 6531
10497 2 2 0 0 6532 2019 6531
10498 2 2 0 0 1783 6533 3634
10499 2 2 0 0 6533 1128 3634
10500 2 2 0 0 1128 6533 3326
10501 2 2 0 0 6533 1783 3326
10502 2 2 0 0 607 6534 3634
10503 2 2 0 0 6534 1783 3634
10504 2 2 0 0 1783 6534 4680
10505 2 2 0 0 6534 607 4680
10506 2 2 0 0 2020 6535 3635
10507 2 2 0 0 6535 3219 3635
10508 2 2 0 0 3219 6535 5512
10509 2 2 0 0 6535 2020 5512
10510 2 2 0 0 3326 6536 3637
10511 2 2 0 0 6536 1717 3637
10512 2 2 0 0 1717 6536 6087
10513 2 2 0 0 6536 3326 6087
10514 2 2 0 0 1195 6537 3645
10515 2 2 0 0 6537 2023 3645
10516 2 2 0 0 2023 6537 5009
10517 2 2 0 0 6537 1195 5009
10518 2 2 0 0 6538 2716 3646
10519 2 2 0 0 2716 6538 5527
10520 2 2 0 0 6538 1642 5527
10521 2 2 0 0 2846 6539 3648
10522 2 2 0 0 6539 395 3648
10523 2 2 0 0 395 6539 2847
10524 2 2 0 0 6539 2846 2847
10525 2 2 0 0 2029 6540 3649
10526 2 2 0 0 6540 1136 3649
10527 2 2 0 0 1136 6540 3651
10528 2 2 0 0 6540 2029 3651
10529 2 2 0 0 623 6541 3649
10530 2 2 0 0 6541 2029 3649
10531 2 2 0 0 2029 6541 5020
10532 2 2 0 0 6541 623 5020
10533 2 2 0 0 1650 6542 3649
10534 2 2 0 0 6542 623 3649
10535 2 2 0 0 623 6542 2731
10536 2 2 0 0 6542 1650 2731
10537 2 2 0 0 2118 6543 3650
10538 2 2 0 0 6543 396 3650
10539 2 2 0 0 396 6543 2119
10540 2 2 0 0 6543 2118 2119
10541 2 2 0 0 2029 6544 3651
10542 2 2 0 0 6544 1135 3651
10543 2 2 0 0 1135 6544 3653
10544 2 2 0 0 6544 2029 3653
10545 2 2 0 0 396 6545 3650
10546 2 2 0 0 1136 6545 4766
10547 2 2 0 0 6545 396 4766
10548 2 2 0 0 3650 6546 3651
10549 2 2 0 0 6546 1136 3651
10550 2 2 0 0 1136 6546 6545
10551 2 2 0 0 6546 3650 6545
10552 2 2 0 0 2663 6547 3652
10553 2 2 0 0 1135 6547 3761
10554 2 2 0 0 6547 2663 3761
10555 2 2 0 0 3652 6548 3653
10556 2 2 0 0 6548 1135 3653
10557 2 2 0 0 1135 6548 6547
10558 2 2 0 0 6548 3652 6547
10559 2 2 0 0 2012 6549 3653
10560 2 2 0 0 6549 3652 3653
10561 2 2 0 0 3652 6549 6016
10562 2 2 0 0 6549 2012 6016
10563 2 2 0 0 2030 6550 3654
10564 2 2 0 0 6550 448 3654
10565 2 2 0 0 448 6550 5021
10566 2 2 0 0 6550 2030 5021
10567 2 2 0 0 3020 6551 3655
10568 2 2 0 0 223 6551 5823
10569 2 2 0 0 6551 3020 5823
10570 2 2 0 0 1914 6552 3655
10571 2 2 0 0 6552 3020 3655
10572 2 2 0 0 3020 6552 5824
10573 2 2 0 0 6552 1914 5824
10574 2 2 0 0 1914 6553 3656
10575 2 2 0 0 6553 2032 3656
10576 2 2 0 0 6553 1914 3655
10577 2 2 0 0 2033 6554 3657
10578 2 2 0 0 6554 1140 3657
10579 2 2 0 0 1140 6554 5022
10580 2 2 0 0 6554 2033 5022
10581 2 2 0 0 6555 2032 2033
10582 2 2 0 0 2032 6555 3656
10583 2 2 0 0 6555 224 3656
10584 2 2 0 0 224 6556 3657
10585 2 2 0 0 6556 2033 3657
10586 2 2 0 0 2033 6556 6555
10587 2 2 0 0 6556 224 6555
10588 2 2 0 0 6557 632 1913
10589 2 2 0 0 632 6557 2034
10590 2 2 0 0 6557 1140 2034
10591 2 2 0 0 1140 6558 3657
10592 2 2 0 0 6558 1913 3657
10593 2 2 0 0 1913 6558 6557
10594 2 2 0 0 6558 1140 6557
10595 2 2 0 0 633 6559 3658
10596 2 2 0 0 6559 2033 3658
10597 2 2 0 0 2033 6559 5022
10598 2 2 0 0 6559 633 5022
10599 2 2 0 0 1689 6560 3659
10600 2 2 0 0 632 6560 3249
10601 2 2 0 0 6560 1689 3249
10602 2 2 0 0 3659 6561 3660
10603 2 2 0 0 6561 632 3660
10604 2 2 0 0 632 6561 6560
10605 2 2 0 0 6561 3659 6560
10606 2 2 0 0 2035 6562 3661
10607 2 2 0 0 6562 1358 3661
10608 2 2 0 0 1358 6562 5925
10609 2 2 0 0 6562 2035 5925
10610 2 2 0 0 1358 6563 3661
10611 2 2 0 0 6563 2323 3661
10612 2 2 0 0 2037 6564 3664
10613 2 2 0 0 6564 1141 3664
10614 2 2 0 0 1141 6564 3665
10615 2 2 0 0 6564 2037 3665
10616 2 2 0 0 2851 6565 3664
10617 2 2 0 0 6565 843 3664
10618 2 2 0 0 843 6565 3337
10619 2 2 0 0 6565 2851 3337
10620 2 2 0 0 1141 6566 3664
10621 2 2 0 0 6566 2851 3664
10622 2 2 0 0 2851 6566 2852
10623 2 2 0 0 6566 1141 2852
10624 2 2 0 0 2038 6567 3666
10625 2 2 0 0 6567 1142 3666
10626 2 2 0 0 1142 6567 3667
10627 2 2 0 0 6567 2038 3667
10628 2 2 0 0 2038 6568 3668
10629 2 2 0 0 6568 2032 3668
10630 2 2 0 0 2032 6568 3658
10631 2 2 0 0 6568 2038 3658
10632 2 2 0 0 3655 6569 3668
10633 2 2 0 0 6569 223 3668
10634 2 2 0 0 223 6569 6551
10635 2 2 0 0 6569 3655 6551
10636 2 2 0 0 2032 6570 3668
10637 2 2 0 0 6570 3655 3668
10638 2 2 0 0 3655 6570 6553
10639 2 2 0 0 6570 2032 6553
10640 2 2 0 0 1142 6571 3669
10641 2 2 0 0 6571 1141 3669
10642 2 2 0 0 1141 6571 2852
10643 2 2 0 0 6571 1142 2852
10644 2 2 0 0 429 6572 3670
10645 2 2 0 0 6572 2039 3670
10646 2 2 0 0 2039 6572 3671
10647 2 2 0 0 6572 429 3671
10648 2 2 0 0 3117 6573 3671
10649 2 2 0 0 6573 429 3671
10650 2 2 0 0 429 6573 5926
10651 2 2 0 0 6573 3117 5926
10652 2 2 0 0 647 6574 3672
10653 2 2 0 0 6574 2040 3672
10654 2 2 0 0 2040 6574 3675
10655 2 2 0 0 6574 647 3675
10656 2 2 0 0 2853 6575 3672
10657 2 2 0 0 6575 647 3672
10658 2 2 0 0 647 6575 5636
10659 2 2 0 0 6575 2853 5636
10660 2 2 0 0 1146 6576 3673
10661 2 2 0 0 6576 2040 3673
10662 2 2 0 0 2040 6576 3672
10663 2 2 0 0 6576 1146 3672
10664 2 2 0 0 1900 6577 2041
10665 2 2 0 0 90 6577 5026
10666 2 2 0 0 6577 1900 5026
10667 2 2 0 0 2041 6578 3673
10668 2 2 0 0 6578 90 3673
10669 2 2 0 0 90 6578 6577
10670 2 2 0 0 6578 2041 6577
10671 2 2 0 0 1148 6579 3675
10672 2 2 0 0 6579 2040 3675
10673 2 2 0 0 2040 6579 3674
10674 2 2 0 0 6579 1148 3674
10675 2 2 0 0 2042 6580 3676
10676 2 2 0 0 6580 1009 3676
10677 2 2 0 0 1009 6580 3678
10678 2 2 0 0 6580 2042 3678
10679 2 2 0 0 6581 267 2042
10680 2 2 0 0 1146 6581 2853
10681 2 2 0 0 6581 267 2853
10682 2 2 0 0 1146 6582 3676
10683 2 2 0 0 6582 2042 3676
10684 2 2 0 0 2042 6582 6581
10685 2 2 0 0 6582 1146 6581
10686 2 2 0 0 2041 6583 3676
10687 2 2 0 0 6583 1146 3676
10688 2 2 0 0 1146 6583 3673
10689 2 2 0 0 6583 2041 3673
10690 2 2 0 0 6584 661 1901
10691 2 2 0 0 661 6584 2811
10692 2 2 0 0 173 6585 3677
10693 2 2 0 0 6585 1901 3677
10694 2 2 0 0 1901 6585 6584
10695 2 2 0 0 6585 173 6584
10696 2 2 0 0 6586 173 3677
10697 2 2 0 0 6586 1751 1940
10698 2 2 0 0 1751 6587 3678
10699 2 2 0 0 6587 3677 3678
10700 2 2 0 0 3677 6587 6586
10701 2 2 0 0 6587 1751 6586
10702 2 2 0 0 162 6588 2047
10703 2 2 0 0 6588 162 1324
10704 2 2 0 0 2047 6589 3680
10705 2 2 0 0 6589 1152 3680
10706 2 2 0 0 1152 6589 6588
10707 2 2 0 0 6589 2047 6588
10708 2 2 0 0 2287 6590 3682
10709 2 2 0 0 6590 791 3682
10710 2 2 0 0 791 6590 5209
10711 2 2 0 0 6590 2287 5209
10712 2 2 0 0 2048 6591 3683
10713 2 2 0 0 6591 483 3683
10714 2 2 0 0 483 6591 3681
10715 2 2 0 0 6591 2048 3681
10716 2 2 0 0 1330 6592 3683
10717 2 2 0 0 6592 2048 3683
10718 2 2 0 0 2048 6592 3682
10719 2 2 0 0 6592 1330 3682
10720 2 2 0 0 1019 6593 2720
10721 2 2 0 0 1330 6593 2957
10722 2 2 0 0 6593 1019 2957
10723 2 2 0 0 2720 6594 3683
10724 2 2 0 0 6594 1330 3683
10725 2 2 0 0 1330 6594 6593
10726 2 2 0 0 6594 2720 6593
10727 2 2 0 0 1155 6595 3684
10728 2 2 0 0 6595 2050 3684
10729 2 2 0 0 2050 6595 5031
10730 2 2 0 0 6595 1155 5031
10731 2 2 0 0 3230 6596 3684
10732 2 2 0 0 6596 313 3684
10733 2 2 0 0 313 6596 6045
10734 2 2 0 0 6596 3230 6045
10735 2 2 0 0 6597 659 3230
10736 2 2 0 0 659 6597 3253
10737 2 2 0 0 6597 1155 3253
10738 2 2 0 0 1155 6598 3684
10739 2 2 0 0 6598 3230 3684
10740 2 2 0 0 3230 6598 6597
10741 2 2 0 0 6598 1155 6597
10742 2 2 0 0 2050 6599 3685
10743 2 2 0 0 6599 1154 3685
10744 2 2 0 0 1154 6599 5031
10745 2 2 0 0 6599 2050 5031
10746 2 2 0 0 1665 6600 3685
10747 2 2 0 0 6600 2050 3685
10748 2 2 0 0 2050 6600 5032
10749 2 2 0 0 6600 1665 5032
10750 2 2 0 0 2142 6601 3685
10751 2 2 0 0 6601 1665 3685
10752 2 2 0 0 1665 6601 6363
10753 2 2 0 0 6601 2142 6363
10754 2 2 0 0 186 6602 3686
10755 2 2 0 0 6602 2051 3686
10756 2 2 0 0 6602 186 3687
10757 2 2 0 0 1011 6603 3686
10758 2 2 0 0 6603 2241 3686
10759 2 2 0 0 2241 6603 3961
10760 2 2 0 0 6603 1011 3961
10761 2 2 0 0 1755 6604 3687
10762 2 2 0 0 6604 186 3687
10763 2 2 0 0 186 6604 3300
10764 2 2 0 0 6604 1755 3300
10765 2 2 0 0 2051 6605 3688
10766 2 2 0 0 6605 3687 3688
10767 2 2 0 0 3687 6605 6602
10768 2 2 0 0 6605 2051 6602
10769 2 2 0 0 2056 6606 3689
10770 2 2 0 0 6606 322 3689
10771 2 2 0 0 322 6606 5041
10772 2 2 0 0 6606 2056 5041
10773 2 2 0 0 2055 6607 3690
10774 2 2 0 0 6607 847 3690
10775 2 2 0 0 847 6607 4201
10776 2 2 0 0 6607 2055 4201
10777 2 2 0 0 2057 6608 3690
10778 2 2 0 0 6608 1162 3690
10779 2 2 0 0 1162 6608 5042
10780 2 2 0 0 6608 2057 5042
10781 2 2 0 0 2056 6609 3691
10782 2 2 0 0 6609 1162 3691
10783 2 2 0 0 1162 6609 3689
10784 2 2 0 0 6609 2056 3689
10785 2 2 0 0 1035 6610 3692
10786 2 2 0 0 6610 2058 3692
10787 2 2 0 0 2058 6610 4970
10788 2 2 0 0 6610 1035 4970
10789 2 2 0 0 6611 626 2860
10790 2 2 0 0 626 6611 4768
10791 2 2 0 0 6611 1165 4768
10792 2 2 0 0 1165 6612 3692
10793 2 2 0 0 6612 2860 3692
10794 2 2 0 0 2860 6612 6611
10795 2 2 0 0 6612 1165 6611
10796 2 2 0 0 193 6613 3694
10797 2 2 0 0 6613 3693 3694
10798 2 2 0 0 193 6613 4817
10799 2 2 0 0 6613 3693 4817
10800 2 2 0 0 6614 1168 2059
10801 2 2 0 0 1168 6614 4905
10802 2 2 0 0 6614 666 4905
10803 2 2 0 0 666 6615 3695
10804 2 2 0 0 6615 2059 3695
10805 2 2 0 0 2059 6615 6614
10806 2 2 0 0 6615 666 6614
10807 2 2 0 0 666 6616 4904
10808 2 2 0 0 6616 1775 4904
10809 2 2 0 0 3338 6617 3695
10810 2 2 0 0 6617 666 3695
10811 2 2 0 0 666 6617 6616
10812 2 2 0 0 6617 3338 6616
10813 2 2 0 0 6618 194 2863
10814 2 2 0 0 194 6618 4770
10815 2 2 0 0 6618 1169 4770
10816 2 2 0 0 1169 6619 3696
10817 2 2 0 0 6619 2863 3696
10818 2 2 0 0 2863 6619 6618
10819 2 2 0 0 6619 1169 6618
10820 2 2 0 0 2060 6620 3697
10821 2 2 0 0 6620 339 3697
10822 2 2 0 0 339 6620 3698
10823 2 2 0 0 6620 2060 3698
10824 2 2 0 0 1012 6621 3024
10825 2 2 0 0 1169 6621 4770
10826 2 2 0 0 6621 1012 4770
10827 2 2 0 0 3024 6622 3697
10828 2 2 0 0 6622 1169 3697
10829 2 2 0 0 1169 6622 6621
10830 2 2 0 0 6622 3024 6621
10831 2 2 0 0 2063 6623 3700
10832 2 2 0 0 6623 1171 3700
10833 2 2 0 0 1171 6623 4242
10834 2 2 0 0 6623 2063 4242
10835 2 2 0 0 2866 6624 3701
10836 2 2 0 0 6624 1174 3701
10837 2 2 0 0 1174 6624 5045
10838 2 2 0 0 6624 2866 5045
10839 2 2 0 0 6625 1705 2866
10840 2 2 0 0 1705 6625 4876
10841 2 2 0 0 6625 143 4876
10842 2 2 0 0 143 6626 3701
10843 2 2 0 0 6626 2866 3701
10844 2 2 0 0 2866 6626 6625
10845 2 2 0 0 6626 143 6625
10846 2 2 0 0 405 6627 3705
10847 2 2 0 0 6627 2076 3705
10848 2 2 0 0 2076 6627 3707
10849 2 2 0 0 6627 405 3707
10850 2 2 0 0 1664 6628 3705
10851 2 2 0 0 6628 405 3705
10852 2 2 0 0 405 6628 1741
10853 2 2 0 0 6628 1664 1741
10854 2 2 0 0 1017 6629 3706
10855 2 2 0 0 6629 1090 3706
10856 2 2 0 0 1090 6629 4761
10857 2 2 0 0 6629 1017 4761
10858 2 2 0 0 2077 6630 3709
10859 2 2 0 0 6630 1707 3709
10860 2 2 0 0 1707 6630 5871
10861 2 2 0 0 6630 2077 5871
10862 2 2 0 0 213 6631 2867
10863 2 2 0 0 1177 6631 1664
10864 2 2 0 0 6631 213 1664
10865 2 2 0 0 2867 6632 2868
10866 2 2 0 0 1177 6632 6631
10867 2 2 0 0 6632 2867 6631
10868 2 2 0 0 2868 6633 3710
10869 2 2 0 0 6633 1177 3710
10870 2 2 0 0 1177 6633 6632
10871 2 2 0 0 6633 2868 6632
10872 2 2 0 0 1178 6634 3710
10873 2 2 0 0 6634 2868 3710
10874 2 2 0 0 2868 6634 5048
10875 2 2 0 0 6634 1178 5048
10876 2 2 0 0 144 6635 3711
10877 2 2 0 0 6635 2078 3711
10878 2 2 0 0 2078 6635 4919
10879 2 2 0 0 6635 144 4919
10880 2 2 0 0 6636 407 1511
10881 2 2 0 0 407 6636 1905
10882 2 2 0 0 6636 910 1905
10883 2 2 0 0 910 6637 3712
10884 2 2 0 0 6637 1511 3712
10885 2 2 0 0 1511 6637 6636
10886 2 2 0 0 6637 910 6636
10887 2 2 0 0 2080 6638 3713
10888 2 2 0 0 6638 85 3713
10889 2 2 0 0 2080 6638 4776
10890 2 2 0 0 6638 85 4776
10891 2 2 0 0 1995 6639 3713
10892 2 2 0 0 6639 910 3713
10893 2 2 0 0 910 6639 3453
10894 2 2 0 0 6639 1995 3453
10895 2 2 0 0 2081 6640 3714
10896 2 2 0 0 6640 689 3714
10897 2 2 0 0 689 6640 5053
10898 2 2 0 0 6640 2081 5053
10899 2 2 0 0 689 6641 3714
10900 2 2 0 0 6641 1532 3714
10901 2 2 0 0 1532 6641 3126
10902 2 2 0 0 6641 689 3126
10903 2 2 0 0 1357 6642 3717
10904 2 2 0 0 6642 2321 3717
10905 2 2 0 0 2321 6642 4505
10906 2 2 0 0 6642 1357 4505
10907 2 2 0 0 2083 6643 3718
10908 2 2 0 0 6643 1849 3718
10909 2 2 0 0 1849 6643 4519
10910 2 2 0 0 6643 2083 4519
10911 2 2 0 0 691 6644 3718
10912 2 2 0 0 6644 2083 3718
10913 2 2 0 0 2083 6644 3721
10914 2 2 0 0 6644 691 3721
10915 2 2 0 0 2657 6645 3720
10916 2 2 0 0 6645 1611 3720
10917 2 2 0 0 1611 6645 5475
10918 2 2 0 0 6645 2657 5475
10919 2 2 0 0 691 6646 3721
10920 2 2 0 0 6646 2085 3721
10921 2 2 0 0 2085 6646 5657
10922 2 2 0 0 6646 691 5657
10923 2 2 0 0 228 6647 2872
10924 2 2 0 0 6647 1184 2872
10925 2 2 0 0 1184 6648 3721
10926 2 2 0 0 6648 2083 3721
10927 2 2 0 0 2083 6648 6647
10928 2 2 0 0 6648 1184 6647
10929 2 2 0 0 1549 6649 3722
10930 2 2 0 0 6649 2086 3722
10931 2 2 0 0 2086 6649 4535
10932 2 2 0 0 6649 1549 4535
10933 2 2 0 0 6650 2084 3719
10934 2 2 0 0 2084 6650 3321
10935 2 2 0 0 6650 1185 3321
10936 2 2 0 0 1185 6651 3722
10937 2 2 0 0 6651 3719 3722
10938 2 2 0 0 3719 6651 6650
10939 2 2 0 0 6651 1185 6650
10940 2 2 0 0 118 6652 3723
10941 2 2 0 0 6652 2087 3723
10942 2 2 0 0 2087 6652 2088
10943 2 2 0 0 6652 118 2088
10944 2 2 0 0 820 6653 3723
10945 2 2 0 0 6653 1779 3723
10946 2 2 0 0 1779 6653 3320
10947 2 2 0 0 6653 820 3320
10948 2 2 0 0 118 6654 3724
10949 2 2 0 0 6654 2874 3724
10950 2 2 0 0 2874 6654 5659
10951 2 2 0 0 6654 118 5659
10952 2 2 0 0 2091 6655 3727
10953 2 2 0 0 6655 783 3727
10954 2 2 0 0 783 6655 2092
10955 2 2 0 0 6655 2091 2092
10956 2 2 0 0 6656 2091 3727
10957 2 2 0 0 2091 6656 2908
10958 2 2 0 0 6656 474 2908
10959 2 2 0 0 1190 6657 2093
10960 2 2 0 0 476 6657 2782
10961 2 2 0 0 6657 1190 2782
10962 2 2 0 0 2093 6658 3729
10963 2 2 0 0 6658 476 3729
10964 2 2 0 0 476 6658 6657
10965 2 2 0 0 6658 2093 6657
10966 2 2 0 0 433 6659 3730
10967 2 2 0 0 6659 2097 3730
10968 2 2 0 0 2097 6659 3731
10969 2 2 0 0 6659 433 3731
10970 2 2 0 0 736 6660 2098
10971 2 2 0 0 1191 6660 4777
10972 2 2 0 0 6660 736 4777
10973 2 2 0 0 2098 6661 3730
10974 2 2 0 0 6661 1191 3730
10975 2 2 0 0 1191 6661 6660
10976 2 2 0 0 6661 2098 6660
10977 2 2 0 0 433 6662 3730
10978 2 2 0 0 6662 2098 3730
10979 2 2 0 0 2098 6662 3732
10980 2 2 0 0 6662 433 3732
10981 2 2 0 0 2166 6663 3731
10982 2 2 0 0 6663 2096 3731
10983 2 2 0 0 2096 6663 6118
10984 2 2 0 0 6663 2166 6118
10985 2 2 0 0 433 6664 3731
10986 2 2 0 0 6664 2166 3731
10987 2 2 0 0 2166 6664 3842
10988 2 2 0 0 6664 433 3842
10989 2 2 0 0 237 6665 3733
10990 2 2 0 0 6665 2876 3733
10991 2 2 0 0 2876 6665 5661
10992 2 2 0 0 6665 237 5661
10993 2 2 0 0 2099 6666 3734
10994 2 2 0 0 6666 237 3734
10995 2 2 0 0 2099 6666 3733
10996 2 2 0 0 6666 237 3733
10997 2 2 0 0 1682 6667 3734
10998 2 2 0 0 6667 2099 3734
10999 2 2 0 0 2099 6667 3244
11000 2 2 0 0 6667 1682 3244
11001 2 2 0 0 2100 6668 3735
11002 2 2 0 0 6668 1193 3735
11003 2 2 0 0 1193 6668 3736
11004 2 2 0 0 6668 2100 3736
11005 2 2 0 0 6669 696 2875
11006 2 2 0 0 696 6669 2876
11007 2 2 0 0 6669 1193 2876
11008 2 2 0 0 1193 6670 3735
11009 2 2 0 0 6670 2875 3735
11010 2 2 0 0 2875 6670 6669
11011 2 2 0 0 6670 1193 6669
11012 2 2 0 0 2099 6671 3736
11013 2 2 0 0 6671 1193 3736
11014 2 2 0 0 1193 6671 3733
11015 2 2 0 0 6671 2099 3733
11016 2 2 0 0 453 6672 3737
11017 2 2 0 0 2101 6672 5063
11018 2 2 0 0 6672 453 5063
11019 2 2 0 0 1955 6673 3738
11020 2 2 0 0 6673 698 3738
11021 2 2 0 0 698 6673 3520
11022 2 2 0 0 6673 1955 3520
11023 2 2 0 0 6674 702 2105
11024 2 2 0 0 702 6674 3744
11025 2 2 0 0 6674 1197 3744
11026 2 2 0 0 1197 6675 3739
11027 2 2 0 0 6675 2105 3739
11028 2 2 0 0 2105 6675 6674
11029 2 2 0 0 6675 1197 6674
11030 2 2 0 0 2104 6676 3740
11031 2 2 0 0 6676 620 3740
11032 2 2 0 0 620 6676 5071
11033 2 2 0 0 6676 2104 5071
11034 2 2 0 0 1722 6677 2878
11035 2 2 0 0 277 6677 6094
11036 2 2 0 0 6677 1722 6094
11037 2 2 0 0 277 6678 3743
11038 2 2 0 0 6678 2878 3743
11039 2 2 0 0 277 6678 6677
11040 2 2 0 0 6678 2878 6677
11041 2 2 0 0 2111 6679 3746
11042 2 2 0 0 6679 1199 3746
11043 2 2 0 0 1199 6679 3747
11044 2 2 0 0 6679 2111 3747
11045 2 2 0 0 1198 6680 3746
11046 2 2 0 0 6680 2111 3746
11047 2 2 0 0 2111 6680 5074
11048 2 2 0 0 6680 1198 5074
11049 2 2 0 0 392 6681 3747
11050 2 2 0 0 6681 2109 3747
11051 2 2 0 0 2109 6681 5072
11052 2 2 0 0 6681 392 5072
11053 2 2 0 0 3748 6682 3749
11054 2 2 0 0 6682 392 3749
11055 2 2 0 0 392 6682 5071
11056 2 2 0 0 6682 3748 5071
11057 2 2 0 0 41 6683 1133
11058 2 2 0 0 41 6683 4747
11059 2 2 0 0 6683 619 4747
11060 2 2 0 0 6684 619 3748
11061 2 2 0 0 619 6684 6683
11062 2 2 0 0 6684 1133 6683
11063 2 2 0 0 1133 6685 3749
11064 2 2 0 0 6685 3748 3749
11065 2 2 0 0 3748 6685 6684
11066 2 2 0 0 6685 1133 6684
11067 2 2 0 0 6686 1202 3751
11068 2 2 0 0 1202 6686 4953
11069 2 2 0 0 6686 1896 4953
11070 2 2 0 0 2113 6687 3752
11071 2 2 0 0 6687 1203 3752
11072 2 2 0 0 1203 6687 5076
11073 2 2 0 0 6687 2113 5076
11074 2 2 0 0 1203 6688 3752
11075 2 2 0 0 6688 3225 3752
11076 2 2 0 0 3225 6688 5078
11077 2 2 0 0 6688 1203 5078
11078 2 2 0 0 2115 6689 3753
11079 2 2 0 0 6689 1203 3753
11080 2 2 0 0 1203 6689 5078
11081 2 2 0 0 6689 2115 5078
11082 2 2 0 0 2792 6690 3753
11083 2 2 0 0 6690 995 3753
11084 2 2 0 0 995 6690 4713
11085 2 2 0 0 6690 2792 4713
11086 2 2 0 0 1203 6691 3753
11087 2 2 0 0 6691 2792 3753
11088 2 2 0 0 2792 6691 5076
11089 2 2 0 0 6691 1203 5076
11090 2 2 0 0 2115 6692 3755
11091 2 2 0 0 6692 995 3755
11092 2 2 0 0 995 6692 3753
11093 2 2 0 0 6692 2115 3753
11094 2 2 0 0 1205 6693 3756
11095 2 2 0 0 6693 2116 3756
11096 2 2 0 0 2116 6693 3760
11097 2 2 0 0 6693 1205 3760
11098 2 2 0 0 129 6694 3756
11099 2 2 0 0 1961 6694 6397
11100 2 2 0 0 6694 129 6397
11101 2 2 0 0 1672 6695 3757
11102 2 2 0 0 6695 2116 3757
11103 2 2 0 0 2116 6695 5079
11104 2 2 0 0 6695 1672 5079
11105 2 2 0 0 968 6696 3757
11106 2 2 0 0 6696 1865 3757
11107 2 2 0 0 1865 6696 5479
11108 2 2 0 0 6696 968 5479
11109 2 2 0 0 6697 1066 3534
11110 2 2 0 0 1066 6697 6397
11111 2 2 0 0 6697 1961 6397
11112 2 2 0 0 1961 6698 3758
11113 2 2 0 0 6698 3534 3758
11114 2 2 0 0 3534 6698 6697
11115 2 2 0 0 6698 1961 6697
11116 2 2 0 0 2117 6699 3759
11117 2 2 0 0 6699 1205 3759
11118 2 2 0 0 1205 6699 3762
11119 2 2 0 0 6699 2117 3762
11120 2 2 0 0 3756 6700 3759
11121 2 2 0 0 6700 1961 3759
11122 2 2 0 0 1961 6700 6694
11123 2 2 0 0 6700 3756 6694
11124 2 2 0 0 968 6701 3760
11125 2 2 0 0 6701 2116 3760
11126 2 2 0 0 2116 6701 3757
11127 2 2 0 0 6701 968 3757
11128 2 2 0 0 706 6702 1206
11129 2 2 0 0 396 6702 2748
11130 2 2 0 0 6702 706 2748
11131 2 2 0 0 6703 396 2119
11132 2 2 0 0 396 6703 6702
11133 2 2 0 0 6703 1206 6702
11134 2 2 0 0 1206 6704 3762
11135 2 2 0 0 6704 2119 3762
11136 2 2 0 0 2119 6704 6703
11137 2 2 0 0 6704 1206 6703
11138 2 2 0 0 2117 6705 3762
11139 2 2 0 0 6705 1206 3762
11140 2 2 0 0 1206 6705 5080
11141 2 2 0 0 6705 2117 5080
11142 2 2 0 0 2811 6706 2812
11143 2 2 0 0 173 6706 6584
11144 2 2 0 0 6706 2811 6584
11145 2 2 0 0 2812 6707 3764
11146 2 2 0 0 6707 173 3764
11147 2 2 0 0 173 6707 6706
11148 2 2 0 0 6707 2812 6706
11149 2 2 0 0 6708 2812 3764
11150 2 2 0 0 2812 6708 3228
11151 2 2 0 0 6708 1045 3228
11152 2 2 0 0 1940 6709 3765
11153 2 2 0 0 6709 2122 3765
11154 2 2 0 0 2122 6709 6365
11155 2 2 0 0 6709 1940 6365
11156 2 2 0 0 173 6710 3764
11157 2 2 0 0 1940 6710 6586
11158 2 2 0 0 6710 173 6586
11159 2 2 0 0 3764 6711 3765
11160 2 2 0 0 6711 1940 3765
11161 2 2 0 0 1940 6711 6710
11162 2 2 0 0 6711 3764 6710
11163 2 2 0 0 1045 6712 3765
11164 2 2 0 0 6712 3764 3765
11165 2 2 0 0 3764 6712 6708
11166 2 2 0 0 6712 1045 6708
11167 2 2 0 0 2795 6713 3766
11168 2 2 0 0 6713 1018 3766
11169 2 2 0 0 1018 6713 3451
11170 2 2 0 0 6713 2795 3451
11171 2 2 0 0 2125 6714 3767
11172 2 2 0 0 6714 408 3767
11173 2 2 0 0 408 6714 4964
11174 2 2 0 0 6714 2125 4964
11175 2 2 0 0 6715 709 2125
11176 2 2 0 0 709 6715 2126
11177 2 2 0 0 6715 1726 2126
11178 2 2 0 0 1726 6716 3767
11179 2 2 0 0 6716 2125 3767
11180 2 2 0 0 2125 6716 6715
11181 2 2 0 0 6716 1726 6715
11182 2 2 0 0 3768 6717 3769
11183 2 2 0 0 6717 709 3769
11184 2 2 0 0 709 6717 5087
11185 2 2 0 0 6717 3768 5087
11186 2 2 0 0 295 6718 3770
11187 2 2 0 0 1315 6718 4796
11188 2 2 0 0 6718 295 4796
11189 2 2 0 0 6719 473 2127
11190 2 2 0 0 473 6719 4464
11191 2 2 0 0 6719 1315 4464
11192 2 2 0 0 1315 6720 3771
11193 2 2 0 0 6720 2127 3771
11194 2 2 0 0 2127 6720 6719
11195 2 2 0 0 6720 1315 6719
11196 2 2 0 0 3770 6721 3771
11197 2 2 0 0 6721 1315 3771
11198 2 2 0 0 1315 6721 6718
11199 2 2 0 0 6721 3770 6718
11200 2 2 0 0 6722 2044 3770
11201 2 2 0 0 2044 6722 3679
11202 2 2 0 0 6722 780 3679
11203 2 2 0 0 780 6723 3771
11204 2 2 0 0 6723 3770 3771
11205 2 2 0 0 3770 6723 6722
11206 2 2 0 0 6723 780 6722
11207 2 2 0 0 164 6724 3772
11208 2 2 0 0 6724 2130 3772
11209 2 2 0 0 2130 6724 3775
11210 2 2 0 0 6724 164 3775
11211 2 2 0 0 3443 6725 3772
11212 2 2 0 0 6725 164 3772
11213 2 2 0 0 164 6725 6292
11214 2 2 0 0 6725 3443 6292
11215 2 2 0 0 409 6726 3773
11216 2 2 0 0 6726 1898 3773
11217 2 2 0 0 1898 6726 5760
11218 2 2 0 0 6726 409 5760
11219 2 2 0 0 710 6727 3773
11220 2 2 0 0 6727 1212 3773
11221 2 2 0 0 1212 6727 4778
11222 2 2 0 0 6727 710 4778
11223 2 2 0 0 2137 6728 3777
11224 2 2 0 0 6728 304 3777
11225 2 2 0 0 304 6728 5096
11226 2 2 0 0 6728 2137 5096
11227 2 2 0 0 1216 6729 2134
11228 2 2 0 0 484 6729 2290
11229 2 2 0 0 6729 1216 2290
11230 2 2 0 0 2134 6730 3778
11231 2 2 0 0 6730 484 3778
11232 2 2 0 0 484 6730 6729
11233 2 2 0 0 6730 2134 6729
11234 2 2 0 0 2136 6731 3778
11235 2 2 0 0 6731 1215 3778
11236 2 2 0 0 1215 6731 3782
11237 2 2 0 0 6731 2136 3782
11238 2 2 0 0 6732 1214 2133
11239 2 2 0 0 1214 6732 5670
11240 2 2 0 0 6732 713 5670
11241 2 2 0 0 713 6733 3779
11242 2 2 0 0 6733 2133 3779
11243 2 2 0 0 2133 6733 6732
11244 2 2 0 0 6733 713 6732
11245 2 2 0 0 3276 6734 3780
11246 2 2 0 0 6734 1053 3780
11247 2 2 0 0 6734 3276 3505
11248 2 2 0 0 302 6735 3780
11249 2 2 0 0 6735 3276 3780
11250 2 2 0 0 3276 6735 4034
11251 2 2 0 0 6735 302 4034
11252 2 2 0 0 2136 6736 3782
11253 2 2 0 0 6736 794 3782
11254 2 2 0 0 794 6736 3784
11255 2 2 0 0 6736 2136 3784
11256 2 2 0 0 6737 713 1215
11257 2 2 0 0 713 6737 1731
11258 2 2 0 0 6737 163 1731
11259 2 2 0 0 163 6738 3781
11260 2 2 0 0 1215 6738 6737
11261 2 2 0 0 6738 163 6737
11262 2 2 0 0 3781 6739 3782
11263 2 2 0 0 6739 1215 3782
11264 2 2 0 0 1215 6739 6738
11265 2 2 0 0 6739 3781 6738
11266 2 2 0 0 6740 1728 3781
11267 2 2 0 0 1728 6740 3285
11268 2 2 0 0 6740 794 3285
11269 2 2 0 0 794 6741 3782
11270 2 2 0 0 6741 3781 3782
11271 2 2 0 0 3781 6741 6740
11272 2 2 0 0 6741 794 6740
11273 2 2 0 0 2135 6742 3783
11274 2 2 0 0 6742 302 3783
11275 2 2 0 0 302 6742 3780
11276 2 2 0 0 6742 2135 3780
11277 2 2 0 0 1331 6743 3783
11278 2 2 0 0 794 6743 3285
11279 2 2 0 0 6743 1331 3285
11280 2 2 0 0 3783 6744 3784
11281 2 2 0 0 6744 794 3784
11282 2 2 0 0 794 6744 6743
11283 2 2 0 0 6744 3783 6743
11284 2 2 0 0 2135 6745 3785
11285 2 2 0 0 6745 2136 3785
11286 2 2 0 0 2136 6745 3784
11287 2 2 0 0 6745 2135 3784
11288 2 2 0 0 1218 6746 3786
11289 2 2 0 0 6746 2137 3786
11290 2 2 0 0 2137 6746 5096
11291 2 2 0 0 6746 1218 5096
11292 2 2 0 0 2139 6747 3796
11293 2 2 0 0 6747 715 3796
11294 2 2 0 0 2139 6747 3797
11295 2 2 0 0 6747 715 3797
11296 2 2 0 0 2140 6748 3796
11297 2 2 0 0 6748 1220 3796
11298 2 2 0 0 1220 6748 3976
11299 2 2 0 0 6748 2140 3976
11300 2 2 0 0 715 6749 3797
11301 2 2 0 0 6749 2054 3797
11302 2 2 0 0 2054 6749 5039
11303 2 2 0 0 6749 715 5039
11304 2 2 0 0 715 6750 3799
11305 2 2 0 0 6750 3798 3799
11306 2 2 0 0 715 6750 5039
11307 2 2 0 0 6750 3798 5039
11308 2 2 0 0 2054 6751 3797
11309 2 2 0 0 716 6751 3289
11310 2 2 0 0 6751 2054 3289
11311 2 2 0 0 3797 6752 3801
11312 2 2 0 0 6752 716 3801
11313 2 2 0 0 716 6752 6751
11314 2 2 0 0 6752 3797 6751
11315 2 2 0 0 2139 6753 3802
11316 2 2 0 0 6753 2141 3802
11317 2 2 0 0 2141 6753 3801
11318 2 2 0 0 6753 2139 3801
11319 2 2 0 0 3254 6754 3802
11320 2 2 0 0 6754 49 3802
11321 2 2 0 0 3254 6754 6070
11322 2 2 0 0 6754 49 6070
11323 2 2 0 0 1225 6755 3804
11324 2 2 0 0 6755 2142 3804
11325 2 2 0 0 2142 6755 3803
11326 2 2 0 0 6755 1225 3803
11327 2 2 0 0 1154 6756 3805
11328 2 2 0 0 6756 2143 3805
11329 2 2 0 0 2143 6756 3803
11330 2 2 0 0 6756 1154 3803
11331 2 2 0 0 6757 2144 2145
11332 2 2 0 0 2144 6757 3256
11333 2 2 0 0 6757 165 3256
11334 2 2 0 0 165 6758 3807
11335 2 2 0 0 6758 2145 3807
11336 2 2 0 0 2145 6758 6757
11337 2 2 0 0 6758 165 6757
11338 2 2 0 0 6759 213 1736
11339 2 2 0 0 213 6759 1911
11340 2 2 0 0 6759 725 1911
11341 2 2 0 0 6760 1736 2147
11342 2 2 0 0 1736 6760 6759
11343 2 2 0 0 6760 725 6759
11344 2 2 0 0 725 6761 3809
11345 2 2 0 0 6761 2147 3809
11346 2 2 0 0 2147 6761 6760
11347 2 2 0 0 6761 725 6760
11348 2 2 0 0 1230 6762 4781
11349 2 2 0 0 6762 146 4781
11350 2 2 0 0 1230 6763 3809
11351 2 2 0 0 6763 2148 3809
11352 2 2 0 0 2148 6763 6762
11353 2 2 0 0 6763 1230 6762
11354 2 2 0 0 6764 427 2895
11355 2 2 0 0 427 6764 4781
11356 2 2 0 0 6764 1230 4781
11357 2 2 0 0 1230 6765 3810
11358 2 2 0 0 6765 2895 3810
11359 2 2 0 0 2895 6765 6764
11360 2 2 0 0 6765 1230 6764
11361 2 2 0 0 2148 6766 3813
11362 2 2 0 0 6766 146 3813
11363 2 2 0 0 146 6766 6762
11364 2 2 0 0 6766 2148 6762
11365 2 2 0 0 146 6767 3813
11366 2 2 0 0 6767 3812 3813
11367 2 2 0 0 3812 6767 4997
11368 2 2 0 0 6767 146 4997
11369 2 2 0 0 2149 6768 3814
11370 2 2 0 0 6768 424 3814
11371 2 2 0 0 424 6768 5101
11372 2 2 0 0 6768 2149 5101
11373 2 2 0 0 2896 6769 3814
11374 2 2 0 0 6769 1231 3814
11375 2 2 0 0 1231 6769 5681
11376 2 2 0 0 6769 2896 5681
11377 2 2 0 0 24 6770 3290
11378 2 2 0 0 6770 1737 2483
11379 2 2 0 0 3290 6771 3815
11380 2 2 0 0 6771 1737 3815
11381 2 2 0 0 1737 6771 6770
11382 2 2 0 0 6771 3290 6770
11383 2 2 0 0 2751 6772 3290
11384 2 2 0 0 726 6772 3816
11385 2 2 0 0 6772 2751 3816
11386 2 2 0 0 726 6773 3815
11387 2 2 0 0 6773 3290 3815
11388 2 2 0 0 726 6773 6772
11389 2 2 0 0 6773 3290 6772
11390 2 2 0 0 629 6774 3816
11391 2 2 0 0 6774 1738 3816
11392 2 2 0 0 1738 6774 3576
11393 2 2 0 0 6774 629 3576
11394 2 2 0 0 2751 6775 3816
11395 2 2 0 0 6775 629 3816
11396 2 2 0 0 2751 6775 5557
11397 2 2 0 0 6775 629 5557
11398 2 2 0 0 1738 6776 3817
11399 2 2 0 0 6776 2150 3817
11400 2 2 0 0 2150 6776 4992
11401 2 2 0 0 6776 1738 4992
11402 2 2 0 0 2151 6777 3818
11403 2 2 0 0 6777 1232 3818
11404 2 2 0 0 1232 6777 5102
11405 2 2 0 0 6777 2151 5102
11406 2 2 0 0 180 6778 3818
11407 2 2 0 0 6778 2151 3818
11408 2 2 0 0 2151 6778 2431
11409 2 2 0 0 6778 180 2431
11410 2 2 0 0 727 6779 3819
11411 2 2 0 0 6779 2151 3819
11412 2 2 0 0 2151 6779 5102
11413 2 2 0 0 6779 727 5102
11414 2 2 0 0 1080 6780 3819
11415 2 2 0 0 6780 1442 3819
11416 2 2 0 0 1442 6780 3573
11417 2 2 0 0 6780 1080 3573
11418 2 2 0 0 2152 6781 3820
11419 2 2 0 0 6781 1233 3820
11420 2 2 0 0 1233 6781 4008
11421 2 2 0 0 6781 2152 4008
11422 2 2 0 0 1233 6782 3820
11423 2 2 0 0 6782 2153 3820
11424 2 2 0 0 2153 6782 4457
11425 2 2 0 0 6782 1233 4457
11426 2 2 0 0 2153 6783 3821
11427 2 2 0 0 6783 882 3821
11428 2 2 0 0 882 6783 4457
11429 2 2 0 0 6783 2153 4457
11430 2 2 0 0 1840 6784 3821
11431 2 2 0 0 6784 1839 3821
11432 2 2 0 0 1839 6784 4448
11433 2 2 0 0 6784 1840 4448
11434 2 2 0 0 882 6785 3821
11435 2 2 0 0 6785 1840 3821
11436 2 2 0 0 1840 6785 3112
11437 2 2 0 0 6785 882 3112
11438 2 2 0 0 2154 6786 3828
11439 2 2 0 0 6786 1949 3828
11440 2 2 0 0 1949 6786 3830
11441 2 2 0 0 6786 2154 3830
11442 2 2 0 0 1234 6787 3828
11443 2 2 0 0 6787 2154 3828
11444 2 2 0 0 2154 6787 5109
11445 2 2 0 0 6787 1234 5109
11446 2 2 0 0 1060 6788 3829
11447 2 2 0 0 6788 1949 3829
11448 2 2 0 0 1949 6788 6378
11449 2 2 0 0 6788 1060 6378
11450 2 2 0 0 208 6789 3831
11451 2 2 0 0 1238 6789 2899
11452 2 2 0 0 6789 208 2899
11453 2 2 0 0 2157 6790 3832
11454 2 2 0 0 6790 1237 3832
11455 2 2 0 0 1237 6790 3834
11456 2 2 0 0 6790 2157 3834
11457 2 2 0 0 6791 730 2157
11458 2 2 0 0 730 6791 4782
11459 2 2 0 0 6791 1238 4782
11460 2 2 0 0 1238 6792 3832
11461 2 2 0 0 6792 2157 3832
11462 2 2 0 0 2157 6792 6791
11463 2 2 0 0 6792 1238 6791
11464 2 2 0 0 3831 6793 3832
11465 2 2 0 0 6793 1238 3832
11466 2 2 0 0 1238 6793 6789
11467 2 2 0 0 6793 3831 6789
11468 2 2 0 0 6794 1463 2155
11469 2 2 0 0 1463 6794 2477
11470 2 2 0 0 6794 110 2477
11471 2 2 0 0 6795 110 3833
11472 2 2 0 0 2155 6795 6794
11473 2 2 0 0 6795 110 6794
11474 2 2 0 0 2155 6796 3834
11475 2 2 0 0 6796 3833 3834
11476 2 2 0 0 3833 6796 6795
11477 2 2 0 0 6796 2155 6795
11478 2 2 0 0 688 6797 3835
11479 2 2 0 0 6797 1241 3835
11480 2 2 0 0 1241 6797 4785
11481 2 2 0 0 6797 688 4785
11482 2 2 0 0 6798 1742 3835
11483 2 2 0 0 1742 6798 4783
11484 2 2 0 0 6798 733 4783
11485 2 2 0 0 733 6799 3836
11486 2 2 0 0 6799 3835 3836
11487 2 2 0 0 3835 6799 6798
11488 2 2 0 0 6799 733 6798
11489 2 2 0 0 1998 6800 3837
11490 2 2 0 0 6800 2900 3837
11491 2 2 0 0 2900 6800 5686
11492 2 2 0 0 6800 1998 5686
11493 2 2 0 0 2161 6801 3838
11494 2 2 0 0 6801 1248 3838
11495 2 2 0 0 1248 6801 3848
11496 2 2 0 0 6801 2161 3848
11497 2 2 0 0 2006 6802 3838
11498 2 2 0 0 6802 734 3838
11499 2 2 0 0 734 6802 5001
11500 2 2 0 0 6802 2006 5001
11501 2 2 0 0 1248 6803 3838
11502 2 2 0 0 6803 2006 3838
11503 2 2 0 0 2006 6803 3618
11504 2 2 0 0 6803 1248 3618
11505 2 2 0 0 735 6804 2165
11506 2 2 0 0 6804 1244 2165
11507 2 2 0 0 2164 6805 3839
11508 2 2 0 0 6805 735 3839
11509 2 2 0 0 735 6805 6804
11510 2 2 0 0 6805 2164 6804
11511 2 2 0 0 2163 6806 3840
11512 2 2 0 0 6806 1242 3840
11513 2 2 0 0 1242 6806 5117
11514 2 2 0 0 6806 2163 5117
11515 2 2 0 0 432 6807 2163
11516 2 2 0 0 432 6807 2572
11517 2 2 0 0 6807 1541 2572
11518 2 2 0 0 2163 6808 3841
11519 2 2 0 0 6808 1541 3841
11520 2 2 0 0 1541 6808 6807
11521 2 2 0 0 6808 2163 6807
11522 2 2 0 0 1244 6809 3842
11523 2 2 0 0 6809 2164 3842
11524 2 2 0 0 2164 6809 6804
11525 2 2 0 0 6809 1244 6804
11526 2 2 0 0 738 6810 3843
11527 2 2 0 0 6810 2166 3843
11528 2 2 0 0 2166 6810 6118
11529 2 2 0 0 6810 738 6118
11530 2 2 0 0 2167 6811 3843
11531 2 2 0 0 6811 738 3843
11532 2 2 0 0 738 6811 5120
11533 2 2 0 0 6811 2167 5120
11534 2 2 0 0 1244 6812 3843
11535 2 2 0 0 6812 2167 3843
11536 2 2 0 0 2167 6812 3844
11537 2 2 0 0 6812 1244 3844
11538 2 2 0 0 40 6813 3844
11539 2 2 0 0 6813 2167 3844
11540 2 2 0 0 2167 6813 4523
11541 2 2 0 0 6813 40 4523
11542 2 2 0 0 40 6814 3844
11543 2 2 0 0 6814 2165 3844
11544 2 2 0 0 40 6814 5119
11545 2 2 0 0 6814 2165 5119
11546 2 2 0 0 434 6815 3845
11547 2 2 0 0 6815 2168 3845
11548 2 2 0 0 2168 6815 4935
11549 2 2 0 0 6815 434 4935
11550 2 2 0 0 1744 6816 3845
11551 2 2 0 0 6816 434 3845
11552 2 2 0 0 434 6816 4888
11553 2 2 0 0 6816 1744 4888
11554 2 2 0 0 2169 6817 3846
11555 2 2 0 0 6817 1245 3846
11556 2 2 0 0 1245 6817 5121
11557 2 2 0 0 6817 2169 5121
11558 2 2 0 0 229 6818 3846
11559 2 2 0 0 6818 2169 3846
11560 2 2 0 0 2169 6818 3847
11561 2 2 0 0 6818 229 3847
11562 2 2 0 0 1245 6819 3846
11563 2 2 0 0 6819 2162 3846
11564 2 2 0 0 2162 6819 3839
11565 2 2 0 0 6819 1245 3839
11566 2 2 0 0 2170 6820 3848
11567 2 2 0 0 6820 1248 3848
11568 2 2 0 0 1248 6820 6501
11569 2 2 0 0 6820 2170 6501
11570 2 2 0 0 229 6821 3848
11571 2 2 0 0 6821 2170 3848
11572 2 2 0 0 229 6821 3847
11573 2 2 0 0 6821 2170 3847
11574 2 2 0 0 434 6822 3849
11575 2 2 0 0 6822 1249 3849
11576 2 2 0 0 1249 6822 4888
11577 2 2 0 0 6822 434 4888
11578 2 2 0 0 2174 6823 3851
11579 2 2 0 0 6823 296 3851
11580 2 2 0 0 296 6823 3852
11581 2 2 0 0 6823 2174 3852
11582 2 2 0 0 743 6824 3854
11583 2 2 0 0 6824 2176 3854
11584 2 2 0 0 2176 6824 5127
11585 2 2 0 0 6824 743 5127
11586 2 2 0 0 1759 6825 3855
11587 2 2 0 0 1759 6825 3067
11588 2 2 0 0 6825 233 3067
11589 2 2 0 0 2176 6826 3856
11590 2 2 0 0 6826 1256 3856
11591 2 2 0 0 1256 6826 5127
11592 2 2 0 0 6826 2176 5127
11593 2 2 0 0 3855 6827 3856
11594 2 2 0 0 6827 233 3856
11595 2 2 0 0 233 6827 6825
11596 2 2 0 0 6827 3855 6825
11597 2 2 0 0 2177 6828 3857
11598 2 2 0 0 6828 437 3857
11599 2 2 0 0 437 6828 2178
11600 2 2 0 0 6828 2177 2178
11601 2 2 0 0 1712 6829 3857
11602 2 2 0 0 6829 2177 3857
11603 2 2 0 0 2177 6829 3725
11604 2 2 0 0 6829 1712 3725
11605 2 2 0 0 1758 6830 3859
11606 2 2 0 0 781 6830 3304
11607 2 2 0 0 6830 1758 3304
11608 2 2 0 0 295 6831 3859
11609 2 2 0 0 6831 1758 3859
11610 2 2 0 0 1758 6831 4796
11611 2 2 0 0 6831 295 4796
11612 2 2 0 0 3859 6832 3860
11613 2 2 0 0 6832 781 3860
11614 2 2 0 0 781 6832 6830
11615 2 2 0 0 6832 3859 6830
11616 2 2 0 0 746 6833 3861
11617 2 2 0 0 6833 1120 3861
11618 2 2 0 0 1120 6833 2784
11619 2 2 0 0 6833 746 2784
11620 2 2 0 0 1257 6834 3863
11621 2 2 0 0 6834 2181 3863
11622 2 2 0 0 2181 6834 4850
11623 2 2 0 0 6834 1257 4850
11624 2 2 0 0 746 6835 2181
11625 2 2 0 0 2180 6835 3861
11626 2 2 0 0 6835 746 3861
11627 2 2 0 0 2181 6836 3865
11628 2 2 0 0 6836 2180 3865
11629 2 2 0 0 2180 6836 6835
11630 2 2 0 0 6836 2181 6835
11631 2 2 0 0 440 6837 3865
11632 2 2 0 0 6837 2181 3865
11633 2 2 0 0 2181 6837 3863
11634 2 2 0 0 6837 440 3863
11635 2 2 0 0 444 6838 3872
11636 2 2 0 0 6838 2186 3872
11637 2 2 0 0 2186 6838 3873
11638 2 2 0 0 6838 444 3873
11639 2 2 0 0 6839 1260 2188
11640 2 2 0 0 1260 6839 2807
11641 2 2 0 0 6839 640 2807
11642 2 2 0 0 640 6840 3876
11643 2 2 0 0 6840 2188 3876
11644 2 2 0 0 2188 6840 6839
11645 2 2 0 0 6840 640 6839
11646 2 2 0 0 6841 639 3875
11647 2 2 0 0 639 6841 5130
11648 2 2 0 0 6841 2182 5130
11649 2 2 0 0 2182 6842 3876
11650 2 2 0 0 6842 3875 3876
11651 2 2 0 0 3875 6842 6841
11652 2 2 0 0 6842 2182 6841
11653 2 2 0 0 3873 6843 3877
11654 2 2 0 0 6843 1261 3877
11655 2 2 0 0 1261 6843 3874
11656 2 2 0 0 6843 3873 3874
11657 2 2 0 0 2190 6844 3880
11658 2 2 0 0 6844 1213 3880
11659 2 2 0 0 1213 6844 3872
11660 2 2 0 0 6844 2190 3872
11661 2 2 0 0 93 6845 3880
11662 2 2 0 0 6845 2190 3880
11663 2 2 0 0 2190 6845 3889
11664 2 2 0 0 6845 93 3889
11665 2 2 0 0 2187 6846 3881
11666 2 2 0 0 6846 444 3881
11667 2 2 0 0 444 6846 3874
11668 2 2 0 0 6846 2187 3874
11669 2 2 0 0 6847 2912 3882
11670 2 2 0 0 2912 6847 2913
11671 2 2 0 0 6847 751 2913
11672 2 2 0 0 751 6848 3883
11673 2 2 0 0 6848 3882 3883
11674 2 2 0 0 3882 6848 6847
11675 2 2 0 0 6848 751 6847
11676 2 2 0 0 1262 6849 3884
11677 2 2 0 0 6849 3882 3884
11678 2 2 0 0 3882 6849 3883
11679 2 2 0 0 6849 1262 3883
11680 2 2 0 0 243 6850 748
11681 2 2 0 0 747 6850 3868
11682 2 2 0 0 6850 243 3868
11683 2 2 0 0 6851 747 1259
11684 2 2 0 0 747 6851 6850
11685 2 2 0 0 6851 748 6850
11686 2 2 0 0 6852 1259 2909
11687 2 2 0 0 1259 6852 6851
11688 2 2 0 0 6852 748 6851
11689 2 2 0 0 748 6853 3885
11690 2 2 0 0 6853 2909 3885
11691 2 2 0 0 2909 6853 6852
11692 2 2 0 0 6853 748 6852
11693 2 2 0 0 2200 6854 3887
11694 2 2 0 0 6854 1729 3887
11695 2 2 0 0 1729 6854 3888
11696 2 2 0 0 6854 2200 3888
11697 2 2 0 0 6855 712 3286
11698 2 2 0 0 712 6855 2886
11699 2 2 0 0 6855 1729 2886
11700 2 2 0 0 1729 6856 3887
11701 2 2 0 0 6856 3286 3887
11702 2 2 0 0 3286 6856 6855
11703 2 2 0 0 6856 1729 6855
11704 2 2 0 0 2200 6857 3888
11705 2 2 0 0 6857 714 3888
11706 2 2 0 0 714 6857 3787
11707 2 2 0 0 6857 2200 3787
11708 2 2 0 0 714 6858 3888
11709 2 2 0 0 6858 2887 3888
11710 2 2 0 0 2887 6858 5672
11711 2 2 0 0 6858 714 5672
11712 2 2 0 0 1263 6859 3894
11713 2 2 0 0 6859 2201 3894
11714 2 2 0 0 2201 6859 3890
11715 2 2 0 0 6859 1263 3890
11716 2 2 0 0 6860 490 3892
11717 2 2 0 0 1219 6860 2138
11718 2 2 0 0 6860 490 2138
11719 2 2 0 0 6861 3892 3893
11720 2 2 0 0 3892 6861 6860
11721 2 2 0 0 6861 1219 6860
11722 2 2 0 0 1219 6862 3894
11723 2 2 0 0 6862 3893 3894
11724 2 2 0 0 3893 6862 6861
11725 2 2 0 0 6862 1219 6861
11726 2 2 0 0 1269 6863 3896
11727 2 2 0 0 6863 2204 3896
11728 2 2 0 0 2204 6863 3895
11729 2 2 0 0 6863 1269 3895
11730 2 2 0 0 2673 6864 3896
11731 2 2 0 0 6864 1269 3896
11732 2 2 0 0 1269 6864 4671
11733 2 2 0 0 6864 2673 4671
11734 2 2 0 0 2203 6865 3897
11735 2 2 0 0 6865 308 3897
11736 2 2 0 0 308 6865 4858
11737 2 2 0 0 6865 2203 4858
11738 2 2 0 0 2206 6866 3899
11739 2 2 0 0 6866 1270 3899
11740 2 2 0 0 1270 6866 3898
11741 2 2 0 0 6866 2206 3898
11742 2 2 0 0 260 6867 2206
11743 2 2 0 0 1748 6867 2925
11744 2 2 0 0 6867 260 2925
11745 2 2 0 0 2206 6868 3900
11746 2 2 0 0 6868 1748 3900
11747 2 2 0 0 1748 6868 6867
11748 2 2 0 0 6868 2206 6867
11749 2 2 0 0 3297 6869 3900
11750 2 2 0 0 6869 756 3900
11751 2 2 0 0 756 6869 5718
11752 2 2 0 0 6869 3297 5718
11753 2 2 0 0 6870 258 399
11754 2 2 0 0 258 6870 3917
11755 2 2 0 0 6870 259 3917
11756 2 2 0 0 259 6871 400
11757 2 2 0 0 399 6871 6870
11758 2 2 0 0 6871 259 6870
11759 2 2 0 0 6872 399 1271
11760 2 2 0 0 399 6872 6871
11761 2 2 0 0 6872 400 6871
11762 2 2 0 0 400 6873 1272
11763 2 2 0 0 1271 6873 6872
11764 2 2 0 0 6873 400 6872
11765 2 2 0 0 6874 1271 2208
11766 2 2 0 0 1271 6874 6873
11767 2 2 0 0 6874 1272 6873
11768 2 2 0 0 1272 6875 3901
11769 2 2 0 0 6875 2208 3901
11770 2 2 0 0 2208 6875 6874
11771 2 2 0 0 6875 1272 6874
11772 2 2 0 0 6876 1937 3500
11773 2 2 0 0 1937 6876 3296
11774 2 2 0 0 6876 87 3296
11775 2 2 0 0 87 6877 3902
11776 2 2 0 0 6877 3500 3902
11777 2 2 0 0 3500 6877 6876
11778 2 2 0 0 6877 87 6876
11779 2 2 0 0 1938 6878 3910
11780 2 2 0 0 6878 2208 3910
11781 2 2 0 0 2208 6878 3902
11782 2 2 0 0 6878 1938 3902
11783 2 2 0 0 718 6879 3909
11784 2 2 0 0 718 6879 5599
11785 2 2 0 0 6879 1938 5599
11786 2 2 0 0 3909 6880 3910
11787 2 2 0 0 6880 1938 3910
11788 2 2 0 0 1938 6880 6879
11789 2 2 0 0 6880 3909 6879
11790 2 2 0 0 6881 449 2211
11791 2 2 0 0 2210 6881 3912
11792 2 2 0 0 6881 449 3912
11793 2 2 0 0 2210 6882 3914
11794 2 2 0 0 6882 2211 3914
11795 2 2 0 0 2211 6882 6881
11796 2 2 0 0 6882 2210 6881
11797 2 2 0 0 402 6883 3922
11798 2 2 0 0 6883 2213 3922
11799 2 2 0 0 2213 6883 5145
11800 2 2 0 0 6883 402 5145
11801 2 2 0 0 2212 6884 3923
11802 2 2 0 0 6884 1021 3923
11803 2 2 0 0 1021 6884 5142
11804 2 2 0 0 6884 2212 5142
11805 2 2 0 0 449 6885 3911
11806 2 2 0 0 6885 2215 3911
11807 2 2 0 0 449 6886 3924
11808 2 2 0 0 449 6886 6885
11809 2 2 0 0 6886 2216 6885
11810 2 2 0 0 758 6887 3924
11811 2 2 0 0 6887 1276 3924
11812 2 2 0 0 1276 6887 3928
11813 2 2 0 0 6887 758 3928
11814 2 2 0 0 2215 6888 3925
11815 2 2 0 0 6888 2216 3925
11816 2 2 0 0 2216 6888 6885
11817 2 2 0 0 6888 2215 6885
11818 2 2 0 0 1021 6889 3923
11819 2 2 0 0 2215 6889 5589
11820 2 2 0 0 6889 1021 5589
11821 2 2 0 0 3923 6890 3925
11822 2 2 0 0 6890 2215 3925
11823 2 2 0 0 2215 6890 6889
11824 2 2 0 0 6890 3923 6889
11825 2 2 0 0 108 6891 3925
11826 2 2 0 0 6891 3923 3925
11827 2 2 0 0 3923 6891 5146
11828 2 2 0 0 6891 108 5146
11829 2 2 0 0 3924 6892 3927
11830 2 2 0 0 6892 2216 3927
11831 2 2 0 0 2216 6892 6886
11832 2 2 0 0 6892 3924 6886
11833 2 2 0 0 262 6893 3928
11834 2 2 0 0 6893 1276 3928
11835 2 2 0 0 1276 6893 2927
11836 2 2 0 0 6893 262 2927
11837 2 2 0 0 2219 6894 3929
11838 2 2 0 0 6894 2218 3929
11839 2 2 0 0 2218 6894 5148
11840 2 2 0 0 6894 2219 5148
11841 2 2 0 0 2220 6895 3931
11842 2 2 0 0 6895 1279 3931
11843 2 2 0 0 1279 6895 5149
11844 2 2 0 0 6895 2220 5149
11845 2 2 0 0 1278 6896 3931
11846 2 2 0 0 6896 2220 3931
11847 2 2 0 0 2220 6896 3934
11848 2 2 0 0 6896 1278 3934
11849 2 2 0 0 6897 108 3930
11850 2 2 0 0 108 6897 2217
11851 2 2 0 0 6897 1279 2217
11852 2 2 0 0 1279 6898 3931
11853 2 2 0 0 6898 3930 3931
11854 2 2 0 0 3930 6898 6897
11855 2 2 0 0 6898 1279 6897
11856 2 2 0 0 2213 6899 3932
11857 2 2 0 0 6899 1274 3932
11858 2 2 0 0 1274 6899 5145
11859 2 2 0 0 6899 2213 5145
11860 2 2 0 0 1274 6900 3932
11861 2 2 0 0 6900 3298 3932
11862 2 2 0 0 3298 6900 6121
11863 2 2 0 0 6900 1274 6121
11864 2 2 0 0 6901 1277 3921
11865 2 2 0 0 1277 6901 2214
11866 2 2 0 0 6901 1278 2214
11867 2 2 0 0 6902 3921 3922
11868 2 2 0 0 3921 6902 6901
11869 2 2 0 0 6902 1278 6901
11870 2 2 0 0 1278 6903 3934
11871 2 2 0 0 6903 3922 3934
11872 2 2 0 0 3922 6903 6902
11873 2 2 0 0 6903 1278 6902
11874 2 2 0 0 171 6904 3935
11875 2 2 0 0 6904 2221 3935
11876 2 2 0 0 2221 6904 3936
11877 2 2 0 0 6904 171 3936
11878 2 2 0 0 2222 6905 3937
11879 2 2 0 0 6905 1281 3937
11880 2 2 0 0 1281 6905 3939
11881 2 2 0 0 6905 2222 3939
11882 2 2 0 0 2209 6906 3938
11883 2 2 0 0 6906 1275 3938
11884 2 2 0 0 1275 6906 3913
11885 2 2 0 0 6906 2209 3913
11886 2 2 0 0 2959 6907 3940
11887 2 2 0 0 6907 447 3940
11888 2 2 0 0 447 6907 5763
11889 2 2 0 0 6907 2959 5763
11890 2 2 0 0 1145 6908 3940
11891 2 2 0 0 6908 2959 3940
11892 2 2 0 0 2959 6908 5219
11893 2 2 0 0 6908 1145 5219
11894 2 2 0 0 1160 6909 3944
11895 2 2 0 0 6909 2990 3944
11896 2 2 0 0 2990 6909 5794
11897 2 2 0 0 6909 1160 5794
11898 2 2 0 0 6910 1292 2928
11899 2 2 0 0 6910 982 1880
11900 2 2 0 0 982 6911 3946
11901 2 2 0 0 6911 2928 3946
11902 2 2 0 0 2928 6911 6910
11903 2 2 0 0 6911 982 6910
11904 2 2 0 0 138 6912 3947
11905 2 2 0 0 6912 1354 3947
11906 2 2 0 0 1354 6912 4806
11907 2 2 0 0 6912 138 4806
11908 2 2 0 0 765 6913 2230
11909 2 2 0 0 1287 6913 2930
11910 2 2 0 0 2230 6914 3948
11911 2 2 0 0 6914 1287 3948
11912 2 2 0 0 1287 6914 6913
11913 2 2 0 0 6914 2230 6913
11914 2 2 0 0 2929 6915 3948
11915 2 2 0 0 6915 766 3948
11916 2 2 0 0 766 6915 4738
11917 2 2 0 0 6915 2929 4738
11918 2 2 0 0 803 6916 1287
11919 2 2 0 0 6916 803 1769
11920 2 2 0 0 6917 174 2929
11921 2 2 0 0 174 6917 6916
11922 2 2 0 0 6917 1287 6916
11923 2 2 0 0 1287 6918 3948
11924 2 2 0 0 6918 2929 3948
11925 2 2 0 0 2929 6918 6917
11926 2 2 0 0 6918 1287 6917
11927 2 2 0 0 109 6919 3950
11928 2 2 0 0 6919 2238 3950
11929 2 2 0 0 2238 6919 5166
11930 2 2 0 0 6919 109 5166
11931 2 2 0 0 1283 6920 2237
11932 2 2 0 0 1289 6920 3952
11933 2 2 0 0 6920 1283 3952
11934 2 2 0 0 2237 6921 2238
11935 2 2 0 0 1289 6921 6920
11936 2 2 0 0 6921 2237 6920
11937 2 2 0 0 2238 6922 3951
11938 2 2 0 0 6922 1289 3951
11939 2 2 0 0 1289 6922 6921
11940 2 2 0 0 6922 2238 6921
11941 2 2 0 0 664 6923 3953
11942 2 2 0 0 2232 6923 5159
11943 2 2 0 0 6923 664 5159
11944 2 2 0 0 2236 6924 3954
11945 2 2 0 0 6924 1289 3954
11946 2 2 0 0 1289 6924 3951
11947 2 2 0 0 6924 2236 3951
11948 2 2 0 0 2232 6925 3954
11949 2 2 0 0 6925 2236 3954
11950 2 2 0 0 2236 6925 5165
11951 2 2 0 0 6925 2232 5165
11952 2 2 0 0 3953 6926 3954
11953 2 2 0 0 6926 2232 3954
11954 2 2 0 0 2232 6926 6923
11955 2 2 0 0 6926 3953 6923
11956 2 2 0 0 2237 6927 3955
11957 2 2 0 0 6927 1284 3955
11958 2 2 0 0 1284 6927 3957
11959 2 2 0 0 6927 2237 3957
11960 2 2 0 0 1283 6928 3956
11961 2 2 0 0 6928 1906 3956
11962 2 2 0 0 1906 6928 5154
11963 2 2 0 0 6928 1283 5154
11964 2 2 0 0 660 6929 3956
11965 2 2 0 0 1284 6929 4792
11966 2 2 0 0 6929 660 4792
11967 2 2 0 0 3956 6930 3957
11968 2 2 0 0 6930 1284 3957
11969 2 2 0 0 1284 6930 6929
11970 2 2 0 0 6930 3956 6929
11971 2 2 0 0 802 6931 2239
11972 2 2 0 0 769 6931 2306
11973 2 2 0 0 6931 802 2306
11974 2 2 0 0 769 6932 3958
11975 2 2 0 0 6932 2239 3958
11976 2 2 0 0 769 6932 6931
11977 2 2 0 0 6932 2239 6931
11978 2 2 0 0 1194 6933 2240
11979 2 2 0 0 769 6933 2687
11980 2 2 0 0 2240 6934 3958
11981 2 2 0 0 6934 769 3958
11982 2 2 0 0 769 6934 6933
11983 2 2 0 0 6934 2240 6933
11984 2 2 0 0 1291 6935 3958
11985 2 2 0 0 6935 2240 3958
11986 2 2 0 0 2240 6935 5167
11987 2 2 0 0 6935 1291 5167
11988 2 2 0 0 1291 6936 3959
11989 2 2 0 0 6936 2239 3959
11990 2 2 0 0 2239 6936 3958
11991 2 2 0 0 6936 1291 3958
11992 2 2 0 0 1291 6937 3959
11993 2 2 0 0 6937 2932 3959
11994 2 2 0 0 2932 6937 5724
11995 2 2 0 0 6937 1291 5724
11996 2 2 0 0 494 6938 1346
11997 2 2 0 0 802 6938 1345
11998 2 2 0 0 6938 494 1345
11999 2 2 0 0 1346 6939 3960
12000 2 2 0 0 6939 802 3960
12001 2 2 0 0 802 6939 6938
12002 2 2 0 0 6939 1346 6938
12003 2 2 0 0 57 6940 3960
12004 2 2 0 0 6940 1346 3960
12005 2 2 0 0 57 6940 5645
12006 2 2 0 0 6940 1346 5645
12007 2 2 0 0 327 6941 3961
12008 2 2 0 0 6941 2241 3961
12009 2 2 0 0 2241 6941 3962
12010 2 2 0 0 6941 327 3962
12011 2 2 0 0 2144 6942 3961
12012 2 2 0 0 6942 327 3961
12013 2 2 0 0 327 6942 3806
12014 2 2 0 0 6942 2144 3806
12015 2 2 0 0 3962 6943 3963
12016 2 2 0 0 6943 822 3963
12017 2 2 0 0 822 6943 5564
12018 2 2 0 0 6943 3962 5564
12019 2 2 0 0 2242 6944 3965
12020 2 2 0 0 6944 1293 3965
12021 2 2 0 0 1293 6944 5168
12022 2 2 0 0 6944 2242 5168
12023 2 2 0 0 822 6945 3965
12024 2 2 0 0 6945 2242 3965
12025 2 2 0 0 822 6945 3963
12026 2 2 0 0 6945 2242 3963
12027 2 2 0 0 1297 6946 2935
12028 2 2 0 0 6946 807 2935
12029 2 2 0 0 2248 6947 3969
12030 2 2 0 0 6947 1297 3969
12031 2 2 0 0 1297 6947 6946
12032 2 2 0 0 6947 2248 6946
12033 2 2 0 0 1298 6948 3970
12034 2 2 0 0 6948 2249 3970
12035 2 2 0 0 2249 6948 5175
12036 2 2 0 0 6948 1298 5175
12037 2 2 0 0 365 6949 3971
12038 2 2 0 0 6949 2249 3971
12039 2 2 0 0 2249 6949 3970
12040 2 2 0 0 6949 365 3970
12041 2 2 0 0 1181 6950 2870
12042 2 2 0 0 365 6950 3967
12043 2 2 0 0 6950 1181 3967
12044 2 2 0 0 2870 6951 3971
12045 2 2 0 0 6951 365 3971
12046 2 2 0 0 365 6951 6950
12047 2 2 0 0 6951 2870 6950
12048 2 2 0 0 1016 6952 3972
12049 2 2 0 0 1768 6952 3974
12050 2 2 0 0 6952 1016 3974
12051 2 2 0 0 2249 6953 3973
12052 2 2 0 0 6953 1016 3973
12053 2 2 0 0 1016 6953 5175
12054 2 2 0 0 6953 2249 5175
12055 2 2 0 0 658 6954 3975
12056 2 2 0 0 6954 2250 3975
12057 2 2 0 0 6954 658 3974
12058 2 2 0 0 1220 6955 3976
12059 2 2 0 0 6955 2250 3976
12060 2 2 0 0 2250 6955 3975
12061 2 2 0 0 6955 1220 3975
12062 2 2 0 0 2250 6956 3977
12063 2 2 0 0 6956 3974 3977
12064 2 2 0 0 3974 6956 6954
12065 2 2 0 0 6956 2250 6954
12066 2 2 0 0 290 6957 2252
12067 2 2 0 0 1399 6957 4818
12068 2 2 0 0 6957 290 4818
12069 2 2 0 0 2252 6958 3978
12070 2 2 0 0 6958 1399 3978
12071 2 2 0 0 1399 6958 6957
12072 2 2 0 0 6958 2252 6957
12073 2 2 0 0 775 6959 2254
12074 2 2 0 0 6959 1303 2254
12075 2 2 0 0 2370 6960 3978
12076 2 2 0 0 6960 775 3978
12077 2 2 0 0 775 6960 6959
12078 2 2 0 0 6960 2370 6959
12079 2 2 0 0 6961 1969 2253
12080 2 2 0 0 1969 6961 6421
12081 2 2 0 0 6961 1301 6421
12082 2 2 0 0 2253 6962 3986
12083 2 2 0 0 6962 1301 3986
12084 2 2 0 0 2253 6962 6961
12085 2 2 0 0 6962 1301 6961
12086 2 2 0 0 1302 6963 3986
12087 2 2 0 0 6963 2253 3986
12088 2 2 0 0 2253 6963 5178
12089 2 2 0 0 6963 1302 5178
12090 2 2 0 0 467 6964 3985
12091 2 2 0 0 1302 6964 2938
12092 2 2 0 0 6964 467 2938
12093 2 2 0 0 3985 6965 3986
12094 2 2 0 0 6965 1302 3986
12095 2 2 0 0 1302 6965 6964
12096 2 2 0 0 6965 3985 6964
12097 2 2 0 0 524 6966 3987
12098 2 2 0 0 6966 2255 3987
12099 2 2 0 0 2255 6966 3559
12100 2 2 0 0 6966 524 3559
12101 2 2 0 0 2370 6967 3987
12102 2 2 0 0 6967 524 3987
12103 2 2 0 0 524 6967 6433
12104 2 2 0 0 6967 2370 6433
12105 2 2 0 0 1303 6968 3987
12106 2 2 0 0 6968 2370 3987
12107 2 2 0 0 2370 6968 6959
12108 2 2 0 0 6968 1303 6959
12109 2 2 0 0 136 6969 3988
12110 2 2 0 0 1303 6969 2254
12111 2 2 0 0 6969 136 2254
12112 2 2 0 0 1966 6970 3988
12113 2 2 0 0 841 6970 2366
12114 2 2 0 0 6970 1966 2366
12115 2 2 0 0 136 6971 3988
12116 2 2 0 0 6971 1966 3988
12117 2 2 0 0 1966 6971 3551
12118 2 2 0 0 6971 136 3551
12119 2 2 0 0 2255 6972 3989
12120 2 2 0 0 6972 841 3989
12121 2 2 0 0 841 6972 5262
12122 2 2 0 0 6972 2255 5262
12123 2 2 0 0 3988 6973 3989
12124 2 2 0 0 6973 1303 3989
12125 2 2 0 0 1303 6973 6969
12126 2 2 0 0 6973 3988 6969
12127 2 2 0 0 841 6974 3989
12128 2 2 0 0 6974 3988 3989
12129 2 2 0 0 841 6974 6970
12130 2 2 0 0 6974 3988 6970
12131 2 2 0 0 6975 1304 2258
12132 2 2 0 0 1304 6975 2266
12133 2 2 0 0 6975 1311 2266
12134 2 2 0 0 1311 6976 3990
12135 2 2 0 0 6976 2258 3990
12136 2 2 0 0 2258 6976 6975
12137 2 2 0 0 6976 1311 6975
12138 2 2 0 0 2261 6977 3992
12139 2 2 0 0 6977 123 3992
12140 2 2 0 0 2261 6977 3994
12141 2 2 0 0 6977 123 3994
12142 2 2 0 0 6978 471 1309
12143 2 2 0 0 471 6978 3999
12144 2 2 0 0 6978 777 3999
12145 2 2 0 0 777 6979 3991
12146 2 2 0 0 1309 6979 6978
12147 2 2 0 0 6979 777 6978
12148 2 2 0 0 3991 6980 3992
12149 2 2 0 0 6980 1309 3992
12150 2 2 0 0 1309 6980 6979
12151 2 2 0 0 6980 3991 6979
12152 2 2 0 0 1258 6981 3993
12153 2 2 0 0 2184 6981 2185
12154 2 2 0 0 6981 1258 2185
12155 2 2 0 0 3993 6982 3994
12156 2 2 0 0 6982 2184 3994
12157 2 2 0 0 2184 6982 6981
12158 2 2 0 0 6982 3993 6981
12159 2 2 0 0 2813 6983 3995
12160 2 2 0 0 6983 468 3995
12161 2 2 0 0 468 6983 4233
12162 2 2 0 0 6983 2813 4233
12163 2 2 0 0 1048 6984 3995
12164 2 2 0 0 6984 2813 3995
12165 2 2 0 0 2813 6984 5285
12166 2 2 0 0 6984 1048 5285
12167 2 2 0 0 6985 2262 2263
12168 2 2 0 0 2262 6985 3995
12169 2 2 0 0 6985 1048 3995
12170 2 2 0 0 1048 6986 3998
12171 2 2 0 0 6986 2263 3998
12172 2 2 0 0 2263 6986 6985
12173 2 2 0 0 6986 1048 6985
12174 2 2 0 0 293 6987 3999
12175 2 2 0 0 6987 3564 3999
12176 2 2 0 0 3564 6987 3565
12177 2 2 0 0 6987 293 3565
12178 2 2 0 0 777 6988 4000
12179 2 2 0 0 6988 777 2264
12180 2 2 0 0 2263 6989 4001
12181 2 2 0 0 6989 293 4001
12182 2 2 0 0 293 6989 4002
12183 2 2 0 0 6989 2263 4002
12184 2 2 0 0 4000 6990 4001
12185 2 2 0 0 6990 1310 4001
12186 2 2 0 0 1310 6990 6988
12187 2 2 0 0 6990 4000 6988
12188 2 2 0 0 1310 6991 4003
12189 2 2 0 0 6991 2264 4003
12190 2 2 0 0 2264 6991 6988
12191 2 2 0 0 6991 1310 6988
12192 2 2 0 0 3997 6992 4003
12193 2 2 0 0 6992 1310 4003
12194 2 2 0 0 1310 6992 3998
12195 2 2 0 0 6992 3997 3998
12196 2 2 0 0 1311 6993 2266
12197 2 2 0 0 123 6993 3991
12198 2 2 0 0 6993 1311 3991
12199 2 2 0 0 123 6994 4004
12200 2 2 0 0 6994 2266 4004
12201 2 2 0 0 123 6994 6993
12202 2 2 0 0 6994 2266 6993
12203 2 2 0 0 639 6995 4005
12204 2 2 0 0 2265 6995 5130
12205 2 2 0 0 6995 639 5130
12206 2 2 0 0 4005 6996 4006
12207 2 2 0 0 6996 2265 4006
12208 2 2 0 0 2265 6996 6995
12209 2 2 0 0 6996 4005 6995
12210 2 2 0 0 2152 6997 4008
12211 2 2 0 0 6997 729 4008
12212 2 2 0 0 729 6997 5103
12213 2 2 0 0 6997 2152 5103
12214 2 2 0 0 729 6998 4009
12215 2 2 0 0 6998 2269 4009
12216 2 2 0 0 2269 6998 5192
12217 2 2 0 0 6998 729 5192
12218 2 2 0 0 3727 6999 4011
12219 2 2 0 0 6999 2045 4011
12220 2 2 0 0 2045 6999 4012
12221 2 2 0 0 6999 3727 4012
12222 2 2 0 0 474 7000 4011
12223 2 2 0 0 7000 3727 4011
12224 2 2 0 0 3727 7000 6656
12225 2 2 0 0 7000 474 6656
12226 2 2 0 0 1049 7001 2815
12227 2 2 0 0 7001 784 2815
12228 2 2 0 0 2273 7002 4013
12229 2 2 0 0 7002 784 4013
12230 2 2 0 0 2273 7002 7001
12231 2 2 0 0 7002 784 7001
12232 2 2 0 0 2274 7003 4013
12233 2 2 0 0 7003 1318 4013
12234 2 2 0 0 1318 7003 4017
12235 2 2 0 0 7003 2274 4017
12236 2 2 0 0 2273 7004 4014
12237 2 2 0 0 7004 1049 4014
12238 2 2 0 0 1049 7004 7001
12239 2 2 0 0 7004 2273 7001
12240 2 2 0 0 1049 7005 4014
12241 2 2 0 0 7005 2836 4014
12242 2 2 0 0 2836 7005 5620
12243 2 2 0 0 7005 1049 5620
12244 2 2 0 0 477 7006 1999
12245 2 2 0 0 7006 1320 1999
12246 2 2 0 0 1320 7007 4015
12247 2 2 0 0 7007 2274 4015
12248 2 2 0 0 2274 7007 7006
12249 2 2 0 0 7007 1320 7006
12250 2 2 0 0 2274 7008 4017
12251 2 2 0 0 7008 477 4017
12252 2 2 0 0 477 7008 7006
12253 2 2 0 0 7008 2274 7006
12254 2 2 0 0 2277 7009 4021
12255 2 2 0 0 7009 787 4021
12256 2 2 0 0 787 7009 5202
12257 2 2 0 0 7009 2277 5202
12258 2 2 0 0 1152 7010 4022
12259 2 2 0 0 7010 1324 4022
12260 2 2 0 0 1324 7010 6588
12261 2 2 0 0 7010 1152 6588
12262 2 2 0 0 2046 7011 4022
12263 2 2 0 0 7011 1152 4022
12264 2 2 0 0 1152 7011 3681
12265 2 2 0 0 7011 2046 3681
12266 2 2 0 0 1039 7012 1325
12267 2 2 0 0 656 7012 1934
12268 2 2 0 0 7012 1039 1934
12269 2 2 0 0 1325 7013 2278
12270 2 2 0 0 656 7013 7012
12271 2 2 0 0 7013 1325 7012
12272 2 2 0 0 2278 7014 4023
12273 2 2 0 0 7014 656 4023
12274 2 2 0 0 656 7014 7013
12275 2 2 0 0 7014 2278 7013
12276 2 2 0 0 788 7015 4024
12277 2 2 0 0 7015 3305 4024
12278 2 2 0 0 3305 7015 4029
12279 2 2 0 0 7015 788 4029
12280 2 2 0 0 1328 7016 4026
12281 2 2 0 0 7016 2280 4026
12282 2 2 0 0 2280 7016 4025
12283 2 2 0 0 7016 1328 4025
12284 2 2 0 0 2285 7017 4026
12285 2 2 0 0 7017 1328 4026
12286 2 2 0 0 1328 7017 4030
12287 2 2 0 0 7017 2285 4030
12288 2 2 0 0 300 7018 4028
12289 2 2 0 0 7018 2281 4028
12290 2 2 0 0 2281 7018 2282
12291 2 2 0 0 7018 300 2282
12292 2 2 0 0 788 7019 4029
12293 2 2 0 0 7019 2284 4029
12294 2 2 0 0 2284 7019 4025
12295 2 2 0 0 7019 788 4025
12296 2 2 0 0 481 7020 2283
12297 2 2 0 0 1327 7020 2754
12298 2 2 0 0 7020 481 2754
12299 2 2 0 0 2283 7021 2285
12300 2 2 0 0 1327 7021 7020
12301 2 2 0 0 7021 2283 7020
12302 2 2 0 0 2285 7022 4030
12303 2 2 0 0 7022 1327 4030
12304 2 2 0 0 1327 7022 7021
12305 2 2 0 0 7022 2285 7021
12306 2 2 0 0 2286 7023 4031
12307 2 2 0 0 7023 2281 4031
12308 2 2 0 0 2281 7023 4032
12309 2 2 0 0 7023 2286 4032
12310 2 2 0 0 7024 2956 2957
12311 2 2 0 0 2956 7024 3490
12312 2 2 0 0 7024 99 3490
12313 2 2 0 0 2957 7025 4033
12314 2 2 0 0 7025 99 4033
12315 2 2 0 0 2957 7025 7024
12316 2 2 0 0 7025 99 7024
12317 2 2 0 0 1052 7026 2288
12318 2 2 0 0 700 7026 1196
12319 2 2 0 0 7026 1052 1196
12320 2 2 0 0 2288 7027 4035
12321 2 2 0 0 7027 700 4035
12322 2 2 0 0 700 7027 7026
12323 2 2 0 0 7027 2288 7026
12324 2 2 0 0 302 7028 4036
12325 2 2 0 0 7028 2289 4036
12326 2 2 0 0 302 7028 5211
12327 2 2 0 0 7028 2289 5211
12328 2 2 0 0 2291 7029 4037
12329 2 2 0 0 7029 484 4037
12330 2 2 0 0 484 7029 3785
12331 2 2 0 0 7029 2291 3785
12332 2 2 0 0 1332 7030 4037
12333 2 2 0 0 7030 2291 4037
12334 2 2 0 0 2291 7030 4040
12335 2 2 0 0 7030 1332 4040
12336 2 2 0 0 1333 7031 4038
12337 2 2 0 0 7031 795 4038
12338 2 2 0 0 795 7031 4804
12339 2 2 0 0 7031 1333 4804
12340 2 2 0 0 7032 1332 2290
12341 2 2 0 0 1332 7032 4803
12342 2 2 0 0 7032 795 4803
12343 2 2 0 0 795 7033 4039
12344 2 2 0 0 7033 2290 4039
12345 2 2 0 0 2290 7033 7032
12346 2 2 0 0 7033 795 7032
12347 2 2 0 0 2292 7034 4040
12348 2 2 0 0 7034 1053 4040
12349 2 2 0 0 2292 7034 4042
12350 2 2 0 0 7034 1053 4042
12351 2 2 0 0 7035 134 2292
12352 2 2 0 0 134 7035 3508
12353 2 2 0 0 7035 1943 3508
12354 2 2 0 0 1943 7036 4042
12355 2 2 0 0 7036 2292 4042
12356 2 2 0 0 2292 7036 7035
12357 2 2 0 0 7036 1943 7035
12358 2 2 0 0 3505 7037 4042
12359 2 2 0 0 7037 1943 4042
12360 2 2 0 0 1943 7037 6374
12361 2 2 0 0 7037 3505 6374
12362 2 2 0 0 1053 7038 4042
12363 2 2 0 0 7038 3505 4042
12364 2 2 0 0 3505 7038 6734
12365 2 2 0 0 7038 1053 6734
12366 2 2 0 0 1333 7039 4047
12367 2 2 0 0 7039 2293 4047
12368 2 2 0 0 2293 7039 5212
12369 2 2 0 0 7039 1333 5212
12370 2 2 0 0 1041 7040 4048
12371 2 2 0 0 7040 1747 4048
12372 2 2 0 0 1747 7040 3296
12373 2 2 0 0 7040 1041 3296
12374 2 2 0 0 7041 1766 3313
12375 2 2 0 0 1766 7041 2964
12376 2 2 0 0 7041 261 2964
12377 2 2 0 0 261 7042 4050
12378 2 2 0 0 7042 3313 4050
12379 2 2 0 0 3313 7042 7041
12380 2 2 0 0 7042 261 7041
12381 2 2 0 0 2296 7043 4052
12382 2 2 0 0 7043 133 4052
12383 2 2 0 0 2296 7043 5404
12384 2 2 0 0 7043 133 5404
12385 2 2 0 0 2297 7044 4052
12386 2 2 0 0 7044 1336 4052
12387 2 2 0 0 1336 7044 5216
12388 2 2 0 0 7044 2297 5216
12389 2 2 0 0 133 7045 4052
12390 2 2 0 0 7045 2297 4052
12391 2 2 0 0 2297 7045 5215
12392 2 2 0 0 7045 133 5215
12393 2 2 0 0 1666 7046 4053
12394 2 2 0 0 659 7046 3230
12395 2 2 0 0 7046 1666 3230
12396 2 2 0 0 312 7047 4053
12397 2 2 0 0 1338 7047 4898
12398 2 2 0 0 7047 312 4898
12399 2 2 0 0 4053 7048 4054
12400 2 2 0 0 7048 1338 4054
12401 2 2 0 0 1338 7048 7047
12402 2 2 0 0 7048 4053 7047
12403 2 2 0 0 659 7049 4054
12404 2 2 0 0 7049 4053 4054
12405 2 2 0 0 659 7049 7046
12406 2 2 0 0 7049 4053 7046
12407 2 2 0 0 659 7050 4055
12408 2 2 0 0 7050 2298 4055
12409 2 2 0 0 2298 7050 4054
12410 2 2 0 0 7050 659 4054
12411 2 2 0 0 7051 1767 4056
12412 2 2 0 0 1767 7051 3127
12413 2 2 0 0 7051 1054 3127
12414 2 2 0 0 2299 7052 4057
12415 2 2 0 0 7052 1339 4057
12416 2 2 0 0 1339 7052 2301
12417 2 2 0 0 7052 2299 2301
12418 2 2 0 0 4056 7053 4057
12419 2 2 0 0 7053 1054 4057
12420 2 2 0 0 4056 7053 7051
12421 2 2 0 0 7053 1054 7051
12422 2 2 0 0 1339 7054 4057
12423 2 2 0 0 7054 4056 4057
12424 2 2 0 0 4056 7054 5765
12425 2 2 0 0 7054 1339 5765
12426 2 2 0 0 7055 2295 2965
12427 2 2 0 0 2295 7055 4058
12428 2 2 0 0 7055 491 4058
12429 2 2 0 0 491 7056 4059
12430 2 2 0 0 7056 2965 4059
12431 2 2 0 0 2965 7056 7055
12432 2 2 0 0 7056 491 7055
12433 2 2 0 0 1340 7057 2963
12434 2 2 0 0 800 7057 2300
12435 2 2 0 0 7057 1340 2300
12436 2 2 0 0 2963 7058 4060
12437 2 2 0 0 7058 800 4060
12438 2 2 0 0 800 7058 7057
12439 2 2 0 0 7058 2963 7057
12440 2 2 0 0 2961 7059 4061
12441 2 2 0 0 7059 493 4061
12442 2 2 0 0 493 7059 2962
12443 2 2 0 0 7059 2961 2962
12444 2 2 0 0 2305 7060 4062
12445 2 2 0 0 7060 1341 4062
12446 2 2 0 0 1341 7060 4063
12447 2 2 0 0 7060 2305 4063
12448 2 2 0 0 493 7061 4063
12449 2 2 0 0 7061 2963 4063
12450 2 2 0 0 2963 7061 5766
12451 2 2 0 0 7061 493 5766
12452 2 2 0 0 2306 7062 4064
12453 2 2 0 0 7062 1292 4064
12454 2 2 0 0 1292 7062 4065
12455 2 2 0 0 7062 2306 4065
12456 2 2 0 0 1292 7063 4064
12457 2 2 0 0 7063 2687 4064
12458 2 2 0 0 2687 7063 4689
12459 2 2 0 0 7063 1292 4689
12460 2 2 0 0 7064 1286 2928
12461 2 2 0 0 1286 7064 1347
12462 2 2 0 0 7064 270 1347
12463 2 2 0 0 270 7065 4065
12464 2 2 0 0 7065 2928 4065
12465 2 2 0 0 2928 7065 7064
12466 2 2 0 0 7065 270 7064
12467 2 2 0 0 1350 7066 4066
12468 2 2 0 0 7066 2311 4066
12469 2 2 0 0 2311 7066 5226
12470 2 2 0 0 7066 1350 5226
12471 2 2 0 0 2308 7067 4066
12472 2 2 0 0 7067 1350 4066
12473 2 2 0 0 1350 7067 3949
12474 2 2 0 0 7067 2308 3949
12475 2 2 0 0 496 7068 4067
12476 2 2 0 0 7068 2311 4067
12477 2 2 0 0 2311 7068 4066
12478 2 2 0 0 7068 496 4066
12479 2 2 0 0 3315 7069 4067
12480 2 2 0 0 7069 496 4067
12481 2 2 0 0 496 7069 5777
12482 2 2 0 0 7069 3315 5777
12483 2 2 0 0 7070 1351 2312
12484 2 2 0 0 1351 7070 2971
12485 2 2 0 0 7070 765 2971
12486 2 2 0 0 765 7071 4068
12487 2 2 0 0 7071 2312 4068
12488 2 2 0 0 2312 7071 7070
12489 2 2 0 0 7071 765 7070
12490 2 2 0 0 2930 7072 4068
12491 2 2 0 0 7072 765 4068
12492 2 2 0 0 765 7072 6913
12493 2 2 0 0 7072 2930 6913
12494 2 2 0 0 7073 1745 4069
12495 2 2 0 0 1745 7073 4070
12496 2 2 0 0 7073 2313 4070
12497 2 2 0 0 7074 2640 3295
12498 2 2 0 0 2640 7074 4071
12499 2 2 0 0 404 7075 4070
12500 2 2 0 0 7075 3295 4070
12501 2 2 0 0 3295 7075 7074
12502 2 2 0 0 7075 404 7074
12503 2 2 0 0 1056 7076 2315
12504 2 2 0 0 2314 7076 3510
12505 2 2 0 0 7076 1056 3510
12506 2 2 0 0 2315 7077 4072
12507 2 2 0 0 7077 2314 4072
12508 2 2 0 0 2314 7077 7076
12509 2 2 0 0 7077 2315 7076
12510 2 2 0 0 4071 7078 4072
12511 2 2 0 0 7078 404 4072
12512 2 2 0 0 404 7078 7074
12513 2 2 0 0 7078 4071 7074
12514 2 2 0 0 1772 7079 4073
12515 2 2 0 0 7079 495 4073
12516 2 2 0 0 495 7079 4900
12517 2 2 0 0 7079 1772 4900
12518 2 2 0 0 1354 7080 2317
12519 2 2 0 0 806 7080 4806
12520 2 2 0 0 7080 1354 4806
12521 2 2 0 0 2317 7081 4074
12522 2 2 0 0 7081 806 4074
12523 2 2 0 0 806 7081 7080
12524 2 2 0 0 7081 2317 7080
12525 2 2 0 0 495 7082 4073
12526 2 2 0 0 1355 7082 2320
12527 2 2 0 0 7082 495 2320
12528 2 2 0 0 4073 7083 4074
12529 2 2 0 0 7083 1355 4074
12530 2 2 0 0 1355 7083 7082
12531 2 2 0 0 7083 4073 7082
12532 2 2 0 0 7084 1355 2318
12533 2 2 0 0 1355 7084 2317
12534 2 2 0 0 7084 805 2317
12535 2 2 0 0 805 7085 4076
12536 2 2 0 0 7085 2318 4076
12537 2 2 0 0 2318 7085 7084
12538 2 2 0 0 7085 805 7084
12539 2 2 0 0 2313 7086 4076
12540 2 2 0 0 7086 4069 4076
12541 2 2 0 0 4069 7086 7073
12542 2 2 0 0 7086 2313 7073
12543 2 2 0 0 665 7087 4078
12544 2 2 0 0 7087 4077 4078
12545 2 2 0 0 4077 7087 5273
12546 2 2 0 0 7087 665 5273
12547 2 2 0 0 2323 7088 4079
12548 2 2 0 0 7088 2322 4079
12549 2 2 0 0 2322 7088 4087
12550 2 2 0 0 815 7089 2324
12551 2 2 0 0 814 7089 2982
12552 2 2 0 0 7089 815 2982
12553 2 2 0 0 2324 7090 4084
12554 2 2 0 0 7090 814 4084
12555 2 2 0 0 814 7090 7089
12556 2 2 0 0 7090 2324 7089
12557 2 2 0 0 2325 7091 4085
12558 2 2 0 0 7091 1358 4085
12559 2 2 0 0 1358 7091 6563
12560 2 2 0 0 7091 2325 6563
12561 2 2 0 0 1359 7092 4085
12562 2 2 0 0 7092 2325 4085
12563 2 2 0 0 2325 7092 5236
12564 2 2 0 0 7092 1359 5236
12565 2 2 0 0 2975 7093 4085
12566 2 2 0 0 7093 1359 4085
12567 2 2 0 0 1359 7093 5235
12568 2 2 0 0 7093 2975 5235
12569 2 2 0 0 2325 7094 4088
12570 2 2 0 0 7094 813 4088
12571 2 2 0 0 813 7094 5236
12572 2 2 0 0 7094 2325 5236
12573 2 2 0 0 2323 7095 4088
12574 2 2 0 0 7095 2325 4088
12575 2 2 0 0 2325 7095 6563
12576 2 2 0 0 7095 2323 6563
12577 2 2 0 0 4087 7096 4088
12578 2 2 0 0 7096 2323 4088
12579 2 2 0 0 2323 7096 7088
12580 2 2 0 0 7096 4087 7088
12581 2 2 0 0 1361 7097 2327
12582 2 2 0 0 1362 7097 5783
12583 2 2 0 0 7097 1361 5783
12584 2 2 0 0 2327 7098 4091
12585 2 2 0 0 7098 1362 4091
12586 2 2 0 0 1362 7098 7097
12587 2 2 0 0 7098 2327 7097
12588 2 2 0 0 4090 7099 4091
12589 2 2 0 0 7099 503 4091
12590 2 2 0 0 503 7099 4093
12591 2 2 0 0 7099 4090 4093
12592 2 2 0 0 2328 7100 4093
12593 2 2 0 0 7100 503 4093
12594 2 2 0 0 503 7100 5237
12595 2 2 0 0 7100 2328 5237
12596 2 2 0 0 815 7101 4090
12597 2 2 0 0 1364 7101 2984
12598 2 2 0 0 7101 815 2984
12599 2 2 0 0 4090 7102 4093
12600 2 2 0 0 7102 1364 4093
12601 2 2 0 0 1364 7102 7101
12602 2 2 0 0 7102 4090 7101
12603 2 2 0 0 7103 88 2757
12604 2 2 0 0 7103 88 1368
12605 2 2 0 0 7104 2757 2987
12606 2 2 0 0 2757 7104 7103
12607 2 2 0 0 7104 818 7103
12608 2 2 0 0 818 7105 4094
12609 2 2 0 0 7105 2987 4094
12610 2 2 0 0 2987 7105 7104
12611 2 2 0 0 7105 818 7104
12612 2 2 0 0 2329 7106 4095
12613 2 2 0 0 7106 818 4095
12614 2 2 0 0 2329 7106 4094
12615 2 2 0 0 7106 818 4094
12616 2 2 0 0 807 7107 2988
12617 2 2 0 0 2248 7107 6946
12618 2 2 0 0 7107 807 6946
12619 2 2 0 0 2988 7108 4095
12620 2 2 0 0 7108 2248 4095
12621 2 2 0 0 2248 7108 7107
12622 2 2 0 0 7108 2988 7107
12623 2 2 0 0 7109 1368 2988
12624 2 2 0 0 1368 7109 7103
12625 2 2 0 0 7109 818 7103
12626 2 2 0 0 818 7110 4095
12627 2 2 0 0 7110 2988 4095
12628 2 2 0 0 2988 7110 7109
12629 2 2 0 0 7110 818 7109
12630 2 2 0 0 2319 7111 4096
12631 2 2 0 0 7111 1367 4096
12632 2 2 0 0 1367 7111 3317
12633 2 2 0 0 7111 2319 3317
12634 2 2 0 0 1056 7112 4096
12635 2 2 0 0 7112 2319 4096
12636 2 2 0 0 2319 7112 5229
12637 2 2 0 0 7112 1056 5229
12638 2 2 0 0 1944 7113 4097
12639 2 2 0 0 7113 3510 4097
12640 2 2 0 0 3510 7113 5788
12641 2 2 0 0 7113 1944 5788
12642 2 2 0 0 816 7114 4098
12643 2 2 0 0 7114 1668 4098
12644 2 2 0 0 1668 7114 4110
12645 2 2 0 0 7114 816 4110
12646 2 2 0 0 4098 7115 4099
12647 2 2 0 0 7115 88 4099
12648 2 2 0 0 88 7115 5560
12649 2 2 0 0 7115 4098 5560
12650 2 2 0 0 1370 7116 4100
12651 2 2 0 0 7116 2331 4100
12652 2 2 0 0 2331 7116 5240
12653 2 2 0 0 7116 1370 5240
12654 2 2 0 0 505 7117 2989
12655 2 2 0 0 1370 7117 4115
12656 2 2 0 0 7117 505 4115
12657 2 2 0 0 2989 7118 4100
12658 2 2 0 0 7118 1370 4100
12659 2 2 0 0 1370 7118 7117
12660 2 2 0 0 7118 2989 7117
12661 2 2 0 0 2332 7119 4102
12662 2 2 0 0 7119 772 4102
12663 2 2 0 0 772 7119 4103
12664 2 2 0 0 7119 2332 4103
12665 2 2 0 0 1371 7120 2335
12666 2 2 0 0 1372 7120 5796
12667 2 2 0 0 7120 1371 5796
12668 2 2 0 0 2335 7121 4102
12669 2 2 0 0 7121 1372 4102
12670 2 2 0 0 1372 7121 7120
12671 2 2 0 0 7121 2335 7120
12672 2 2 0 0 1373 7122 4104
12673 2 2 0 0 7122 2332 4104
12674 2 2 0 0 2332 7122 4103
12675 2 2 0 0 7122 1373 4103
12676 2 2 0 0 276 7123 2331
12677 2 2 0 0 1373 7123 2994
12678 2 2 0 0 7123 276 2994
12679 2 2 0 0 2331 7124 4104
12680 2 2 0 0 7124 1373 4104
12681 2 2 0 0 1373 7124 7123
12682 2 2 0 0 7124 2331 7123
12683 2 2 0 0 2991 7125 4105
12684 2 2 0 0 7125 175 4105
12685 2 2 0 0 175 7125 5795
12686 2 2 0 0 7125 2991 5795
12687 2 2 0 0 3798 7126 4106
12688 2 2 0 0 7126 175 4106
12689 2 2 0 0 3798 7126 5794
12690 2 2 0 0 7126 175 5794
12691 2 2 0 0 2333 7127 4107
12692 2 2 0 0 7127 4106 4107
12693 2 2 0 0 4106 7127 6126
12694 2 2 0 0 7127 2333 6126
12695 2 2 0 0 458 7128 2336
12696 2 2 0 0 2333 7128 3303
12697 2 2 0 0 7128 458 3303
12698 2 2 0 0 2336 7129 4108
12699 2 2 0 0 7129 2333 4108
12700 2 2 0 0 2333 7129 7128
12701 2 2 0 0 7129 2336 7128
12702 2 2 0 0 2335 7130 4109
12703 2 2 0 0 7130 772 4109
12704 2 2 0 0 772 7130 4102
12705 2 2 0 0 7130 2335 4102
12706 2 2 0 0 2339 7131 4111
12707 2 2 0 0 7131 1668 4111
12708 2 2 0 0 1668 7131 4112
12709 2 2 0 0 7131 2339 4112
12710 2 2 0 0 505 7132 4112
12711 2 2 0 0 7132 2757 4112
12712 2 2 0 0 2757 7132 2987
12713 2 2 0 0 7132 505 2987
12714 2 2 0 0 7133 817 1778
12715 2 2 0 0 817 7133 4110
12716 2 2 0 0 7133 325 4110
12717 2 2 0 0 7134 1778 2995
12718 2 2 0 0 1778 7134 7133
12719 2 2 0 0 7134 325 7133
12720 2 2 0 0 325 7135 4114
12721 2 2 0 0 7135 2995 4114
12722 2 2 0 0 2995 7135 7134
12723 2 2 0 0 7135 325 7134
12724 2 2 0 0 2341 7136 4117
12725 2 2 0 0 7136 1187 4117
12726 2 2 0 0 1187 7136 4118
12727 2 2 0 0 7136 2341 4118
12728 2 2 0 0 2873 7137 4117
12729 2 2 0 0 7137 635 4117
12730 2 2 0 0 635 7137 5656
12731 2 2 0 0 7137 2873 5656
12732 2 2 0 0 1378 7138 2345
12733 2 2 0 0 511 7138 3522
12734 2 2 0 0 7138 1378 3522
12735 2 2 0 0 2345 7139 4119
12736 2 2 0 0 7139 511 4119
12737 2 2 0 0 511 7139 7138
12738 2 2 0 0 7139 2345 7138
12739 2 2 0 0 1377 7140 4119
12740 2 2 0 0 7140 2345 4119
12741 2 2 0 0 2345 7140 5804
12742 2 2 0 0 7140 1377 5804
12743 2 2 0 0 1377 7141 4121
12744 2 2 0 0 7141 2343 4121
12745 2 2 0 0 2343 7141 4119
12746 2 2 0 0 7141 1377 4119
12747 2 2 0 0 1377 7142 3002
12748 2 2 0 0 7142 330 3002
12749 2 2 0 0 4120 7143 4121
12750 2 2 0 0 7143 1377 4121
12751 2 2 0 0 1377 7143 7142
12752 2 2 0 0 7143 4120 7142
12753 2 2 0 0 1960 7144 4122
12754 2 2 0 0 7144 826 4122
12755 2 2 0 0 826 7144 3003
12756 2 2 0 0 7144 1960 3003
12757 2 2 0 0 129 7145 4122
12758 2 2 0 0 7145 1960 4122
12759 2 2 0 0 1960 7145 6397
12760 2 2 0 0 7145 129 6397
12761 2 2 0 0 2343 7146 4123
12762 2 2 0 0 7146 2342 4123
12763 2 2 0 0 2342 7146 4124
12764 2 2 0 0 7146 2343 4124
12765 2 2 0 0 1672 7147 3523
12766 2 2 0 0 2342 7147 5079
12767 2 2 0 0 7147 1672 5079
12768 2 2 0 0 3523 7148 4124
12769 2 2 0 0 7148 2342 4124
12770 2 2 0 0 2342 7148 7147
12771 2 2 0 0 7148 3523 7147
12772 2 2 0 0 7149 1956 3523
12773 2 2 0 0 1956 7149 3522
12774 2 2 0 0 7149 511 3522
12775 2 2 0 0 511 7150 4124
12776 2 2 0 0 7150 3523 4124
12777 2 2 0 0 3523 7150 7149
12778 2 2 0 0 7150 511 7149
12779 2 2 0 0 3257 7151 4126
12780 2 2 0 0 7151 1699 4126
12781 2 2 0 0 1699 7151 6074
12782 2 2 0 0 7151 3257 6074
12783 2 2 0 0 1699 7152 4126
12784 2 2 0 0 1784 7152 4908
12785 2 2 0 0 7152 1699 4908
12786 2 2 0 0 4126 7153 4127
12787 2 2 0 0 7153 1784 4127
12788 2 2 0 0 1784 7153 7152
12789 2 2 0 0 7153 4126 7152
12790 2 2 0 0 2346 7154 4129
12791 2 2 0 0 7154 1379 4129
12792 2 2 0 0 1379 7154 4130
12793 2 2 0 0 7154 2346 4130
12794 2 2 0 0 1065 7155 4129
12795 2 2 0 0 7155 2346 4129
12796 2 2 0 0 2346 7155 5246
12797 2 2 0 0 7155 1065 5246
12798 2 2 0 0 1379 7156 4129
12799 2 2 0 0 7156 4128 4129
12800 2 2 0 0 4128 7156 5807
12801 2 2 0 0 7156 1379 5807
12802 2 2 0 0 330 7157 4130
12803 2 2 0 0 7157 4120 4130
12804 2 2 0 0 4120 7157 7142
12805 2 2 0 0 7157 330 7142
12806 2 2 0 0 2348 7158 4131
12807 2 2 0 0 7158 2347 4131
12808 2 2 0 0 2347 7158 4135
12809 2 2 0 0 7158 2348 4135
12810 2 2 0 0 1381 7159 2350
12811 2 2 0 0 107 7159 1790
12812 2 2 0 0 7159 1381 1790
12813 2 2 0 0 2350 7160 4131
12814 2 2 0 0 7160 107 4131
12815 2 2 0 0 107 7160 7159
12816 2 2 0 0 7160 2350 7159
12817 2 2 0 0 7161 985 2350
12818 2 2 0 0 985 7161 2790
12819 2 2 0 0 7161 2347 2790
12820 2 2 0 0 2347 7162 4131
12821 2 2 0 0 7162 2350 4131
12822 2 2 0 0 2350 7162 7161
12823 2 2 0 0 7162 2347 7161
12824 2 2 0 0 1784 7163 4132
12825 2 2 0 0 7163 825 4132
12826 2 2 0 0 825 7163 2344
12827 2 2 0 0 7163 1784 2344
12828 2 2 0 0 671 7164 4132
12829 2 2 0 0 7164 1784 4132
12830 2 2 0 0 671 7164 4908
12831 2 2 0 0 7164 1784 4908
12832 2 2 0 0 2349 7165 4133
12833 2 2 0 0 7165 671 4133
12834 2 2 0 0 671 7165 4136
12835 2 2 0 0 7165 2349 4136
12836 2 2 0 0 4132 7166 4133
12837 2 2 0 0 7166 1380 4133
12838 2 2 0 0 1380 7166 5805
12839 2 2 0 0 7166 4132 5805
12840 2 2 0 0 420 7167 4134
12841 2 2 0 0 2347 7167 2790
12842 2 2 0 0 7167 420 2790
12843 2 2 0 0 4134 7168 4135
12844 2 2 0 0 7168 2347 4135
12845 2 2 0 0 2347 7168 7167
12846 2 2 0 0 7168 4134 7167
12847 2 2 0 0 2351 7169 4140
12848 2 2 0 0 7169 192 4140
12849 2 2 0 0 192 7169 5812
12850 2 2 0 0 7169 2351 5812
12851 2 2 0 0 518 7170 3528
12852 2 2 0 0 1068 7170 4758
12853 2 2 0 0 7170 518 4758
12854 2 2 0 0 3528 7171 4140
12855 2 2 0 0 7171 1068 4140
12856 2 2 0 0 1068 7171 7170
12857 2 2 0 0 7171 3528 7170
12858 2 2 0 0 1384 7172 2352
12859 2 2 0 0 513 7172 3328
12860 2 2 0 0 7172 1384 3328
12861 2 2 0 0 2352 7173 4141
12862 2 2 0 0 7173 513 4141
12863 2 2 0 0 513 7173 7172
12864 2 2 0 0 7173 2352 7172
12865 2 2 0 0 513 7174 4141
12866 2 2 0 0 7174 3013 4141
12867 2 2 0 0 3013 7174 6154
12868 2 2 0 0 7174 513 6154
12869 2 2 0 0 834 7175 4142
12870 2 2 0 0 7175 1387 4142
12871 2 2 0 0 1387 7175 4816
12872 2 2 0 0 7175 834 4816
12873 2 2 0 0 2353 7176 4143
12874 2 2 0 0 7176 1386 4143
12875 2 2 0 0 1386 7176 4144
12876 2 2 0 0 7176 2353 4144
12877 2 2 0 0 1071 7177 4817
12878 2 2 0 0 7177 1389 4817
12879 2 2 0 0 2353 7178 4144
12880 2 2 0 0 7178 1071 4144
12881 2 2 0 0 1071 7178 7177
12882 2 2 0 0 7178 2353 7177
12883 2 2 0 0 1071 7179 4144
12884 2 2 0 0 7179 3015 4144
12885 2 2 0 0 3015 7179 5817
12886 2 2 0 0 7179 1071 5817
12887 2 2 0 0 1794 7180 4145
12888 2 2 0 0 7180 32 4145
12889 2 2 0 0 1794 7180 2974
12890 2 2 0 0 7180 32 2974
12891 2 2 0 0 7181 32 4145
12892 2 2 0 0 32 7181 4875
12893 2 2 0 0 7181 1701 4875
12894 2 2 0 0 1701 7182 4146
12895 2 2 0 0 7182 4145 4146
12896 2 2 0 0 4145 7182 7181
12897 2 2 0 0 7182 1701 7181
12898 2 2 0 0 2356 7183 4148
12899 2 2 0 0 7183 1388 4148
12900 2 2 0 0 1388 7183 5818
12901 2 2 0 0 7183 2356 5818
12902 2 2 0 0 336 7184 4148
12903 2 2 0 0 7184 2356 4148
12904 2 2 0 0 2356 7184 6408
12905 2 2 0 0 7184 336 6408
12906 2 2 0 0 1393 7185 4149
12907 2 2 0 0 1072 7185 4572
12908 2 2 0 0 7185 1393 4572
12909 2 2 0 0 4149 7186 4150
12910 2 2 0 0 7186 1072 4150
12911 2 2 0 0 1072 7186 7185
12912 2 2 0 0 7186 4149 7185
12913 2 2 0 0 7187 521 4149
12914 2 2 0 0 521 7187 4146
12915 2 2 0 0 7187 2355 4146
12916 2 2 0 0 2355 7188 4150
12917 2 2 0 0 7188 4149 4150
12918 2 2 0 0 4149 7188 7187
12919 2 2 0 0 7188 2355 7187
12920 2 2 0 0 1389 7189 4151
12921 2 2 0 0 7189 2358 4151
12922 2 2 0 0 2358 7189 4154
12923 2 2 0 0 7189 1389 4154
12924 2 2 0 0 7190 1389 2357
12925 2 2 0 0 1389 7190 4817
12926 2 2 0 0 7190 193 4817
12927 2 2 0 0 193 7191 4153
12928 2 2 0 0 7191 2357 4153
12929 2 2 0 0 2357 7191 7190
12930 2 2 0 0 7191 193 7190
12931 2 2 0 0 1792 7192 2354
12932 2 2 0 0 7192 519 2354
12933 2 2 0 0 519 7193 4154
12934 2 2 0 0 7193 2358 4154
12935 2 2 0 0 2358 7193 7192
12936 2 2 0 0 7193 519 7192
12937 2 2 0 0 1389 7194 4154
12938 2 2 0 0 7194 2353 4154
12939 2 2 0 0 2353 7194 7177
12940 2 2 0 0 7194 1389 7177
12941 2 2 0 0 2760 7195 4155
12942 2 2 0 0 7195 835 4155
12943 2 2 0 0 835 7195 4912
12944 2 2 0 0 7195 2760 4912
12945 2 2 0 0 2358 7196 4156
12946 2 2 0 0 7196 1792 4156
12947 2 2 0 0 1792 7196 7192
12948 2 2 0 0 7196 2358 7192
12949 2 2 0 0 7197 335 4155
12950 2 2 0 0 335 7197 3330
12951 2 2 0 0 7197 1792 3330
12952 2 2 0 0 1792 7198 4156
12953 2 2 0 0 7198 4155 4156
12954 2 2 0 0 4155 7198 7197
12955 2 2 0 0 7198 1792 7197
12956 2 2 0 0 2359 7199 4157
12957 2 2 0 0 7199 179 4157
12958 2 2 0 0 179 7199 5254
12959 2 2 0 0 7199 2359 5254
12960 2 2 0 0 378 7200 4158
12961 2 2 0 0 7200 2360 4158
12962 2 2 0 0 2360 7200 5003
12963 2 2 0 0 7200 378 5003
12964 2 2 0 0 1394 7201 4158
12965 2 2 0 0 7201 2364 4158
12966 2 2 0 0 2364 7201 3163
12967 2 2 0 0 7201 1394 3163
12968 2 2 0 0 1452 7202 4159
12969 2 2 0 0 7202 1453 4159
12970 2 2 0 0 521 7203 2362
12971 2 2 0 0 521 7203 4149
12972 2 2 0 0 7203 1393 4149
12973 2 2 0 0 2362 7204 4160
12974 2 2 0 0 7204 1393 4160
12975 2 2 0 0 1393 7204 7203
12976 2 2 0 0 7204 2362 7203
12977 2 2 0 0 2363 7205 4160
12978 2 2 0 0 7205 838 4160
12979 2 2 0 0 838 7205 4164
12980 2 2 0 0 7205 2363 4164
12981 2 2 0 0 4145 7206 4161
12982 2 2 0 0 7206 521 4161
12983 2 2 0 0 4145 7206 4146
12984 2 2 0 0 7206 521 4146
12985 2 2 0 0 520 7207 1795
12986 2 2 0 0 520 7207 3333
12987 2 2 0 0 7207 1794 3333
12988 2 2 0 0 7208 1794 4161
12989 2 2 0 0 1794 7208 7207
12990 2 2 0 0 7208 1795 7207
12991 2 2 0 0 1795 7209 4162
12992 2 2 0 0 7209 4161 4162
12993 2 2 0 0 4161 7209 7208
12994 2 2 0 0 7209 1795 7208
12995 2 2 0 0 1395 7210 4164
12996 2 2 0 0 7210 2365 4164
12997 2 2 0 0 2365 7210 4167
12998 2 2 0 0 7210 1395 4167
12999 2 2 0 0 1391 7211 2360
13000 2 2 0 0 836 7211 3017
13001 2 2 0 0 7211 1391 3017
13002 2 2 0 0 2360 7212 4166
13003 2 2 0 0 7212 836 4166
13004 2 2 0 0 836 7212 7211
13005 2 2 0 0 7212 2360 7211
13006 2 2 0 0 1966 7213 4170
13007 2 2 0 0 7213 1073 4170
13008 2 2 0 0 1073 7213 3551
13009 2 2 0 0 7213 1966 3551
13010 2 2 0 0 1073 7214 4170
13011 2 2 0 0 7214 4169 4170
13012 2 2 0 0 4169 7214 6411
13013 2 2 0 0 7214 1073 6411
13014 2 2 0 0 7215 1396 2366
13015 2 2 0 0 1396 7215 3019
13016 2 2 0 0 7215 523 3019
13017 2 2 0 0 523 7216 4171
13018 2 2 0 0 7216 2366 4171
13019 2 2 0 0 2366 7216 7215
13020 2 2 0 0 7216 523 7215
13021 2 2 0 0 844 7217 4169
13022 2 2 0 0 523 7217 1398
13023 2 2 0 0 7217 844 1398
13024 2 2 0 0 4169 7218 4170
13025 2 2 0 0 523 7218 7217
13026 2 2 0 0 7218 4169 7217
13027 2 2 0 0 4170 7219 4171
13028 2 2 0 0 7219 523 4171
13029 2 2 0 0 523 7219 7218
13030 2 2 0 0 7219 4170 7218
13031 2 2 0 0 2367 7220 4172
13032 2 2 0 0 7220 1800 4172
13033 2 2 0 0 1800 7220 4173
13034 2 2 0 0 7220 2367 4173
13035 2 2 0 0 337 7221 4172
13036 2 2 0 0 7221 2367 4172
13037 2 2 0 0 2367 7221 3563
13038 2 2 0 0 7221 337 3563
13039 2 2 0 0 1800 7222 4172
13040 2 2 0 0 7222 1801 4172
13041 2 2 0 0 1801 7222 5043
13042 2 2 0 0 7222 1800 5043
13043 2 2 0 0 2367 7223 4173
13044 2 2 0 0 7223 842 4173
13045 2 2 0 0 842 7223 5822
13046 2 2 0 0 7223 2367 5822
13047 2 2 0 0 3338 7224 4173
13048 2 2 0 0 7224 1800 4173
13049 2 2 0 0 1800 7224 3695
13050 2 2 0 0 7224 3338 3695
13051 2 2 0 0 842 7225 4173
13052 2 2 0 0 7225 3338 4173
13053 2 2 0 0 3338 7225 4177
13054 2 2 0 0 7225 842 4177
13055 2 2 0 0 7226 181 2368
13056 2 2 0 0 181 7226 3336
13057 2 2 0 0 7226 1797 3336
13058 2 2 0 0 1797 7227 4175
13059 2 2 0 0 7227 2368 4175
13060 2 2 0 0 2368 7227 7226
13061 2 2 0 0 7227 1797 7226
13062 2 2 0 0 2369 7228 4176
13063 2 2 0 0 7228 842 4176
13064 2 2 0 0 842 7228 4177
13065 2 2 0 0 7228 2369 4177
13066 2 2 0 0 1398 7229 4176
13067 2 2 0 0 7229 2369 4176
13068 2 2 0 0 2369 7229 5260
13069 2 2 0 0 7229 1398 5260
13070 2 2 0 0 842 7230 4176
13071 2 2 0 0 7230 3019 4176
13072 2 2 0 0 3019 7230 5822
13073 2 2 0 0 7230 842 5822
13074 2 2 0 0 2369 7231 4177
13075 2 2 0 0 7231 1775 4177
13076 2 2 0 0 1775 7231 4178
13077 2 2 0 0 7231 2369 4178
13078 2 2 0 0 1775 7232 4177
13079 2 2 0 0 7232 3338 4177
13080 2 2 0 0 3338 7232 6616
13081 2 2 0 0 7232 1775 6616
13082 2 2 0 0 810 7233 3318
13083 2 2 0 0 1775 7233 4904
13084 2 2 0 0 7233 810 4904
13085 2 2 0 0 3318 7234 4178
13086 2 2 0 0 7234 1775 4178
13087 2 2 0 0 1775 7234 7233
13088 2 2 0 0 7234 3318 7233
13089 2 2 0 0 1074 7235 4181
13090 2 2 0 0 7235 2371 4181
13091 2 2 0 0 1074 7235 4179
13092 2 2 0 0 7235 2371 4179
13093 2 2 0 0 7236 674 4180
13094 2 2 0 0 674 7236 3558
13095 2 2 0 0 7236 1972 3558
13096 2 2 0 0 1972 7237 4181
13097 2 2 0 0 7237 4180 4181
13098 2 2 0 0 4180 7237 7236
13099 2 2 0 0 7237 1972 7236
13100 2 2 0 0 525 7238 4184
13101 2 2 0 0 7238 2373 4184
13102 2 2 0 0 2373 7238 4185
13103 2 2 0 0 7238 525 4185
13104 2 2 0 0 1402 7239 4186
13105 2 2 0 0 7239 2375 4186
13106 2 2 0 0 2375 7239 4192
13107 2 2 0 0 1012 7240 2375
13108 2 2 0 0 7240 1012 3024
13109 2 2 0 0 2375 7241 4187
13110 2 2 0 0 7241 1406 4187
13111 2 2 0 0 1406 7241 7240
13112 2 2 0 0 7241 2375 7240
13113 2 2 0 0 1402 7242 4191
13114 2 2 0 0 7242 2378 4191
13115 2 2 0 0 2378 7242 4193
13116 2 2 0 0 7242 1402 4193
13117 2 2 0 0 7243 2861 4190
13118 2 2 0 0 2861 7243 4186
13119 2 2 0 0 7243 1402 4186
13120 2 2 0 0 4190 7244 4191
13121 2 2 0 0 7244 1402 4191
13122 2 2 0 0 4190 7244 7243
13123 2 2 0 0 7244 1402 7243
13124 2 2 0 0 1168 7245 2377
13125 2 2 0 0 39 7245 4769
13126 2 2 0 0 7245 1168 4769
13127 2 2 0 0 39 7246 4192
13128 2 2 0 0 7246 2377 4192
13129 2 2 0 0 39 7246 7245
13130 2 2 0 0 7246 2377 7245
13131 2 2 0 0 39 7247 4192
13132 2 2 0 0 7247 2375 4192
13133 2 2 0 0 39 7247 4187
13134 2 2 0 0 7247 2375 4187
13135 2 2 0 0 1402 7248 4193
13136 2 2 0 0 7248 4192 4193
13137 2 2 0 0 1402 7248 7239
13138 2 2 0 0 7248 4192 7239
13139 2 2 0 0 7249 1703 2379
13140 2 2 0 0 1703 7249 2061
13141 2 2 0 0 7249 676 2061
13142 2 2 0 0 676 7250 4194
13143 2 2 0 0 7250 2379 4194
13144 2 2 0 0 2379 7250 7249
13145 2 2 0 0 7250 676 7249
13146 2 2 0 0 2060 7251 4194
13147 2 2 0 0 7251 676 4194
13148 2 2 0 0 676 7251 3696
13149 2 2 0 0 7251 2060 3696
13150 2 2 0 0 3024 7252 4196
13151 2 2 0 0 7252 339 4196
13152 2 2 0 0 339 7252 3697
13153 2 2 0 0 7252 3024 3697
13154 2 2 0 0 1406 7253 4196
13155 2 2 0 0 7253 3024 4196
13156 2 2 0 0 3024 7253 7240
13157 2 2 0 0 7253 1406 7240
13158 2 2 0 0 2380 7254 4197
13159 2 2 0 0 7254 1407 4197
13160 2 2 0 0 1407 7254 5266
13161 2 2 0 0 7254 2380 5266
13162 2 2 0 0 7255 1406 4196
13163 2 2 0 0 7255 1407 2384
13164 2 2 0 0 1407 7256 4197
13165 2 2 0 0 7256 4196 4197
13166 2 2 0 0 4196 7256 7255
13167 2 2 0 0 7256 1407 7255
13168 2 2 0 0 2381 7257 4198
13169 2 2 0 0 7257 848 4198
13170 2 2 0 0 848 7257 5268
13171 2 2 0 0 7257 2381 5268
13172 2 2 0 0 1407 7258 4198
13173 2 2 0 0 7258 2381 4198
13174 2 2 0 0 2381 7258 5266
13175 2 2 0 0 7258 1407 5266
13176 2 2 0 0 3341 7259 4199
13177 2 2 0 0 7259 1803 4199
13178 2 2 0 0 1803 7259 6163
13179 2 2 0 0 7259 3341 6163
13180 2 2 0 0 2382 7260 4201
13181 2 2 0 0 7260 847 4201
13182 2 2 0 0 2382 7260 4200
13183 2 2 0 0 7260 847 4200
13184 2 2 0 0 1406 7261 4202
13185 2 2 0 0 7261 2384 4202
13186 2 2 0 0 2384 7261 7255
13187 2 2 0 0 7261 1406 7255
13188 2 2 0 0 7262 2382 2383
13189 2 2 0 0 39 7262 4769
13190 2 2 0 0 7262 2382 4769
13191 2 2 0 0 7263 39 4187
13192 2 2 0 0 2383 7263 7262
13193 2 2 0 0 7263 39 7262
13194 2 2 0 0 2383 7264 4202
13195 2 2 0 0 7264 4187 4202
13196 2 2 0 0 4187 7264 7263
13197 2 2 0 0 7264 2383 7263
13198 2 2 0 0 2385 7265 4203
13199 2 2 0 0 7265 1408 4203
13200 2 2 0 0 1408 7265 3026
13201 2 2 0 0 7265 2385 3026
13202 2 2 0 0 1042 7266 4203
13203 2 2 0 0 7266 2385 4203
13204 2 2 0 0 2385 7266 4204
13205 2 2 0 0 7266 1042 4204
13206 2 2 0 0 497 7267 4205
13207 2 2 0 0 7267 1413 4205
13208 2 2 0 0 7267 497 3028
13209 2 2 0 0 4205 7268 4206
13210 2 2 0 0 7268 851 4206
13211 2 2 0 0 851 7268 5277
13212 2 2 0 0 7268 4205 5277
13213 2 2 0 0 1408 7269 2389
13214 2 2 0 0 1409 7269 3026
13215 2 2 0 0 7269 1408 3026
13216 2 2 0 0 2389 7270 4207
13217 2 2 0 0 7270 1409 4207
13218 2 2 0 0 1409 7270 7269
13219 2 2 0 0 7270 2389 7269
13220 2 2 0 0 526 7271 4207
13221 2 2 0 0 7271 2389 4207
13222 2 2 0 0 2389 7271 4209
13223 2 2 0 0 7271 526 4209
13224 2 2 0 0 7272 176 2388
13225 2 2 0 0 176 7272 2379
13226 2 2 0 0 7272 1404 2379
13227 2 2 0 0 1404 7273 4208
13228 2 2 0 0 7273 2388 4208
13229 2 2 0 0 2388 7273 7272
13230 2 2 0 0 7273 1404 7272
13231 2 2 0 0 7274 1408 2389
13232 2 2 0 0 1408 7274 5272
13233 2 2 0 0 7274 2388 5272
13234 2 2 0 0 2388 7275 4209
13235 2 2 0 0 7275 2389 4209
13236 2 2 0 0 2389 7275 7274
13237 2 2 0 0 7275 2388 7274
13238 2 2 0 0 7276 1405 4208
13239 2 2 0 0 1405 7276 4819
13240 2 2 0 0 7276 526 4819
13241 2 2 0 0 526 7277 4209
13242 2 2 0 0 7277 4208 4209
13243 2 2 0 0 4208 7277 7276
13244 2 2 0 0 7277 526 7276
13245 2 2 0 0 1412 7278 4210
13246 2 2 0 0 7278 3027 4210
13247 2 2 0 0 3027 7278 4214
13248 2 2 0 0 7278 1412 4214
13249 2 2 0 0 1802 7279 4213
13250 2 2 0 0 7279 3340 4213
13251 2 2 0 0 3340 7279 6162
13252 2 2 0 0 7279 1802 6162
13253 2 2 0 0 2394 7280 4214
13254 2 2 0 0 7280 1412 4214
13255 2 2 0 0 1412 7280 4211
13256 2 2 0 0 7280 2394 4211
13257 2 2 0 0 319 7281 4214
13258 2 2 0 0 7281 3027 4214
13259 2 2 0 0 3027 7281 5830
13260 2 2 0 0 7281 319 5830
13261 2 2 0 0 319 7282 4215
13262 2 2 0 0 7282 3342 4215
13263 2 2 0 0 3342 7282 6163
13264 2 2 0 0 7282 319 6163
13265 2 2 0 0 2396 7283 4216
13266 2 2 0 0 7283 1413 4216
13267 2 2 0 0 1413 7283 5276
13268 2 2 0 0 7283 2396 5276
13269 2 2 0 0 1413 7284 4216
13270 2 2 0 0 7284 3028 4216
13271 2 2 0 0 3028 7284 7267
13272 2 2 0 0 7284 1413 7267
13273 2 2 0 0 527 7285 4219
13274 2 2 0 0 7285 2398 4219
13275 2 2 0 0 2398 7285 4220
13276 2 2 0 0 7285 527 4220
13277 2 2 0 0 527 7286 4220
13278 2 2 0 0 7286 4217 4220
13279 2 2 0 0 527 7286 5568
13280 2 2 0 0 7286 4217 5568
13281 2 2 0 0 7287 2398 2399
13282 2 2 0 0 2398 7287 4219
13283 2 2 0 0 7287 852 4219
13284 2 2 0 0 852 7288 4221
13285 2 2 0 0 7288 2399 4221
13286 2 2 0 0 2399 7288 7287
13287 2 2 0 0 7288 852 7287
13288 2 2 0 0 2401 7289 4221
13289 2 2 0 0 7289 852 4221
13290 2 2 0 0 852 7289 4225
13291 2 2 0 0 7289 2401 4225
13292 2 2 0 0 7290 1392 4222
13293 2 2 0 0 1392 7290 3029
13294 2 2 0 0 7290 1414 3029
13295 2 2 0 0 1414 7291 4223
13296 2 2 0 0 7291 4222 4223
13297 2 2 0 0 4222 7291 7290
13298 2 2 0 0 7291 1414 7290
13299 2 2 0 0 320 7292 4224
13300 2 2 0 0 7292 2761 4224
13301 2 2 0 0 320 7292 4917
13302 2 2 0 0 7292 2761 4917
13303 2 2 0 0 837 7293 2401
13304 2 2 0 0 2400 7293 5284
13305 2 2 0 0 7293 837 5284
13306 2 2 0 0 2401 7294 4225
13307 2 2 0 0 7294 2400 4225
13308 2 2 0 0 2400 7294 7293
13309 2 2 0 0 7294 2401 7293
13310 2 2 0 0 139 7295 4226
13311 2 2 0 0 7295 2402 4226
13312 2 2 0 0 2402 7295 5286
13313 2 2 0 0 7295 139 5286
13314 2 2 0 0 854 7296 1418
13315 2 2 0 0 855 7296 4820
13316 2 2 0 0 7296 854 4820
13317 2 2 0 0 7297 855 2405
13318 2 2 0 0 855 7297 7296
13319 2 2 0 0 7297 1418 7296
13320 2 2 0 0 1418 7298 4229
13321 2 2 0 0 7298 2405 4229
13322 2 2 0 0 2405 7298 7297
13323 2 2 0 0 7298 1418 7297
13324 2 2 0 0 498 7299 4231
13325 2 2 0 0 7299 2405 4231
13326 2 2 0 0 2405 7299 4229
13327 2 2 0 0 7299 498 4229
13328 2 2 0 0 7300 1416 4230
13329 2 2 0 0 1416 7300 2404
13330 2 2 0 0 7300 1417 2404
13331 2 2 0 0 1417 7301 4231
13332 2 2 0 0 7301 4230 4231
13333 2 2 0 0 4230 7301 7300
13334 2 2 0 0 7301 1417 7300
13335 2 2 0 0 2406 7302 4232
13336 2 2 0 0 7302 1047 4232
13337 2 2 0 0 1047 7302 4233
13338 2 2 0 0 7302 2406 4233
13339 2 2 0 0 2406 7303 4233
13340 2 2 0 0 7303 468 4233
13341 2 2 0 0 468 7303 4238
13342 2 2 0 0 7303 2406 4238
13343 2 2 0 0 7304 1172 2408
13344 2 2 0 0 1172 7304 3812
13345 2 2 0 0 7304 1013 3812
13346 2 2 0 0 1013 7305 4234
13347 2 2 0 0 7305 2408 4234
13348 2 2 0 0 2408 7305 7304
13349 2 2 0 0 7305 1013 7304
13350 2 2 0 0 1419 7306 4234
13351 2 2 0 0 7306 3445 4234
13352 2 2 0 0 3445 7306 5287
13353 2 2 0 0 7306 1419 5287
13354 2 2 0 0 1419 7307 4235
13355 2 2 0 0 7307 2410 4235
13356 2 2 0 0 2410 7307 4237
13357 2 2 0 0 7307 1419 4237
13358 2 2 0 0 2407 7308 2411
13359 2 2 0 0 1419 7308 5287
13360 2 2 0 0 7308 2407 5287
13361 2 2 0 0 2411 7309 4235
13362 2 2 0 0 7309 1419 4235
13363 2 2 0 0 1419 7309 7308
13364 2 2 0 0 7309 2411 7308
13365 2 2 0 0 7310 4238 4239
13366 2 2 0 0 4238 7310 5837
13367 2 2 0 0 7310 529 5837
13368 2 2 0 0 529 7311 4240
13369 2 2 0 0 7311 4239 4240
13370 2 2 0 0 4239 7311 7310
13371 2 2 0 0 7311 529 7310
13372 2 2 0 0 2414 7312 4241
13373 2 2 0 0 7312 679 4241
13374 2 2 0 0 679 7312 5291
13375 2 2 0 0 7312 2414 5291
13376 2 2 0 0 1423 7313 4241
13377 2 2 0 0 7313 2414 4241
13378 2 2 0 0 2414 7313 5295
13379 2 2 0 0 7313 1423 5295
13380 2 2 0 0 2412 7314 4243
13381 2 2 0 0 7314 679 4243
13382 2 2 0 0 679 7314 4241
13383 2 2 0 0 7314 2412 4241
13384 2 2 0 0 2063 7315 4243
13385 2 2 0 0 7315 2412 4243
13386 2 2 0 0 2412 7315 5289
13387 2 2 0 0 7315 2063 5289
13388 2 2 0 0 7316 2865 4242
13389 2 2 0 0 2865 7316 4244
13390 2 2 0 0 7316 679 4244
13391 2 2 0 0 679 7317 4243
13392 2 2 0 0 7317 4242 4243
13393 2 2 0 0 4242 7317 7316
13394 2 2 0 0 7317 679 7316
13395 2 2 0 0 1704 7318 4249
13396 2 2 0 0 7318 2413 4249
13397 2 2 0 0 2413 7318 4244
13398 2 2 0 0 7318 1704 4244
13399 2 2 0 0 4248 7319 4249
13400 2 2 0 0 7319 1704 4249
13401 2 2 0 0 1704 7319 5901
13402 2 2 0 0 7319 4248 5901
13403 2 2 0 0 1421 7320 4256
13404 2 2 0 0 7320 2415 4256
13405 2 2 0 0 2415 7320 5294
13406 2 2 0 0 7320 1421 5294
13407 2 2 0 0 7321 653 4255
13408 2 2 0 0 1975 7321 3566
13409 2 2 0 0 7321 653 3566
13410 2 2 0 0 1975 7322 4256
13411 2 2 0 0 7322 4255 4256
13412 2 2 0 0 4255 7322 7321
13413 2 2 0 0 7322 1975 7321
13414 2 2 0 0 2416 7323 4257
13415 2 2 0 0 7323 1423 4257
13416 2 2 0 0 1423 7323 5295
13417 2 2 0 0 7323 2416 5295
13418 2 2 0 0 1423 7324 4257
13419 2 2 0 0 7324 3035 4257
13420 2 2 0 0 3035 7324 5839
13421 2 2 0 0 7324 1423 5839
13422 2 2 0 0 858 7325 4258
13423 2 2 0 0 7325 2417 4258
13424 2 2 0 0 2417 7325 5307
13425 2 2 0 0 7325 858 5307
13426 2 2 0 0 2422 7326 4259
13427 2 2 0 0 7326 94 4259
13428 2 2 0 0 7326 2422 2423
13429 2 2 0 0 94 7327 4260
13430 2 2 0 0 7327 2417 4260
13431 2 2 0 0 2417 7327 5298
13432 2 2 0 0 7327 94 5298
13433 2 2 0 0 94 7328 4261
13434 2 2 0 0 7328 2423 4261
13435 2 2 0 0 2423 7328 7326
13436 2 2 0 0 7328 94 7326
13437 2 2 0 0 2423 7329 4262
13438 2 2 0 0 7329 1079 4262
13439 2 2 0 0 1079 7329 6439
13440 2 2 0 0 7329 2423 6439
13441 2 2 0 0 859 7330 4263
13442 2 2 0 0 7330 1426 4263
13443 2 2 0 0 1426 7330 4260
13444 2 2 0 0 7330 859 4260
13445 2 2 0 0 4263 7331 4264
13446 2 2 0 0 7331 1427 4264
13447 2 2 0 0 1427 7331 5844
13448 2 2 0 0 7331 4263 5844
13449 2 2 0 0 1978 7332 4265
13450 2 2 0 0 7332 1428 4265
13451 2 2 0 0 1428 7332 4280
13452 2 2 0 0 7332 1978 4280
13453 2 2 0 0 7333 1809 1810
13454 2 2 0 0 1809 7333 3350
13455 2 2 0 0 7333 868 3350
13456 2 2 0 0 868 7334 4266
13457 2 2 0 0 1810 7334 7333
13458 2 2 0 0 7334 868 7333
13459 2 2 0 0 862 7335 1430
13460 2 2 0 0 532 7335 2765
13461 2 2 0 0 7335 862 2765
13462 2 2 0 0 1430 7336 4267
13463 2 2 0 0 7336 532 4267
13464 2 2 0 0 532 7336 7335
13465 2 2 0 0 7336 1430 7335
13466 2 2 0 0 1432 7337 4267
13467 2 2 0 0 863 7337 3039
13468 2 2 0 0 7337 1432 3039
13469 2 2 0 0 4267 7338 4268
13470 2 2 0 0 7338 863 4268
13471 2 2 0 0 863 7338 7337
13472 2 2 0 0 7338 4267 7337
13473 2 2 0 0 1082 7339 4269
13474 2 2 0 0 7339 2426 4269
13475 2 2 0 0 2426 7339 3043
13476 2 2 0 0 7339 1082 3043
13477 2 2 0 0 2427 7340 4270
13478 2 2 0 0 7340 1431 4270
13479 2 2 0 0 1431 7340 4271
13480 2 2 0 0 7340 2427 4271
13481 2 2 0 0 2427 7341 4271
13482 2 2 0 0 7341 531 4271
13483 2 2 0 0 531 7341 5309
13484 2 2 0 0 7341 2427 5309
13485 2 2 0 0 1820 7342 4272
13486 2 2 0 0 7342 114 4272
13487 2 2 0 0 114 7342 3362
13488 2 2 0 0 7342 1820 3362
13489 2 2 0 0 2428 7343 4273
13490 2 2 0 0 7343 1433 4273
13491 2 2 0 0 7343 2428 3108
13492 2 2 0 0 1433 7344 4273
13493 2 2 0 0 7344 4272 4273
13494 2 2 0 0 4272 7344 4442
13495 2 2 0 0 7344 1433 4442
13496 2 2 0 0 864 7345 4275
13497 2 2 0 0 7345 2428 4275
13498 2 2 0 0 2428 7345 3108
13499 2 2 0 0 7345 864 3108
13500 2 2 0 0 4274 7346 4275
13501 2 2 0 0 7346 864 4275
13502 2 2 0 0 864 7346 5373
13503 2 2 0 0 7346 4274 5373
13504 2 2 0 0 180 7347 1979
13505 2 2 0 0 7347 1081 1979
13506 2 2 0 0 180 7348 7347
13507 2 2 0 0 7348 2429 7347
13508 2 2 0 0 180 7349 4276
13509 2 2 0 0 7349 2430 4276
13510 2 2 0 0 180 7349 7348
13511 2 2 0 0 7349 2430 7348
13512 2 2 0 0 1435 7350 4276
13513 2 2 0 0 7350 2431 4276
13514 2 2 0 0 2431 7350 4277
13515 2 2 0 0 7350 1435 4277
13516 2 2 0 0 2432 7351 4278
13517 2 2 0 0 7351 344 4278
13518 2 2 0 0 2432 7351 5848
13519 2 2 0 0 7351 344 5848
13520 2 2 0 0 2435 7352 4278
13521 2 2 0 0 7352 1437 4278
13522 2 2 0 0 1437 7352 4288
13523 2 2 0 0 7352 2435 4288
13524 2 2 0 0 196 7353 1429
13525 2 2 0 0 1428 7353 4822
13526 2 2 0 0 7353 196 4822
13527 2 2 0 0 1429 7354 4280
13528 2 2 0 0 7354 1428 4280
13529 2 2 0 0 1428 7354 7353
13530 2 2 0 0 7354 1429 7353
13531 2 2 0 0 1978 7355 4280
13532 2 2 0 0 533 7355 3572
13533 2 2 0 0 7355 1978 3572
13534 2 2 0 0 860 7356 2433
13535 2 2 0 0 1429 7356 3343
13536 2 2 0 0 7356 860 3343
13537 2 2 0 0 2433 7357 4281
13538 2 2 0 0 7357 1429 4281
13539 2 2 0 0 1429 7357 7356
13540 2 2 0 0 7357 2433 7356
13541 2 2 0 0 7358 1436 2433
13542 2 2 0 0 1436 7358 3041
13543 2 2 0 0 7358 533 3041
13544 2 2 0 0 533 7359 4281
13545 2 2 0 0 7359 2433 4281
13546 2 2 0 0 2433 7359 7358
13547 2 2 0 0 7359 533 7358
13548 2 2 0 0 4280 7360 4281
13549 2 2 0 0 7360 533 4281
13550 2 2 0 0 533 7360 7355
13551 2 2 0 0 7360 4280 7355
13552 2 2 0 0 2434 7361 4283
13553 2 2 0 0 7361 866 4283
13554 2 2 0 0 866 7361 4284
13555 2 2 0 0 7361 2434 4284
13556 2 2 0 0 2430 7362 4284
13557 2 2 0 0 7362 866 4284
13558 2 2 0 0 2430 7362 5311
13559 2 2 0 0 7362 866 5311
13560 2 2 0 0 2429 7363 4284
13561 2 2 0 0 7363 2430 4284
13562 2 2 0 0 2430 7363 7348
13563 2 2 0 0 7363 2429 7348
13564 2 2 0 0 867 7364 4285
13565 2 2 0 0 7364 2435 4285
13566 2 2 0 0 2435 7364 4288
13567 2 2 0 0 7364 867 4288
13568 2 2 0 0 3044 7365 4285
13569 2 2 0 0 7365 867 4285
13570 2 2 0 0 867 7365 4287
13571 2 2 0 0 7365 3044 4287
13572 2 2 0 0 2438 7366 4286
13573 2 2 0 0 7366 867 4286
13574 2 2 0 0 867 7366 4288
13575 2 2 0 0 7366 2438 4288
13576 2 2 0 0 2437 7367 4287
13577 2 2 0 0 7367 867 4287
13578 2 2 0 0 867 7367 4286
13579 2 2 0 0 7367 2437 4286
13580 2 2 0 0 3044 7368 4287
13581 2 2 0 0 7368 2436 4287
13582 2 2 0 0 2436 7368 5851
13583 2 2 0 0 7368 3044 5851
13584 2 2 0 0 1081 7369 4289
13585 2 2 0 0 7369 2429 4289
13586 2 2 0 0 2429 7369 7347
13587 2 2 0 0 7369 1081 7347
13588 2 2 0 0 2441 7370 4290
13589 2 2 0 0 7370 2425 4290
13590 2 2 0 0 2425 7370 5319
13591 2 2 0 0 7370 2441 5319
13592 2 2 0 0 7371 1440 2441
13593 2 2 0 0 1440 7371 5324
13594 2 2 0 0 7371 869 5324
13595 2 2 0 0 869 7372 4290
13596 2 2 0 0 7372 2441 4290
13597 2 2 0 0 2441 7372 7371
13598 2 2 0 0 7372 869 7371
13599 2 2 0 0 869 7373 5324
13600 2 2 0 0 7373 1441 5324
13601 2 2 0 0 2442 7374 4291
13602 2 2 0 0 7374 869 4291
13603 2 2 0 0 869 7374 7373
13604 2 2 0 0 7374 2442 7373
13605 2 2 0 0 7375 113 2442
13606 2 2 0 0 113 7375 3352
13607 2 2 0 0 7375 1810 3352
13608 2 2 0 0 1810 7376 4291
13609 2 2 0 0 7376 2442 4291
13610 2 2 0 0 2442 7376 7375
13611 2 2 0 0 7376 1810 7375
13612 2 2 0 0 4266 7377 4291
13613 2 2 0 0 7377 1810 4291
13614 2 2 0 0 1810 7377 7334
13615 2 2 0 0 7377 4266 7334
13616 2 2 0 0 869 7378 4291
13617 2 2 0 0 7378 4266 4291
13618 2 2 0 0 4266 7378 4290
13619 2 2 0 0 7378 869 4290
13620 2 2 0 0 2445 7379 4293
13621 2 2 0 0 7379 654 4293
13622 2 2 0 0 654 7379 5322
13623 2 2 0 0 7379 2445 5322
13624 2 2 0 0 1443 7380 4293
13625 2 2 0 0 7380 2445 4293
13626 2 2 0 0 2445 7380 4292
13627 2 2 0 0 7380 1443 4292
13628 2 2 0 0 2444 7381 4293
13629 2 2 0 0 7381 1443 4293
13630 2 2 0 0 1443 7381 5328
13631 2 2 0 0 7381 2444 5328
13632 2 2 0 0 7382 1445 2444
13633 2 2 0 0 7382 654 4301
13634 2 2 0 0 654 7383 4293
13635 2 2 0 0 7383 2444 4293
13636 2 2 0 0 2444 7383 7382
13637 2 2 0 0 7383 654 7382
13638 2 2 0 0 7384 1441 2446
13639 2 2 0 0 1441 7384 2448
13640 2 2 0 0 7384 872 2448
13641 2 2 0 0 872 7385 4294
13642 2 2 0 0 7385 2446 4294
13643 2 2 0 0 2446 7385 7384
13644 2 2 0 0 7385 872 7384
13645 2 2 0 0 2447 7386 4294
13646 2 2 0 0 7386 872 4294
13647 2 2 0 0 872 7386 5326
13648 2 2 0 0 7386 2447 5326
13649 2 2 0 0 426 7387 3049
13650 2 2 0 0 7387 1444 3049
13651 2 2 0 0 1444 7388 4294
13652 2 2 0 0 7388 2447 4294
13653 2 2 0 0 2447 7388 7387
13654 2 2 0 0 7388 1444 7387
13655 2 2 0 0 206 7389 1811
13656 2 2 0 0 1084 7389 1981
13657 2 2 0 0 7389 206 1981
13658 2 2 0 0 1811 7390 4295
13659 2 2 0 0 7390 1084 4295
13660 2 2 0 0 1084 7390 7389
13661 2 2 0 0 7390 1811 7389
13662 2 2 0 0 1444 7391 4296
13663 2 2 0 0 7391 2446 4296
13664 2 2 0 0 2446 7391 4294
13665 2 2 0 0 7391 1444 4294
13666 2 2 0 0 426 7392 4297
13667 2 2 0 0 7392 2453 4297
13668 2 2 0 0 2453 7392 4306
13669 2 2 0 0 7392 426 4306
13670 2 2 0 0 2447 7393 4298
13671 2 2 0 0 7393 426 4298
13672 2 2 0 0 426 7393 7387
13673 2 2 0 0 7393 2447 7387
13674 2 2 0 0 1448 7394 4298
13675 2 2 0 0 7394 2447 4298
13676 2 2 0 0 2447 7394 5326
13677 2 2 0 0 7394 1448 5326
13678 2 2 0 0 1441 7395 4300
13679 2 2 0 0 7395 2442 4300
13680 2 2 0 0 2442 7395 7373
13681 2 2 0 0 7395 1441 7373
13682 2 2 0 0 654 7396 4301
13683 2 2 0 0 7396 2823 4301
13684 2 2 0 0 2823 7396 5321
13685 2 2 0 0 7396 654 5321
13686 2 2 0 0 1445 7397 4302
13687 2 2 0 0 7397 4301 4302
13688 2 2 0 0 4301 7397 7382
13689 2 2 0 0 7397 1445 7382
13690 2 2 0 0 1138 7398 4304
13691 2 2 0 0 7398 2449 4304
13692 2 2 0 0 1138 7398 4302
13693 2 2 0 0 7398 2449 4302
13694 2 2 0 0 1809 7399 4304
13695 2 2 0 0 7399 4303 4304
13696 2 2 0 0 4303 7399 6176
13697 2 2 0 0 7399 1809 6176
13698 2 2 0 0 1453 7400 4308
13699 2 2 0 0 7400 2455 4308
13700 2 2 0 0 2455 7400 7202
13701 2 2 0 0 7400 1453 7202
13702 2 2 0 0 874 7401 3055
13703 2 2 0 0 1453 7401 4823
13704 2 2 0 0 7401 874 4823
13705 2 2 0 0 3055 7402 4308
13706 2 2 0 0 7402 1453 4308
13707 2 2 0 0 1453 7402 7401
13708 2 2 0 0 7402 3055 7401
13709 2 2 0 0 7403 1450 3055
13710 2 2 0 0 1450 7403 3054
13711 2 2 0 0 7403 205 3054
13712 2 2 0 0 205 7404 4308
13713 2 2 0 0 7404 3055 4308
13714 2 2 0 0 3055 7404 7403
13715 2 2 0 0 7404 205 7403
13716 2 2 0 0 2397 7405 4218
13717 2 2 0 0 1451 7405 5280
13718 2 2 0 0 7405 2397 5280
13719 2 2 0 0 4218 7406 4309
13720 2 2 0 0 7406 1451 4309
13721 2 2 0 0 1451 7406 7405
13722 2 2 0 0 7406 4218 7405
13723 2 2 0 0 1452 7407 4309
13724 2 2 0 0 7407 4218 4309
13725 2 2 0 0 4218 7407 5256
13726 2 2 0 0 7407 1452 5256
13727 2 2 0 0 2455 7408 4310
13728 2 2 0 0 7408 1452 4310
13729 2 2 0 0 1452 7408 7202
13730 2 2 0 0 7408 2455 7202
13731 2 2 0 0 2457 7409 4311
13732 2 2 0 0 7409 539 4311
13733 2 2 0 0 539 7409 4313
13734 2 2 0 0 7409 2457 4313
13735 2 2 0 0 2463 7410 4311
13736 2 2 0 0 7410 2456 4311
13737 2 2 0 0 2456 7410 5332
13738 2 2 0 0 7410 2463 5332
13739 2 2 0 0 2458 7411 4312
13740 2 2 0 0 7411 1454 4312
13741 2 2 0 0 1454 7411 6449
13742 2 2 0 0 7411 2458 6449
13743 2 2 0 0 3058 7412 4313
13744 2 2 0 0 7412 539 4313
13745 2 2 0 0 539 7412 4321
13746 2 2 0 0 7412 3058 4321
13747 2 2 0 0 7413 348 3058
13748 2 2 0 0 348 7413 2459
13749 2 2 0 0 7413 875 2459
13750 2 2 0 0 875 7414 4313
13751 2 2 0 0 7414 3058 4313
13752 2 2 0 0 3058 7414 7413
13753 2 2 0 0 7414 875 7413
13754 2 2 0 0 7415 92 2458
13755 2 2 0 0 92 7415 6450
13756 2 2 0 0 7415 2457 6450
13757 2 2 0 0 2457 7416 4314
13758 2 2 0 0 7416 2458 4314
13759 2 2 0 0 2458 7416 7415
13760 2 2 0 0 7416 2457 7415
13761 2 2 0 0 1449 7417 4315
13762 2 2 0 0 1457 7417 3060
13763 2 2 0 0 7417 1449 3060
13764 2 2 0 0 2460 7418 4316
13765 2 2 0 0 7418 1454 4316
13766 2 2 0 0 1454 7418 4312
13767 2 2 0 0 7418 2460 4312
13768 2 2 0 0 2461 7419 2462
13769 2 2 0 0 538 7419 3052
13770 2 2 0 0 7419 2461 3052
13771 2 2 0 0 2462 7420 4316
13772 2 2 0 0 7420 538 4316
13773 2 2 0 0 538 7420 7419
13774 2 2 0 0 7420 2462 7419
13775 2 2 0 0 1255 7421 2907
13776 2 2 0 0 1255 7421 2178
13777 2 2 0 0 7421 437 2178
13778 2 2 0 0 2907 7422 4319
13779 2 2 0 0 7422 437 4319
13780 2 2 0 0 437 7422 7421
13781 2 2 0 0 7422 2907 7421
13782 2 2 0 0 2464 7423 4320
13783 2 2 0 0 7423 1455 4320
13784 2 2 0 0 1455 7423 4322
13785 2 2 0 0 7423 2464 4322
13786 2 2 0 0 1455 7424 4320
13787 2 2 0 0 7424 3056 4320
13788 2 2 0 0 3056 7424 5866
13789 2 2 0 0 7424 1455 5866
13790 2 2 0 0 878 7425 4321
13791 2 2 0 0 7425 1455 4321
13792 2 2 0 0 1455 7425 3057
13793 2 2 0 0 7425 878 3057
13794 2 2 0 0 437 7426 4319
13795 2 2 0 0 2463 7426 5332
13796 2 2 0 0 7426 437 5332
13797 2 2 0 0 4319 7427 4323
13798 2 2 0 0 7427 2463 4323
13799 2 2 0 0 2463 7427 7426
13800 2 2 0 0 7427 4319 7426
13801 2 2 0 0 7428 1814 2465
13802 2 2 0 0 1814 7428 4919
13803 2 2 0 0 7428 877 4919
13804 2 2 0 0 877 7429 4324
13805 2 2 0 0 7429 2465 4324
13806 2 2 0 0 2465 7429 7428
13807 2 2 0 0 7429 877 7428
13808 2 2 0 0 1456 7430 4324
13809 2 2 0 0 7430 2466 4324
13810 2 2 0 0 2466 7430 4327
13811 2 2 0 0 7430 1456 4327
13812 2 2 0 0 7431 406 1985
13813 2 2 0 0 406 7431 4761
13814 2 2 0 0 7431 1090 4761
13815 2 2 0 0 1090 7432 4325
13816 2 2 0 0 7432 1985 4325
13817 2 2 0 0 1985 7432 7431
13818 2 2 0 0 7432 1090 7431
13819 2 2 0 0 1089 7433 1985
13820 2 2 0 0 540 7433 1458
13821 2 2 0 0 7433 1089 1458
13822 2 2 0 0 1985 7434 4325
13823 2 2 0 0 540 7434 7433
13824 2 2 0 0 7434 1985 7433
13825 2 2 0 0 4325 7435 4326
13826 2 2 0 0 7435 540 4326
13827 2 2 0 0 540 7435 7434
13828 2 2 0 0 7435 4325 7434
13829 2 2 0 0 1456 7436 4327
13830 2 2 0 0 7436 3059 4327
13831 2 2 0 0 3059 7436 5869
13832 2 2 0 0 7436 1456 5869
13833 2 2 0 0 2466 7437 4328
13834 2 2 0 0 7437 348 4328
13835 2 2 0 0 348 7437 4327
13836 2 2 0 0 7437 2466 4327
13837 2 2 0 0 4315 7438 4328
13838 2 2 0 0 7438 1457 4328
13839 2 2 0 0 1457 7438 7417
13840 2 2 0 0 7438 4315 7417
13841 2 2 0 0 2469 7439 4330
13842 2 2 0 0 7439 879 4330
13843 2 2 0 0 879 7439 6186
13844 2 2 0 0 7439 2469 6186
13845 2 2 0 0 2469 7440 4331
13846 2 2 0 0 7440 1459 4331
13847 2 2 0 0 1459 7440 4330
13848 2 2 0 0 7440 2469 4330
13849 2 2 0 0 115 7441 4331
13850 2 2 0 0 7441 2469 4331
13851 2 2 0 0 2469 7441 4332
13852 2 2 0 0 7441 115 4332
13853 2 2 0 0 2528 7442 4331
13854 2 2 0 0 7442 115 4331
13855 2 2 0 0 115 7442 4452
13856 2 2 0 0 7442 2528 4452
13857 2 2 0 0 2470 7443 4333
13858 2 2 0 0 7443 1460 4333
13859 2 2 0 0 1460 7443 4334
13860 2 2 0 0 7443 2470 4334
13861 2 2 0 0 880 7444 4333
13862 2 2 0 0 7444 2470 4333
13863 2 2 0 0 2470 7444 5338
13864 2 2 0 0 7444 880 5338
13865 2 2 0 0 3061 7445 4333
13866 2 2 0 0 7445 880 4333
13867 2 2 0 0 880 7445 5873
13868 2 2 0 0 7445 3061 5873
13869 2 2 0 0 2470 7446 4334
13870 2 2 0 0 7446 541 4334
13871 2 2 0 0 541 7446 4335
13872 2 2 0 0 7446 2470 4335
13873 2 2 0 0 2473 7447 4334
13874 2 2 0 0 7447 1460 4334
13875 2 2 0 0 1460 7447 4338
13876 2 2 0 0 7447 2473 4338
13877 2 2 0 0 3356 7448 4335
13878 2 2 0 0 7448 541 4335
13879 2 2 0 0 541 7448 6185
13880 2 2 0 0 7448 3356 6185
13881 2 2 0 0 2471 7449 4336
13882 2 2 0 0 7449 881 4336
13883 2 2 0 0 7449 2471 2472
13884 2 2 0 0 1312 7450 4336
13885 2 2 0 0 7450 472 4336
13886 2 2 0 0 472 7450 5606
13887 2 2 0 0 7450 1312 5606
13888 2 2 0 0 207 7451 2472
13889 2 2 0 0 1460 7451 3061
13890 2 2 0 0 7451 207 3061
13891 2 2 0 0 2472 7452 4338
13892 2 2 0 0 7452 1460 4338
13893 2 2 0 0 1460 7452 7451
13894 2 2 0 0 7452 2472 7451
13895 2 2 0 0 881 7453 4338
13896 2 2 0 0 7453 2472 4338
13897 2 2 0 0 2472 7453 7449
13898 2 2 0 0 7453 881 7449
13899 2 2 0 0 2479 7454 4339
13900 2 2 0 0 1091 7454 2480
13901 2 2 0 0 7454 2479 2480
13902 2 2 0 0 1461 7455 3062
13903 2 2 0 0 7455 350 3062
13904 2 2 0 0 2474 7456 4340
13905 2 2 0 0 7456 1461 4340
13906 2 2 0 0 1461 7456 7455
13907 2 2 0 0 7456 2474 7455
13908 2 2 0 0 4339 7457 4340
13909 2 2 0 0 7457 1091 4340
13910 2 2 0 0 1091 7457 7454
13911 2 2 0 0 7457 4339 7454
13912 2 2 0 0 1091 7458 2474
13913 2 2 0 0 1986 7458 4343
13914 2 2 0 0 2474 7459 4341
13915 2 2 0 0 7459 1986 4341
13916 2 2 0 0 1986 7459 7458
13917 2 2 0 0 7459 2474 7458
13918 2 2 0 0 350 7460 4341
13919 2 2 0 0 7460 2474 4341
13920 2 2 0 0 2474 7460 7455
13921 2 2 0 0 7460 350 7455
13922 2 2 0 0 543 7461 4343
13923 2 2 0 0 7461 1986 4343
13924 2 2 0 0 1986 7461 4921
13925 2 2 0 0 7461 543 4921
13926 2 2 0 0 2480 7462 4344
13927 2 2 0 0 7462 1465 4344
13928 2 2 0 0 1465 7462 5340
13929 2 2 0 0 7462 2480 5340
13930 2 2 0 0 4343 7463 4344
13931 2 2 0 0 7463 1091 4344
13932 2 2 0 0 1091 7463 7458
13933 2 2 0 0 7463 4343 7458
13934 2 2 0 0 7464 543 4343
13935 2 2 0 0 1465 7464 2476
13936 2 2 0 0 7464 543 2476
13937 2 2 0 0 1465 7465 4344
13938 2 2 0 0 7465 4343 4344
13939 2 2 0 0 4343 7465 7464
13940 2 2 0 0 7465 1465 7464
13941 2 2 0 0 1467 7466 4346
13942 2 2 0 0 7466 2481 4346
13943 2 2 0 0 2481 7466 5343
13944 2 2 0 0 7466 1467 5343
13945 2 2 0 0 7467 3068 4345
13946 2 2 0 0 3068 7467 3069
13947 2 2 0 0 7467 542 3069
13948 2 2 0 0 542 7468 4346
13949 2 2 0 0 7468 4345 4346
13950 2 2 0 0 4345 7468 7467
13951 2 2 0 0 7468 542 7467
13952 2 2 0 0 24 7469 4347
13953 2 2 0 0 7469 2483 4347
13954 2 2 0 0 2483 7469 6770
13955 2 2 0 0 7469 24 6770
13956 2 2 0 0 1987 7470 3583
13957 2 2 0 0 1987 7470 5556
13958 2 2 0 0 7470 24 5556
13959 2 2 0 0 24 7471 4347
13960 2 2 0 0 7471 3583 4347
13961 2 2 0 0 24 7471 7470
13962 2 2 0 0 7471 3583 7470
13963 2 2 0 0 1737 7472 4348
13964 2 2 0 0 7472 2826 4348
13965 2 2 0 0 2826 7472 5101
13966 2 2 0 0 7472 1737 5101
13967 2 2 0 0 2484 7473 4349
13968 2 2 0 0 7473 1472 4349
13969 2 2 0 0 1472 7473 4351
13970 2 2 0 0 7473 2484 4351
13971 2 2 0 0 1471 7474 4349
13972 2 2 0 0 7474 2484 4349
13973 2 2 0 0 2484 7474 4353
13974 2 2 0 0 7474 1471 4353
13975 2 2 0 0 2485 7475 4349
13976 2 2 0 0 7475 1471 4349
13977 2 2 0 0 2485 7475 5348
13978 2 2 0 0 7475 1471 5348
13979 2 2 0 0 1991 7476 4350
13980 2 2 0 0 7476 887 4350
13981 2 2 0 0 887 7476 3590
13982 2 2 0 0 7476 1991 3590
13983 2 2 0 0 7477 1095 1991
13984 2 2 0 0 1095 7477 2826
13985 2 2 0 0 7477 547 2826
13986 2 2 0 0 7478 1991 4350
13987 2 2 0 0 1991 7478 7477
13988 2 2 0 0 7478 547 7477
13989 2 2 0 0 547 7479 4351
13990 2 2 0 0 7479 4350 4351
13991 2 2 0 0 4350 7479 7478
13992 2 2 0 0 7479 547 7478
13993 2 2 0 0 547 7480 4352
13994 2 2 0 0 7480 2484 4352
13995 2 2 0 0 2484 7480 4351
13996 2 2 0 0 7480 547 4351
13997 2 2 0 0 2483 7481 4353
13998 2 2 0 0 7481 2484 4353
13999 2 2 0 0 2484 7481 4352
14000 2 2 0 0 7481 2483 4352
14001 2 2 0 0 3583 7482 4347
14002 2 2 0 0 1471 7482 3588
14003 2 2 0 0 7482 3583 3588
14004 2 2 0 0 1471 7483 4353
14005 2 2 0 0 7483 4347 4353
14006 2 2 0 0 1471 7483 7482
14007 2 2 0 0 7483 4347 7482
14008 2 2 0 0 353 7484 4354
14009 2 2 0 0 7484 2485 4354
14010 2 2 0 0 353 7484 5347
14011 2 2 0 0 7484 2485 5347
14012 2 2 0 0 1990 7485 4354
14013 2 2 0 0 7485 3075 4354
14014 2 2 0 0 3075 7485 5888
14015 2 2 0 0 7485 1990 5888
14016 2 2 0 0 2486 7486 4356
14017 2 2 0 0 7486 888 4356
14018 2 2 0 0 2486 7486 4357
14019 2 2 0 0 7486 888 4357
14020 2 2 0 0 1473 7487 4356
14021 2 2 0 0 7487 2486 4356
14022 2 2 0 0 2486 7487 5349
14023 2 2 0 0 7487 1473 5349
14024 2 2 0 0 4355 7488 4356
14025 2 2 0 0 7488 1473 4356
14026 2 2 0 0 1473 7488 5890
14027 2 2 0 0 7488 4355 5890
14028 2 2 0 0 1819 7489 4357
14029 2 2 0 0 7489 2486 4357
14030 2 2 0 0 2486 7489 5351
14031 2 2 0 0 7489 1819 5351
14032 2 2 0 0 2487 7490 4357
14033 2 2 0 0 7490 1819 4357
14034 2 2 0 0 1819 7490 4359
14035 2 2 0 0 7490 2487 4359
14036 2 2 0 0 888 7491 4357
14037 2 2 0 0 7491 2487 4357
14038 2 2 0 0 2487 7491 4358
14039 2 2 0 0 7491 888 4358
14040 2 2 0 0 353 7492 3072
14041 2 2 0 0 1474 7492 3075
14042 2 2 0 0 7492 353 3075
14043 2 2 0 0 3072 7493 4358
14044 2 2 0 0 7493 1474 4358
14045 2 2 0 0 1474 7493 7492
14046 2 2 0 0 7493 3072 7492
14047 2 2 0 0 545 7494 4360
14048 2 2 0 0 7494 3100 4360
14049 2 2 0 0 3100 7494 4364
14050 2 2 0 0 7494 545 4364
14051 2 2 0 0 1476 7495 4361
14052 2 2 0 0 890 7495 2491
14053 2 2 0 0 4361 7496 4362
14054 2 2 0 0 7496 890 4362
14055 2 2 0 0 890 7496 7495
14056 2 2 0 0 7496 4361 7495
14057 2 2 0 0 2488 7497 4362
14058 2 2 0 0 7497 4361 4362
14059 2 2 0 0 4361 7497 4415
14060 2 2 0 0 7497 2488 4415
14061 2 2 0 0 1475 7498 4363
14062 2 2 0 0 7498 2490 4363
14063 2 2 0 0 2490 7498 5891
14064 2 2 0 0 7498 1475 5891
14065 2 2 0 0 2489 7499 4363
14066 2 2 0 0 7499 1475 4363
14067 2 2 0 0 1475 7499 5889
14068 2 2 0 0 7499 2489 5889
14069 2 2 0 0 7500 2488 2489
14070 2 2 0 0 2488 7500 4360
14071 2 2 0 0 7500 545 4360
14072 2 2 0 0 545 7501 4363
14073 2 2 0 0 7501 2489 4363
14074 2 2 0 0 2489 7501 7500
14075 2 2 0 0 7501 545 7500
14076 2 2 0 0 2495 7502 4366
14077 2 2 0 0 7502 1821 4366
14078 2 2 0 0 1821 7502 4374
14079 2 2 0 0 7502 2495 4374
14080 2 2 0 0 891 7503 4366
14081 2 2 0 0 7503 2495 4366
14082 2 2 0 0 2495 7503 4373
14083 2 2 0 0 7503 891 4373
14084 2 2 0 0 2491 7504 4367
14085 2 2 0 0 7504 1476 4367
14086 2 2 0 0 1476 7504 7495
14087 2 2 0 0 7504 2491 7495
14088 2 2 0 0 901 7505 4369
14089 2 2 0 0 7505 2492 4369
14090 2 2 0 0 2492 7505 5892
14091 2 2 0 0 7505 901 5892
14092 2 2 0 0 2493 7506 4370
14093 2 2 0 0 7506 891 4370
14094 2 2 0 0 891 7506 4373
14095 2 2 0 0 7506 2493 4373
14096 2 2 0 0 1477 7507 4370
14097 2 2 0 0 7507 2493 4370
14098 2 2 0 0 2493 7507 5354
14099 2 2 0 0 7507 1477 5354
14100 2 2 0 0 546 7508 3077
14101 2 2 0 0 1477 7508 3071
14102 2 2 0 0 7508 546 3071
14103 2 2 0 0 3077 7509 4370
14104 2 2 0 0 7509 1477 4370
14105 2 2 0 0 1477 7509 7508
14106 2 2 0 0 7509 3077 7508
14107 2 2 0 0 891 7510 4370
14108 2 2 0 0 7510 3077 4370
14109 2 2 0 0 3077 7510 5891
14110 2 2 0 0 7510 891 5891
14111 2 2 0 0 2827 7511 4371
14112 2 2 0 0 7511 728 4371
14113 2 2 0 0 728 7511 4991
14114 2 2 0 0 7511 2827 4991
14115 2 2 0 0 2495 7512 4372
14116 2 2 0 0 7512 1479 4372
14117 2 2 0 0 1479 7512 4373
14118 2 2 0 0 7512 2495 4373
14119 2 2 0 0 1820 7513 3363
14120 2 2 0 0 1821 7513 4364
14121 2 2 0 0 7513 1820 4364
14122 2 2 0 0 3363 7514 4374
14123 2 2 0 0 7514 1821 4374
14124 2 2 0 0 1821 7514 7513
14125 2 2 0 0 7514 3363 7513
14126 2 2 0 0 357 7515 4375
14127 2 2 0 0 892 7515 2767
14128 2 2 0 0 7515 357 2767
14129 2 2 0 0 4375 7516 4376
14130 2 2 0 0 7516 892 4376
14131 2 2 0 0 892 7516 7515
14132 2 2 0 0 7516 4375 7515
14133 2 2 0 0 892 7517 4376
14134 2 2 0 0 1480 7517 2497
14135 2 2 0 0 7517 892 2497
14136 2 2 0 0 4376 7518 4377
14137 2 2 0 0 7518 1480 4377
14138 2 2 0 0 1480 7518 7517
14139 2 2 0 0 7518 4376 7517
14140 2 2 0 0 7519 4375 4376
14141 2 2 0 0 4375 7519 4925
14142 2 2 0 0 7519 548 4925
14143 2 2 0 0 548 7520 4377
14144 2 2 0 0 7520 4376 4377
14145 2 2 0 0 4376 7520 7519
14146 2 2 0 0 7520 548 7519
14147 2 2 0 0 548 7521 4378
14148 2 2 0 0 7521 2498 4378
14149 2 2 0 0 2498 7521 4377
14150 2 2 0 0 7521 548 4377
14151 2 2 0 0 2499 7522 4378
14152 2 2 0 0 7522 548 4378
14153 2 2 0 0 548 7522 5361
14154 2 2 0 0 7522 2499 5361
14155 2 2 0 0 1481 7523 4379
14156 2 2 0 0 7523 2498 4379
14157 2 2 0 0 2498 7523 4378
14158 2 2 0 0 7523 1481 4378
14159 2 2 0 0 360 7524 2502
14160 2 2 0 0 1481 7524 2500
14161 2 2 0 0 7524 360 2500
14162 2 2 0 0 2502 7525 4379
14163 2 2 0 0 7525 1481 4379
14164 2 2 0 0 1481 7525 7524
14165 2 2 0 0 7525 2502 7524
14166 2 2 0 0 7526 561 2501
14167 2 2 0 0 1484 7526 3105
14168 2 2 0 0 7526 561 3105
14169 2 2 0 0 1484 7527 4382
14170 2 2 0 0 7527 2501 4382
14171 2 2 0 0 2501 7527 7526
14172 2 2 0 0 7527 1484 7526
14173 2 2 0 0 2502 7528 4383
14174 2 2 0 0 7528 1483 4383
14175 2 2 0 0 1483 7528 4384
14176 2 2 0 0 7528 2502 4384
14177 2 2 0 0 1483 7529 4383
14178 2 2 0 0 7529 3082 4383
14179 2 2 0 0 3082 7529 5897
14180 2 2 0 0 7529 1483 5897
14181 2 2 0 0 549 7530 4392
14182 2 2 0 0 904 7530 4401
14183 2 2 0 0 7530 549 4401
14184 2 2 0 0 4392 7531 4393
14185 2 2 0 0 7531 904 4393
14186 2 2 0 0 904 7531 7530
14187 2 2 0 0 7531 4392 7530
14188 2 2 0 0 2503 7532 4394
14189 2 2 0 0 7532 905 4394
14190 2 2 0 0 7533 560 4393
14191 2 2 0 0 560 7533 1504
14192 2 2 0 0 7533 905 1504
14193 2 2 0 0 905 7534 4394
14194 2 2 0 0 7534 4393 4394
14195 2 2 0 0 4393 7534 7533
14196 2 2 0 0 7534 905 7533
14197 2 2 0 0 1822 7535 4403
14198 2 2 0 0 7535 2503 4403
14199 2 2 0 0 2503 7535 4406
14200 2 2 0 0 7535 1822 4406
14201 2 2 0 0 905 7536 4404
14202 2 2 0 0 7536 2504 4404
14203 2 2 0 0 2504 7536 7532
14204 2 2 0 0 7536 905 7532
14205 2 2 0 0 2504 7537 4405
14206 2 2 0 0 7537 82 4405
14207 2 2 0 0 82 7537 4407
14208 2 2 0 0 7537 2504 4407
14209 2 2 0 0 4381 7538 4405
14210 2 2 0 0 7538 82 4405
14211 2 2 0 0 82 7538 5360
14212 2 2 0 0 7538 4381 5360
14213 2 2 0 0 1823 7539 4406
14214 2 2 0 0 7539 82 4406
14215 2 2 0 0 1823 7539 2497
14216 2 2 0 0 7539 82 2497
14217 2 2 0 0 2504 7540 4407
14218 2 2 0 0 7540 2503 4407
14219 2 2 0 0 2503 7540 7532
14220 2 2 0 0 7540 2504 7532
14221 2 2 0 0 2505 7541 4408
14222 2 2 0 0 7541 1492 4408
14223 2 2 0 0 1492 7541 4409
14224 2 2 0 0 7541 2505 4409
14225 2 2 0 0 889 7542 4410
14226 2 2 0 0 7542 2505 4410
14227 2 2 0 0 2505 7542 4409
14228 2 2 0 0 7542 889 4409
14229 2 2 0 0 217 7543 4411
14230 2 2 0 0 7543 3101 4411
14231 2 2 0 0 3101 7543 5908
14232 2 2 0 0 7543 217 5908
14233 2 2 0 0 1096 7544 4412
14234 2 2 0 0 7544 1098 4412
14235 2 2 0 0 1098 7544 4418
14236 2 2 0 0 7544 1096 4418
14237 2 2 0 0 2506 7545 4413
14238 2 2 0 0 7545 1505 4413
14239 2 2 0 0 1505 7545 4443
14240 2 2 0 0 7545 2506 4443
14241 2 2 0 0 4412 7546 4413
14242 2 2 0 0 7546 217 4413
14243 2 2 0 0 217 7546 5907
14244 2 2 0 0 7546 4412 5907
14245 2 2 0 0 217 7547 4414
14246 2 2 0 0 7547 2507 4414
14247 2 2 0 0 2507 7547 4411
14248 2 2 0 0 7547 217 4411
14249 2 2 0 0 1490 7548 4417
14250 2 2 0 0 7548 4416 4417
14251 2 2 0 0 4416 7548 5368
14252 2 2 0 0 7548 1490 5368
14253 2 2 0 0 897 7549 1825
14254 2 2 0 0 554 7549 4423
14255 2 2 0 0 7549 897 4423
14256 2 2 0 0 1825 7550 4418
14257 2 2 0 0 7550 554 4418
14258 2 2 0 0 554 7550 7549
14259 2 2 0 0 7550 1825 7549
14260 2 2 0 0 1096 7551 4418
14261 2 2 0 0 7551 1825 4418
14262 2 2 0 0 1825 7551 4437
14263 2 2 0 0 7551 1096 4437
14264 2 2 0 0 554 7552 4419
14265 2 2 0 0 7552 2510 4419
14266 2 2 0 0 2510 7552 4425
14267 2 2 0 0 7552 554 4425
14268 2 2 0 0 2511 7553 4421
14269 2 2 0 0 7553 1494 4421
14270 2 2 0 0 1494 7553 4422
14271 2 2 0 0 7553 2511 4422
14272 2 2 0 0 1490 7554 2512
14273 2 2 0 0 555 7554 3099
14274 2 2 0 0 7554 1490 3099
14275 2 2 0 0 2512 7555 4421
14276 2 2 0 0 7555 555 4421
14277 2 2 0 0 555 7555 7554
14278 2 2 0 0 7555 2512 7554
14279 2 2 0 0 2511 7556 4422
14280 2 2 0 0 7556 899 4422
14281 2 2 0 0 899 7556 4426
14282 2 2 0 0 7556 2511 4426
14283 2 2 0 0 95 7557 3103
14284 2 2 0 0 1494 7557 4827
14285 2 2 0 0 7557 95 4827
14286 2 2 0 0 3103 7558 4422
14287 2 2 0 0 7558 1494 4422
14288 2 2 0 0 1494 7558 7557
14289 2 2 0 0 7558 3103 7557
14290 2 2 0 0 553 7559 4423
14291 2 2 0 0 896 7559 3089
14292 2 2 0 0 7559 553 3089
14293 2 2 0 0 896 7560 4424
14294 2 2 0 0 7560 899 4424
14295 2 2 0 0 899 7560 3102
14296 2 2 0 0 7560 896 3102
14297 2 2 0 0 4423 7561 4424
14298 2 2 0 0 7561 896 4424
14299 2 2 0 0 896 7561 7559
14300 2 2 0 0 7561 4423 7559
14301 2 2 0 0 2511 7562 4427
14302 2 2 0 0 7562 555 4427
14303 2 2 0 0 555 7562 4421
14304 2 2 0 0 7562 2511 4421
14305 2 2 0 0 2510 7563 4427
14306 2 2 0 0 7563 2511 4427
14307 2 2 0 0 2511 7563 4426
14308 2 2 0 0 7563 2510 4426
14309 2 2 0 0 555 7564 4427
14310 2 2 0 0 7564 4420 4427
14311 2 2 0 0 4420 7564 5905
14312 2 2 0 0 7564 555 5905
14313 2 2 0 0 2515 7565 4428
14314 2 2 0 0 7565 1507 4428
14315 2 2 0 0 1507 7565 4430
14316 2 2 0 0 7565 2515 4430
14317 2 2 0 0 2516 7566 4428
14318 2 2 0 0 7566 909 4428
14319 2 2 0 0 909 7566 4432
14320 2 2 0 0 7566 2516 4432
14321 2 2 0 0 7567 1510 2521
14322 2 2 0 0 1510 7567 3107
14323 2 2 0 0 7567 909 3107
14324 2 2 0 0 909 7568 4431
14325 2 2 0 0 7568 2521 4431
14326 2 2 0 0 2521 7568 7567
14327 2 2 0 0 7568 909 7567
14328 2 2 0 0 2516 7569 4432
14329 2 2 0 0 7569 1509 4432
14330 2 2 0 0 1509 7569 4433
14331 2 2 0 0 7569 2516 4433
14332 2 2 0 0 1505 7570 4435
14333 2 2 0 0 7570 2522 4435
14334 2 2 0 0 2522 7570 4443
14335 2 2 0 0 7570 1505 4443
14336 2 2 0 0 562 7571 2518
14337 2 2 0 0 1509 7571 3107
14338 2 2 0 0 7571 562 3107
14339 2 2 0 0 2518 7572 4436
14340 2 2 0 0 7572 1509 4436
14341 2 2 0 0 1509 7572 7571
14342 2 2 0 0 7572 2518 7571
14343 2 2 0 0 563 7573 2520
14344 2 2 0 0 2519 7573 4831
14345 2 2 0 0 7573 563 4831
14346 2 2 0 0 2520 7574 4441
14347 2 2 0 0 7574 2519 4441
14348 2 2 0 0 2519 7574 7573
14349 2 2 0 0 7574 2520 7573
14350 2 2 0 0 4437 7575 4440
14351 2 2 0 0 1508 7575 4438
14352 2 2 0 0 7575 4437 4438
14353 2 2 0 0 4440 7576 4441
14354 2 2 0 0 7576 1508 4441
14355 2 2 0 0 1508 7576 7575
14356 2 2 0 0 7576 4440 7575
14357 2 2 0 0 1433 7577 4442
14358 2 2 0 0 7577 2522 4442
14359 2 2 0 0 2522 7577 2523
14360 2 2 0 0 7577 1433 2523
14361 2 2 0 0 2506 7578 4443
14362 2 2 0 0 7578 906 4443
14363 2 2 0 0 906 7578 5364
14364 2 2 0 0 7578 2506 5364
14365 2 2 0 0 1433 7579 4444
14366 2 2 0 0 7579 3108 4444
14367 2 2 0 0 3108 7579 7343
14368 2 2 0 0 7579 1433 7343
14369 2 2 0 0 500 7580 4445
14370 2 2 0 0 7580 3712 4445
14371 2 2 0 0 3712 7580 5054
14372 2 2 0 0 7580 500 5054
14373 2 2 0 0 811 7581 3715
14374 2 2 0 0 2524 7581 4906
14375 2 2 0 0 7581 811 4906
14376 2 2 0 0 3715 7582 4446
14377 2 2 0 0 7582 2524 4446
14378 2 2 0 0 2524 7582 7581
14379 2 2 0 0 7582 3715 7581
14380 2 2 0 0 501 7583 4447
14381 2 2 0 0 7583 2526 4447
14382 2 2 0 0 2526 7583 4449
14383 2 2 0 0 7583 501 4449
14384 2 2 0 0 2527 7584 4447
14385 2 2 0 0 7584 501 4447
14386 2 2 0 0 501 7584 5378
14387 2 2 0 0 7584 2527 5378
14388 2 2 0 0 1060 7585 1951
14389 2 2 0 0 1839 7585 3829
14390 2 2 0 0 7585 1060 3829
14391 2 2 0 0 7586 1839 4448
14392 2 2 0 0 1839 7586 7585
14393 2 2 0 0 7586 1951 7585
14394 2 2 0 0 567 7587 4450
14395 2 2 0 0 7587 1179 4450
14396 2 2 0 0 1179 7587 5393
14397 2 2 0 0 7587 567 5393
14398 2 2 0 0 2527 7588 4451
14399 2 2 0 0 7588 1513 4451
14400 2 2 0 0 1513 7588 4447
14401 2 2 0 0 7588 2527 4447
14402 2 2 0 0 1459 7589 4453
14403 2 2 0 0 7589 569 4453
14404 2 2 0 0 569 7589 2468
14405 2 2 0 0 7589 1459 2468
14406 2 2 0 0 569 7590 4453
14407 2 2 0 0 7590 2003 4453
14408 2 2 0 0 2003 7590 5000
14409 2 2 0 0 7590 569 5000
14410 2 2 0 0 1108 7591 4454
14411 2 2 0 0 7591 2528 4454
14412 2 2 0 0 2528 7591 5380
14413 2 2 0 0 7591 1108 5380
14414 2 2 0 0 3113 7592 4455
14415 2 2 0 0 7592 115 4455
14416 2 2 0 0 115 7592 4332
14417 2 2 0 0 7592 3113 4332
14418 2 2 0 0 1233 7593 4457
14419 2 2 0 0 7593 2530 4457
14420 2 2 0 0 2530 7593 2943
14421 2 2 0 0 7593 1233 2943
14422 2 2 0 0 1515 7594 4458
14423 2 2 0 0 7594 3112 4458
14424 2 2 0 0 3112 7594 4456
14425 2 2 0 0 7594 1515 4456
14426 2 2 0 0 501 7595 4460
14427 2 2 0 0 7595 2533 4460
14428 2 2 0 0 2533 7595 5378
14429 2 2 0 0 7595 501 5378
14430 2 2 0 0 1951 7596 4460
14431 2 2 0 0 7596 4448 4460
14432 2 2 0 0 4448 7596 7586
14433 2 2 0 0 7596 1951 7586
14434 2 2 0 0 1517 7597 4461
14435 2 2 0 0 7597 3121 4461
14436 2 2 0 0 3121 7597 5383
14437 2 2 0 0 7597 1517 5383
14438 2 2 0 0 1677 7598 4464
14439 2 2 0 0 7598 473 4464
14440 2 2 0 0 473 7598 3236
14441 2 2 0 0 7598 1677 3236
14442 2 2 0 0 1315 7599 4464
14443 2 2 0 0 779 7599 4796
14444 2 2 0 0 7599 1315 4796
14445 2 2 0 0 4464 7600 4465
14446 2 2 0 0 7600 779 4465
14447 2 2 0 0 779 7600 7599
14448 2 2 0 0 7600 4464 7599
14449 2 2 0 0 2537 7601 4468
14450 2 2 0 0 7601 1107 4468
14451 2 2 0 0 2537 7601 4470
14452 2 2 0 0 7601 1107 4470
14453 2 2 0 0 1107 7602 4468
14454 2 2 0 0 7602 3115 4468
14455 2 2 0 0 3115 7602 6488
14456 2 2 0 0 7602 1107 6488
14457 2 2 0 0 779 7603 4469
14458 2 2 0 0 7603 2536 4469
14459 2 2 0 0 779 7603 4465
14460 2 2 0 0 7603 2536 4465
14461 2 2 0 0 1758 7604 3606
14462 2 2 0 0 779 7604 4796
14463 2 2 0 0 7604 1758 4796
14464 2 2 0 0 3606 7605 4469
14465 2 2 0 0 7605 779 4469
14466 2 2 0 0 779 7605 7604
14467 2 2 0 0 7605 3606 7604
14468 2 2 0 0 1107 7606 4469
14469 2 2 0 0 7606 3606 4469
14470 2 2 0 0 3606 7606 3607
14471 2 2 0 0 7606 1107 3607
14472 2 2 0 0 2538 7607 2539
14473 2 2 0 0 7607 2538 2542
14474 2 2 0 0 2539 7608 4471
14475 2 2 0 0 7608 917 4471
14476 2 2 0 0 917 7608 7607
14477 2 2 0 0 7608 2539 7607
14478 2 2 0 0 7609 1843 3116
14479 2 2 0 0 1843 7609 4475
14480 2 2 0 0 7609 917 4475
14481 2 2 0 0 917 7610 4471
14482 2 2 0 0 7610 3116 4471
14483 2 2 0 0 3116 7610 7609
14484 2 2 0 0 7610 917 7609
14485 2 2 0 0 2539 7611 4472
14486 2 2 0 0 7611 324 4472
14487 2 2 0 0 324 7611 4473
14488 2 2 0 0 7611 2539 4473
14489 2 2 0 0 1363 7612 3516
14490 2 2 0 0 2538 7612 5388
14491 2 2 0 0 7612 1363 5388
14492 2 2 0 0 3516 7613 4472
14493 2 2 0 0 7613 2538 4472
14494 2 2 0 0 2538 7613 7612
14495 2 2 0 0 7613 3516 7612
14496 2 2 0 0 7614 1947 3516
14497 2 2 0 0 1947 7614 4978
14498 2 2 0 0 7614 324 4978
14499 2 2 0 0 324 7615 4472
14500 2 2 0 0 7615 3516 4472
14501 2 2 0 0 3516 7615 7614
14502 2 2 0 0 7615 324 7614
14503 2 2 0 0 117 7616 4475
14504 2 2 0 0 7616 1843 4475
14505 2 2 0 0 1843 7616 4927
14506 2 2 0 0 7616 117 4927
14507 2 2 0 0 2542 7617 4476
14508 2 2 0 0 7617 1523 4476
14509 2 2 0 0 1523 7617 5391
14510 2 2 0 0 7617 2542 5391
14511 2 2 0 0 917 7618 4476
14512 2 2 0 0 7618 2542 4476
14513 2 2 0 0 2542 7618 7607
14514 2 2 0 0 7618 917 7607
14515 2 2 0 0 7619 117 4475
14516 2 2 0 0 117 7619 4833
14517 2 2 0 0 7619 1523 4833
14518 2 2 0 0 1523 7620 4476
14519 2 2 0 0 7620 4475 4476
14520 2 2 0 0 4475 7620 7619
14521 2 2 0 0 7620 1523 7619
14522 2 2 0 0 2543 7621 4478
14523 2 2 0 0 7621 918 4478
14524 2 2 0 0 918 7621 4477
14525 2 2 0 0 7621 2543 4477
14526 2 2 0 0 7622 573 2543
14527 2 2 0 0 573 7622 5931
14528 2 2 0 0 7622 1526 5931
14529 2 2 0 0 1526 7623 4478
14530 2 2 0 0 7623 2543 4478
14531 2 2 0 0 2543 7623 7622
14532 2 2 0 0 7623 1526 7622
14533 2 2 0 0 571 7624 2772
14534 2 2 0 0 7624 919 2772
14535 2 2 0 0 919 7625 2544
14536 2 2 0 0 1530 7625 7624
14537 2 2 0 0 7625 919 7624
14538 2 2 0 0 2544 7626 4480
14539 2 2 0 0 7626 1530 4480
14540 2 2 0 0 1530 7626 7625
14541 2 2 0 0 7626 2544 7625
14542 2 2 0 0 1520 7627 4481
14543 2 2 0 0 7627 2550 4481
14544 2 2 0 0 2550 7627 5386
14545 2 2 0 0 7627 1520 5386
14546 2 2 0 0 363 7628 4482
14547 2 2 0 0 7628 2545 4482
14548 2 2 0 0 363 7628 4479
14549 2 2 0 0 7628 2545 4479
14550 2 2 0 0 7629 1520 4481
14551 2 2 0 0 1520 7629 2547
14552 2 2 0 0 1527 7630 4482
14553 2 2 0 0 7630 4481 4482
14554 2 2 0 0 4481 7630 7629
14555 2 2 0 0 7630 1527 7629
14556 2 2 0 0 2545 7631 4483
14557 2 2 0 0 7631 918 4483
14558 2 2 0 0 2545 7631 4477
14559 2 2 0 0 7631 918 4477
14560 2 2 0 0 2546 7632 4485
14561 2 2 0 0 7632 2004 4485
14562 2 2 0 0 2004 7632 5394
14563 2 2 0 0 7632 2546 5394
14564 2 2 0 0 1528 7633 4486
14565 2 2 0 0 7633 2548 4486
14566 2 2 0 0 2548 7633 5397
14567 2 2 0 0 7633 1528 5397
14568 2 2 0 0 2547 7634 4487
14569 2 2 0 0 7634 1527 4487
14570 2 2 0 0 1527 7634 7629
14571 2 2 0 0 7634 2547 7629
14572 2 2 0 0 7635 571 4488
14573 2 2 0 0 571 7635 7624
14574 2 2 0 0 7635 1530 7624
14575 2 2 0 0 2549 7636 4489
14576 2 2 0 0 7636 31 4489
14577 2 2 0 0 2549 7636 5398
14578 2 2 0 0 7636 31 5398
14579 2 2 0 0 4466 7637 4489
14580 2 2 0 0 7637 31 4489
14581 2 2 0 0 31 7637 5387
14582 2 2 0 0 7637 4466 5387
14583 2 2 0 0 2550 7638 4490
14584 2 2 0 0 7638 915 4490
14585 2 2 0 0 915 7638 5386
14586 2 2 0 0 7638 2550 5386
14587 2 2 0 0 2550 7639 2551
14588 2 2 0 0 1529 7639 4490
14589 2 2 0 0 7639 2550 4490
14590 2 2 0 0 1529 7640 4491
14591 2 2 0 0 7640 2551 4491
14592 2 2 0 0 1529 7640 7639
14593 2 2 0 0 7640 2551 7639
14594 2 2 0 0 2549 7641 4488
14595 2 2 0 0 1529 7641 5398
14596 2 2 0 0 7641 2549 5398
14597 2 2 0 0 4488 7642 4491
14598 2 2 0 0 7642 1529 4491
14599 2 2 0 0 1529 7642 7641
14600 2 2 0 0 7642 4488 7641
14601 2 2 0 0 1530 7643 4491
14602 2 2 0 0 7643 4488 4491
14603 2 2 0 0 4488 7643 7635
14604 2 2 0 0 7643 1530 7635
14605 2 2 0 0 3972 7644 4492
14606 2 2 0 0 7644 1768 4492
14607 2 2 0 0 1768 7644 6952
14608 2 2 0 0 7644 3972 6952
14609 2 2 0 0 323 7645 2554
14610 2 2 0 0 1532 7645 2555
14611 2 2 0 0 2554 7646 4494
14612 2 2 0 0 7646 1532 4494
14613 2 2 0 0 1532 7646 7645
14614 2 2 0 0 7646 2554 7645
14615 2 2 0 0 2554 7647 4495
14616 2 2 0 0 7647 1534 4495
14617 2 2 0 0 1534 7647 4497
14618 2 2 0 0 7647 2554 4497
14619 2 2 0 0 7648 1847 4496
14620 2 2 0 0 1847 7648 4933
14621 2 2 0 0 7648 921 4933
14622 2 2 0 0 921 7649 4497
14623 2 2 0 0 7649 4496 4497
14624 2 2 0 0 4496 7649 7648
14625 2 2 0 0 7649 921 7648
14626 2 2 0 0 7650 2081 3714
14627 2 2 0 0 2081 7650 5052
14628 2 2 0 0 7650 1183 5052
14629 2 2 0 0 1183 7651 4498
14630 2 2 0 0 7651 3714 4498
14631 2 2 0 0 3714 7651 7650
14632 2 2 0 0 7651 1183 7650
14633 2 2 0 0 2555 7652 4499
14634 2 2 0 0 7652 323 4499
14635 2 2 0 0 323 7652 7645
14636 2 2 0 0 7652 2555 7645
14637 2 2 0 0 2082 7653 4499
14638 2 2 0 0 7653 2555 4499
14639 2 2 0 0 2555 7653 5403
14640 2 2 0 0 7653 2082 5403
14641 2 2 0 0 1357 7654 2560
14642 2 2 0 0 2082 7654 3717
14643 2 2 0 0 7654 1357 3717
14644 2 2 0 0 2560 7655 4499
14645 2 2 0 0 7655 2082 4499
14646 2 2 0 0 2082 7655 7654
14647 2 2 0 0 7655 2560 7654
14648 2 2 0 0 923 7656 4502
14649 2 2 0 0 7656 2558 4502
14650 2 2 0 0 2558 7656 4500
14651 2 2 0 0 7656 923 4500
14652 2 2 0 0 2560 7657 4503
14653 2 2 0 0 7657 1535 4503
14654 2 2 0 0 1535 7657 4504
14655 2 2 0 0 7657 2560 4504
14656 2 2 0 0 2562 7658 4503
14657 2 2 0 0 7658 1357 4503
14658 2 2 0 0 1357 7658 4506
14659 2 2 0 0 7658 2562 4506
14660 2 2 0 0 7659 155 3130
14661 2 2 0 0 155 7659 3129
14662 2 2 0 0 7659 1537 3129
14663 2 2 0 0 1537 7660 4507
14664 2 2 0 0 7660 3130 4507
14665 2 2 0 0 3130 7660 7659
14666 2 2 0 0 7660 1537 7659
14667 2 2 0 0 2564 7661 4508
14668 2 2 0 0 7661 1679 4508
14669 2 2 0 0 1679 7661 6050
14670 2 2 0 0 7661 2564 6050
14671 2 2 0 0 367 7662 4508
14672 2 2 0 0 7662 2564 4508
14673 2 2 0 0 2564 7662 3133
14674 2 2 0 0 7662 367 3133
14675 2 2 0 0 2576 7663 4508
14676 2 2 0 0 7663 367 4508
14677 2 2 0 0 367 7663 4522
14678 2 2 0 0 7663 2576 4522
14679 2 2 0 0 2900 7664 4510
14680 2 2 0 0 7664 431 4510
14681 2 2 0 0 431 7664 5686
14682 2 2 0 0 7664 2900 5686
14683 2 2 0 0 2567 7665 4511
14684 2 2 0 0 7665 1003 4511
14685 2 2 0 0 1003 7665 4513
14686 2 2 0 0 7665 2567 4513
14687 2 2 0 0 1239 7666 4511
14688 2 2 0 0 7666 2567 4511
14689 2 2 0 0 2567 7666 2568
14690 2 2 0 0 7666 1239 2568
14691 2 2 0 0 2246 7667 4512
14692 2 2 0 0 1003 7667 3967
14693 2 2 0 0 7667 2246 3967
14694 2 2 0 0 4512 7668 4513
14695 2 2 0 0 7668 1003 4513
14696 2 2 0 0 1003 7668 7667
14697 2 2 0 0 7668 4512 7667
14698 2 2 0 0 2567 7669 4514
14699 2 2 0 0 7669 227 4514
14700 2 2 0 0 227 7669 2568
14701 2 2 0 0 7669 2567 2568
14702 2 2 0 0 2566 7670 4514
14703 2 2 0 0 7670 2567 4514
14704 2 2 0 0 2567 7670 4513
14705 2 2 0 0 7670 2566 4513
14706 2 2 0 0 2570 7671 4515
14707 2 2 0 0 7671 690 4515
14708 2 2 0 0 690 7671 5941
14709 2 2 0 0 7671 2570 5941
14710 2 2 0 0 7672 2566 2569
14711 2 2 0 0 2566 7672 3302
14712 2 2 0 0 7672 634 3302
14713 2 2 0 0 634 7673 3270
14714 2 2 0 0 2569 7673 7672
14715 2 2 0 0 7673 634 7672
14716 2 2 0 0 3270 7674 4515
14717 2 2 0 0 7674 2569 4515
14718 2 2 0 0 2569 7674 7673
14719 2 2 0 0 7674 3270 7673
14720 2 2 0 0 1538 7675 3131
14721 2 2 0 0 924 7675 3132
14722 2 2 0 0 7675 1538 3132
14723 2 2 0 0 3131 7676 4516
14724 2 2 0 0 7676 924 4516
14725 2 2 0 0 924 7676 7675
14726 2 2 0 0 7676 3131 7675
14727 2 2 0 0 7677 575 3131
14728 2 2 0 0 575 7677 3616
14729 2 2 0 0 7677 1540 3616
14730 2 2 0 0 1540 7678 4516
14731 2 2 0 0 7678 3131 4516
14732 2 2 0 0 3131 7678 7677
14733 2 2 0 0 7678 1540 7677
14734 2 2 0 0 3239 7679 4517
14735 2 2 0 0 7679 432 4517
14736 2 2 0 0 432 7679 5114
14737 2 2 0 0 7679 3239 5114
14738 2 2 0 0 2083 7680 4519
14739 2 2 0 0 7680 228 4519
14740 2 2 0 0 228 7680 6647
14741 2 2 0 0 7680 2083 6647
14742 2 2 0 0 7681 1542 2775
14743 2 2 0 0 1542 7681 2573
14744 2 2 0 0 7681 926 2573
14745 2 2 0 0 926 7682 4520
14746 2 2 0 0 7682 2775 4520
14747 2 2 0 0 2775 7682 7681
14748 2 2 0 0 7682 926 7681
14749 2 2 0 0 2773 7683 4522
14750 2 2 0 0 7683 367 4522
14751 2 2 0 0 367 7683 3132
14752 2 2 0 0 7683 2773 3132
14753 2 2 0 0 2578 7684 4523
14754 2 2 0 0 7684 40 4523
14755 2 2 0 0 2578 7684 5418
14756 2 2 0 0 7684 40 5418
14757 2 2 0 0 1247 7685 4523
14758 2 2 0 0 7685 2167 4523
14759 2 2 0 0 2167 7685 5120
14760 2 2 0 0 7685 1247 5120
14761 2 2 0 0 2582 7686 4524
14762 2 2 0 0 7686 1548 4524
14763 2 2 0 0 1548 7686 4530
14764 2 2 0 0 7686 2582 4530
14765 2 2 0 0 2580 7687 4525
14766 2 2 0 0 7687 1545 4525
14767 2 2 0 0 1545 7687 5419
14768 2 2 0 0 7687 2580 5419
14769 2 2 0 0 1546 7688 4525
14770 2 2 0 0 7688 2580 4525
14771 2 2 0 0 2580 7688 5417
14772 2 2 0 0 7688 1546 5417
14773 2 2 0 0 925 7689 3136
14774 2 2 0 0 1545 7689 5118
14775 2 2 0 0 7689 925 5118
14776 2 2 0 0 3136 7690 3140
14777 2 2 0 0 1545 7690 7689
14778 2 2 0 0 7690 3136 7689
14779 2 2 0 0 1545 7691 4525
14780 2 2 0 0 7691 3140 4525
14781 2 2 0 0 1545 7691 7690
14782 2 2 0 0 7691 3140 7690
14783 2 2 0 0 7692 1246 4528
14784 2 2 0 0 1246 7692 3142
14785 2 2 0 0 1547 7693 4529
14786 2 2 0 0 7693 4528 4529
14787 2 2 0 0 4528 7693 7692
14788 2 2 0 0 7693 1547 7692
14789 2 2 0 0 366 7694 4529
14790 2 2 0 0 366 7694 3144
14791 2 2 0 0 7694 1548 3144
14792 2 2 0 0 4529 7695 4530
14793 2 2 0 0 7695 1548 4530
14794 2 2 0 0 1548 7695 7694
14795 2 2 0 0 7695 4529 7694
14796 2 2 0 0 3142 7696 4531
14797 2 2 0 0 1547 7696 7692
14798 2 2 0 0 7696 3142 7692
14799 2 2 0 0 4531 7697 4532
14800 2 2 0 0 7697 1547 4532
14801 2 2 0 0 1547 7697 7696
14802 2 2 0 0 7697 4531 7696
14803 2 2 0 0 2585 7698 4536
14804 2 2 0 0 7698 369 4536
14805 2 2 0 0 369 7698 5421
14806 2 2 0 0 7698 2585 5421
14807 2 2 0 0 1851 7699 4536
14808 2 2 0 0 7699 2585 4536
14809 2 2 0 0 2585 7699 4534
14810 2 2 0 0 7699 1851 4534
14811 2 2 0 0 2586 7700 4538
14812 2 2 0 0 7700 932 4538
14813 2 2 0 0 932 7700 5422
14814 2 2 0 0 7700 2586 5422
14815 2 2 0 0 7701 578 2586
14816 2 2 0 0 578 7701 4836
14817 2 2 0 0 7701 1551 4836
14818 2 2 0 0 1551 7702 4538
14819 2 2 0 0 7702 2586 4538
14820 2 2 0 0 2586 7702 7701
14821 2 2 0 0 7702 1551 7701
14822 2 2 0 0 7703 1552 4537
14823 2 2 0 0 1552 7703 2588
14824 2 2 0 0 7703 932 2588
14825 2 2 0 0 932 7704 4538
14826 2 2 0 0 7704 4537 4538
14827 2 2 0 0 4537 7704 7703
14828 2 2 0 0 7704 932 7703
14829 2 2 0 0 734 7705 4539
14830 2 2 0 0 7705 2007 4539
14831 2 2 0 0 2007 7705 5001
14832 2 2 0 0 7705 734 5001
14833 2 2 0 0 1243 7706 4539
14834 2 2 0 0 7706 2160 4539
14835 2 2 0 0 2160 7706 5114
14836 2 2 0 0 7706 1243 5114
14837 2 2 0 0 2007 7707 4540
14838 2 2 0 0 7707 2587 4540
14839 2 2 0 0 2587 7707 5425
14840 2 2 0 0 7707 2007 5425
14841 2 2 0 0 2583 7708 2584
14842 2 2 0 0 931 7708 3147
14843 2 2 0 0 7708 2583 3147
14844 2 2 0 0 2584 7709 4541
14845 2 2 0 0 7709 931 4541
14846 2 2 0 0 931 7709 7708
14847 2 2 0 0 7709 2584 7708
14848 2 2 0 0 1549 7710 4541
14849 2 2 0 0 7710 2584 4541
14850 2 2 0 0 2584 7710 4533
14851 2 2 0 0 7710 1549 4533
14852 2 2 0 0 2588 7711 4542
14853 2 2 0 0 7711 1851 4542
14854 2 2 0 0 1851 7711 4534
14855 2 2 0 0 7711 2588 4534
14856 2 2 0 0 931 7712 4542
14857 2 2 0 0 7712 2588 4542
14858 2 2 0 0 2588 7712 5959
14859 2 2 0 0 7712 931 5959
14860 2 2 0 0 7713 1549 4541
14861 2 2 0 0 1549 7713 4535
14862 2 2 0 0 7713 1851 4535
14863 2 2 0 0 1851 7714 4542
14864 2 2 0 0 7714 4541 4542
14865 2 2 0 0 4541 7714 7713
14866 2 2 0 0 7714 1851 7713
14867 2 2 0 0 2589 7715 4543
14868 2 2 0 0 7715 580 4543
14869 2 2 0 0 580 7715 5428
14870 2 2 0 0 7715 2589 5428
14871 2 2 0 0 1554 7716 4543
14872 2 2 0 0 7716 2589 4543
14873 2 2 0 0 2589 7716 5426
14874 2 2 0 0 7716 1554 5426
14875 2 2 0 0 1554 7717 4544
14876 2 2 0 0 7717 2591 4544
14877 2 2 0 0 2591 7717 4543
14878 2 2 0 0 7717 1554 4543
14879 2 2 0 0 4545 7718 4546
14880 2 2 0 0 7718 1254 4546
14881 2 2 0 0 1254 7718 4646
14882 2 2 0 0 7718 4545 4646
14883 2 2 0 0 579 7719 4547
14884 2 2 0 0 7719 2590 4547
14885 2 2 0 0 2590 7719 5427
14886 2 2 0 0 7719 579 5427
14887 2 2 0 0 742 7720 2175
14888 2 2 0 0 1254 7720 2618
14889 2 2 0 0 7720 742 2618
14890 2 2 0 0 7721 1254 4546
14891 2 2 0 0 1254 7721 7720
14892 2 2 0 0 7721 2175 7720
14893 2 2 0 0 2175 7722 4547
14894 2 2 0 0 7722 4546 4547
14895 2 2 0 0 4546 7722 7721
14896 2 2 0 0 7722 2175 7721
14897 2 2 0 0 2590 7723 4548
14898 2 2 0 0 7723 1553 4548
14899 2 2 0 0 1553 7723 4544
14900 2 2 0 0 7723 2590 4544
14901 2 2 0 0 2175 7724 4548
14902 2 2 0 0 7724 2590 4548
14903 2 2 0 0 2590 7724 4547
14904 2 2 0 0 7724 2175 4547
14905 2 2 0 0 7725 2174 3853
14906 2 2 0 0 2174 7725 3852
14907 2 2 0 0 7725 1553 3852
14908 2 2 0 0 1553 7726 4548
14909 2 2 0 0 7726 3853 4548
14910 2 2 0 0 3853 7726 7725
14911 2 2 0 0 7726 1553 7725
14912 2 2 0 0 2591 7727 4550
14913 2 2 0 0 7727 580 4550
14914 2 2 0 0 580 7727 4543
14915 2 2 0 0 7727 2591 4543
14916 2 2 0 0 2592 7728 4551
14917 2 2 0 0 7728 1557 4551
14918 2 2 0 0 1557 7728 4553
14919 2 2 0 0 7728 2592 4553
14920 2 2 0 0 7729 2006 4552
14921 2 2 0 0 2006 7729 5001
14922 2 2 0 0 7729 1111 5001
14923 2 2 0 0 2592 7730 4553
14924 2 2 0 0 7730 1111 4553
14925 2 2 0 0 1111 7730 5963
14926 2 2 0 0 7730 2592 5963
14927 2 2 0 0 4552 7731 4553
14928 2 2 0 0 7731 1557 4553
14929 2 2 0 0 1557 7731 5964
14930 2 2 0 0 7731 4552 5964
14931 2 2 0 0 1111 7732 4553
14932 2 2 0 0 7732 4552 4553
14933 2 2 0 0 4552 7732 7729
14934 2 2 0 0 7732 1111 7729
14935 2 2 0 0 581 7733 4554
14936 2 2 0 0 7733 1853 4554
14937 2 2 0 0 1853 7733 3154
14938 2 2 0 0 7733 581 3154
14939 2 2 0 0 1556 7734 4554
14940 2 2 0 0 7734 581 4554
14941 2 2 0 0 581 7734 3151
14942 2 2 0 0 7734 1556 3151
14943 2 2 0 0 435 7735 4558
14944 2 2 0 0 7735 2595 4558
14945 2 2 0 0 2595 7735 4557
14946 2 2 0 0 7735 435 4557
14947 2 2 0 0 7736 1565 3159
14948 2 2 0 0 1565 7736 4840
14949 2 2 0 0 7736 938 4840
14950 2 2 0 0 3159 7737 4559
14951 2 2 0 0 7737 938 4559
14952 2 2 0 0 3159 7737 7736
14953 2 2 0 0 7737 938 7736
14954 2 2 0 0 2598 7738 4560
14955 2 2 0 0 7738 1562 4560
14956 2 2 0 0 1562 7738 5431
14957 2 2 0 0 7738 2598 5431
14958 2 2 0 0 938 7739 2597
14959 2 2 0 0 2596 7739 4564
14960 2 2 0 0 7739 938 4564
14961 2 2 0 0 2597 7740 4561
14962 2 2 0 0 7740 2596 4561
14963 2 2 0 0 2596 7740 7739
14964 2 2 0 0 7740 2597 7739
14965 2 2 0 0 2600 7741 4562
14966 2 2 0 0 7741 373 4562
14967 2 2 0 0 373 7741 5434
14968 2 2 0 0 7741 2600 5434
14969 2 2 0 0 373 7742 4562
14970 2 2 0 0 7742 4561 4562
14971 2 2 0 0 4561 7742 5433
14972 2 2 0 0 7742 373 5433
14973 2 2 0 0 2602 7743 4563
14974 2 2 0 0 7743 941 4563
14975 2 2 0 0 941 7743 4567
14976 2 2 0 0 7743 2602 4567
14977 2 2 0 0 1566 7744 4564
14978 2 2 0 0 7744 938 4564
14979 2 2 0 0 938 7744 4840
14980 2 2 0 0 7744 1566 4840
14981 2 2 0 0 7745 584 4566
14982 2 2 0 0 584 7745 3386
14983 2 2 0 0 7745 1856 3386
14984 2 2 0 0 1856 7746 4567
14985 2 2 0 0 7746 4566 4567
14986 2 2 0 0 4566 7746 7745
14987 2 2 0 0 7746 1856 7745
14988 2 2 0 0 1856 7747 4568
14989 2 2 0 0 7747 2602 4568
14990 2 2 0 0 2602 7747 4567
14991 2 2 0 0 7747 1856 4567
14992 2 2 0 0 2604 7748 4569
14993 2 2 0 0 7748 1567 4569
14994 2 2 0 0 1567 7748 4570
14995 2 2 0 0 7748 2604 4570
14996 2 2 0 0 372 7749 3161
14997 2 2 0 0 7749 372 4579
14998 2 2 0 0 3161 7750 4570
14999 2 2 0 0 7750 1567 4570
15000 2 2 0 0 1567 7750 7749
15001 2 2 0 0 7750 3161 7749
15002 2 2 0 0 7751 1765 3161
15003 2 2 0 0 1765 7751 3312
15004 2 2 0 0 7751 1188 3312
15005 2 2 0 0 1188 7752 4570
15006 2 2 0 0 7752 3161 4570
15007 2 2 0 0 3161 7752 7751
15008 2 2 0 0 7752 1188 7751
15009 2 2 0 0 2604 7753 4571
15010 2 2 0 0 7753 939 4571
15011 2 2 0 0 939 7753 4569
15012 2 2 0 0 7753 2604 4569
15013 2 2 0 0 2606 7754 4573
15014 2 2 0 0 7754 282 4573
15015 2 2 0 0 282 7754 4574
15016 2 2 0 0 7754 2606 4574
15017 2 2 0 0 7755 1394 3162
15018 2 2 0 0 1394 7755 3163
15019 2 2 0 0 7755 1568 3163
15020 2 2 0 0 1568 7756 4573
15021 2 2 0 0 7756 3162 4573
15022 2 2 0 0 3162 7756 7755
15023 2 2 0 0 7756 1568 7755
15024 2 2 0 0 7757 1855 4575
15025 2 2 0 0 1855 7757 4579
15026 2 2 0 0 7757 940 4579
15027 2 2 0 0 940 7758 4576
15028 2 2 0 0 7758 4575 4576
15029 2 2 0 0 4575 7758 7757
15030 2 2 0 0 7758 940 7757
15031 2 2 0 0 2607 7759 4577
15032 2 2 0 0 7759 1568 4577
15033 2 2 0 0 1568 7759 4578
15034 2 2 0 0 7759 2607 4578
15035 2 2 0 0 7760 2364 3163
15036 2 2 0 0 2364 7760 4165
15037 2 2 0 0 7760 939 4165
15038 2 2 0 0 939 7761 4577
15039 2 2 0 0 7761 3163 4577
15040 2 2 0 0 3163 7761 7760
15041 2 2 0 0 7761 939 7760
15042 2 2 0 0 2606 7762 4578
15043 2 2 0 0 7762 1568 4578
15044 2 2 0 0 1568 7762 4573
15045 2 2 0 0 7762 2606 4573
15046 2 2 0 0 940 7763 4578
15047 2 2 0 0 7763 2606 4578
15048 2 2 0 0 2606 7763 4576
15049 2 2 0 0 7763 940 4576
15050 2 2 0 0 940 7764 4580
15051 2 2 0 0 7764 2607 4580
15052 2 2 0 0 2607 7764 4578
15053 2 2 0 0 7764 940 4578
15054 2 2 0 0 1567 7765 4580
15055 2 2 0 0 7765 4579 4580
15056 2 2 0 0 4579 7765 7749
15057 2 2 0 0 7765 1567 7749
15058 2 2 0 0 942 7766 4581
15059 2 2 0 0 7766 2608 4581
15060 2 2 0 0 2608 7766 4583
15061 2 2 0 0 7766 942 4583
15062 2 2 0 0 7767 1570 2608
15063 2 2 0 0 1570 7767 2609
15064 2 2 0 0 7767 586 2609
15065 2 2 0 0 586 7768 4582
15066 2 2 0 0 7768 2608 4582
15067 2 2 0 0 2608 7768 7767
15068 2 2 0 0 7768 586 7767
15069 2 2 0 0 2777 7769 4585
15070 2 2 0 0 7769 945 4585
15071 2 2 0 0 945 7769 4558
15072 2 2 0 0 7769 2777 4558
15073 2 2 0 0 1863 7770 4587
15074 2 2 0 0 7770 597 4587
15075 2 2 0 0 597 7770 3393
15076 2 2 0 0 7770 1863 3393
15077 2 2 0 0 2610 7771 4588
15078 2 2 0 0 7771 1863 4588
15079 2 2 0 0 1863 7771 4589
15080 2 2 0 0 7771 2610 4589
15081 2 2 0 0 942 7772 4588
15082 2 2 0 0 7772 2610 4588
15083 2 2 0 0 942 7772 4583
15084 2 2 0 0 7772 2610 4583
15085 2 2 0 0 98 7773 2618
15086 2 2 0 0 7773 1254 2618
15087 2 2 0 0 7774 1614 3205
15088 2 2 0 0 1614 7774 7773
15089 2 2 0 0 7774 98 7773
15090 2 2 0 0 98 7775 4589
15091 2 2 0 0 7775 3205 4589
15092 2 2 0 0 3205 7775 7774
15093 2 2 0 0 7775 98 7774
15094 2 2 0 0 943 7776 2612
15095 2 2 0 0 1572 7776 3169
15096 2 2 0 0 7776 943 3169
15097 2 2 0 0 2612 7777 4591
15098 2 2 0 0 7777 1572 4591
15099 2 2 0 0 1572 7777 7776
15100 2 2 0 0 7777 2612 7776
15101 2 2 0 0 1572 7778 4591
15102 2 2 0 0 7778 2840 4591
15103 2 2 0 0 2840 7778 3201
15104 2 2 0 0 7778 1572 3201
15105 2 2 0 0 2613 7779 4592
15106 2 2 0 0 7779 1574 4592
15107 2 2 0 0 1574 7779 5440
15108 2 2 0 0 7779 2613 5440
15109 2 2 0 0 7780 2180 2613
15110 2 2 0 0 2180 7780 3864
15111 2 2 0 0 7780 1032 3864
15112 2 2 0 0 1032 7781 4592
15113 2 2 0 0 7781 2613 4592
15114 2 2 0 0 2613 7781 7780
15115 2 2 0 0 7781 1032 7780
15116 2 2 0 0 1120 7782 3861
15117 2 2 0 0 1120 7782 2840
15118 2 2 0 0 7782 161 2840
15119 2 2 0 0 3861 7783 4593
15120 2 2 0 0 7783 161 4593
15121 2 2 0 0 161 7783 7782
15122 2 2 0 0 7783 3861 7782
15123 2 2 0 0 7784 944 2615
15124 2 2 0 0 944 7784 4842
15125 2 2 0 0 7784 1576 4842
15126 2 2 0 0 1576 7785 4594
15127 2 2 0 0 7785 2615 4594
15128 2 2 0 0 2615 7785 7784
15129 2 2 0 0 7785 1576 7784
15130 2 2 0 0 7786 2616 2617
15131 2 2 0 0 2616 7786 5577
15132 2 2 0 0 7786 232 5577
15133 2 2 0 0 232 7787 4594
15134 2 2 0 0 7787 2617 4594
15135 2 2 0 0 2617 7787 7786
15136 2 2 0 0 7787 232 7786
15137 2 2 0 0 2622 7788 4595
15138 2 2 0 0 7788 1253 4595
15139 2 2 0 0 1253 7788 4596
15140 2 2 0 0 7788 2622 4596
15141 2 2 0 0 2623 7789 4598
15142 2 2 0 0 7789 1189 4598
15143 2 2 0 0 1189 7789 4601
15144 2 2 0 0 7789 2623 4601
15145 2 2 0 0 2089 7790 4598
15146 2 2 0 0 7790 2623 4598
15147 2 2 0 0 2623 7790 5445
15148 2 2 0 0 7790 2089 5445
15149 2 2 0 0 587 7791 4597
15150 2 2 0 0 2089 7791 3390
15151 2 2 0 0 7791 587 3390
15152 2 2 0 0 4597 7792 4598
15153 2 2 0 0 7792 2089 4598
15154 2 2 0 0 2089 7792 7791
15155 2 2 0 0 7792 4597 7791
15156 2 2 0 0 7793 3180 4597
15157 2 2 0 0 3180 7793 5446
15158 2 2 0 0 7793 1189 5446
15159 2 2 0 0 1189 7794 4598
15160 2 2 0 0 7794 4597 4598
15161 2 2 0 0 4597 7794 7793
15162 2 2 0 0 7794 1189 7793
15163 2 2 0 0 2625 7795 4600
15164 2 2 0 0 7795 1582 4600
15165 2 2 0 0 1582 7795 4601
15166 2 2 0 0 7795 2625 4601
15167 2 2 0 0 693 7796 4600
15168 2 2 0 0 7796 2625 4600
15169 2 2 0 0 2625 7796 5448
15170 2 2 0 0 7796 693 5448
15171 2 2 0 0 2625 7797 4601
15172 2 2 0 0 7797 1189 4601
15173 2 2 0 0 1189 7797 5447
15174 2 2 0 0 7797 2625 5447
15175 2 2 0 0 379 7798 4602
15176 2 2 0 0 7798 2626 4602
15177 2 2 0 0 2626 7798 3177
15178 2 2 0 0 7798 379 3177
15179 2 2 0 0 7799 1584 1585
15180 2 2 0 0 1584 7799 2628
15181 2 2 0 0 7799 159 2628
15182 2 2 0 0 159 7800 2629
15183 2 2 0 0 1585 7800 7799
15184 2 2 0 0 7800 159 7799
15185 2 2 0 0 2629 7801 4603
15186 2 2 0 0 7801 1585 4603
15187 2 2 0 0 1585 7801 7800
15188 2 2 0 0 7801 2629 7800
15189 2 2 0 0 953 7802 4603
15190 2 2 0 0 7802 2629 4603
15191 2 2 0 0 2629 7802 5454
15192 2 2 0 0 7802 953 5454
15193 2 2 0 0 1585 7803 4603
15194 2 2 0 0 7803 3178 4603
15195 2 2 0 0 3178 7803 5984
15196 2 2 0 0 7803 1585 5984
15197 2 2 0 0 2623 7804 2630
15198 2 2 0 0 159 7804 5445
15199 2 2 0 0 7804 2623 5445
15200 2 2 0 0 2630 7805 4604
15201 2 2 0 0 7805 159 4604
15202 2 2 0 0 159 7805 7804
15203 2 2 0 0 7805 2630 7804
15204 2 2 0 0 954 7806 955
15205 2 2 0 0 7806 954 3172
15206 2 2 0 0 7807 380 1862
15207 2 2 0 0 380 7807 7806
15208 2 2 0 0 7807 955 7806
15209 2 2 0 0 955 7808 2631
15210 2 2 0 0 1862 7808 7807
15211 2 2 0 0 7808 955 7807
15212 2 2 0 0 2631 7809 4606
15213 2 2 0 0 7809 1862 4606
15214 2 2 0 0 1862 7809 7808
15215 2 2 0 0 7809 2631 7808
15216 2 2 0 0 591 7810 4606
15217 2 2 0 0 7810 2631 4606
15218 2 2 0 0 2631 7810 4605
15219 2 2 0 0 7810 591 4605
15220 2 2 0 0 3391 7811 4606
15221 2 2 0 0 7811 591 4606
15222 2 2 0 0 591 7811 6227
15223 2 2 0 0 7811 3391 6227
15224 2 2 0 0 589 7812 4607
15225 2 2 0 0 951 7812 2781
15226 2 2 0 0 7812 589 2781
15227 2 2 0 0 4607 7813 4608
15228 2 2 0 0 7813 951 4608
15229 2 2 0 0 951 7813 7812
15230 2 2 0 0 7813 4607 7812
15231 2 2 0 0 7814 438 4608
15232 2 2 0 0 438 7814 5991
15233 2 2 0 0 7814 1581 5991
15234 2 2 0 0 1581 7815 4609
15235 2 2 0 0 7815 4608 4609
15236 2 2 0 0 4608 7815 7814
15237 2 2 0 0 7815 1581 7814
15238 2 2 0 0 3172 7816 4611
15239 2 2 0 0 7816 1113 4611
15240 2 2 0 0 1113 7816 3173
15241 2 2 0 0 7816 3172 3173
15242 2 2 0 0 2633 7817 2634
15243 2 2 0 0 1590 7817 4610
15244 2 2 0 0 7817 2633 4610
15245 2 2 0 0 2634 7818 4612
15246 2 2 0 0 7818 1590 4612
15247 2 2 0 0 1590 7818 7817
15248 2 2 0 0 7818 2634 7817
15249 2 2 0 0 1591 7819 4612
15250 2 2 0 0 7819 2634 4612
15251 2 2 0 0 2634 7819 3392
15252 2 2 0 0 7819 1591 3392
15253 2 2 0 0 1113 7820 4611
15254 2 2 0 0 2633 7820 5002
15255 2 2 0 0 7820 1113 5002
15256 2 2 0 0 4611 7821 4613
15257 2 2 0 0 7821 2633 4613
15258 2 2 0 0 2633 7821 7820
15259 2 2 0 0 7821 4611 7820
15260 2 2 0 0 7822 3172 4611
15261 2 2 0 0 3172 7822 7806
15262 2 2 0 0 7822 380 7806
15263 2 2 0 0 380 7823 4613
15264 2 2 0 0 7823 4611 4613
15265 2 2 0 0 4611 7823 7822
15266 2 2 0 0 7823 380 7822
15267 2 2 0 0 3182 7824 4614
15268 2 2 0 0 7824 1592 4614
15269 2 2 0 0 1592 7824 6227
15270 2 2 0 0 7824 3182 6227
15271 2 2 0 0 2636 7825 4615
15272 2 2 0 0 7825 956 4615
15273 2 2 0 0 956 7825 2637
15274 2 2 0 0 1112 7826 4616
15275 2 2 0 0 7826 2835 4616
15276 2 2 0 0 2835 7826 3165
15277 2 2 0 0 7826 1112 3165
15278 2 2 0 0 2636 7827 4617
15279 2 2 0 0 7827 371 4617
15280 2 2 0 0 371 7827 4615
15281 2 2 0 0 7827 2636 4615
15282 2 2 0 0 2637 7828 4618
15283 2 2 0 0 7828 2636 4618
15284 2 2 0 0 2636 7828 7825
15285 2 2 0 0 7828 2637 7825
15286 2 2 0 0 7829 1593 2637
15287 2 2 0 0 1593 7829 3312
15288 2 2 0 0 7829 692 3312
15289 2 2 0 0 692 7830 4618
15290 2 2 0 0 7830 2637 4618
15291 2 2 0 0 2637 7830 7829
15292 2 2 0 0 7830 692 7829
15293 2 2 0 0 237 7831 4619
15294 2 2 0 0 7831 2638 4619
15295 2 2 0 0 237 7831 5661
15296 2 2 0 0 7831 2638 5661
15297 2 2 0 0 3243 7832 4619
15298 2 2 0 0 7832 237 4619
15299 2 2 0 0 237 7832 3734
15300 2 2 0 0 7832 3243 3734
15301 2 2 0 0 7833 3243 4619
15302 2 2 0 0 3243 7833 5467
15303 2 2 0 0 7833 959 5467
15304 2 2 0 0 959 7834 4620
15305 2 2 0 0 7834 4619 4620
15306 2 2 0 0 4619 7834 7833
15307 2 2 0 0 7834 959 7833
15308 2 2 0 0 2641 7835 4621
15309 2 2 0 0 7835 1117 4621
15310 2 2 0 0 1117 7835 2642
15311 2 2 0 0 7835 2641 2642
15312 2 2 0 0 1631 7836 4621
15313 2 2 0 0 7836 745 4621
15314 2 2 0 0 745 7836 4949
15315 2 2 0 0 7836 1631 4949
15316 2 2 0 0 1117 7837 4621
15317 2 2 0 0 7837 1631 4621
15318 2 2 0 0 1631 7837 5505
15319 2 2 0 0 7837 1117 5505
15320 2 2 0 0 2641 7838 4622
15321 2 2 0 0 7838 745 4622
15322 2 2 0 0 745 7838 4621
15323 2 2 0 0 7838 2641 4621
15324 2 2 0 0 2640 7839 4622
15325 2 2 0 0 7839 2641 4622
15326 2 2 0 0 2641 7839 5464
15327 2 2 0 0 7839 2640 5464
15328 2 2 0 0 745 7840 4622
15329 2 2 0 0 7840 3295 4622
15330 2 2 0 0 3295 7840 6119
15331 2 2 0 0 7840 745 6119
15332 2 2 0 0 3188 7841 4623
15333 2 2 0 0 7841 1595 4623
15334 2 2 0 0 1595 7841 5463
15335 2 2 0 0 7841 3188 5463
15336 2 2 0 0 1033 7842 4626
15337 2 2 0 0 7842 2643 4626
15338 2 2 0 0 2643 7842 4625
15339 2 2 0 0 7842 1033 4625
15340 2 2 0 0 960 7843 2646
15341 2 2 0 0 1599 7843 2645
15342 2 2 0 0 7843 960 2645
15343 2 2 0 0 2646 7844 4627
15344 2 2 0 0 7844 1599 4627
15345 2 2 0 0 1599 7844 7843
15346 2 2 0 0 7844 2646 7843
15347 2 2 0 0 1599 7845 4627
15348 2 2 0 0 7845 3219 4627
15349 2 2 0 0 3219 7845 3220
15350 2 2 0 0 7845 1599 3220
15351 2 2 0 0 2647 7846 4628
15352 2 2 0 0 7846 593 4628
15353 2 2 0 0 593 7846 3222
15354 2 2 0 0 7846 2647 3222
15355 2 2 0 0 960 7847 2645
15356 2 2 0 0 1600 7847 3194
15357 2 2 0 0 7847 960 3194
15358 2 2 0 0 2645 7848 4628
15359 2 2 0 0 7848 1600 4628
15360 2 2 0 0 1600 7848 7847
15361 2 2 0 0 7848 2645 7847
15362 2 2 0 0 4629 7849 4630
15363 2 2 0 0 381 7849 5515
15364 2 2 0 0 7849 4629 5515
15365 2 2 0 0 1600 7850 2647
15366 2 2 0 0 1192 7850 4849
15367 2 2 0 0 7850 1600 4849
15368 2 2 0 0 2647 7851 4631
15369 2 2 0 0 7851 1192 4631
15370 2 2 0 0 1192 7851 7850
15371 2 2 0 0 7851 2647 7850
15372 2 2 0 0 1636 7852 4631
15373 2 2 0 0 7852 2647 4631
15374 2 2 0 0 2647 7852 3222
15375 2 2 0 0 7852 1636 3222
15376 2 2 0 0 2646 7853 4632
15377 2 2 0 0 7853 1601 4632
15378 2 2 0 0 1601 7853 5471
15379 2 2 0 0 7853 2646 5471
15380 2 2 0 0 1632 7854 4634
15381 2 2 0 0 7854 2696 4634
15382 2 2 0 0 2696 7854 4696
15383 2 2 0 0 7854 1632 4696
15384 2 2 0 0 3242 7855 4635
15385 2 2 0 0 238 7855 4788
15386 2 2 0 0 7855 3242 4788
15387 2 2 0 0 4635 7856 4636
15388 2 2 0 0 7856 238 4636
15389 2 2 0 0 238 7856 7855
15390 2 2 0 0 7856 4635 7855
15391 2 2 0 0 2652 7857 2653
15392 2 2 0 0 2652 7857 3623
15393 2 2 0 0 7857 595 3623
15394 2 2 0 0 2653 7858 4637
15395 2 2 0 0 7858 595 4637
15396 2 2 0 0 595 7858 7857
15397 2 2 0 0 7858 2653 7857
15398 2 2 0 0 3195 7859 4637
15399 2 2 0 0 7859 1603 4637
15400 2 2 0 0 1603 7859 6004
15401 2 2 0 0 7859 3195 6004
15402 2 2 0 0 7860 3197 3198
15403 2 2 0 0 3197 7860 4856
15404 2 2 0 0 7860 599 4856
15405 2 2 0 0 599 7861 4639
15406 2 2 0 0 7861 3198 4639
15407 2 2 0 0 3198 7861 7860
15408 2 2 0 0 7861 599 7860
15409 2 2 0 0 967 7862 2655
15410 2 2 0 0 1866 7862 3210
15411 2 2 0 0 7862 967 3210
15412 2 2 0 0 2655 7863 4640
15413 2 2 0 0 7863 1866 4640
15414 2 2 0 0 1866 7863 7862
15415 2 2 0 0 7863 2655 7862
15416 2 2 0 0 599 7864 4640
15417 2 2 0 0 7864 2655 4640
15418 2 2 0 0 2655 7864 4639
15419 2 2 0 0 7864 599 4639
15420 2 2 0 0 1608 7865 4641
15421 2 2 0 0 7865 436 4641
15422 2 2 0 0 436 7865 4852
15423 2 2 0 0 7865 1608 4852
15424 2 2 0 0 2658 7866 4643
15425 2 2 0 0 7866 184 4643
15426 2 2 0 0 184 7866 5475
15427 2 2 0 0 7866 2658 5475
15428 2 2 0 0 4644 7867 4645
15429 2 2 0 0 7867 1613 4645
15430 2 2 0 0 1613 7867 5478
15431 2 2 0 0 7867 4644 5478
15432 2 2 0 0 7868 2786 2787
15433 2 2 0 0 2786 7868 5585
15434 2 2 0 0 7868 383 5585
15435 2 2 0 0 7869 2787 4644
15436 2 2 0 0 2787 7869 7868
15437 2 2 0 0 7869 383 7868
15438 2 2 0 0 383 7870 4645
15439 2 2 0 0 7870 4644 4645
15440 2 2 0 0 4644 7870 7869
15441 2 2 0 0 7870 383 7869
15442 2 2 0 0 1614 7871 4646
15443 2 2 0 0 7871 1254 4646
15444 2 2 0 0 1254 7871 7773
15445 2 2 0 0 7871 1614 7773
15446 2 2 0 0 2583 7872 4545
15447 2 2 0 0 965 7872 3203
15448 2 2 0 0 7872 2583 3203
15449 2 2 0 0 4545 7873 4646
15450 2 2 0 0 7873 965 4646
15451 2 2 0 0 965 7873 7872
15452 2 2 0 0 7873 4545 7872
15453 2 2 0 0 2661 7874 4647
15454 2 2 0 0 7874 1614 4647
15455 2 2 0 0 1614 7874 5477
15456 2 2 0 0 7874 2661 5477
15457 2 2 0 0 1612 7875 4648
15458 2 2 0 0 7875 1613 4648
15459 2 2 0 0 1613 7875 2660
15460 2 2 0 0 7875 1612 2660
15461 2 2 0 0 3203 7876 4648
15462 2 2 0 0 7876 1612 4648
15463 2 2 0 0 1612 7876 6014
15464 2 2 0 0 7876 3203 6014
15465 2 2 0 0 1613 7877 4649
15466 2 2 0 0 7877 2661 4649
15467 2 2 0 0 2661 7877 5478
15468 2 2 0 0 7877 1613 5478
15469 2 2 0 0 328 7878 4650
15470 2 2 0 0 7878 1956 4650
15471 2 2 0 0 1956 7878 3524
15472 2 2 0 0 7878 328 3524
15473 2 2 0 0 7879 1615 2662
15474 2 2 0 0 1615 7879 6389
15475 2 2 0 0 7879 328 6389
15476 2 2 0 0 2662 7880 4651
15477 2 2 0 0 7880 328 4651
15478 2 2 0 0 2662 7880 7879
15479 2 2 0 0 7880 328 7879
15480 2 2 0 0 7881 833 2662
15481 2 2 0 0 833 7881 4814
15482 2 2 0 0 7881 1791 4814
15483 2 2 0 0 1791 7882 4651
15484 2 2 0 0 7882 2662 4651
15485 2 2 0 0 2662 7882 7881
15486 2 2 0 0 7882 1791 7881
15487 2 2 0 0 7883 1122 3208
15488 2 2 0 0 1122 7883 4853
15489 2 2 0 0 7883 1616 4853
15490 2 2 0 0 1616 7884 4652
15491 2 2 0 0 7884 3208 4652
15492 2 2 0 0 3208 7884 7883
15493 2 2 0 0 7884 1616 7883
15494 2 2 0 0 3652 7885 4653
15495 2 2 0 0 187 7885 6016
15496 2 2 0 0 7885 3652 6016
15497 2 2 0 0 4653 7886 4654
15498 2 2 0 0 7886 187 4654
15499 2 2 0 0 187 7886 7885
15500 2 2 0 0 7886 4653 7885
15501 2 2 0 0 833 7887 2666
15502 2 2 0 0 1385 7887 4814
15503 2 2 0 0 7887 833 4814
15504 2 2 0 0 2666 7888 4655
15505 2 2 0 0 7888 1385 4655
15506 2 2 0 0 1385 7888 7887
15507 2 2 0 0 7888 2666 7887
15508 2 2 0 0 50 7889 4655
15509 2 2 0 0 7889 2839 4655
15510 2 2 0 0 2839 7889 5473
15511 2 2 0 0 7889 50 5473
15512 2 2 0 0 50 7890 2667
15513 2 2 0 0 1618 7890 4857
15514 2 2 0 0 7890 50 4857
15515 2 2 0 0 2667 7891 4656
15516 2 2 0 0 7891 1618 4656
15517 2 2 0 0 1618 7891 7890
15518 2 2 0 0 7891 2667 7890
15519 2 2 0 0 1619 7892 4657
15520 2 2 0 0 7892 2669 4657
15521 2 2 0 0 2669 7892 6021
15522 2 2 0 0 7892 1619 6021
15523 2 2 0 0 3211 7893 4657
15524 2 2 0 0 7893 1619 4657
15525 2 2 0 0 1619 7893 5481
15526 2 2 0 0 7893 3211 5481
15527 2 2 0 0 1622 7894 4658
15528 2 2 0 0 7894 974 4658
15529 2 2 0 0 974 7894 3211
15530 2 2 0 0 7894 1622 3211
15531 2 2 0 0 131 7895 4659
15532 2 2 0 0 7895 2672 4659
15533 2 2 0 0 2672 7895 5491
15534 2 2 0 0 7895 131 5491
15535 2 2 0 0 2673 7896 4671
15536 2 2 0 0 7896 1268 4671
15537 2 2 0 0 1268 7896 4666
15538 2 2 0 0 7896 2673 4666
15539 2 2 0 0 2674 7897 4673
15540 2 2 0 0 7897 1623 4673
15541 2 2 0 0 1623 7897 4672
15542 2 2 0 0 7897 2674 4672
15543 2 2 0 0 7898 308 2674
15544 2 2 0 0 308 7898 3896
15545 2 2 0 0 7898 2673 3896
15546 2 2 0 0 2673 7899 4673
15547 2 2 0 0 7899 2674 4673
15548 2 2 0 0 2674 7899 7898
15549 2 2 0 0 7899 2673 7898
15550 2 2 0 0 976 7900 4674
15551 2 2 0 0 7900 1698 4674
15552 2 2 0 0 1698 7900 2920
15553 2 2 0 0 7900 976 2920
15554 2 2 0 0 165 7901 4674
15555 2 2 0 0 1228 7901 2146
15556 2 2 0 0 7901 165 2146
15557 2 2 0 0 4674 7902 4675
15558 2 2 0 0 7902 1228 4675
15559 2 2 0 0 1228 7902 7901
15560 2 2 0 0 7902 4674 7901
15561 2 2 0 0 2203 7903 2677
15562 2 2 0 0 976 7903 5711
15563 2 2 0 0 7903 2203 5711
15564 2 2 0 0 2677 7904 4676
15565 2 2 0 0 7904 976 4676
15566 2 2 0 0 976 7904 7903
15567 2 2 0 0 7904 2677 7903
15568 2 2 0 0 1695 7905 3255
15569 2 2 0 0 387 7905 4872
15570 2 2 0 0 7905 1695 4872
15571 2 2 0 0 3255 7906 4677
15572 2 2 0 0 7906 387 4677
15573 2 2 0 0 387 7906 7905
15574 2 2 0 0 7906 3255 7905
15575 2 2 0 0 1125 7907 4677
15576 2 2 0 0 7907 3255 4677
15577 2 2 0 0 3255 7907 6072
15578 2 2 0 0 7907 1125 6072
15579 2 2 0 0 7908 127 2680
15580 2 2 0 0 1754 7908 4891
15581 2 2 0 0 7908 127 4891
15582 2 2 0 0 1754 7909 4679
15583 2 2 0 0 7909 2680 4679
15584 2 2 0 0 2680 7909 7908
15585 2 2 0 0 7909 1754 7908
15586 2 2 0 0 2683 7910 4683
15587 2 2 0 0 7910 1628 4683
15588 2 2 0 0 1628 7910 6025
15589 2 2 0 0 7910 2683 6025
15590 2 2 0 0 7911 2682 2683
15591 2 2 0 0 2682 7911 5500
15592 2 2 0 0 7911 1627 5500
15593 2 2 0 0 1627 7912 4683
15594 2 2 0 0 7912 2683 4683
15595 2 2 0 0 2683 7912 7911
15596 2 2 0 0 7912 1627 7911
15597 2 2 0 0 1628 7913 4683
15598 2 2 0 0 7913 2684 4683
15599 2 2 0 0 2684 7913 5501
15600 2 2 0 0 7913 1628 5501
15601 2 2 0 0 980 7914 4684
15602 2 2 0 0 7914 2685 4684
15603 2 2 0 0 2685 7914 5503
15604 2 2 0 0 7914 980 5503
15605 2 2 0 0 1877 7915 3215
15606 2 2 0 0 980 7915 4946
15607 2 2 0 0 7915 1877 4946
15608 2 2 0 0 3215 7916 4684
15609 2 2 0 0 7916 980 4684
15610 2 2 0 0 980 7916 7915
15611 2 2 0 0 7916 3215 7915
15612 2 2 0 0 2685 7917 4685
15613 2 2 0 0 7917 1629 4685
15614 2 2 0 0 1629 7917 5503
15615 2 2 0 0 7917 2685 5503
15616 2 2 0 0 697 7918 4685
15617 2 2 0 0 7918 2685 4685
15618 2 2 0 0 2685 7918 5501
15619 2 2 0 0 7918 697 5501
15620 2 2 0 0 2686 7919 4686
15621 2 2 0 0 7919 1194 4686
15622 2 2 0 0 1194 7919 4688
15623 2 2 0 0 7919 2686 4688
15624 2 2 0 0 3737 7920 4686
15625 2 2 0 0 7920 2101 4686
15626 2 2 0 0 2101 7920 6672
15627 2 2 0 0 7920 3737 6672
15628 2 2 0 0 2688 7921 4687
15629 2 2 0 0 7921 1629 4687
15630 2 2 0 0 1629 7921 4688
15631 2 2 0 0 7921 2688 4688
15632 2 2 0 0 1194 7922 6933
15633 2 2 0 0 7922 2687 6933
15634 2 2 0 0 2688 7923 4688
15635 2 2 0 0 7923 1194 4688
15636 2 2 0 0 1194 7923 7922
15637 2 2 0 0 7923 2688 7922
15638 2 2 0 0 1880 7924 4689
15639 2 2 0 0 269 7924 3412
15640 2 2 0 0 7924 1880 3412
15641 2 2 0 0 1292 7925 4689
15642 2 2 0 0 7925 1880 4689
15643 2 2 0 0 1880 7925 6910
15644 2 2 0 0 7925 1292 6910
15645 2 2 0 0 2687 7926 4690
15646 2 2 0 0 7926 2688 4690
15647 2 2 0 0 2688 7926 7922
15648 2 2 0 0 7926 2687 7922
15649 2 2 0 0 4689 7927 4690
15650 2 2 0 0 7927 269 4690
15651 2 2 0 0 269 7927 7924
15652 2 2 0 0 7927 4689 7924
15653 2 2 0 0 3189 7928 4691
15654 2 2 0 0 7928 103 4691
15655 2 2 0 0 3189 7928 5505
15656 2 2 0 0 7928 103 5505
15657 2 2 0 0 2689 7929 4692
15658 2 2 0 0 7929 4691 4692
15659 2 2 0 0 4691 7929 4701
15660 2 2 0 0 7929 2689 4701
15661 2 2 0 0 2701 7930 4693
15662 2 2 0 0 987 7930 4698
15663 2 2 0 0 7930 2701 4698
15664 2 2 0 0 1630 7931 2690
15665 2 2 0 0 1126 7931 4861
15666 2 2 0 0 7931 1630 4861
15667 2 2 0 0 2690 7932 4694
15668 2 2 0 0 7932 1126 4694
15669 2 2 0 0 1126 7932 7931
15670 2 2 0 0 7932 2690 7931
15671 2 2 0 0 2689 7933 4694
15672 2 2 0 0 7933 2690 4694
15673 2 2 0 0 2690 7933 4692
15674 2 2 0 0 7933 2689 4692
15675 2 2 0 0 389 7934 2695
15676 2 2 0 0 1632 7934 2699
15677 2 2 0 0 7934 389 2699
15678 2 2 0 0 2695 7935 4695
15679 2 2 0 0 7935 1632 4695
15680 2 2 0 0 1632 7935 7934
15681 2 2 0 0 7935 2695 7934
15682 2 2 0 0 2649 7936 4695
15683 2 2 0 0 7936 984 4695
15684 2 2 0 0 984 7936 4633
15685 2 2 0 0 7936 2649 4633
15686 2 2 0 0 2701 7937 4698
15687 2 2 0 0 7937 1635 4698
15688 2 2 0 0 1635 7937 4682
15689 2 2 0 0 7937 2701 4682
15690 2 2 0 0 7938 1637 2702
15691 2 2 0 0 1637 7938 2705
15692 2 2 0 0 7938 381 2705
15693 2 2 0 0 381 7939 4699
15694 2 2 0 0 7939 2702 4699
15695 2 2 0 0 2702 7939 7938
15696 2 2 0 0 7939 381 7938
15697 2 2 0 0 4630 7940 4699
15698 2 2 0 0 7940 381 4699
15699 2 2 0 0 381 7940 7849
15700 2 2 0 0 7940 4630 7849
15701 2 2 0 0 1636 7941 4699
15702 2 2 0 0 7941 4630 4699
15703 2 2 0 0 4630 7941 4631
15704 2 2 0 0 7941 1636 4631
15705 2 2 0 0 2703 7942 4700
15706 2 2 0 0 7942 2689 4700
15707 2 2 0 0 2689 7942 4701
15708 2 2 0 0 7942 2703 4701
15709 2 2 0 0 4693 7943 4700
15710 2 2 0 0 7943 987 4700
15711 2 2 0 0 987 7943 7930
15712 2 2 0 0 7943 4693 7930
15713 2 2 0 0 592 7944 2704
15714 2 2 0 0 1634 7944 3189
15715 2 2 0 0 7944 592 3189
15716 2 2 0 0 2704 7945 2705
15717 2 2 0 0 1634 7945 7944
15718 2 2 0 0 7945 2704 7944
15719 2 2 0 0 2705 7946 4702
15720 2 2 0 0 7946 1634 4702
15721 2 2 0 0 1634 7946 7945
15722 2 2 0 0 7946 2705 7945
15723 2 2 0 0 1634 7947 4702
15724 2 2 0 0 7947 2703 4702
15725 2 2 0 0 2703 7947 4701
15726 2 2 0 0 7947 1634 4701
15727 2 2 0 0 988 7948 4703
15728 2 2 0 0 7948 2706 4703
15729 2 2 0 0 2706 7948 4708
15730 2 2 0 0 7948 988 4708
15731 2 2 0 0 1637 7949 2702
15732 2 2 0 0 7949 1637 4706
15733 2 2 0 0 2702 7950 3221
15734 2 2 0 0 988 7950 7949
15735 2 2 0 0 7950 2702 7949
15736 2 2 0 0 3221 7951 4703
15737 2 2 0 0 7951 988 4703
15738 2 2 0 0 988 7951 7950
15739 2 2 0 0 7951 3221 7950
15740 2 2 0 0 2706 7952 4704
15741 2 2 0 0 7952 989 4704
15742 2 2 0 0 989 7952 4705
15743 2 2 0 0 7952 2706 4705
15744 2 2 0 0 1639 7953 4704
15745 2 2 0 0 7953 2706 4704
15746 2 2 0 0 2706 7953 4703
15747 2 2 0 0 7953 1639 4703
15748 2 2 0 0 3218 7954 4704
15749 2 2 0 0 7954 1639 4704
15750 2 2 0 0 1639 7954 6035
15751 2 2 0 0 7954 3218 6035
15752 2 2 0 0 989 7955 4704
15753 2 2 0 0 7955 3218 4704
15754 2 2 0 0 3218 7955 6031
15755 2 2 0 0 7955 989 6031
15756 2 2 0 0 987 7956 4706
15757 2 2 0 0 7956 1882 4706
15758 2 2 0 0 1882 7956 4698
15759 2 2 0 0 7956 987 4698
15760 2 2 0 0 988 7957 4707
15761 2 2 0 0 7957 4706 4707
15762 2 2 0 0 4706 7957 7949
15763 2 2 0 0 7957 988 7949
15764 2 2 0 0 7958 1131 2711
15765 2 2 0 0 1131 7958 5630
15766 2 2 0 0 7958 1640 5630
15767 2 2 0 0 1640 7959 4709
15768 2 2 0 0 7959 2711 4709
15769 2 2 0 0 2711 7959 7958
15770 2 2 0 0 7959 1640 7958
15771 2 2 0 0 2708 7960 4709
15772 2 2 0 0 7960 1640 4709
15773 2 2 0 0 1640 7960 5519
15774 2 2 0 0 7960 2708 5519
15775 2 2 0 0 622 7961 4709
15776 2 2 0 0 7961 2708 4709
15777 2 2 0 0 2708 7961 5522
15778 2 2 0 0 7961 622 5522
15779 2 2 0 0 617 7962 4710
15780 2 2 0 0 7962 2712 4710
15781 2 2 0 0 2712 7962 5524
15782 2 2 0 0 7962 617 5524
15783 2 2 0 0 996 7963 4711
15784 2 2 0 0 7963 2792 4711
15785 2 2 0 0 2792 7963 4713
15786 2 2 0 0 7963 996 4713
15787 2 2 0 0 393 7964 4715
15788 2 2 0 0 7964 2715 4715
15789 2 2 0 0 2715 7964 5526
15790 2 2 0 0 7964 393 5526
15791 2 2 0 0 2105 7965 3739
15792 2 2 0 0 393 7965 3741
15793 2 2 0 0 7965 2105 3741
15794 2 2 0 0 3739 7966 4715
15795 2 2 0 0 7966 393 4715
15796 2 2 0 0 393 7966 7965
15797 2 2 0 0 7966 3739 7965
15798 2 2 0 0 3223 7967 4716
15799 2 2 0 0 7967 1642 4716
15800 2 2 0 0 1642 7967 6037
15801 2 2 0 0 7967 3223 6037
15802 2 2 0 0 1642 7968 4717
15803 2 2 0 0 7968 3646 4717
15804 2 2 0 0 3646 7968 6538
15805 2 2 0 0 7968 1642 6538
15806 2 2 0 0 2719 7969 4718
15807 2 2 0 0 7969 998 4718
15808 2 2 0 0 998 7969 4720
15809 2 2 0 0 7969 2719 4720
15810 2 2 0 0 1644 7970 4718
15811 2 2 0 0 7970 2719 4718
15812 2 2 0 0 2719 7970 4719
15813 2 2 0 0 7970 1644 4719
15814 2 2 0 0 483 7971 4719
15815 2 2 0 0 7971 2719 4719
15816 2 2 0 0 2719 7971 5532
15817 2 2 0 0 7971 483 5532
15818 2 2 0 0 1893 7972 3495
15819 2 2 0 0 998 7972 3437
15820 2 2 0 0 7972 1893 3437
15821 2 2 0 0 3495 7973 4720
15822 2 2 0 0 7973 998 4720
15823 2 2 0 0 998 7973 7972
15824 2 2 0 0 7973 3495 7972
15825 2 2 0 0 1933 7974 4720
15826 2 2 0 0 7974 3495 4720
15827 2 2 0 0 3495 7974 3496
15828 2 2 0 0 7974 1933 3496
15829 2 2 0 0 2721 7975 4721
15830 2 2 0 0 7975 1645 4721
15831 2 2 0 0 1645 7975 4724
15832 2 2 0 0 7975 2721 4724
15833 2 2 0 0 7976 1200 2721
15834 2 2 0 0 1200 7976 4756
15835 2 2 0 0 7976 256 4756
15836 2 2 0 0 256 7977 4721
15837 2 2 0 0 7977 2721 4721
15838 2 2 0 0 2721 7977 7976
15839 2 2 0 0 7977 256 7976
15840 2 2 0 0 703 7978 4722
15841 2 2 0 0 7978 2721 4722
15842 2 2 0 0 2721 7978 4724
15843 2 2 0 0 7978 703 4724
15844 2 2 0 0 1200 7979 4722
15845 2 2 0 0 7979 1892 4722
15846 2 2 0 0 1892 7979 5663
15847 2 2 0 0 7979 1200 5663
15848 2 2 0 0 2722 7980 4723
15849 2 2 0 0 7980 827 4723
15850 2 2 0 0 827 7980 2727
15851 2 2 0 0 7980 2722 2727
15852 2 2 0 0 1788 7981 4723
15853 2 2 0 0 7981 1785 4723
15854 2 2 0 0 1785 7981 5596
15855 2 2 0 0 7981 1788 5596
15856 2 2 0 0 827 7982 4723
15857 2 2 0 0 7982 1788 4723
15858 2 2 0 0 1788 7982 4911
15859 2 2 0 0 7982 827 4911
15860 2 2 0 0 1646 7983 4725
15861 2 2 0 0 7983 2723 4725
15862 2 2 0 0 2723 7983 5534
15863 2 2 0 0 7983 1646 5534
15864 2 2 0 0 2724 7984 4726
15865 2 2 0 0 7984 1896 4726
15866 2 2 0 0 1896 7984 6291
15867 2 2 0 0 7984 2724 6291
15868 2 2 0 0 704 7985 4726
15869 2 2 0 0 7985 2724 4726
15870 2 2 0 0 2724 7985 5535
15871 2 2 0 0 7985 704 5535
15872 2 2 0 0 1896 7986 4726
15873 2 2 0 0 7986 3751 4726
15874 2 2 0 0 3751 7986 6686
15875 2 2 0 0 7986 1896 6686
15876 2 2 0 0 1649 7987 2725
15877 2 2 0 0 999 7987 4729
15878 2 2 0 0 7987 1649 4729
15879 2 2 0 0 2725 7988 4727
15880 2 2 0 0 7988 999 4727
15881 2 2 0 0 999 7988 7987
15882 2 2 0 0 7988 2725 7987
15883 2 2 0 0 7989 104 2725
15884 2 2 0 0 104 7989 5534
15885 2 2 0 0 7989 1647 5534
15886 2 2 0 0 1647 7990 4727
15887 2 2 0 0 7990 2725 4727
15888 2 2 0 0 2725 7990 7989
15889 2 2 0 0 7990 1647 7989
15890 2 2 0 0 999 7991 4727
15891 2 2 0 0 7991 2724 4727
15892 2 2 0 0 2724 7991 6291
15893 2 2 0 0 7991 999 6291
15894 2 2 0 0 7992 1648 2727
15895 2 2 0 0 1648 7992 2723
15896 2 2 0 0 7992 1645 2723
15897 2 2 0 0 1645 7993 4728
15898 2 2 0 0 7993 2727 4728
15899 2 2 0 0 2727 7993 7992
15900 2 2 0 0 7993 1645 7992
15901 2 2 0 0 7994 256 4721
15902 2 2 0 0 256 7994 4973
15903 2 2 0 0 7994 2722 4973
15904 2 2 0 0 2722 7995 4728
15905 2 2 0 0 7995 4721 4728
15906 2 2 0 0 4721 7995 7994
15907 2 2 0 0 7995 2722 7994
15908 2 2 0 0 2728 7996 4730
15909 2 2 0 0 7996 624 4730
15910 2 2 0 0 624 7996 5540
15911 2 2 0 0 7996 2728 5540
15912 2 2 0 0 7997 2748 3440
15913 2 2 0 0 2748 7997 4766
15914 2 2 0 0 7997 624 4766
15915 2 2 0 0 7998 3440 4729
15916 2 2 0 0 3440 7998 7997
15917 2 2 0 0 7998 624 7997
15918 2 2 0 0 624 7999 4730
15919 2 2 0 0 7999 4729 4730
15920 2 2 0 0 4729 7999 7998
15921 2 2 0 0 7999 624 7998
15922 2 2 0 0 1001 8000 4733
15923 2 2 0 0 8000 2731 4733
15924 2 2 0 0 1001 8000 5541
15925 2 2 0 0 8000 2731 5541
15926 2 2 0 0 1652 8001 4733
15927 2 2 0 0 8001 4731 4733
15928 2 2 0 0 4731 8001 5543
15929 2 2 0 0 8001 1652 5543
15930 2 2 0 0 1769 8002 4734
15931 2 2 0 0 1769 8002 6916
15932 2 2 0 0 8002 174 6916
15933 2 2 0 0 4734 8003 4735
15934 2 2 0 0 8003 174 4735
15935 2 2 0 0 174 8003 8002
15936 2 2 0 0 8003 4734 8002
15937 2 2 0 0 8004 766 4738
15938 2 2 0 0 766 8004 5545
15939 2 2 0 0 8004 2736 5545
15940 2 2 0 0 2929 8005 4738
15941 2 2 0 0 8005 1653 4738
15942 2 2 0 0 1653 8005 5544
15943 2 2 0 0 8005 2929 5544
15944 2 2 0 0 2736 8006 4739
15945 2 2 0 0 8006 4738 4739
15946 2 2 0 0 4738 8006 8004
15947 2 2 0 0 8006 2736 8004
15948 2 2 0 0 764 8007 2740
15949 2 2 0 0 1656 8007 4745
15950 2 2 0 0 8007 764 4745
15951 2 2 0 0 2740 8008 4740
15952 2 2 0 0 8008 1656 4740
15953 2 2 0 0 1656 8008 8007
15954 2 2 0 0 8008 2740 8007
15955 2 2 0 0 1002 8009 4740
15956 2 2 0 0 8009 2740 4740
15957 2 2 0 0 2740 8009 4744
15958 2 2 0 0 8009 1002 4744
15959 2 2 0 0 625 8010 1897
15960 2 2 0 0 8010 625 1654
15961 2 2 0 0 1897 8011 3442
15962 2 2 0 0 1002 8011 8010
15963 2 2 0 0 8011 1897 8010
15964 2 2 0 0 3442 8012 4740
15965 2 2 0 0 8012 1002 4740
15966 2 2 0 0 1002 8012 8011
15967 2 2 0 0 8012 3442 8011
15968 2 2 0 0 2227 8013 4741
15969 2 2 0 0 8013 2228 4741
15970 2 2 0 0 2228 8013 5155
15971 2 2 0 0 8013 2227 5155
15972 2 2 0 0 2740 8014 4742
15973 2 2 0 0 8014 2739 4742
15974 2 2 0 0 2739 8014 4744
15975 2 2 0 0 8014 2740 4744
15976 2 2 0 0 2228 8015 4741
15977 2 2 0 0 764 8015 3945
15978 2 2 0 0 8015 2228 3945
15979 2 2 0 0 4741 8016 4742
15980 2 2 0 0 8016 764 4742
15981 2 2 0 0 764 8016 8015
15982 2 2 0 0 8016 4741 8015
15983 2 2 0 0 1002 8017 4743
15984 2 2 0 0 8017 1654 4743
15985 2 2 0 0 1654 8017 8010
15986 2 2 0 0 8017 1002 8010
15987 2 2 0 0 452 8018 4743
15988 2 2 0 0 2739 8018 5548
15989 2 2 0 0 8018 452 5548
15990 2 2 0 0 4743 8019 4744
15991 2 2 0 0 8019 2739 4744
15992 2 2 0 0 2739 8019 8018
15993 2 2 0 0 8019 4743 8018
15994 2 2 0 0 763 8020 2738
15995 2 2 0 0 1655 8020 3228
15996 2 2 0 0 8020 763 3228
15997 2 2 0 0 2738 8021 4745
15998 2 2 0 0 1655 8021 8020
15999 2 2 0 0 8021 2738 8020
16000 2 2 0 0 268 8022 2742
16001 2 2 0 0 1656 8022 3442
16002 2 2 0 0 8022 268 3442
16003 2 2 0 0 2742 8023 4746
16004 2 2 0 0 8023 1656 4746
16005 2 2 0 0 1656 8023 8022
16006 2 2 0 0 8023 2742 8022
16007 2 2 0 0 8024 1045 2741
16008 2 2 0 0 1045 8024 3228
16009 2 2 0 0 8024 1655 3228
16010 2 2 0 0 8025 2741 2742
16011 2 2 0 0 2741 8025 8024
16012 2 2 0 0 8025 1655 8024
16013 2 2 0 0 1655 8026 4746
16014 2 2 0 0 8026 2742 4746
16015 2 2 0 0 2742 8026 8025
16016 2 2 0 0 8026 1655 8025
16017 2 2 0 0 4745 8027 4746
16018 2 2 0 0 8027 1655 4746
16019 2 2 0 0 1655 8027 8021
16020 2 2 0 0 8027 4745 8021
$EndElements
